timestamp,ax,ay,az,gx,gy,gz,orient_label,motion_label
18324.671,0.126,-0.863,0.537,-3.78,-0.98,-1.53,3,3
18324.671,0.115,-0.86,0.536,-3.54,0.46,-1.92,3,3
18324.671,0.102,-0.857,0.536,-3.78,1.43,-1.19,3,3
18324.687,0.092,-0.851,0.536,-4.43,1.1,-0.12,3,3
18324.703,0.101,-0.861,0.531,-6.2,-0.18,0.12,3,3
18324.703,0.1,-0.875,0.519,-6.32,-0.98,-0.79,3,3
18324.718,0.105,-0.868,0.508,-5.16,-1.4,-2.5,3,3
18324.734,0.09,-0.86,0.495,-3.69,-1.22,-4.03,3,3
18324.734,0.093,-0.846,0.492,-3.63,-1.59,-4.67,3,3
18324.75,0.098,-0.846,0.495,-3.66,-1.37,-5.25,3,3
18324.765,0.09,-0.842,0.491,-2.93,-0.52,-5.8,3,3
18324.765,0.079,-0.836,0.491,-3.11,-0.34,-5.65,3,3
18324.781,0.079,-0.849,0.49,-3.33,-1.37,-5.8,3,3
18324.796,0.081,-0.848,0.482,-1.89,-2.17,-6.44,3,3
18324.796,0.076,-0.839,0.469,0.27,-2.04,-6.53,3,3
18324.812,0.085,-0.834,0.458,0.67,-1.8,-5.46,3,3
18324.812,0.103,-0.845,0.449,-0.37,-0.64,-4.43,3,3
18324.843,0.102,-0.874,0.461,-0.76,3.57,-4.82,3,3
18324.843,0.096,-0.882,0.462,-0.15,4.12,-5.74,3,3
18324.859,0.094,-0.891,0.464,0.58,3.17,-7.39,3,3
18324.875,0.091,-0.901,0.458,2.5,1.5,-9.43,3,3
18324.875,0.097,-0.902,0.447,4.91,-0.73,-11.47,3,3
18324.89,0.108,-0.907,0.428,7.42,-3.27,-13.86,3,3
18324.89,0.115,-0.919,0.404,8.82,-6.2,-16.75,3,3
18324.906,0.125,-0.92,0.379,10.86,-9.37,-20.08,3,3
18324.921,0.133,-0.919,0.344,14.47,-13.15,-24.57,3,3
18324.937,0.138,-0.905,0.303,19.68,-18.13,-31.1,3,3
18324.937,0.153,-0.895,0.255,27.34,-24.75,-40.28,3,3
18324.953,0.173,-0.878,0.209,37.84,-32.59,-52.22,3,3
18324.953,0.201,-0.847,0.173,50.14,-40.99,-66.23,3,3
18324.968,0.243,-0.817,0.133,62.2,-48.04,-79.32,3,3
18324.984,0.281,-0.779,0.101,70.71,-51.64,-90.03,3,3
18324.984,0.351,-0.762,0.092,74.56,-50.94,-95.46,3,3
18325.0,0.398,-0.757,0.089,73.18,-45.05,-96.29,3,3
18325.015,0.43,-0.752,0.09,69.77,-37.08,-96.04,3,3
18325.015,0.444,-0.769,0.102,69.92,-29.18,-97.6,3,3
18325.031,0.439,-0.786,0.113,76.48,-20.29,-100.04,3,3
18325.046,0.445,-0.785,0.117,87.01,-14.4,-104.62,3,3
18325.046,0.435,-0.785,0.103,98.64,-8.76,-111.58,3,3
18325.062,0.406,-0.772,0.093,109.2,-2.04,-119.45,3,3
18325.062,0.385,-0.765,0.115,117.65,3.3,-127.45,3,3
18325.078,0.377,-0.749,0.146,126.26,7.35,-134.95,3,3
18325.093,0.37,-0.715,0.178,136.3,9.37,-142.22,3,3
18325.093,0.386,-0.662,0.214,144.35,11.29,-148.08,3,3
18325.109,0.386,-0.605,0.252,146.24,11.99,-150.76,3,3
18325.125,0.377,-0.601,0.323,144.57,12.79,-150.3,3,3
18325.125,0.434,-0.584,0.367,143.8,8.45,-145.54,3,3
18325.14,0.478,-0.564,0.386,143.74,9.37,-138.34,3,3
18325.156,0.494,-0.568,0.382,139.47,12.76,-131.96,3,3
18325.156,0.5,-0.548,0.39,128.12,15.81,-128.94,3,3
18325.171,0.528,-0.52,0.458,109.53,21.12,-125.46,3,3
18325.187,0.53,-0.569,0.507,95.22,27.22,-125.22,3,3
18325.187,0.557,-0.591,0.56,84.78,33.39,-125.8,3,3
18325.203,0.599,-0.608,0.604,78.13,40.62,-127.02,3,3
18325.218,0.63,-0.639,0.645,73.95,50.75,-129.76,3,3
18325.218,0.619,-0.644,0.714,68.64,64.46,-134.53,3,3
18325.234,0.531,-0.653,0.8,64.61,76.72,-141.15,3,3
18325.234,0.456,-0.661,0.881,64.85,81.85,-147.4,3,3
18325.25,0.419,-0.642,0.963,73.76,83.9,-153.14,3,3
18325.265,0.375,-0.59,1.036,92.72,85.02,-159.18,3,3
18325.265,0.288,-0.513,1.089,115.73,81.94,-163.95,3,3
18325.281,0.24,-0.436,1.148,136.94,71.54,-163.49,3,3
18325.296,0.251,-0.355,1.193,156.96,56.58,-159.76,3,3
18325.296,0.267,-0.264,1.202,178.01,42.42,-156.83,3,3
18325.312,0.277,-0.154,1.178,197.49,31.22,-156.9,3,3
18325.328,0.295,0.035,1.191,211.83,26.06,-158.24,3,3
18325.343,0.065,0.37,1.219,221.29,17.43,-143.22,3,3
18325.343,0.078,0.543,1.235,210.76,-0.09,-119.6,3,3
18325.359,0.149,0.722,1.192,197.42,-16.75,-99.03,3,3
18325.375,0.184,0.804,1.116,172.95,-27.1,-82.89,3,3
18325.375,0.153,0.815,1.088,133.43,-28.23,-66.16,3,3
18325.39,0.172,0.809,1.089,89.91,-25.33,-46.24,3,3
18325.406,0.263,0.81,1.095,56.73,-18.31,-29.6,3,3
18325.406,0.311,0.772,1.066,34.27,-4.43,-19.32,3,3
18325.421,0.335,0.683,1.005,13.95,14.68,-12.88,3,3
18325.421,0.284,0.631,1.024,-2.29,36.01,-11.99,3,3
18325.437,0.234,0.579,1.077,-3.02,53.99,-9.95,3,3
18325.453,0.188,0.494,1.104,11.41,57.28,-10.41,3,3
18325.468,0.062,0.4,1.153,33.94,51.61,-10.68,3,3
18325.468,0.07,0.408,1.171,53.22,33.54,-3.97,3,3
18325.484,0.143,0.458,1.111,66.65,11.14,-4.64,3,3
18325.484,0.156,0.483,1.017,70.19,-1.71,-6.9,3,3
18325.5,0.2,0.511,0.937,59.6,-4.91,-4.18,3,3
18325.515,0.241,0.525,0.889,41.44,0.18,-2.08,3,3
18325.515,0.248,0.495,0.94,19.32,10.13,-0.03,3,3
18325.531,0.131,0.573,1.362,-1.43,14.83,-0.76,3,3
18325.546,0.101,0.655,1.471,0.06,-0.98,2.62,3,3
18325.546,0.23,0.636,1.366,-0.12,-21.58,14.16,3,3
18325.562,0.319,0.468,1.181,6.1,-25.88,13.86,3,3
18325.562,0.346,0.33,0.99,21.45,-20.33,8.55,3,3
18325.578,0.335,0.316,0.839,30.82,-7.48,6.44,3,3
18325.593,0.317,0.308,0.73,30.92,2.78,4.03,3,3
18325.593,0.283,0.301,0.694,22.95,12.27,3.78,3,3
18325.609,0.256,0.311,0.696,12.24,22.0,10.13,3,3
18325.625,0.256,0.338,0.713,11.23,22.49,13.46,3,3
18325.625,0.267,0.319,0.732,11.84,23.32,16.05,3,3
18325.64,0.278,0.336,0.843,13.67,24.38,16.97,3,3
18325.656,0.292,0.331,0.913,13.09,23.32,17.3,3,3
18325.656,0.296,0.326,0.948,12.24,21.79,16.79,3,3
18325.671,0.314,0.32,0.958,11.51,19.62,15.35,3,3
18325.687,0.319,0.293,0.945,10.71,18.16,12.42,3,3
18325.687,0.313,0.273,0.924,10.83,16.51,9.55,3,3
18325.703,0.318,0.278,0.897,11.32,14.16,8.03,3,3
18325.703,0.337,0.304,0.873,12.85,14.16,9.06,3,3
18325.718,0.352,0.317,0.848,16.91,15.29,11.26,3,3
18325.734,0.369,0.332,0.831,22.03,16.88,12.94,3,3
18325.75,0.371,0.356,0.828,24.66,18.68,13.67,3,3
18325.75,0.36,0.381,0.815,21.76,18.25,13.12,3,3
18325.765,0.359,0.404,0.823,12.3,16.24,12.51,3,3
18325.765,0.352,0.418,0.851,-0.64,14.1,12.67,3,3
18325.781,0.349,0.4,0.864,-12.12,12.57,14.13,3,3
18325.796,0.357,0.365,0.872,-17.85,12.39,16.33,3,3
18325.796,0.381,0.345,0.874,-17.24,13.79,18.59,3,3
18325.812,0.385,0.332,0.873,-13.12,16.97,18.49,3,3
18325.828,0.375,0.314,0.884,-10.32,18.86,16.72,3,3
18325.828,0.358,0.296,0.888,-9.09,18.22,14.16,3,3
18325.843,0.343,0.287,0.889,-8.33,15.53,12.21,3,3
18325.843,0.342,0.287,0.889,-7.42,12.76,11.66,3,3
18325.859,0.342,0.305,0.876,-7.02,11.47,11.17,3,3
18325.875,0.325,0.336,0.873,-8.0,12.79,11.81,3,3
18325.875,0.332,0.335,0.87,-8.48,15.96,14.83,3,3
18325.89,0.345,0.306,0.876,-7.05,19.04,17.21,3,3
18325.906,0.345,0.281,0.873,-4.46,20.6,16.79,3,3
18325.906,0.345,0.268,0.88,-2.78,21.27,15.02,3,3
18325.921,0.34,0.262,0.889,-0.92,21.82,13.03,3,3
18325.921,0.331,0.263,0.898,0.89,23.07,11.23,3,3
18325.937,0.326,0.267,0.914,2.2,23.68,9.4,3,3
18325.953,0.319,0.276,0.922,2.01,21.7,6.26,3,3
18325.953,0.313,0.287,0.924,-0.64,18.1,3.33,3,3
18325.968,0.313,0.285,0.923,-2.23,15.11,2.41,3,3
18325.984,0.313,0.29,0.927,-1.19,13.21,2.53,3,3
18325.984,0.304,0.303,0.915,1.22,11.84,3.23,3,3
18326.0,0.304,0.306,0.897,3.33,11.6,5.28,3,3
18326.015,0.305,0.31,0.888,4.49,13.21,8.15,3,3
18326.015,0.303,0.315,0.889,4.7,16.33,11.35,3,3
18326.031,0.304,0.308,0.891,4.79,19.26,14.59,3,3
18326.046,0.306,0.292,0.898,4.12,20.51,16.36,3,3
18326.046,0.302,0.282,0.907,2.41,20.29,16.11,3,3
18326.062,0.301,0.279,0.918,-0.49,18.95,15.23,3,3
18326.078,0.302,0.265,0.924,-2.38,16.75,13.86,3,3
18326.078,0.294,0.263,0.921,-2.62,14.37,12.3,3,3
18326.093,0.285,0.269,0.925,-3.08,13.0,11.11,3,3
18326.093,0.279,0.268,0.929,-3.69,12.21,10.62,3,3
18326.109,0.277,0.27,0.926,-2.72,11.41,10.41,3,3
18326.125,0.272,0.26,0.918,-1.46,10.83,10.01,3,3
18326.125,0.283,0.263,0.917,-0.64,10.83,9.86,3,3
18326.14,0.29,0.269,0.925,0.46,11.2,8.94,3,3
18326.156,0.28,0.265,0.933,1.59,10.74,6.65,3,3
18326.156,0.271,0.276,0.925,1.71,9.28,4.49,3,3
18326.171,0.267,0.287,0.921,0.52,7.6,2.56,3,3
18326.187,0.264,0.29,0.925,-0.4,6.23,1.43,3,3
18326.187,0.258,0.298,0.926,-1.07,4.61,0.92,3,3
18326.203,0.26,0.298,0.927,-2.62,1.98,0.27,3,3
18326.203,0.258,0.296,0.919,-4.09,-0.85,-0.4,3,3
18326.218,0.266,0.287,0.907,-5.49,-2.84,-0.89,3,3
18326.234,0.275,0.287,0.907,-6.68,-3.27,-0.98,3,3
18326.234,0.281,0.287,0.917,-7.54,-3.14,-1.59,3,3
18326.25,0.271,0.288,0.923,-8.67,-3.27,-2.56,3,3
18326.265,0.275,0.284,0.923,-8.7,-3.78,-2.32,3,3
18326.265,0.283,0.27,0.924,-7.54,-4.03,-2.29,3,3
18326.281,0.28,0.264,0.928,-5.68,-3.78,-3.2,3,3
18326.281,0.281,0.27,0.923,-3.42,-3.63,-3.33,3,3
18326.296,0.289,0.275,0.922,-2.75,-2.84,-3.63,3,3
18326.312,0.279,0.251,0.93,-3.33,-1.1,-5.22,3,3
18326.312,0.278,0.245,0.939,-1.68,0.15,-4.52,3,3
18326.328,0.297,0.245,0.941,2.11,0.52,-2.93,3,3
18326.343,0.31,0.242,0.925,6.07,1.22,-3.66,3,3
18326.359,0.303,0.268,0.899,10.38,4.94,-6.13,3,3
18326.375,0.293,0.287,0.892,10.07,6.9,-6.96,3,3
18326.375,0.28,0.304,0.894,8.7,8.39,-6.78,3,3
18326.39,0.273,0.308,0.896,7.17,9.28,-6.04,3,3
18326.406,0.262,0.305,0.899,5.58,9.58,-5.25,3,3
18326.406,0.258,0.305,0.91,3.91,9.19,-4.3,3,3
18326.421,0.252,0.302,0.916,2.14,8.45,-3.72,3,3
18326.421,0.245,0.299,0.923,0.34,7.17,-2.75,3,3
18326.437,0.252,0.298,0.927,-0.85,5.16,-1.62,3,3
18326.453,0.254,0.288,0.928,-1.19,2.69,-1.37,3,3
18326.453,0.259,0.288,0.926,-1.71,0.46,-1.31,3,3
18326.468,0.261,0.3,0.923,-1.86,-1.37,-1.4,3,3
18326.484,0.256,0.306,0.916,-2.44,-2.59,-0.79,3,3
18326.484,0.254,0.31,0.911,-3.51,-3.27,0.18,3,3
18326.5,0.256,0.305,0.908,-4.61,-3.6,1.1,3,3
18326.515,0.255,0.298,0.912,-5.31,-3.51,2.04,3,3
18326.531,0.251,0.272,0.923,-5.74,-3.33,2.78,3,3
18326.546,0.255,0.267,0.933,-4.73,-3.42,2.87,3,3
18326.546,0.254,0.26,0.938,-2.93,-3.78,2.5,3,3
18326.562,0.246,0.266,0.943,-0.67,-3.57,2.08,3,3
18326.562,0.226,0.293,0.951,2.47,-2.84,2.41,3,3
18326.578,0.206,0.324,0.95,4.67,-3.78,4.46,3,3
18326.593,0.209,0.331,0.909,-7.66,-18.98,9.67,3,3
18326.593,0.233,0.324,0.888,-17.06,-28.75,10.8,3,3
18326.609,0.178,0.36,1.026,-16.36,-44.22,17.21,3,3
18326.625,0.179,0.332,1.056,-16.82,-60.03,20.66,3,3
18326.625,0.281,0.192,1.02,-14.28,-69.89,20.17,3,3
18326.64,0.315,0.164,0.987,-4.61,-72.7,20.29,3,3
18326.656,0.35,0.157,0.955,6.04,-71.17,19.71,3,3
18326.656,0.381,0.15,0.921,15.59,-67.84,16.21,3,3
18326.671,0.368,0.2,0.892,21.21,-66.26,11.47,3,3
18326.671,0.409,0.249,0.873,21.12,-66.81,6.65,3,3
18326.703,0.432,0.268,0.803,21.18,-57.59,2.08,3,3
18326.703,0.469,0.281,0.784,21.97,-47.3,2.72,3,3
18326.718,0.482,0.28,0.768,24.63,-34.42,1.74,3,3
18326.734,0.478,0.286,0.747,25.15,-21.42,-0.58,3,3
18326.734,0.471,0.292,0.746,22.71,-9.52,-3.88,3,3
18326.75,0.455,0.298,0.758,19.01,-0.03,-7.93,3,3
18326.765,0.428,0.322,0.781,14.37,6.26,-11.96,3,3
18326.765,0.393,0.357,0.811,7.69,8.58,-14.86,3,3
18326.781,0.371,0.374,0.833,1.28,8.15,-15.05,3,3
18326.796,0.355,0.373,0.86,-4.03,6.41,-13.55,3,3
18326.796,0.341,0.378,0.891,-6.68,3.75,-10.56,3,3
18326.812,0.328,0.371,0.906,-7.57,0.52,-6.23,3,3
18326.812,0.322,0.342,0.906,-7.97,-3.94,-2.29,3,3
18326.828,0.342,0.32,0.909,-8.79,-8.39,1.98,3,3
18326.843,0.357,0.298,0.909,-8.7,-11.47,4.3,3,3
18326.843,0.369,0.27,0.907,-7.14,-14.56,4.91,3,3
18326.875,0.383,0.289,0.887,-4.0,-18.62,4.58,3,3
18326.875,0.393,0.291,0.882,-3.08,-21.0,5.01,3,3
18326.89,0.412,0.279,0.871,-3.45,-22.8,5.19,3,3
18326.906,0.421,0.269,0.848,-3.27,-22.25,5.43,3,3
18326.906,0.431,0.257,0.839,-2.81,-20.14,6.47,3,3
18326.921,0.45,0.252,0.839,-1.92,-17.12,6.78,3,3
18326.937,0.46,0.252,0.84,-0.61,-13.34,5.89,3,3
18326.937,0.447,0.249,0.838,0.85,-9.95,4.49,3,3
18326.953,0.46,0.261,0.846,2.26,-7.39,2.96,3,3
18326.953,0.446,0.267,0.849,4.06,-4.09,1.5,3,3
18326.968,0.441,0.277,0.851,4.36,-2.38,0.15,3,3
18326.984,0.435,0.279,0.85,5.22,-1.77,-1.19,3,3
18326.984,0.433,0.285,0.845,6.01,-0.89,-1.62,3,3
18327.0,0.432,0.298,0.84,6.04,0.15,-1.77,3,3
18327.015,0.429,0.304,0.841,5.01,0.92,-2.26,3,3
18327.015,0.43,0.302,0.841,3.63,1.86,-2.5,3,3
18327.031,0.434,0.298,0.833,3.54,3.57,-2.62,3,3
18327.046,0.437,0.293,0.827,3.91,6.26,-2.84,3,3
18327.046,0.437,0.294,0.828,3.11,8.88,-4.06,3,3
18327.062,0.434,0.297,0.83,1.95,11.08,-5.55,3,3
18327.078,0.428,0.298,0.823,0.64,13.58,-6.93,3,3
18327.078,0.426,0.299,0.824,-0.31,16.72,-7.75,3,3
18327.093,0.415,0.307,0.825,-1.1,19.68,-8.0,3,3
18327.093,0.405,0.311,0.833,-2.32,21.64,-8.0,3,3
18327.109,0.392,0.314,0.849,-4.67,22.0,-8.42,3,3
18327.125,0.382,0.322,0.869,-8.24,19.96,-9.28,3,3
18327.14,0.375,0.324,0.883,-12.33,16.14,-10.47,3,3
18327.14,0.373,0.314,0.891,-14.92,12.27,-11.23,3,3
18327.156,0.38,0.297,0.888,-14.77,9.74,-11.51,3,3
18327.156,0.38,0.293,0.873,-14.31,9.16,-11.69,3,3
18327.171,0.37,0.302,0.875,-15.02,9.49,-11.9,3,3
18327.187,0.339,0.313,0.928,-14.68,9.49,-11.32,3,3
18327.187,0.338,0.29,0.978,-11.81,5.71,-8.55,3,3
18327.203,0.332,0.261,0.961,-8.12,-0.27,-7.78,3,3
18327.203,0.344,0.237,0.933,-2.2,-3.75,-6.65,3,3
18327.218,0.356,0.239,0.901,3.39,-4.39,-5.34,3,3
18327.234,0.365,0.257,0.871,6.47,-3.85,-4.91,3,3
18327.234,0.369,0.281,0.853,6.9,-2.99,-4.91,3,3
18327.25,0.381,0.316,0.839,4.76,-2.32,-4.64,3,3
18327.265,0.386,0.345,0.835,0.49,-1.74,-4.36,3,3
18327.265,0.385,0.35,0.834,-4.15,-1.46,-4.21,3,3
18327.281,0.383,0.34,0.835,-9.31,-1.8,-4.0,3,3
18327.296,0.378,0.329,0.835,-14.68,-1.83,-3.51,3,3
18327.296,0.381,0.312,0.849,-18.56,-1.04,-2.29,3,3
18327.312,0.379,0.289,0.868,-20.75,-0.34,-1.46,3,3
18327.312,0.379,0.269,0.89,-21.61,-0.27,-1.8,3,3
18327.328,0.38,0.25,0.906,-19.93,-0.34,-2.38,3,3
18327.343,0.38,0.241,0.922,-16.48,-0.34,-3.17,3,3
18327.343,0.376,0.234,0.926,-12.09,-0.46,-4.09,3,3
18327.359,0.375,0.231,0.921,-7.84,-1.04,-4.97,3,3
18327.375,0.375,0.233,0.91,-3.63,-1.4,-5.92,3,3
18327.375,0.374,0.239,0.897,-0.09,-1.19,-6.74,3,3
18327.39,0.373,0.254,0.892,2.14,-0.85,-7.72,3,3
18327.406,0.371,0.271,0.888,3.3,-0.73,-8.42,3,3
18327.406,0.368,0.293,0.884,3.17,-1.04,-8.67,3,3
18327.421,0.372,0.303,0.868,1.56,-1.46,-8.3,3,3
18327.437,0.373,0.297,0.856,-0.55,-1.8,-7.78,3,3
18327.437,0.373,0.299,0.857,-3.54,-1.95,-7.2,3,3
18327.453,0.377,0.299,0.868,-6.99,-2.59,-6.87,3,3
18327.453,0.375,0.293,0.888,-9.46,-3.57,-6.68,3,3
18327.468,0.374,0.282,0.893,-9.98,-4.73,-6.01,3,3
18327.484,0.377,0.264,0.898,-9.0,-5.13,-5.28,3,3
18327.484,0.374,0.254,0.914,-7.14,-5.01,-4.7,3,3
18327.5,0.375,0.236,0.909,-3.54,-5.19,-4.18,3,3
18327.515,0.377,0.229,0.898,-0.24,-4.61,-4.06,3,3
18327.515,0.381,0.234,0.889,2.75,-2.69,-3.81,3,3
18327.531,0.379,0.242,0.87,4.61,-0.7,-3.63,3,3
18327.546,0.379,0.264,0.859,3.75,0.64,-3.51,3,3
18327.546,0.383,0.287,0.863,1.37,1.07,-4.09,3,3
18327.562,0.379,0.306,0.858,-1.25,1.16,-4.73,3,3
18327.562,0.375,0.309,0.857,-4.21,1.62,-5.04,3,3
18327.578,0.369,0.303,0.86,-10.32,3.69,-4.18,3,3
18327.593,0.38,0.287,0.835,-12.48,7.02,-3.85,3,3
18327.593,0.382,0.296,0.863,-12.48,9.67,-3.63,3,3
18327.609,0.36,0.261,0.889,-13.46,9.86,-4.09,3,3
18327.625,0.355,0.258,0.898,-13.7,9.52,-4.79,3,3
18327.625,0.349,0.266,0.912,-12.18,9.19,-4.21,3,3
18327.64,0.343,0.266,0.916,-10.1,8.67,-2.96,3,3
18327.656,0.344,0.257,0.928,-8.55,7.84,-1.98,3,3
18327.656,0.338,0.242,0.929,-5.49,6.44,-1.77,3,3
18327.671,0.334,0.23,0.918,-1.95,4.94,-1.4,3,3
18327.671,0.338,0.239,0.913,-0.37,4.33,0.03,3,3
18327.687,0.344,0.246,0.906,0.27,4.09,1.31,3,3
18327.703,0.353,0.247,0.899,0.92,3.94,1.89,3,3
18327.703,0.367,0.247,0.884,1.86,3.97,1.74,3,3
18327.718,0.373,0.26,0.883,2.75,4.76,1.31,3,3
18327.734,0.36,0.277,0.896,2.66,5.4,1.83,3,3
18327.734,0.364,0.271,0.893,1.8,4.82,2.32,3,3
18327.75,0.358,0.262,0.894,2.08,4.58,2.56,3,3
18327.765,0.346,0.265,0.897,3.11,4.24,3.57,3,3
18327.765,0.348,0.266,0.91,3.3,3.69,4.85,3,3
18327.781,0.346,0.263,0.914,3.2,2.35,5.31,3,3
18327.796,0.353,0.255,0.9,2.5,0.46,4.79,3,3
18327.796,0.358,0.246,0.884,1.56,-0.27,3.88,3,3
18327.812,0.36,0.248,0.885,0.85,0.73,3.42,3,3
18327.812,0.36,0.255,0.892,0.76,1.98,3.51,3,3
18327.828,0.36,0.253,0.892,0.18,2.41,2.69,3,3
18327.843,0.362,0.248,0.9,-0.58,2.26,0.89,3,3
18327.843,0.353,0.252,0.908,-1.04,1.83,-1.34,3,3
18327.859,0.339,0.257,0.902,-1.07,1.34,-2.5,3,3
18327.875,0.338,0.259,0.896,-0.76,1.92,-1.46,3,3
18327.875,0.343,0.261,0.898,0.0,3.23,0.09,3,3
18327.89,0.34,0.252,0.901,2.78,5.19,2.75,3,3
18327.906,0.345,0.259,0.897,4.94,5.86,4.39,3,3
18327.921,0.341,0.267,0.906,6.53,6.74,5.46,3,3
18327.937,0.33,0.268,0.9,6.84,6.53,6.16,3,3
18327.937,0.336,0.275,0.897,5.07,5.22,6.16,3,3
18327.953,0.331,0.287,0.893,1.92,3.45,5.55,3,3
18327.953,0.32,0.307,0.901,-2.72,0.09,4.91,3,3
18327.968,0.312,0.351,0.887,-10.77,-6.16,4.73,3,3
18327.984,0.332,0.394,0.835,-23.47,-14.34,4.33,3,3
18327.984,0.348,0.405,0.832,-38.3,-18.95,4.76,3,3
18328.0,0.347,0.373,0.841,-49.99,-18.22,8.03,3,3
18328.015,0.356,0.275,0.856,-55.54,-13.95,12.79,3,3
18328.015,0.38,0.151,0.906,-54.26,-6.62,14.95,3,3
18328.031,0.381,0.052,0.94,-44.65,1.83,13.15,3,3
18328.046,0.356,0.011,0.986,-29.3,8.45,9.06,3,3
18328.046,0.343,-0.0,0.994,-12.09,11.14,5.74,3,3
18328.062,0.328,0.073,0.991,21.61,18.16,2.38,3,3
18328.078,0.313,0.153,0.974,37.42,19.56,3.2,3,3
18328.093,0.302,0.257,0.972,44.53,11.87,5.58,3,3
18328.109,0.297,0.331,0.959,44.34,-1.89,9.49,3,3
18328.109,0.339,0.357,0.873,35.65,-13.92,10.04,3,3
18328.125,0.347,0.37,0.83,20.29,-19.14,7.35,3,3
18328.125,0.346,0.36,0.805,7.17,-19.62,8.58,3,3
18328.14,0.367,0.352,0.789,-7.97,-18.98,9.22,3,3
18328.156,0.381,0.307,0.816,-21.88,-15.59,8.88,3,3
18328.156,0.39,0.247,0.852,-29.79,-11.69,8.42,3,3
18328.171,0.402,0.192,0.882,-31.86,-8.48,7.29,3,3
18328.171,0.399,0.164,0.924,-30.18,-5.95,5.52,3,3
18328.187,0.393,0.145,0.959,-24.63,-4.3,3.57,3,3
18328.203,0.382,0.131,0.984,-16.02,-3.23,1.83,3,3
18328.203,0.366,0.125,0.981,-6.65,-3.63,0.73,3,3
18328.218,0.371,0.128,0.969,2.23,-4.36,0.43,3,3
18328.234,0.333,0.195,0.942,17.52,-4.09,2.2,3,3
18328.25,0.327,0.238,0.947,21.85,-4.52,6.07,3,3
18328.265,0.305,0.278,0.917,24.57,-5.89,11.05,3,3
18328.265,0.318,0.308,0.851,23.13,-7.48,17.67,3,3
18328.281,0.364,0.331,0.811,17.76,-5.62,24.35,3,3
18328.281,0.382,0.315,0.812,11.05,-1.04,27.28,3,3
18328.296,0.373,0.279,0.827,3.54,1.95,27.34,3,3
18328.312,0.377,0.245,0.839,-5.25,2.29,26.8,3,3
18328.328,0.389,0.217,0.867,-12.45,1.86,24.96,3,3
18328.328,0.394,0.188,0.894,-17.0,1.46,21.82,3,3
18328.343,0.389,0.158,0.923,-17.94,0.92,17.46,3,3
18328.343,0.39,0.146,0.954,-14.62,0.79,14.56,3,3
18328.359,0.387,0.141,0.96,-7.97,0.64,12.91,3,3
18328.375,0.389,0.133,0.963,0.58,1.16,11.44,3,3
18328.375,0.386,0.135,0.966,9.7,2.72,10.68,3,3
18328.39,0.385,0.14,0.962,18.13,3.66,9.92,3,3
18328.406,0.379,0.164,0.94,26.0,4.24,9.31,3,3
18328.406,0.376,0.195,0.917,30.92,4.61,9.0,3,3
18328.421,0.365,0.221,0.897,32.23,5.19,8.94,3,3
18328.421,0.35,0.249,0.868,30.15,5.74,10.47,3,3
18328.437,0.36,0.261,0.853,25.51,6.13,12.91,3,3
18328.453,0.361,0.269,0.856,20.63,7.2,14.25,3,3
18328.453,0.36,0.27,0.875,15.78,7.39,14.86,3,3
18328.468,0.362,0.262,0.885,12.33,6.68,14.98,3,3
18328.484,0.375,0.247,0.891,9.0,4.91,14.68,3,3
18328.484,0.377,0.234,0.886,4.73,2.38,12.63,3,3
18328.5,0.375,0.225,0.886,0.12,-0.37,10.13,3,3
18328.515,0.377,0.225,0.887,-3.54,-2.72,8.55,3,3
18328.515,0.384,0.226,0.889,-5.04,-3.17,8.85,3,3
18328.531,0.398,0.219,0.899,-4.52,-2.32,9.28,3,3
18328.546,0.398,0.211,0.899,-3.23,-1.34,7.93,3,3
18328.546,0.386,0.204,0.906,-3.05,-0.15,6.81,3,3
18328.562,0.391,0.201,0.915,1.22,1.34,5.34,3,3
18328.562,0.39,0.184,0.912,3.45,2.2,4.24,3,3
18328.578,0.38,0.187,0.912,5.43,2.93,4.06,3,3
18328.593,0.373,0.198,0.917,7.02,2.81,3.94,3,3
18328.593,0.374,0.23,0.902,7.87,2.14,3.54,3,3
18328.609,0.365,0.249,0.897,6.9,0.95,2.81,3,3
18328.625,0.366,0.252,0.889,4.36,-0.67,2.81,3,3
18328.625,0.365,0.265,0.889,2.08,-2.04,2.84,3,3
18328.64,0.345,0.284,0.902,-0.76,-3.94,3.42,3,3
18328.656,0.347,0.278,0.893,-3.63,-6.32,5.77,3,3
18328.656,0.361,0.258,0.885,-5.58,-7.69,7.42,3,3
18328.671,0.352,0.25,0.885,-6.78,-7.63,7.32,3,3
18328.687,0.349,0.245,0.894,-8.21,-7.54,8.55,3,3
18328.687,0.359,0.233,0.898,-9.25,-8.03,10.01,3,3
18328.703,0.361,0.227,0.891,-9.92,-8.85,10.47,3,3
18328.703,0.369,0.228,0.88,-11.35,-9.03,11.41,3,3
18328.718,0.381,0.224,0.88,-12.48,-7.81,12.73,3,3
18328.734,0.378,0.223,0.885,-13.03,-6.59,13.46,3,3
18328.75,0.377,0.222,0.888,-14.71,-6.81,14.25,3,3
18328.75,0.395,0.207,0.881,-17.67,-8.03,14.59,3,3
18328.765,0.409,0.196,0.879,-20.78,-8.7,13.15,3,3
18328.765,0.408,0.194,0.893,-23.68,-8.97,10.9,3,3
18328.781,0.408,0.193,0.898,-25.64,-10.22,9.28,3,3
18328.781,0.414,0.189,0.889,-27.16,-11.9,7.35,3,3
18328.796,0.409,0.186,0.878,-28.29,-11.69,6.35,3,3
18328.812,0.417,0.167,0.884,-28.14,-9.37,7.48,3,3
18328.812,0.443,0.147,0.898,-26.76,-6.23,7.23,3,3
18328.828,0.451,0.12,0.943,-23.35,-2.84,4.06,3,3
18328.843,0.437,0.082,0.965,-15.29,0.7,1.28,3,3
18328.843,0.424,0.066,0.952,-6.1,3.2,-0.52,3,3
18328.859,0.391,0.092,0.93,-0.49,4.58,-2.26,3,3
18328.875,0.379,0.135,0.913,1.25,3.88,-1.53,3,3
18328.875,0.375,0.17,0.903,3.51,2.62,0.82,3,3
18328.89,0.364,0.181,0.899,5.49,0.61,3.78,3,3
18328.906,0.387,0.195,0.887,4.12,-1.68,5.46,3,3
18328.906,0.377,0.178,0.904,2.47,-1.16,5.28,3,3
18328.921,0.374,0.162,0.917,3.11,-0.4,5.89,3,3
18328.921,0.366,0.154,0.909,6.38,1.37,5.71,3,3
18328.937,0.369,0.153,0.901,8.12,1.19,5.22,3,3
18328.953,0.361,0.208,0.924,7.14,-1.28,5.55,3,3
18328.953,0.329,0.239,0.924,7.05,-5.92,7.87,3,3
18328.968,0.375,0.25,0.9,2.84,-15.38,9.37,3,3
18328.984,0.36,0.258,0.94,-3.85,-24.75,8.61,3,3
18328.984,0.373,0.191,0.986,-6.23,-33.88,10.1,3,3
18329.0,0.344,0.12,1.072,-2.14,-42.82,9.95,3,3
18329.015,0.432,0.027,1.043,11.47,-51.24,13.09,3,3
18329.015,0.497,-0.073,1.012,19.5,-57.71,4.49,3,3
18329.031,0.501,-0.081,1.003,30.43,-58.99,-9.06,3,3
18329.046,0.506,-0.031,0.954,44.13,-58.53,-17.79,3,3
18329.046,0.502,0.032,0.925,57.92,-55.97,-25.12,3,3
18329.062,0.518,0.124,0.895,68.7,-52.37,-28.29,3,3
18329.078,0.512,0.216,0.812,73.7,-47.73,-30.3,3,3
18329.078,0.501,0.266,0.733,72.85,-40.31,-30.46,3,3
18329.093,0.514,0.29,0.678,68.7,-30.73,-28.2,3,3
18329.093,0.523,0.305,0.638,61.62,-20.26,-26.55,3,3
18329.109,0.519,0.327,0.632,48.43,-10.16,-27.07,3,3
18329.125,0.519,0.342,0.618,32.38,-0.55,-28.47,3,3
18329.125,0.521,0.355,0.623,17.85,9.95,-28.38,3,3
18329.14,0.507,0.373,0.663,4.52,18.89,-27.71,3,3
18329.156,0.483,0.4,0.707,-8.94,24.66,-26.86,3,3
18329.156,0.463,0.392,0.737,-19.81,27.07,-24.6,3,3
18329.171,0.465,0.358,0.749,-29.82,28.08,-22.19,3,3
18329.171,0.466,0.309,0.757,-39.74,29.51,-21.97,3,3
18329.187,0.469,0.251,0.778,-47.18,32.23,-23.59,3,3
18329.203,0.394,0.245,0.951,-48.49,34.03,-24.51,3,3
18329.203,0.362,0.202,1.1,-41.2,25.51,-22.16,3,3
18329.218,0.4,0.147,1.015,-33.75,11.32,-24.81,3,3
18329.234,0.427,0.152,0.941,-26.0,7.39,-28.32,3,3
18329.25,0.404,0.137,0.901,-13.34,11.99,-28.44,3,3
18329.25,0.402,0.163,0.907,-2.08,16.14,-26.86,3,3
18329.265,0.384,0.248,0.932,4.88,19.01,-25.33,3,3
18329.265,0.371,0.291,0.927,8.45,18.86,-22.37,3,3
18329.281,0.367,0.298,0.907,8.7,15.41,-18.83,3,3
18329.296,0.366,0.302,0.878,7.08,10.53,-15.17,3,3
18329.296,0.379,0.304,0.859,4.18,6.44,-11.75,3,3
18329.312,0.387,0.306,0.862,0.55,4.12,-8.7,3,3
18329.312,0.392,0.3,0.865,-2.38,2.66,-6.53,3,3
18329.328,0.4,0.281,0.863,-4.21,1.53,-5.19,3,3
18329.343,0.411,0.272,0.866,-5.28,1.4,-4.67,3,3
18329.359,0.413,0.26,0.863,-4.55,1.62,-5.77,3,3
18329.359,0.413,0.265,0.863,-3.85,2.29,-6.68,3,3
18329.375,0.405,0.285,0.866,-3.3,3.39,-6.23,3,3
18329.375,0.396,0.292,0.86,-2.93,4.55,-4.33,3,3
18329.39,0.394,0.287,0.848,-4.33,5.49,-2.29,3,3
18329.406,0.399,0.269,0.852,-7.17,6.23,-1.53,3,3
18329.406,0.398,0.251,0.853,-9.86,7.05,-1.77,3,3
18329.421,0.399,0.246,0.87,-12.48,8.21,-2.29,3,3
18329.421,0.389,0.243,0.894,-13.25,9.16,-3.27,3,3
18329.437,0.374,0.244,0.927,-11.99,8.58,-3.85,3,3
18329.453,0.361,0.238,0.95,-8.58,6.68,-3.75,3,3
18329.453,0.346,0.236,0.964,-4.36,3.81,-2.96,3,3
18329.468,0.342,0.226,0.951,0.21,0.52,-1.22,3,3
18329.484,0.363,0.215,0.916,5.04,-1.68,1.07,3,3
18329.5,0.382,0.219,0.891,8.91,-1.53,2.41,3,3
18329.5,0.383,0.242,0.877,11.54,-0.24,3.02,3,3
18329.515,0.377,0.277,0.87,12.67,0.76,4.09,3,3
18329.515,0.37,0.316,0.873,12.3,0.85,5.62,3,3
18329.531,0.342,0.356,0.88,10.68,-0.58,8.61,3,3
18329.546,0.314,0.381,0.909,7.32,-4.91,13.92,3,3
18329.546,0.288,0.367,0.898,-9.8,-27.74,24.41,3,3
18329.562,0.307,0.289,0.95,-13.7,-42.57,24.69,3,3
18329.578,0.297,0.259,1.036,-6.68,-53.35,32.99,3,3
18329.578,0.43,0.173,0.928,-1.46,-57.47,35.07,3,3
18329.593,0.464,0.122,0.919,3.97,-57.04,31.95,3,3
18329.609,0.463,0.123,0.907,10.19,-56.22,26.95,3,3
18329.609,0.467,0.152,0.901,15.26,-55.85,22.71,3,3
18329.625,0.465,0.191,0.882,19.44,-56.61,19.59,3,3
18329.625,0.489,0.238,0.861,22.13,-57.47,17.09,3,3
18329.64,0.505,0.25,0.827,23.5,-55.57,15.23,3,3
18329.656,0.512,0.235,0.79,25.27,-51.7,13.52,3,3
18329.656,0.535,0.243,0.757,26.22,-46.17,11.05,3,3
18329.671,0.546,0.243,0.723,26.64,-38.7,8.61,3,3
18329.687,0.565,0.256,0.698,24.9,-29.82,6.59,3,3
18329.687,0.575,0.269,0.694,22.16,-20.23,4.0,3,3
18329.703,0.571,0.289,0.701,18.13,-11.51,2.23,3,3
18329.703,0.567,0.306,0.716,12.6,-4.52,0.49,3,3
18329.718,0.552,0.313,0.739,7.29,0.49,-1.19,3,3
18329.734,0.533,0.316,0.756,2.08,3.33,-1.74,3,3
18329.734,0.52,0.312,0.781,-2.75,4.73,-2.01,3,3
18329.75,0.497,0.302,0.809,-5.68,5.04,-1.43,3,3
18329.765,0.481,0.283,0.835,-8.0,3.2,-0.58,3,3
18329.765,0.491,0.258,0.841,-10.41,-0.34,-0.12,3,3
18329.781,0.508,0.24,0.85,-11.75,-2.93,-0.49,3,3
18329.796,0.522,0.219,0.824,-10.65,-4.33,-1.95,3,3
18329.796,0.53,0.199,0.792,-8.33,-2.08,-3.23,3,3
18329.812,0.533,0.199,0.792,-5.77,3.2,-3.66,3,3
18329.812,0.538,0.208,0.803,-2.99,8.0,-4.88,3,3
18329.828,0.537,0.216,0.805,-1.59,11.44,-7.39,3,3
18329.843,0.528,0.222,0.807,-0.79,14.56,-10.22,3,3
18329.843,0.519,0.239,0.806,0.67,17.73,-12.73,3,3
18329.859,0.507,0.259,0.801,2.17,21.12,-14.53,3,3
18329.875,0.499,0.273,0.796,3.02,25.03,-14.92,3,3
18329.875,0.502,0.284,0.793,3.02,29.27,-14.62,3,3
18329.89,0.49,0.282,0.792,1.46,33.63,-14.47,3,3
18329.906,0.475,0.293,0.784,-2.5,35.16,-15.69,3,3
18329.921,0.466,0.304,0.788,-7.78,35.83,-16.39,3,3
18329.921,0.439,0.312,0.821,-12.76,36.16,-15.78,3,3
18329.937,0.385,0.328,0.939,-17.88,31.31,-14.86,3,3
18329.937,0.311,0.301,1.074,-18.04,15.78,-12.33,3,3
18329.953,0.376,0.249,0.988,-15.96,-4.73,-9.52,3,3
18329.953,0.423,0.234,0.889,-13.03,-12.6,-8.0,3,3
18329.968,0.441,0.198,0.845,-6.41,-10.9,-6.93,3,3
18329.984,0.447,0.218,0.828,-6.04,-9.77,-8.51,3,3
18329.984,0.463,0.231,0.826,-12.76,-11.9,-13.0,3,3
18330.0,0.467,0.244,0.828,-21.36,-15.93,-19.07,3,3
18330.015,0.475,0.266,0.808,-26.67,-18.74,-22.89,3,3
18330.015,0.49,0.28,0.802,-29.63,-17.94,-23.99,3,3
18330.031,0.495,0.277,0.809,-29.08,-12.12,-22.68,3,3
18330.046,0.483,0.266,0.822,-24.81,-4.88,-19.56,3,3
18330.046,0.475,0.26,0.843,-21.55,0.09,-16.51,3,3
18330.062,0.467,0.236,0.86,-21.0,1.71,-16.66,3,3
18330.062,0.455,0.209,0.868,-21.97,0.24,-19.38,3,3
18330.078,0.46,0.207,0.864,-23.41,-2.56,-22.58,3,3
18330.093,0.464,0.208,0.864,-24.51,-5.04,-26.4,3,3
18330.093,0.461,0.213,0.856,-26.18,-7.39,-30.43,3,3
18330.109,0.464,0.225,0.841,-29.24,-9.55,-34.46,3,3
18330.125,0.464,0.227,0.835,-32.59,-10.38,-38.12,3,3
18330.125,0.457,0.231,0.838,-34.21,-9.16,-39.37,3,3
18330.14,0.462,0.241,0.863,-31.74,-4.76,-35.98,3,3
18330.156,0.452,0.245,0.882,-24.41,1.22,-30.49,3,3
18330.156,0.444,0.231,0.884,-16.45,5.49,-26.22,3,3
18330.171,0.437,0.22,0.886,-11.96,7.48,-24.11,3,3
18330.187,0.429,0.211,0.888,-9.22,8.39,-22.68,3,3
18330.187,0.424,0.208,0.89,-5.4,8.76,-21.12,3,3
18330.203,0.418,0.218,0.891,-2.08,8.39,-19.2,3,3
18330.203,0.419,0.24,0.896,-0.55,6.81,-17.76,3,3
18330.218,0.416,0.244,0.887,-0.43,4.7,-17.24,3,3
18330.234,0.415,0.232,0.873,-1.5,2.17,-16.91,3,3
18330.25,0.425,0.247,0.869,-3.36,-0.18,-16.69,3,3
18330.25,0.428,0.261,0.863,-5.04,-1.5,-16.54,3,3
18330.265,0.426,0.264,0.861,-6.96,-2.2,-16.27,3,3
18330.265,0.427,0.264,0.865,-7.2,-2.32,-14.4,3,3
18330.281,0.425,0.267,0.859,-6.23,-2.2,-11.96,3,3
18330.296,0.421,0.265,0.855,-6.38,-1.92,-9.34,3,3
18330.296,0.416,0.266,0.867,-7.02,-0.95,-5.8,3,3
18330.312,0.39,0.282,0.901,-5.55,0.46,-0.79,3,3
18330.312,0.356,0.287,0.935,-2.66,-0.73,5.25,3,3
18330.328,0.344,0.276,0.961,0.24,-5.89,12.48,3,3
18330.343,0.341,0.275,0.997,3.91,-13.55,20.05,3,3
18330.343,0.334,0.272,1.03,11.11,-22.74,27.95,3,3
18330.359,0.354,0.244,0.993,20.17,-32.44,36.53,3,3
18330.375,0.396,0.2,0.923,27.28,-39.0,42.6,3,3
18330.375,0.438,0.177,0.866,32.26,-39.74,45.59,3,3
18330.39,0.477,0.166,0.82,35.8,-34.94,46.57,3,3
18330.406,0.509,0.162,0.787,37.75,-27.59,44.8,3,3
18330.406,0.537,0.176,0.775,38.0,-19.26,41.44,3,3
18330.421,0.555,0.202,0.76,37.9,-10.41,36.93,3,3
18330.437,0.565,0.226,0.746,36.96,-1.59,32.41,3,3
18330.437,0.575,0.242,0.747,35.28,7.32,28.6,3,3
18330.453,0.568,0.255,0.752,33.94,15.35,24.48,3,3
18330.453,0.539,0.27,0.764,31.71,20.51,20.45,3,3
18330.468,0.515,0.27,0.781,27.53,23.26,17.18,3,3
18330.484,0.506,0.268,0.794,21.09,23.77,14.37,3,3
18330.484,0.505,0.261,0.794,14.71,22.58,10.16,3,3
18330.5,0.499,0.252,0.793,8.94,22.0,5.55,3,3
18330.515,0.495,0.248,0.813,4.18,22.61,2.35,3,3
18330.515,0.49,0.255,0.823,2.35,24.35,0.55,3,3
18330.531,0.487,0.26,0.819,4.18,29.97,-0.27,3,3
18330.531,0.48,0.259,0.822,3.42,31.5,-1.65,3,3
18330.546,0.474,0.251,0.833,0.79,31.74,-4.61,3,3
18330.562,0.471,0.246,0.835,-2.5,31.65,-8.24,3,3
18330.562,0.456,0.229,0.843,-6.87,30.43,-12.57,3,3
18330.578,0.419,0.228,0.914,-10.86,27.01,-18.25,3,3
18330.593,0.369,0.227,0.978,-11.08,17.37,-22.71,3,3
18330.593,0.374,0.25,0.974,-9.22,4.27,-24.48,3,3
18330.609,0.373,0.265,0.922,-4.82,-2.69,-23.01,3,3
18330.625,0.405,0.253,0.86,-1.43,-3.72,-19.78,3,3
18330.625,0.403,0.25,0.874,0.61,-0.82,-17.88,3,3
18330.64,0.393,0.256,0.879,3.72,1.31,-15.75,3,3
18330.656,0.396,0.282,0.874,3.42,0.34,-14.4,3,3
18330.656,0.404,0.299,0.865,0.61,-1.92,-14.01,3,3
18330.671,0.414,0.296,0.858,-1.77,-4.3,-14.13,3,3
18330.687,0.41,0.295,0.843,-4.09,-6.35,-14.8,3,3
18330.687,0.415,0.298,0.833,-9.0,-9.09,-15.78,3,3
18330.703,0.427,0.303,0.837,-14.34,-9.49,-16.08,3,3
18330.703,0.413,0.295,0.846,-15.05,-5.86,-13.76,3,3
18330.718,0.415,0.291,0.871,-11.44,-2.17,-8.27,3,3
18330.734,0.421,0.276,0.883,-6.59,0.79,-4.12,3,3
18330.734,0.41,0.242,0.887,-4.76,1.07,-3.88,3,3
18330.75,0.411,0.226,0.881,-5.01,-0.92,-5.19,3,3
18330.765,0.419,0.232,0.874,-4.7,-2.38,-6.32,3,3
18330.765,0.427,0.245,0.864,-4.03,-2.9,-7.81,3,3
18330.781,0.427,0.264,0.863,-4.12,-2.32,-9.22,3,3
18330.796,0.42,0.28,0.867,-4.0,-1.25,-9.22,3,3
18330.796,0.41,0.282,0.873,-2.78,-0.09,-7.78,3,3
18330.812,0.408,0.282,0.875,-1.46,0.12,-5.43,3,3
18330.812,0.406,0.279,0.872,-0.52,-0.4,-3.45,3,3
18330.828,0.408,0.269,0.877,-0.18,-1.04,-1.89,3,3
18330.843,0.414,0.259,0.866,0.06,-1.71,-1.37,3,3
18330.843,0.424,0.258,0.853,-0.24,-2.08,-2.35,3,3
18330.859,0.431,0.265,0.855,-1.19,-1.5,-3.6,3,3
18330.875,0.426,0.272,0.868,-1.83,-0.89,-4.85,3,3
18330.875,0.422,0.262,0.85,-1.95,-1.25,-6.5,3,3
18330.89,0.431,0.252,0.848,-3.42,-1.46,-8.24,3,3
18330.906,0.421,0.264,0.863,-4.73,-0.67,-9.55,3,3
18330.906,0.415,0.272,0.869,-5.1,0.12,-9.13,3,3
18330.921,0.408,0.266,0.871,-4.97,0.4,-8.36,3,3
18330.921,0.409,0.265,0.88,-3.42,0.79,-6.5,3,3
18330.937,0.409,0.264,0.882,-1.13,1.59,-4.85,3,3
18330.953,0.404,0.256,0.879,-0.37,1.62,-4.76,3,3
18330.953,0.399,0.257,0.872,-0.85,0.64,-4.88,3,3
18330.968,0.404,0.264,0.866,-1.01,0.18,-4.52,3,3
18330.984,0.404,0.275,0.874,-0.79,0.21,-3.75,3,3
18330.984,0.404,0.282,0.873,-0.89,-0.15,-3.14,3,3
18331.0,0.407,0.274,0.866,-1.86,-0.79,-2.87,3,3
18331.015,0.404,0.266,0.86,-2.5,-1.04,-2.62,3,3
18331.015,0.406,0.263,0.862,-2.84,-0.95,-2.2,3,3
18331.031,0.409,0.267,0.869,-3.57,-0.46,-1.89,3,3
18331.046,0.407,0.272,0.875,-3.85,0.12,-1.34,3,3
18331.046,0.41,0.267,0.884,-2.84,0.15,-0.49,3,3
18331.062,0.413,0.257,0.879,-1.28,0.0,-0.27,3,3
18331.062,0.416,0.25,0.87,-0.37,0.12,-0.73,3,3
18331.078,0.419,0.256,0.865,0.06,0.98,-0.89,3,3
18331.093,0.415,0.262,0.876,0.89,2.23,-0.73,3,3
18331.093,0.406,0.262,0.882,2.47,2.66,-0.4,3,3
18331.109,0.407,0.257,0.886,3.2,1.95,-0.12,3,3
18331.125,0.407,0.258,0.877,3.6,0.85,-0.34,3,3
18331.14,0.409,0.267,0.865,3.81,0.46,-0.64,3,3
18331.14,0.406,0.277,0.863,3.05,0.27,-0.92,3,3
18331.156,0.406,0.281,0.86,2.04,0.37,-0.92,3,3
18331.171,0.399,0.272,0.861,1.28,0.52,-0.95,3,3
18331.171,0.408,0.281,0.872,0.64,0.76,-0.55,3,3
18331.187,0.401,0.278,0.87,0.31,1.71,-0.21,3,3
18331.203,0.397,0.262,0.868,-0.18,1.46,-0.27,3,3
18331.218,0.404,0.267,0.866,-0.95,-0.09,-0.67,3,3
18331.218,0.404,0.277,0.867,-1.53,-0.09,-0.67,3,3
18331.234,0.391,0.291,0.875,-2.44,0.0,0.24,3,3
18331.234,0.39,0.279,0.87,-3.33,-1.07,1.4,3,3
18331.25,0.401,0.268,0.863,-4.03,-1.86,2.5,3,3
18331.265,0.41,0.267,0.866,-4.33,-1.68,2.72,3,3
18331.265,0.413,0.265,0.871,-5.01,-1.25,2.2,3,3
18331.281,0.418,0.26,0.871,-5.89,-1.34,1.53,3,3
18331.296,0.42,0.251,0.873,-6.13,-2.04,0.03,3,3
18331.312,0.418,0.248,0.876,-5.43,-2.66,-1.59,3,3
18331.312,0.414,0.25,0.875,-4.73,-2.04,-1.68,3,3
18331.328,0.411,0.252,0.88,-3.6,-0.89,-1.83,3,3
18331.343,0.402,0.25,0.88,-1.89,0.03,-1.83,3,3
18331.343,0.399,0.251,0.882,-0.92,0.31,-1.28,3,3
18331.359,0.403,0.255,0.881,-0.12,0.15,-1.28,3,3
18331.375,0.404,0.256,0.87,0.79,0.21,-1.25,3,3
18331.375,0.41,0.264,0.867,1.01,0.79,-1.19,3,3
18331.39,0.4,0.269,0.874,0.21,0.7,-1.74,3,3
18331.406,0.396,0.267,0.871,-0.82,-0.27,-1.59,3,3
18331.406,0.405,0.267,0.869,-1.8,-0.85,-0.64,3,3
18331.421,0.409,0.258,0.871,-1.89,-0.58,-0.34,3,3
18331.437,0.407,0.25,0.876,-1.46,-0.15,-0.21,3,3
18331.437,0.407,0.248,0.882,-0.82,0.12,-0.06,3,3
18331.453,0.409,0.243,0.884,0.12,0.31,-0.34,3,3
18331.453,0.413,0.242,0.886,1.53,0.46,-1.01,3,3
18331.484,0.411,0.252,0.88,4.67,1.07,-1.77,3,3
18331.484,0.411,0.252,0.878,5.65,1.56,-1.77,3,3
18331.5,0.411,0.25,0.874,6.2,2.04,-2.14,3,3
18331.515,0.414,0.251,0.864,6.65,2.23,-2.75,3,3
18331.515,0.419,0.262,0.87,5.4,3.02,-4.88,3,3
18331.531,0.406,0.265,0.871,4.03,2.04,-5.95,3,3
18331.531,0.401,0.271,0.867,2.84,1.22,-6.23,3,3
18331.546,0.38,0.291,0.875,2.04,0.61,-5.34,3,3
18331.562,0.381,0.29,0.876,1.46,0.27,-3.54,3,3
18331.562,0.38,0.283,0.875,1.28,-0.03,-1.92,3,3
18331.578,0.381,0.274,0.871,1.1,-0.4,-0.58,3,3
18331.593,0.38,0.276,0.873,0.76,-0.43,1.13,3,3
18331.593,0.375,0.277,0.874,0.82,0.4,3.54,3,3
18331.609,0.365,0.283,0.879,1.01,1.34,6.44,3,3
18331.625,0.353,0.308,0.893,1.8,1.22,9.92,3,3
18331.625,0.335,0.336,0.932,2.53,-1.95,14.28,3,3
18331.64,0.297,0.34,0.937,1.43,-9.74,19.26,3,3
18331.656,0.333,0.294,0.975,-1.89,-20.81,24.26,3,3
18331.656,0.341,0.253,1.037,-1.5,-34.09,23.68,3,3
18331.671,0.368,0.267,0.926,4.76,-44.19,27.19,3,3
18331.687,0.446,0.198,0.867,9.86,-45.23,30.27,3,3
18331.687,0.47,0.15,0.857,14.31,-40.53,27.04,3,3
18331.703,0.479,0.149,0.831,18.1,-35.74,22.52,3,3
18331.703,0.507,0.172,0.804,20.54,-30.98,17.15,3,3
18331.718,0.537,0.215,0.789,21.73,-24.51,12.21,3,3
18331.734,0.534,0.247,0.772,22.31,-17.67,6.56,3,3
18331.75,0.545,0.276,0.759,21.73,-10.74,1.92,3,3
18331.75,0.532,0.3,0.741,19.75,-2.35,-1.65,3,3
18331.765,0.511,0.305,0.729,15.96,5.22,-3.91,3,3
18331.765,0.501,0.312,0.735,9.34,11.2,-5.1,3,3
18331.781,0.489,0.313,0.75,1.16,15.66,-6.44,3,3
18331.796,0.477,0.309,0.768,-6.5,18.65,-8.09,3,3
18331.796,0.46,0.309,0.797,-12.48,20.54,-9.22,3,3
18331.812,0.446,0.31,0.831,-16.72,21.36,-9.52,3,3
18331.812,0.418,0.318,0.869,-19.44,20.69,-9.22,3,3
18331.828,0.39,0.308,0.898,-20.57,17.52,-7.42,3,3
18331.843,0.382,0.295,0.925,-20.69,12.05,-4.64,3,3
18331.843,0.37,0.284,0.941,-19.53,5.65,-1.65,3,3
18331.859,0.371,0.258,0.945,-17.09,-1.16,1.4,3,3
18331.875,0.383,0.234,0.936,-13.34,-6.29,4.09,3,3
18331.875,0.402,0.223,0.92,-8.55,-9.06,6.59,3,3
18331.89,0.417,0.213,0.905,-2.75,-9.74,7.63,3,3
18331.906,0.425,0.208,0.888,2.08,-9.22,7.78,3,3
18331.906,0.436,0.219,0.875,5.86,-7.54,7.23,3,3
18331.921,0.44,0.234,0.862,8.61,-5.43,6.56,3,3
18331.921,0.445,0.245,0.853,10.28,-3.54,5.86,3,3
18331.937,0.447,0.255,0.843,11.29,-1.56,5.04,3,3
18331.953,0.449,0.267,0.835,11.2,0.52,4.58,3,3
18331.953,0.455,0.271,0.835,10.32,2.47,4.55,3,3
18331.968,0.456,0.269,0.834,9.13,3.78,3.81,3,3
18331.984,0.455,0.27,0.83,6.9,4.39,2.32,3,3
18331.984,0.459,0.268,0.838,4.76,5.22,0.89,3,3
18332.0,0.465,0.267,0.839,4.15,6.74,0.0,3,3
18332.015,0.466,0.272,0.828,4.21,9.03,-1.04,3,3
18332.015,0.467,0.27,0.824,3.97,12.21,-2.14,3,3
18332.031,0.461,0.261,0.819,3.08,15.69,-3.78,3,3
18332.046,0.45,0.267,0.816,1.34,18.95,-4.79,3,3
18332.046,0.446,0.278,0.812,-0.52,21.39,-5.37,3,3
18332.062,0.429,0.285,0.84,-3.69,22.83,-6.59,3,3
18332.062,0.382,0.282,0.92,-6.71,21.3,-7.48,3,3
18332.078,0.369,0.26,0.958,-6.84,13.89,-7.17,3,3
18332.093,0.377,0.25,0.938,-5.28,6.07,-6.99,3,3
18332.109,0.386,0.246,0.901,-1.68,3.51,-6.23,3,3
18332.109,0.39,0.249,0.876,2.38,3.45,-4.91,3,3
18332.125,0.392,0.261,0.873,3.17,3.27,-4.52,3,3
18332.125,0.379,0.289,0.883,0.46,1.07,-5.16,3,3
18332.14,0.387,0.321,0.864,-3.39,-3.27,-4.36,3,3
18332.156,0.418,0.333,0.85,-8.7,-6.26,-3.42,3,3
18332.171,0.422,0.249,0.95,-12.3,-12.94,-8.42,3,3
18332.171,0.448,0.213,0.929,-10.93,-20.84,-15.81,3,3
18332.187,0.477,0.191,0.865,-8.76,-21.73,-23.9,3,3
18332.203,0.477,0.174,0.825,-5.19,-13.15,-29.02,3,3
18332.203,0.461,0.167,0.822,1.8,-1.59,-30.67,3,3
18332.218,0.449,0.185,0.855,10.22,9.31,-29.73,3,3
18332.234,0.384,0.217,0.903,20.48,16.21,-28.14,3,3
18332.234,0.369,0.236,0.89,27.99,16.85,-24.05,3,3
18332.25,0.376,0.258,0.851,30.85,18.49,-21.42,3,3
18332.265,0.35,0.279,0.811,32.69,23.68,-19.17,3,3
18332.265,0.339,0.327,0.798,32.41,28.9,-14.07,3,3
18332.281,0.348,0.378,0.835,30.85,30.73,-8.06,3,3
18332.296,0.33,0.408,0.886,29.36,28.78,-3.3,3,3
18332.312,0.329,0.417,0.928,26.22,21.39,1.01,3,3
18332.312,0.304,0.415,0.94,22.13,9.46,3.63,3,3
18332.312,0.305,0.386,0.824,16.36,-3.48,8.09,3,3
18332.328,0.396,0.38,0.753,3.42,-7.97,11.6,3,3
18332.343,0.401,0.367,0.772,-6.71,-2.75,11.47,3,3
18332.343,0.397,0.34,0.803,-13.76,2.08,11.57,3,3
18332.359,0.405,0.336,0.845,-20.14,3.33,11.02,3,3
18332.375,0.399,0.324,0.867,-23.62,1.8,9.86,3,3
18332.375,0.409,0.296,0.885,-24.48,-0.27,8.51,3,3
18332.39,0.421,0.265,0.904,-22.4,-1.16,6.1,3,3
18332.406,0.411,0.249,0.919,-17.0,-1.07,3.02,3,3
18332.406,0.399,0.23,0.924,-9.98,-0.85,-0.21,3,3
18332.421,0.384,0.224,0.93,-2.17,-0.37,-2.9,3,3
18332.421,0.366,0.239,0.913,5.74,-0.12,-4.18,3,3
18332.437,0.366,0.268,0.896,11.75,0.64,-3.85,3,3
18332.453,0.364,0.292,0.886,15.5,2.62,-2.99,3,3
18332.453,0.362,0.301,0.872,17.88,4.06,-2.01,3,3
18332.468,0.366,0.309,0.871,18.46,4.76,-1.01,3,3
18332.484,0.366,0.319,0.868,18.13,4.36,-0.7,3,3
18332.484,0.365,0.337,0.863,16.51,2.93,-0.37,3,3
18332.5,0.371,0.352,0.852,10.19,-0.09,-0.52,3,3
18332.515,0.374,0.353,0.844,6.74,-0.7,-0.27,3,3
18332.515,0.372,0.349,0.849,3.91,-1.28,0.82,3,3
18332.531,0.367,0.348,0.845,0.37,-1.31,2.17,3,3
18332.546,0.37,0.333,0.863,-1.83,-0.61,3.75,3,3
18332.546,0.36,0.316,0.872,-1.62,-0.12,5.71,3,3
18332.562,0.363,0.319,0.88,-0.79,-0.15,8.36,3,3
18332.562,0.359,0.322,0.888,0.34,-0.43,10.8,3,3
18332.578,0.36,0.319,0.892,2.08,-1.46,13.15,3,3
18332.593,0.364,0.312,0.886,3.51,-3.36,14.92,3,3
18332.609,0.381,0.311,0.872,3.78,-4.52,15.69,3,3
18332.609,0.381,0.306,0.86,3.17,-4.24,15.32,3,3
18332.625,0.381,0.305,0.862,2.26,-3.94,15.11,3,3
18332.625,0.39,0.3,0.866,2.14,-2.84,15.05,3,3
18332.64,0.388,0.287,0.87,2.9,-1.71,14.4,3,3
18332.656,0.394,0.284,0.875,3.88,-1.22,13.43,3,3
18332.656,0.39,0.299,0.888,5.89,-0.64,12.21,3,3
18332.671,0.386,0.324,0.878,10.01,0.64,13.03,3,3
18332.687,0.399,0.31,0.876,12.76,1.19,13.37,3,3
18332.687,0.383,0.313,0.872,14.47,1.1,12.67,3,3
18332.703,0.391,0.314,0.86,15.84,0.27,12.79,3,3
18332.703,0.395,0.318,0.852,15.66,-0.61,12.15,3,3
18332.718,0.396,0.318,0.84,13.86,-1.34,10.86,3,3
18332.734,0.407,0.318,0.832,10.77,-1.68,8.88,3,3
18332.734,0.41,0.313,0.829,7.26,-1.43,5.89,3,3
18332.75,0.411,0.31,0.827,3.6,-1.56,2.81,3,3
18332.765,0.405,0.319,0.836,0.12,-1.31,0.37,3,3
18332.765,0.403,0.323,0.852,-1.68,-0.06,-0.46,3,3
18332.781,0.394,0.321,0.865,-1.37,1.16,-0.43,3,3
18332.781,0.381,0.309,0.873,-0.52,2.01,0.09,3,3
18332.796,0.379,0.302,0.879,0.98,2.29,1.59,3,3
18332.812,0.376,0.306,0.883,3.33,2.53,3.08,3,3
18332.812,0.374,0.309,0.881,5.49,2.47,4.67,3,3
18332.828,0.379,0.308,0.877,7.48,2.04,5.8,3,3
18332.843,0.386,0.312,0.869,8.79,1.34,5.98,3,3
18332.843,0.389,0.318,0.861,8.79,0.89,5.49,3,3
18332.859,0.39,0.329,0.853,8.76,0.61,5.31,3,3
18332.875,0.394,0.339,0.848,9.06,1.04,5.92,3,3
18332.875,0.398,0.334,0.843,8.7,1.8,6.29,3,3
18332.89,0.402,0.321,0.846,7.08,1.68,5.13,3,3
18332.906,0.401,0.322,0.845,4.39,0.52,3.23,3,3
18332.906,0.401,0.326,0.84,2.11,-0.34,1.43,3,3
18332.921,0.403,0.331,0.844,0.43,-0.18,0.64,3,3
18332.937,0.403,0.332,0.858,0.0,0.46,0.15,3,3
18332.937,0.393,0.323,0.86,0.24,0.49,-0.95,3,3
18332.953,0.382,0.316,0.859,0.43,0.46,-1.31,3,3
18332.968,0.38,0.328,0.868,0.95,0.89,-0.21,3,3
18332.968,0.379,0.328,0.876,2.26,1.25,0.82,3,3
18332.984,0.378,0.318,0.873,3.51,0.49,1.19,3,3
18332.984,0.379,0.324,0.868,4.27,-0.79,1.4,3,3
18333.0,0.382,0.338,0.861,4.97,-1.74,1.65,3,3
18333.015,0.383,0.346,0.85,4.91,-2.75,1.95,3,3
18333.015,0.385,0.352,0.848,4.0,-3.23,2.66,3,3
18333.031,0.382,0.359,0.863,3.72,-3.45,3.69,3,3
18333.031,0.382,0.358,0.836,4.97,-3.57,5.58,3,3
18333.046,0.393,0.344,0.845,2.69,-4.24,5.86,3,3
18333.062,0.386,0.342,0.848,0.58,-5.01,5.4,3,3
18333.062,0.394,0.33,0.845,-0.55,-5.8,5.55,3,3
18333.078,0.399,0.33,0.846,-2.23,-6.2,4.73,3,3
18333.093,0.405,0.317,0.844,-3.33,-6.56,3.51,3,3
18333.093,0.407,0.311,0.844,-4.73,-6.65,1.68,3,3
18333.109,0.407,0.316,0.84,-5.95,-6.5,-0.15,3,3
18333.125,0.404,0.32,0.839,-6.53,-5.13,-0.85,3,3
18333.125,0.404,0.327,0.853,-5.77,-2.99,-0.27,3,3
18333.14,0.396,0.321,0.869,-4.43,-1.19,0.46,3,3
18333.156,0.392,0.303,0.877,-2.9,-1.28,0.79,3,3
18333.156,0.398,0.3,0.872,-1.34,-2.23,1.1,3,3
18333.171,0.403,0.303,0.862,0.37,-2.62,0.7,3,3
18333.171,0.406,0.313,0.854,1.89,-2.29,0.18,3,3
18333.187,0.405,0.324,0.847,2.56,-1.77,0.09,3,3
18333.203,0.407,0.332,0.846,2.32,-1.19,0.21,3,3
18333.203,0.408,0.333,0.846,2.08,-0.4,0.0,3,3
18333.218,0.401,0.325,0.846,1.98,0.09,-0.31,3,3
18333.234,0.401,0.324,0.851,1.46,0.09,-0.12,3,3
18333.234,0.404,0.324,0.854,1.34,0.09,-0.03,3,3
18333.25,0.398,0.318,0.849,1.4,0.09,-0.27,3,3
18333.265,0.396,0.317,0.851,1.19,-0.18,0.06,3,3
18333.265,0.407,0.325,0.854,1.5,0.7,0.24,3,3
18333.281,0.387,0.322,0.856,2.44,2.47,0.09,3,3
18333.296,0.375,0.33,0.864,2.84,2.56,0.76,3,3
18333.296,0.376,0.348,0.869,2.41,1.16,1.71,3,3
18333.312,0.365,0.358,0.867,1.77,0.15,2.53,3,3
18333.312,0.341,0.377,0.882,0.24,-3.23,4.09,3,3
18333.328,0.321,0.377,0.886,-2.44,-11.14,6.68,3,3
18333.343,0.337,0.357,0.911,-7.81,-21.55,9.98,3,3
18333.343,0.361,0.339,0.899,-10.35,-30.15,12.7,3,3
18333.359,0.385,0.311,0.869,-9.52,-34.46,15.05,3,3
18333.375,0.415,0.288,0.866,-7.72,-35.77,15.84,3,3
18333.375,0.446,0.291,0.848,-6.16,-35.65,14.07,3,3
18333.39,0.466,0.29,0.807,-4.67,-32.78,11.38,3,3
18333.406,0.476,0.291,0.778,-3.48,-27.22,9.31,3,3
18333.406,0.501,0.288,0.764,-3.3,-20.33,7.69,3,3
18333.421,0.527,0.297,0.754,-3.69,-11.47,5.74,3,3
18333.421,0.525,0.29,0.761,-4.12,-2.35,2.32,3,3
18333.437,0.524,0.275,0.77,-5.52,4.73,-2.62,3,3
18333.453,0.511,0.277,0.775,-7.32,10.77,-7.48,3,3
18333.453,0.497,0.283,0.779,-7.81,16.54,-11.41,3,3
18333.468,0.486,0.291,0.791,-7.87,21.94,-14.86,3,3
18333.484,0.467,0.3,0.806,-9.37,30.4,-19.65,3,3
18333.484,0.45,0.309,0.83,-9.92,32.2,-21.3,3,3
18333.5,0.431,0.316,0.844,-10.04,33.08,-21.94,3,3
18333.515,0.404,0.306,0.861,-9.4,32.17,-21.97,3,3
18333.531,0.355,0.312,0.913,-7.66,31.25,-21.85,3,3
18333.531,0.25,0.331,1.067,-3.42,24.78,-18.28,3,3
18333.546,0.288,0.285,1.08,3.14,5.65,-12.02,3,3
18333.546,0.31,0.259,0.95,7.97,-9.49,-10.16,3,3
18333.562,0.364,0.268,0.878,13.34,-12.88,-6.1,3,3
18333.578,0.39,0.289,0.839,19.5,-8.67,-2.62,3,3
18333.578,0.383,0.318,0.834,21.79,-2.9,-0.43,3,3
18333.593,0.394,0.342,0.84,19.68,-0.92,1.16,3,3
18333.593,0.407,0.353,0.832,16.02,-1.68,0.92,3,3
18333.609,0.409,0.36,0.822,12.7,-2.04,0.12,3,3
18333.625,0.409,0.356,0.816,10.59,-0.79,0.18,3,3
18333.64,0.401,0.347,0.825,8.48,0.64,0.12,3,3
18333.64,0.394,0.344,0.839,6.2,1.46,0.09,3,3
18333.64,0.389,0.341,0.848,4.67,1.19,0.12,3,3
18333.656,0.384,0.343,0.854,3.51,0.24,0.0,3,3
18333.671,0.385,0.344,0.852,3.6,-0.24,0.55,3,3
18333.687,0.387,0.34,0.853,4.33,-0.12,0.92,3,3
18333.687,0.383,0.337,0.855,4.55,-0.4,0.82,3,3
18333.703,0.384,0.336,0.853,3.91,-1.34,0.76,3,3
18333.718,0.388,0.337,0.845,2.99,-2.08,0.58,3,3
18333.718,0.393,0.339,0.844,1.92,-2.5,0.43,3,3
18333.734,0.395,0.342,0.841,0.52,-2.56,-0.15,3,3
18333.734,0.396,0.341,0.842,-0.89,-2.44,-0.7,3,3
18333.75,0.393,0.336,0.847,-2.41,-2.29,-1.07,3,3
18333.765,0.39,0.331,0.85,-3.2,-2.35,-1.56,3,3
18333.765,0.387,0.329,0.855,-3.36,-2.11,-1.83,3,3
18333.781,0.386,0.332,0.861,-2.84,-1.5,-1.5,3,3
18333.796,0.385,0.329,0.865,-1.98,-1.13,-1.13,3,3
18333.796,0.383,0.325,0.863,-1.01,-1.25,-0.95,3,3
18333.812,0.384,0.328,0.858,-0.31,-1.62,-0.58,3,3
18333.812,0.392,0.335,0.858,0.18,-1.86,-0.06,3,3
18333.828,0.397,0.337,0.852,0.85,-1.77,0.18,3,3
18333.843,0.397,0.335,0.849,1.07,-1.53,0.21,3,3
18333.843,0.404,0.337,0.847,1.28,-1.22,0.46,3,3
18333.859,0.41,0.333,0.845,1.59,-0.31,0.73,3,3
18333.875,0.409,0.321,0.846,2.26,0.95,0.31,3,3
18333.875,0.411,0.317,0.85,3.17,1.98,-0.06,3,3
18333.89,0.406,0.317,0.854,4.18,3.69,-0.52,3,3
18333.906,0.394,0.315,0.857,5.31,4.76,-0.67,3,3
18333.906,0.387,0.325,0.862,5.98,4.33,-0.82,3,3
18333.921,0.388,0.33,0.866,6.5,3.88,-0.55,3,3
18333.937,0.39,0.334,0.869,7.05,4.7,0.15,3,3
18333.937,0.38,0.339,0.865,7.87,4.18,0.18,3,3
18333.953,0.373,0.339,0.855,7.54,2.01,0.27,3,3
18333.953,0.373,0.35,0.85,5.83,0.24,1.62,3,3
18333.968,0.381,0.363,0.841,4.33,-0.76,3.33,3,3
18333.984,0.384,0.358,0.836,2.59,-1.46,3.94,3,3
18333.984,0.386,0.359,0.836,0.61,-2.35,3.91,3,3
18334.0,0.385,0.369,0.846,-1.25,-2.81,3.94,3,3
18334.015,0.378,0.371,0.849,-2.81,-3.69,3.88,3,3
18334.015,0.378,0.362,0.845,-4.91,-5.98,3.72,3,3
18334.031,0.376,0.359,0.837,-8.24,-9.37,2.99,3,3
18334.046,0.375,0.365,0.832,-11.99,-13.0,2.35,3,3
18334.046,0.357,0.401,0.878,-15.9,-17.46,2.59,3,3
18334.062,0.369,0.399,0.855,-17.76,-21.42,6.23,3,3
18334.078,0.389,0.34,0.844,-23.96,-25.03,6.84,3,3
18334.078,0.395,0.306,0.866,-26.61,-27.16,5.92,3,3
18334.093,0.421,0.3,0.838,-24.84,-27.62,6.32,3,3
18334.093,0.427,0.294,0.828,-23.04,-24.45,5.89,3,3
18334.109,0.436,0.289,0.825,-21.76,-20.75,5.43,3,3
18334.125,0.443,0.293,0.828,-21.97,-17.76,4.0,3,3
18334.125,0.443,0.294,0.829,-21.67,-15.08,2.53,3,3
18334.14,0.458,0.285,0.829,-20.81,-12.21,2.04,3,3
18334.156,0.462,0.27,0.834,-19.07,-8.12,1.62,3,3
18334.156,0.469,0.252,0.837,-16.66,-4.58,0.58,3,3
18334.171,0.488,0.241,0.842,-13.28,0.89,-1.01,3,3
18334.171,0.473,0.237,0.845,-8.33,8.0,-2.93,3,3
18334.187,0.448,0.24,0.853,-4.55,11.63,-5.07,3,3
18334.203,0.456,0.249,0.861,-1.25,14.01,-6.65,3,3
18334.218,0.44,0.264,0.869,3.17,18.37,-7.81,3,3
18334.218,0.41,0.282,0.875,6.35,19.26,-8.94,3,3
18334.234,0.401,0.301,0.881,7.66,16.72,-9.22,3,3
18334.234,0.38,0.31,0.88,8.64,15.26,-7.69,3,3
18334.25,0.363,0.321,0.883,8.91,11.81,-5.4,3,3
18334.265,0.37,0.337,0.89,8.21,6.93,-2.9,3,3
18334.265,0.366,0.342,0.879,7.17,2.72,-1.19,3,3
18334.281,0.364,0.34,0.869,5.28,-1.83,0.43,3,3
18334.296,0.377,0.349,0.865,1.92,-5.92,2.66,3,3
18334.296,0.395,0.347,0.851,-0.49,-8.94,4.36,3,3
18334.312,0.406,0.32,0.836,-3.02,-10.65,4.7,3,3
18334.328,0.416,0.299,0.828,-6.5,-11.17,4.0,3,3
18334.328,0.429,0.29,0.827,-9.19,-10.56,2.62,3,3
18334.343,0.438,0.29,0.825,-11.02,-8.21,1.07,3,3
18334.359,0.438,0.284,0.831,-12.02,-4.76,-0.31,3,3
18334.359,0.437,0.278,0.848,-12.12,-1.8,-1.5,3,3
18334.375,0.428,0.274,0.865,-11.57,-0.31,-2.99,3,3
18334.375,0.419,0.277,0.871,-10.8,-0.46,-4.36,3,3
18334.39,0.413,0.278,0.873,-9.92,-1.56,-5.46,3,3
18334.406,0.415,0.282,0.871,-8.45,-2.66,-5.86,3,3
18334.406,0.416,0.284,0.871,-7.08,-2.72,-5.83,3,3
18334.421,0.416,0.277,0.87,-5.65,-2.04,-6.01,3,3
18334.437,0.416,0.272,0.869,-3.72,-0.76,-6.04,3,3
18334.437,0.415,0.273,0.867,-1.5,0.92,-5.49,3,3
18334.453,0.412,0.274,0.875,0.89,2.5,-5.04,3,3
18334.453,0.402,0.278,0.878,2.78,2.59,-5.01,3,3
18334.468,0.409,0.292,0.872,5.65,2.96,-2.84,3,3
18334.484,0.414,0.3,0.869,5.95,2.56,-2.29,3,3
18334.5,0.396,0.292,0.866,4.85,0.61,-1.8,3,3
18334.5,0.399,0.298,0.867,4.0,-0.31,-0.85,3,3
18334.515,0.389,0.297,0.852,3.2,-1.1,0.06,3,3
18334.515,0.39,0.31,0.859,1.74,-1.68,1.34,3,3
18334.531,0.395,0.314,0.863,0.49,-1.95,2.38,3,3
18334.546,0.398,0.315,0.863,-0.79,-2.66,2.72,3,3
18334.546,0.401,0.305,0.859,-2.17,-3.88,2.69,3,3
18334.562,0.408,0.301,0.856,-3.23,-4.94,2.72,3,3
18334.578,0.415,0.296,0.853,-4.21,-5.89,2.41,3,3
18334.578,0.418,0.295,0.849,-5.31,-6.5,1.74,3,3
18334.593,0.424,0.293,0.85,-5.98,-6.35,1.34,3,3
18334.593,0.425,0.294,0.853,-6.26,-5.71,0.61,3,3
18334.609,0.423,0.291,0.857,-6.44,-5.43,-0.12,3,3
18334.625,0.424,0.282,0.857,-6.07,-5.46,-0.98,3,3
18334.625,0.428,0.277,0.857,-5.83,-5.4,-1.89,3,3
18334.64,0.428,0.276,0.855,-5.77,-4.94,-3.02,3,3
18334.656,0.429,0.274,0.858,-6.01,-4.21,-4.15,3,3
18334.656,0.433,0.268,0.859,-5.52,-3.2,-5.13,3,3
18334.671,0.421,0.263,0.859,-4.09,-2.08,-6.01,3,3
18334.687,0.419,0.271,0.868,-3.39,-1.25,-6.1,3,3
18334.687,0.413,0.273,0.874,-2.81,-0.67,-5.86,3,3
18334.703,0.407,0.276,0.877,-2.23,-1.46,-5.86,3,3
18334.718,0.402,0.279,0.876,-1.46,-2.35,-5.34,3,3
18334.718,0.407,0.282,0.875,-0.43,-2.66,-4.21,3,3
18334.734,0.409,0.284,0.872,0.52,-2.87,-3.51,3,3
18334.734,0.411,0.284,0.865,0.98,-3.17,-2.9,3,3
18334.75,0.416,0.281,0.862,0.82,-3.23,-2.14,3,3
18334.765,0.418,0.276,0.857,1.4,-2.96,-1.4,3,3
18334.765,0.422,0.285,0.853,2.04,-2.53,-0.95,3,3
18334.781,0.424,0.295,0.852,2.01,-2.01,-0.89,3,3
18334.796,0.422,0.294,0.849,1.56,-1.95,-1.43,3,3
18334.796,0.428,0.3,0.846,0.37,-2.66,-1.77,3,3
18334.812,0.435,0.297,0.844,-1.07,-2.75,-2.62,3,3
18334.812,0.432,0.283,0.844,-2.08,-2.66,-4.03,3,3
18334.828,0.433,0.287,0.851,-3.23,-3.42,-5.52,3,3
18334.843,0.435,0.286,0.853,-4.58,-4.12,-7.26,3,3
18334.843,0.427,0.281,0.86,-5.95,-4.73,-9.03,3,3
18334.859,0.429,0.274,0.869,-6.23,-5.58,-10.56,3,3
18334.875,0.434,0.267,0.876,-5.98,-7.05,-12.63,3,3
18334.875,0.443,0.263,0.881,-6.29,-9.22,-15.78,3,3
18334.89,0.447,0.258,0.882,-6.9,-12.12,-20.14,3,3
18334.906,0.443,0.246,0.88,-8.06,-15.5,-25.76,3,3
18334.906,0.436,0.249,0.88,-9.13,-18.95,-30.95,3,3
18334.921,0.428,0.266,0.873,-8.58,-20.57,-33.66,3,3
18334.937,0.436,0.279,0.874,-4.82,-18.8,-32.56,3,3
18334.937,0.435,0.285,0.889,2.35,-14.28,-29.54,3,3
18334.953,0.438,0.275,0.908,12.21,-10.25,-26.49,3,3
18334.968,0.447,0.268,0.922,22.58,-9.13,-24.48,3,3
18334.968,0.459,0.26,0.933,33.2,-9.89,-24.26,3,3
18334.984,0.475,0.258,0.948,45.47,-11.47,-25.64,3,3
18334.984,0.483,0.267,0.96,59.91,-13.58,-27.77,3,3
18335.0,0.478,0.293,0.962,75.84,-16.88,-30.09,3,3
18335.015,0.456,0.337,0.957,92.59,-20.91,-31.13,3,3
18335.015,0.433,0.378,0.946,109.2,-25.67,-28.66,3,3
18335.031,0.429,0.421,0.933,125.55,-31.53,-22.64,3,3
18335.046,0.434,0.45,0.905,143.71,-37.32,-14.89,3,3
18335.046,0.419,0.479,0.859,162.08,-42.45,-6.13,3,3
18335.062,0.4,0.502,0.799,178.44,-46.78,4.33,3,3
18335.078,0.425,0.518,0.735,192.45,-51.3,13.89,3,3
18335.078,0.428,0.548,0.649,202.46,-53.93,21.76,3,3
18335.093,0.452,0.565,0.585,204.78,-53.99,28.96,3,3
18335.093,0.478,0.581,0.528,200.93,-52.95,31.19,3,3
18335.109,0.495,0.582,0.485,192.39,-50.94,32.17,3,3
18335.125,0.527,0.58,0.453,182.32,-49.32,31.28,3,3
18335.125,0.553,0.608,0.416,171.33,-49.07,28.02,3,3
18335.14,0.562,0.681,0.33,154.21,-52.22,23.87,3,3
18335.156,0.599,0.794,0.211,118.81,-60.76,20.08,3,3
18335.156,0.677,0.896,0.119,59.91,-75.08,11.54,3,3
18335.171,0.74,0.944,0.083,-10.68,-83.74,-1.8,3,3
18335.187,0.814,0.901,0.108,-78.65,-81.21,-12.63,3,3
18335.187,0.829,0.815,0.156,-130.01,-71.84,-23.74,3,3
18335.203,0.778,0.717,0.209,-156.59,-57.07,-33.14,3,3
18335.203,0.75,0.627,0.286,-158.73,-38.27,-39.19,3,3
18335.218,0.709,0.566,0.361,-140.51,-16.36,-44.5,3,3
18335.234,0.655,0.539,0.44,-111.58,9.22,-43.86,3,3
18335.234,0.565,0.543,0.544,-81.73,34.36,-33.14,3,3
18335.25,0.453,0.533,0.648,-52.92,53.83,-14.71,3,3
18335.265,0.363,0.485,0.751,-27.95,62.59,6.78,3,3
18335.265,0.339,0.443,0.836,-8.76,59.66,23.83,3,3
18335.281,0.328,0.414,0.894,6.2,49.93,32.81,3,3
18335.296,0.32,0.389,0.928,15.87,36.19,35.68,3,3
18335.296,0.34,0.378,0.943,19.26,23.41,35.28,3,3
18335.312,0.34,0.359,0.946,17.79,14.74,33.85,3,3
18335.312,0.348,0.328,0.954,10.35,9.4,31.98,3,3
18335.328,0.344,0.299,0.953,-3.81,6.13,27.07,3,3
18335.343,0.311,0.299,0.952,-19.35,5.34,23.83,3,3
18335.359,0.299,0.265,0.963,-31.37,7.29,24.23,3,3
18335.359,0.272,0.228,0.968,-40.74,9.16,22.68,3,3
18335.375,0.265,0.212,0.97,-46.51,11.35,21.61,3,3
18335.375,0.271,0.204,0.958,-45.96,13.79,20.05,3,3
18335.39,0.288,0.213,0.905,-40.56,17.12,16.75,3,3
18335.406,0.31,0.185,0.864,-35.4,22.13,8.67,3,3
18335.406,0.272,0.153,0.879,-33.6,25.36,-4.58,3,3
18335.421,0.266,0.164,0.91,-32.32,22.95,-13.15,3,3
18335.437,0.276,0.216,0.9,-28.72,17.27,-19.47,3,3
18335.437,0.295,0.267,0.868,-26.06,11.47,-24.81,3,3
18335.453,0.325,0.3,0.834,-27.31,4.12,-37.48,3,3
18335.453,0.347,0.343,0.81,-29.63,2.78,-44.25,3,3
18335.468,0.346,0.384,0.791,-32.17,0.79,-49.9,3,3
18335.484,0.378,0.43,0.771,-33.42,-2.14,-54.66,3,3
18335.484,0.43,0.5,0.706,-33.81,-4.27,-56.95,3,3
18335.5,0.476,0.562,0.663,-34.39,-5.74,-56.61,3,3
18335.515,0.515,0.606,0.634,-34.7,-5.46,-56.4,3,3
18335.515,0.553,0.632,0.685,-33.72,-3.51,-56.61,3,3
18335.531,0.522,0.743,0.628,-18.13,-4.73,-57.86,3,3
18335.546,0.576,0.818,0.623,-6.71,-4.43,-54.14,3,3
18335.546,0.595,0.9,0.623,3.6,-4.58,-50.78,3,3
18335.562,0.568,0.955,0.579,17.91,-4.64,-40.8,3,3
18335.578,0.587,0.997,0.556,25.64,-6.59,-28.44,3,3
18335.578,0.581,0.981,0.508,32.75,-7.51,-13.89,3,3
18335.593,0.566,0.902,0.469,39.37,-9.25,0.21,3,3
18335.593,0.571,0.826,0.422,45.44,-12.36,13.95,3,3
18335.609,0.598,0.766,0.382,51.0,-14.13,26.28,3,3
18335.625,0.613,0.722,0.368,55.42,-13.76,36.35,3,3
18335.64,0.618,0.689,0.353,56.64,-9.95,45.17,3,3
18335.64,0.649,0.659,0.36,51.12,1.65,50.36,3,3
18335.656,0.653,0.634,0.37,40.68,20.26,49.84,3,3
18335.656,0.609,0.599,0.373,24.87,42.33,46.78,3,3
18335.671,0.571,0.567,0.41,6.13,64.21,45.11,3,3
18335.687,0.534,0.548,0.478,-10.71,83.19,44.77,3,3
18335.687,0.497,0.523,0.529,-23.1,99.0,44.01,3,3
18335.703,0.459,0.506,0.573,-34.06,112.19,43.06,3,3
18335.718,0.422,0.493,0.612,-43.64,121.04,39.12,3,3
18335.718,0.41,0.49,0.669,-52.74,125.4,33.85,3,3
18335.734,0.375,0.492,0.719,-61.16,127.08,27.31,3,3
18335.75,0.339,0.478,0.773,-69.67,124.24,21.42,3,3
18335.75,0.326,0.466,0.836,-77.55,118.11,16.48,3,3
18335.765,0.297,0.459,0.889,-83.83,109.32,13.21,3,3
18335.765,0.287,0.442,0.919,-87.77,98.85,11.6,3,3
18335.781,0.285,0.41,0.947,-87.86,88.81,11.96,3,3
18335.796,0.281,0.386,0.969,-82.92,79.38,13.31,3,3
18335.796,0.272,0.362,0.989,-74.13,71.2,15.87,3,3
18335.812,0.269,0.332,0.999,-63.36,64.3,18.59,3,3
18335.828,0.265,0.302,1.0,-51.3,58.53,20.23,3,3
18335.828,0.282,0.273,1.015,-37.57,54.32,21.09,3,3
18335.843,0.281,0.247,1.0,-22.34,52.03,19.56,3,3
18335.843,0.277,0.236,0.993,-7.93,50.69,17.0,3,3
18335.859,0.206,0.259,1.061,4.18,47.55,14.34,3,3
18335.875,0.165,0.23,1.137,13.55,34.76,12.39,3,3
18335.875,0.204,0.245,1.082,16.79,16.3,7.9,3,3
18335.89,0.216,0.272,0.97,19.78,5.52,2.87,3,3
18335.906,0.247,0.295,0.901,28.26,2.66,2.14,3,3
18335.906,0.287,0.364,0.857,38.67,6.2,3.45,3,3
18335.921,0.275,0.429,0.838,44.47,11.2,3.33,3,3
18335.921,0.27,0.461,0.84,42.54,11.87,2.29,3,3
18335.937,0.283,0.461,0.833,37.08,9.09,0.21,3,3
18335.953,0.303,0.469,0.815,30.46,6.1,-2.9,3,3
18335.953,0.295,0.475,0.785,23.26,3.6,-7.11,3,3
18335.968,0.295,0.484,0.77,14.89,2.35,-10.32,3,3
18335.984,0.277,0.5,0.765,6.16,3.97,-11.08,3,3
18335.984,0.259,0.5,0.785,-1.74,7.97,-8.45,3,3
18336.0,0.251,0.487,0.836,-6.93,11.6,-3.91,3,3
18336.015,0.248,0.445,0.871,-7.87,12.91,-0.34,3,3
18336.015,0.237,0.407,0.895,-8.06,12.15,0.52,3,3
18336.031,0.237,0.381,0.917,-6.47,9.92,0.49,3,3
18336.046,0.241,0.374,0.917,-2.59,7.48,-0.34,3,3
18336.046,0.245,0.381,0.908,1.19,4.82,-1.71,3,3
18336.062,0.25,0.399,0.891,3.36,2.04,-3.27,3,3
18336.078,0.254,0.425,0.868,3.85,-0.18,-5.01,3,3
18336.078,0.247,0.443,0.851,2.9,-0.67,-5.74,3,3
18336.093,0.246,0.452,0.851,1.53,-0.61,-4.49,3,3
18336.109,0.253,0.453,0.854,0.46,0.09,-2.96,3,3
18336.109,0.251,0.443,0.851,-0.06,0.61,-2.41,3,3
18336.125,0.254,0.423,0.854,-0.73,0.43,-2.72,3,3
18336.125,0.252,0.418,0.86,-0.73,0.61,-3.54,3,3
18336.14,0.256,0.416,0.865,-0.09,0.61,-4.27,3,3
18336.156,0.249,0.415,0.867,0.73,0.92,-4.94,3,3
18336.156,0.242,0.419,0.875,1.83,1.04,-4.88,3,3
18336.171,0.245,0.425,0.875,2.69,0.37,-4.33,3,3
18336.187,0.239,0.426,0.867,2.62,-0.31,-4.3,3,3
18336.187,0.236,0.431,0.861,1.5,-1.25,-4.24,3,3
18336.203,0.231,0.447,0.853,-0.31,-2.17,-3.72,3,3
18336.203,0.225,0.461,0.85,-2.56,-2.41,-1.86,3,3
18336.218,0.237,0.467,0.857,-4.55,-1.59,1.01,3,3
18336.234,0.231,0.452,0.855,-6.2,-0.55,2.99,3,3
18336.234,0.227,0.437,0.855,-8.03,-0.52,4.39,3,3
18336.25,0.231,0.426,0.863,-9.4,-0.79,6.16,3,3
18336.265,0.242,0.426,0.874,-9.58,-0.52,7.69,3,3
18336.265,0.243,0.414,0.872,-8.39,-0.55,8.79,3,3
18336.281,0.248,0.408,0.872,-7.42,-0.49,9.09,3,3
18336.296,0.246,0.41,0.871,-6.41,-0.18,9.13,3,3
18336.296,0.25,0.409,0.871,-4.97,0.58,9.98,3,3
18336.312,0.248,0.411,0.865,-3.33,1.46,10.68,3,3
18336.328,0.246,0.418,0.867,-2.26,2.2,11.44,3,3
18336.328,0.255,0.419,0.868,-1.53,2.72,12.48,3,3
18336.343,0.259,0.41,0.863,-0.27,3.14,13.09,3,3
18336.343,0.265,0.409,0.854,1.4,4.49,13.67,3,3
18336.359,0.27,0.413,0.864,1.46,5.65,13.64,3,3
18336.375,0.267,0.406,0.866,1.74,6.38,12.57,3,3
18336.39,0.264,0.394,0.868,1.16,6.38,11.35,3,3
18336.39,0.263,0.385,0.876,0.67,6.04,9.74,3,3
18336.406,0.266,0.375,0.884,1.1,5.28,7.45,3,3
18336.406,0.252,0.367,0.896,2.11,3.75,4.58,3,3
18336.421,0.248,0.371,0.902,3.72,1.53,2.17,3,3
18336.437,0.25,0.376,0.897,5.77,-0.64,-0.03,3,3
18336.437,0.241,0.388,0.887,10.74,-0.73,-0.55,3,3
18336.453,0.244,0.404,0.878,13.98,0.89,1.19,3,3
18336.453,0.252,0.412,0.88,16.17,1.1,0.61,3,3
18336.468,0.247,0.423,0.865,16.02,0.15,-0.18,3,3
18336.484,0.246,0.428,0.854,14.95,-0.58,-0.7,3,3
18336.484,0.25,0.431,0.851,13.98,-0.37,-0.4,3,3
18336.5,0.251,0.445,0.852,12.91,0.15,-0.15,3,3
18336.515,0.254,0.45,0.848,10.71,-0.18,-0.34,3,3
18336.515,0.256,0.451,0.847,8.03,-1.16,-1.37,3,3
18336.531,0.247,0.446,0.836,5.89,-2.11,-2.35,3,3
18336.546,0.257,0.45,0.838,2.26,-2.81,-2.35,3,3
18336.546,0.255,0.453,0.842,-1.53,-3.48,-3.33,3,3
18336.562,0.25,0.453,0.843,-4.39,-3.94,-3.54,3,3
18336.578,0.247,0.452,0.846,-6.87,-3.66,-2.62,3,3
18336.578,0.244,0.443,0.859,-8.18,-2.99,-1.31,3,3
18336.593,0.24,0.424,0.871,-8.58,-2.96,-0.37,3,3
18336.593,0.238,0.413,0.875,-8.45,-3.75,0.24,3,3
18336.609,0.24,0.412,0.877,-8.06,-4.85,0.73,3,3
18336.625,0.245,0.406,0.877,-8.09,-6.47,1.13,3,3
18336.625,0.252,0.426,0.87,-8.55,-5.77,1.46,3,3
18336.64,0.251,0.426,0.868,-8.67,-5.77,2.17,3,3
18336.656,0.255,0.423,0.866,-8.79,-6.84,1.5,3,3
18336.656,0.262,0.422,0.861,-8.73,-7.48,0.67,3,3
18336.671,0.257,0.429,0.86,-9.31,-8.12,-0.12,3,3
18336.671,0.258,0.435,0.857,-11.2,-9.7,-1.04,3,3
18336.687,0.259,0.44,0.843,-14.13,-11.66,-2.14,3,3
18336.703,0.243,0.456,0.815,-18.31,-11.69,-2.41,3,3
18336.718,0.254,0.451,0.832,-21.52,-8.21,1.4,3,3
18336.718,0.258,0.432,0.868,-21.39,-4.18,7.11,3,3
18336.734,0.256,0.407,0.869,-20.81,-3.11,9.49,3,3
18336.734,0.259,0.385,0.872,-24.17,-4.55,9.8,3,3
18336.75,0.27,0.374,0.875,-26.89,-5.31,10.22,3,3
18336.765,0.283,0.364,0.882,-26.52,-4.21,10.99,3,3
18336.781,0.286,0.347,0.889,-23.16,-2.69,10.62,3,3
18336.781,0.283,0.339,0.897,-19.59,-1.71,9.8,3,3
18336.781,0.282,0.342,0.905,-15.66,-0.82,8.82,3,3
18336.796,0.28,0.34,0.907,-11.23,-0.49,7.9,3,3
18336.812,0.277,0.344,0.895,-7.45,-0.15,6.71,3,3
18336.812,0.271,0.361,0.875,-5.19,0.21,5.89,3,3
18336.828,0.271,0.391,0.857,-5.95,0.46,5.95,3,3
18336.843,0.271,0.423,0.849,-9.49,0.61,6.62,3,3
18336.843,0.265,0.444,0.838,-15.38,0.0,7.57,3,3
18336.859,0.262,0.454,0.836,-23.13,-0.85,8.82,3,3
18336.875,0.257,0.442,0.848,-31.04,-2.01,9.83,3,3
18336.875,0.256,0.414,0.862,-37.35,-3.14,11.29,3,3
18336.89,0.259,0.376,0.873,-41.05,-3.66,12.57,3,3
18336.906,0.261,0.337,0.892,-42.6,-3.66,13.7,3,3
18336.906,0.268,0.313,0.912,-41.05,-3.05,14.28,3,3
18336.921,0.273,0.291,0.928,-37.75,-2.81,14.74,3,3
18336.937,0.281,0.276,0.934,-34.33,-3.39,14.19,3,3
18336.937,0.293,0.269,0.93,-31.31,-3.85,12.57,3,3
18336.953,0.297,0.26,0.924,-27.92,-3.57,10.93,3,3
18336.953,0.3,0.263,0.917,-24.35,-3.3,9.74,3,3
18336.968,0.302,0.284,0.901,-23.01,-3.45,8.24,3,3
18336.984,0.302,0.294,0.894,-24.05,-3.97,6.62,3,3
18337.0,0.3,0.301,0.9,-25.82,-4.15,5.58,3,3
18337.0,0.298,0.295,0.905,-26.52,-3.63,5.43,3,3
18337.015,0.293,0.278,0.907,-26.64,-3.54,5.19,3,3
18337.015,0.292,0.258,0.915,-26.34,-3.51,4.67,3,3
18337.031,0.288,0.241,0.917,-24.6,-3.33,4.24,3,3
18337.046,0.286,0.227,0.92,-21.39,-2.53,4.18,3,3
18337.046,0.292,0.22,0.93,-17.4,-1.13,4.46,3,3
18337.062,0.297,0.215,0.937,-12.85,0.31,4.24,3,3
18337.062,0.305,0.216,0.943,-8.45,1.56,3.23,3,3
18337.078,0.3,0.218,0.943,-4.43,1.77,1.62,3,3
18337.093,0.297,0.23,0.943,-2.47,1.13,0.89,3,3
18337.093,0.299,0.237,0.943,-1.46,0.37,0.24,3,3
18337.109,0.301,0.234,0.939,0.67,-0.06,-0.52,3,3
18337.125,0.299,0.233,0.934,4.06,-0.09,-1.46,3,3
18337.125,0.295,0.238,0.932,8.03,0.85,-2.23,3,3
18337.14,0.271,0.266,0.94,11.93,2.66,-3.17,3,3
18337.156,0.264,0.299,0.932,15.53,3.6,-2.96,3,3
18337.156,0.271,0.325,0.92,15.5,1.83,-2.81,3,3
18337.171,0.267,0.342,0.917,11.87,-2.72,-3.14,3,3
18337.187,0.253,0.359,0.913,5.46,-9.37,-2.72,3,3
18337.187,0.227,0.354,0.949,-2.62,-17.21,-0.64,3,3
18337.203,0.184,0.332,0.966,-10.07,-26.67,3.88,3,3
18337.203,0.249,0.322,0.997,-13.12,-35.13,14.07,3,3
18337.218,0.306,0.284,0.948,-14.4,-41.66,17.18,3,3
18337.234,0.313,0.231,0.9,-14.71,-42.82,14.83,3,3
18337.234,0.333,0.195,0.886,-11.14,-39.19,14.13,3,3
18337.25,0.358,0.179,0.859,-4.46,-33.14,13.21,3,3
18337.265,0.351,0.19,0.857,-1.83,-27.07,9.8,3,3
18337.265,0.391,0.212,0.873,-6.04,-23.19,5.01,3,3
18337.281,0.4,0.171,0.846,-3.66,-17.82,0.12,3,3
18337.296,0.406,0.181,0.842,-0.31,-11.14,-4.82,3,3
18337.296,0.41,0.233,0.848,0.18,-4.85,-10.16,3,3
18337.312,0.395,0.241,0.84,0.64,1.1,-14.65,3,3
18337.312,0.377,0.238,0.844,0.92,7.29,-16.69,3,3
18337.328,0.36,0.252,0.866,0.18,12.18,-17.15,3,3
18337.343,0.354,0.271,0.886,-0.09,15.63,-16.57,3,3
18337.343,0.345,0.274,0.886,-0.46,18.43,-16.24,3,3
18337.359,0.319,0.272,0.888,-1.92,20.36,-15.69,3,3
18337.375,0.324,0.265,0.899,-2.72,19.87,-15.78,3,3
18337.39,0.299,0.259,0.894,-3.57,18.43,-16.14,3,3
18337.39,0.329,0.277,0.895,-6.07,19.99,-15.96,3,3
18337.406,0.311,0.277,0.903,-8.39,23.22,-15.99,3,3
18337.421,0.3,0.262,0.905,-8.55,23.41,-15.44,3,3
18337.421,0.312,0.249,0.905,-6.65,24.87,-15.26,3,3
18337.437,0.314,0.244,0.914,-8.0,24.84,-17.0,3,3
18337.437,0.298,0.241,0.927,-10.25,23.19,-19.44,3,3
18337.453,0.293,0.223,0.928,-11.17,23.38,-19.81,3,3
18337.468,0.278,0.268,0.938,-8.0,24.84,-17.67,3,3
18337.468,0.273,0.276,0.941,-4.09,26.22,-15.66,3,3
18337.484,0.215,0.283,0.998,-0.58,26.46,-14.1,3,3
18337.484,0.197,0.254,1.035,6.41,21.76,-10.35,3,3
18337.5,0.197,0.224,1.009,10.86,13.67,-8.79,3,3
18337.515,0.199,0.221,0.986,12.6,7.54,-8.3,3,3
18337.531,0.205,0.239,0.97,14.4,4.61,-7.39,3,3
18337.531,0.209,0.239,0.945,18.01,3.6,-6.74,3,3
18337.546,0.21,0.265,0.946,19.78,2.56,-4.7,3,3
18337.546,0.217,0.299,0.946,20.08,0.61,-2.81,3,3
18337.562,0.222,0.325,0.941,19.23,-1.56,-1.22,3,3
18337.578,0.226,0.335,0.935,17.18,-3.51,0.55,3,3
18337.578,0.225,0.339,0.94,15.35,-5.8,2.14,3,3
18337.593,0.22,0.339,0.939,13.18,-8.97,3.75,3,3
18337.593,0.223,0.324,0.935,9.7,-12.82,5.19,3,3
18337.609,0.232,0.315,0.939,5.8,-16.45,6.26,3,3
18337.625,0.234,0.312,0.948,3.66,-20.14,7.02,3,3
18337.625,0.236,0.295,0.94,2.87,-24.29,8.12,3,3
18337.64,0.248,0.285,0.935,2.04,-28.05,8.67,3,3
18337.656,0.26,0.287,0.934,1.77,-30.85,8.76,3,3
18337.656,0.273,0.28,0.931,1.89,-32.93,8.45,3,3
18337.671,0.283,0.272,0.918,1.95,-35.07,7.05,3,3
18337.671,0.298,0.272,0.906,2.11,-36.56,5.37,3,3
18337.687,0.305,0.269,0.891,2.11,-36.59,3.23,3,3
18337.703,0.316,0.273,0.886,1.46,-35.62,1.4,3,3
18337.703,0.325,0.279,0.88,1.01,-33.88,-0.27,3,3
18337.718,0.325,0.286,0.879,0.46,-30.52,-0.43,3,3
18337.734,0.334,0.288,0.881,1.74,-27.62,0.52,3,3
18337.734,0.344,0.28,0.883,3.63,-24.84,1.43,3,3
18337.75,0.342,0.276,0.873,3.72,-22.43,0.98,3,3
18337.765,0.351,0.278,0.865,2.66,-20.54,0.18,3,3
18337.765,0.359,0.275,0.86,1.83,-18.04,-0.92,3,3
18337.781,0.359,0.27,0.854,1.65,-15.17,-2.11,3,3
18337.796,0.365,0.281,0.853,1.37,-12.24,-3.69,3,3
18337.796,0.365,0.292,0.86,0.67,-9.43,-5.46,3,3
18337.812,0.357,0.297,0.866,0.03,-7.14,-6.65,3,3
18337.828,0.354,0.301,0.868,-0.18,-5.34,-7.02,3,3
18337.828,0.35,0.303,0.871,-0.85,-4.0,-7.08,3,3
18337.843,0.342,0.3,0.875,-2.35,-2.87,-7.45,3,3
18337.843,0.335,0.291,0.887,-3.81,-1.86,-7.14,3,3
18337.859,0.33,0.288,0.899,-5.01,-1.86,-6.74,3,3
18337.875,0.327,0.293,0.914,-6.47,-3.39,-7.14,3,3
18337.875,0.316,0.289,0.92,-8.36,-6.2,-7.93,3,3
18337.89,0.316,0.278,0.927,-10.13,-9.13,-8.09,3,3
18337.906,0.324,0.267,0.931,-10.25,-11.99,-8.39,3,3
18337.906,0.334,0.262,0.927,-9.55,-14.95,-10.19,3,3
18337.921,0.334,0.26,0.915,-9.03,-17.55,-12.79,3,3
18337.937,0.338,0.253,0.907,-8.45,-19.47,-14.86,3,3
18337.937,0.345,0.261,0.901,-7.84,-20.26,-16.69,3,3
18337.953,0.346,0.273,0.889,-7.69,-20.54,-18.68,3,3
18337.953,0.34,0.278,0.881,-8.18,-20.39,-19.32,3,3
18337.968,0.351,0.288,0.879,-7.26,-18.31,-17.4,3,3
18337.984,0.36,0.297,0.879,-3.72,-15.08,-14.5,3,3
18338.0,0.365,0.295,0.878,-0.06,-12.27,-12.02,3,3
18338.0,0.363,0.297,0.874,2.08,-10.13,-10.5,3,3
18338.015,0.361,0.298,0.872,3.2,-7.48,-8.91,3,3
18338.015,0.362,0.294,0.87,4.61,-5.13,-7.29,3,3
18338.031,0.348,0.292,0.867,6.62,-2.08,-5.65,3,3
18338.046,0.351,0.3,0.876,8.45,0.55,-4.18,3,3
18338.046,0.338,0.304,0.887,9.25,2.62,-3.88,3,3
18338.062,0.31,0.291,0.901,7.26,1.4,-4.18,3,3
18338.062,0.293,0.282,0.965,4.49,-4.73,-3.81,3,3
18338.078,0.32,0.279,0.988,7.57,-12.15,-0.73,3,3
18338.093,0.345,0.278,0.957,12.85,-17.06,1.16,3,3
18338.093,0.346,0.255,0.929,18.34,-19.2,1.4,3,3
18338.109,0.36,0.228,0.91,24.11,-19.93,1.28,3,3
18338.125,0.386,0.235,0.881,29.97,-18.95,0.34,3,3
18338.125,0.394,0.255,0.849,34.58,-15.63,-1.95,3,3
18338.14,0.402,0.265,0.83,35.95,-12.45,-5.07,3,3
18338.156,0.415,0.287,0.825,34.91,-9.31,-9.0,3,3
18338.156,0.411,0.32,0.814,32.78,-6.26,-13.37,3,3
18338.171,0.4,0.348,0.809,29.3,-3.91,-15.81,3,3
18338.187,0.388,0.381,0.812,25.76,-1.74,-16.05,3,3
18338.187,0.381,0.412,0.819,22.74,0.34,-13.89,3,3
18338.203,0.379,0.429,0.822,21.0,3.17,-9.61,3,3
18338.218,0.372,0.42,0.82,21.03,5.65,-5.4,3,3
18338.218,0.372,0.409,0.817,20.69,7.02,-2.29,3,3
18338.234,0.369,0.404,0.814,18.59,9.06,-0.12,3,3
18338.234,0.358,0.395,0.812,14.65,11.54,1.34,3,3
18338.25,0.351,0.388,0.819,10.86,13.46,2.72,3,3
18338.265,0.351,0.388,0.83,7.9,14.31,3.57,3,3
18338.265,0.349,0.392,0.842,4.06,13.79,3.11,3,3
18338.281,0.345,0.386,0.856,-1.01,11.99,1.43,3,3
18338.296,0.338,0.367,0.87,-5.01,8.88,-0.61,3,3
18338.296,0.339,0.356,0.886,-7.54,4.7,-2.59,3,3
18338.312,0.344,0.346,0.887,-9.55,0.61,-5.22,3,3
18338.328,0.348,0.326,0.888,-10.99,-2.41,-8.03,3,3
18338.328,0.349,0.299,0.898,-11.78,-5.71,-10.04,3,3
18338.343,0.364,0.282,0.916,-12.09,-9.52,-14.16,3,3
18338.343,0.386,0.262,0.93,-11.08,-14.01,-21.03,3,3
18338.359,0.396,0.233,0.942,-10.99,-19.87,-30.82,3,3
18338.375,0.421,0.196,0.948,-12.45,-27.68,-44.31,3,3
18338.375,0.423,0.182,0.951,-14.59,-35.19,-60.21,3,3
18338.39,0.431,0.159,0.975,-16.14,-41.26,-73.92,3,3
18338.406,0.426,0.103,0.993,-14.56,-45.66,-87.34,3,3
18338.421,0.438,0.057,1.017,-3.57,-50.29,-118.41,3,3
18338.421,0.431,0.053,1.041,11.47,-51.24,-136.75,3,3
18338.437,0.418,0.041,1.019,27.34,-49.75,-155.13,3,3
18338.437,0.364,0.227,0.917,40.8,-44.01,-165.59,3,3
18338.453,0.334,0.293,0.861,52.13,-36.77,-169.32,3,3
18338.453,0.264,0.273,0.793,62.84,-34.33,-175.27,3,3
18338.468,0.232,0.315,0.751,68.76,-35.34,-182.56,3,3
18338.484,0.222,0.47,0.723,66.93,-35.1,-188.33,3,3
18338.484,0.218,0.611,0.678,57.41,-33.42,-188.18,3,3
18338.5,0.178,0.659,0.639,41.9,-30.79,-182.07,3,3
18338.515,0.131,0.668,0.661,22.86,-28.78,-169.62,3,3
18338.515,0.128,0.695,0.683,10.44,-27.01,-153.69,3,3
18338.531,0.116,0.717,0.689,7.69,-22.31,-144.05,3,3
18338.546,0.122,0.719,0.679,11.9,-17.49,-135.04,3,3
18338.546,0.111,0.719,0.657,16.51,-13.12,-122.62,3,3
18338.562,0.109,0.749,0.662,15.99,-9.43,-109.65,3,3
18338.578,0.087,0.783,0.689,12.54,-7.97,-96.8,3,3
18338.578,0.085,0.793,0.716,7.63,-10.19,-84.08,3,3
18338.593,0.082,0.815,0.735,2.81,-11.66,-68.42,3,3
18338.593,0.106,0.805,0.742,-2.72,-12.09,-53.07,3,3
18338.609,0.145,0.73,0.756,-10.32,-11.72,-41.78,3,3
18338.625,0.18,0.653,0.779,-16.85,-8.85,-33.81,3,3
18338.625,0.22,0.573,0.804,-19.07,-6.04,-29.39,3,3
18338.64,0.241,0.545,0.815,-16.05,-2.72,-29.45,3,3
18338.656,0.235,0.527,0.812,-12.57,-0.49,-30.76,3,3
18338.656,0.238,0.517,0.81,-11.47,0.67,-30.82,3,3
18338.671,0.267,0.544,0.804,-12.33,0.55,-28.08,3,3
18338.687,0.36,0.603,0.801,-24.05,-3.17,-11.14,3,3
18338.687,0.198,0.55,0.822,-46.24,-11.14,5.8,3,3
18338.703,0.234,0.429,0.828,-50.14,-17.67,1.56,3,3
18338.703,0.252,0.389,0.841,-56.15,-23.04,-1.59,3,3
18338.718,0.198,0.387,0.851,-57.41,-25.54,-15.02,3,3
18338.734,0.195,0.413,0.864,-53.47,-26.55,-28.35,3,3
18338.734,0.194,0.458,0.853,-47.18,-25.79,-37.05,3,3
18338.75,0.154,0.477,0.837,-40.25,-23.32,-41.69,3,3
18338.765,0.113,0.48,0.828,-30.82,-20.78,-42.48,3,3
18338.781,0.095,0.504,0.802,-19.93,-18.68,-42.27,3,3
18338.781,0.072,0.534,0.775,-11.32,-15.32,-42.3,3,3
18338.796,0.051,0.557,0.746,-3.72,-11.05,-42.82,3,3
18338.796,0.034,0.562,0.718,4.97,-5.65,-42.33,3,3
18338.812,0.033,0.574,0.698,13.31,1.56,-40.86,3,3
18338.828,0.053,0.598,0.702,17.37,8.88,-37.72,3,3
18338.828,0.035,0.641,0.759,13.52,11.99,-31.13,3,3
18338.843,-0.005,0.715,0.853,2.5,8.67,-21.52,3,3
18338.859,0.011,0.696,0.904,-9.31,-0.58,-13.21,3,3
18338.859,0.038,0.625,0.907,-19.32,-12.48,-8.97,3,3
18338.875,0.09,0.577,0.887,-25.94,-21.42,-6.9,3,3
18338.875,0.127,0.544,0.868,-24.69,-24.84,-6.96,3,3
18338.89,0.166,0.501,0.852,-16.75,-24.81,-6.93,3,3
18338.906,0.188,0.479,0.84,-9.95,-22.4,-5.98,3,3
18338.906,0.203,0.471,0.833,-8.79,-19.56,-4.64,3,3
18338.921,0.209,0.478,0.841,-12.63,-17.73,-5.89,3,3
18338.937,0.215,0.466,0.841,-13.31,-15.72,-6.26,3,3
18338.937,0.209,0.461,0.834,-14.53,-14.34,-6.32,3,3
18338.953,0.205,0.472,0.838,-16.57,-13.37,-7.84,3,3
18338.968,0.201,0.489,0.845,-16.97,-12.3,-8.79,3,3
18338.968,0.191,0.506,0.855,-16.08,-10.53,-7.97,3,3
18338.984,0.189,0.517,0.852,-13.21,-8.45,-5.1,3,3
18338.984,0.19,0.512,0.843,-8.12,-5.89,-0.95,3,3
18339.0,0.188,0.502,0.835,-3.81,-2.62,3.17,3,3
18339.015,0.185,0.49,0.836,-2.14,0.27,4.55,3,3
18339.015,0.178,0.483,0.845,-2.32,1.1,3.39,3,3
18339.031,0.165,0.484,0.855,-3.3,-0.58,2.08,3,3
18339.046,0.172,0.491,0.854,-3.75,-2.32,2.14,3,3
18339.046,0.173,0.497,0.852,-4.58,-3.6,2.78,3,3
18339.062,0.172,0.5,0.855,-4.94,-4.61,3.3,3,3
18339.062,0.175,0.502,0.84,-3.81,-4.91,3.94,3,3
18339.078,0.178,0.498,0.824,-3.11,-4.97,5.34,3,3
18339.093,0.182,0.498,0.828,-4.33,-4.94,6.29,3,3
18339.093,0.186,0.492,0.841,-6.35,-5.16,6.2,3,3
18339.109,0.18,0.489,0.859,-10.65,-6.96,3.81,3,3
18339.125,0.183,0.492,0.88,-11.32,-9.61,3.69,3,3
18339.125,0.189,0.494,0.884,-11.2,-12.39,4.7,3,3
18339.14,0.187,0.497,0.887,-13.28,-14.95,4.09,3,3
18339.156,0.181,0.489,0.876,-13.89,-17.49,4.12,3,3
18339.156,0.182,0.477,0.857,-12.48,-18.4,4.85,3,3
18339.171,0.185,0.47,0.837,-11.29,-17.55,5.31,3,3
18339.171,0.19,0.469,0.827,-10.59,-16.27,6.26,3,3
18339.187,0.198,0.464,0.827,-9.95,-13.7,8.03,3,3
18339.203,0.196,0.457,0.83,-8.64,-11.38,9.43,3,3
18339.218,0.203,0.458,0.841,-7.23,-8.88,10.93,3,3
18339.218,0.205,0.453,0.853,-5.98,-7.29,11.26,3,3
18339.234,0.206,0.441,0.861,-4.3,-5.95,11.26,3,3
18339.234,0.209,0.439,0.857,-2.56,-4.58,11.02,3,3
18339.25,0.212,0.422,0.853,0.85,-2.93,10.83,3,3
18339.265,0.215,0.427,0.866,3.48,-0.06,10.77,3,3
18339.281,0.224,0.433,0.854,6.84,3.91,9.98,3,3
18339.281,0.239,0.441,0.811,10.22,8.79,9.34,3,3
18339.296,0.251,0.447,0.777,9.74,15.84,9.0,3,3
18339.296,0.28,0.429,0.759,7.35,24.57,8.36,3,3
18339.312,0.289,0.438,0.738,6.59,34.97,7.39,3,3
18339.328,0.211,0.481,0.814,-0.82,44.01,5.71,3,3
18339.328,0.162,0.58,0.945,-27.13,35.4,1.74,3,3
18339.343,0.222,0.452,0.955,-29.27,25.12,1.19,3,3
18339.343,0.084,0.506,0.975,-28.99,13.12,-2.75,3,3
18339.359,0.143,0.556,0.949,-34.0,0.06,3.66,3,3
18339.375,0.169,0.487,0.878,-22.13,-7.42,6.68,3,3
18339.39,0.171,0.456,0.848,-13.55,-9.03,9.64,3,3
18339.39,0.195,0.454,0.83,-5.34,-6.38,12.7,3,3
18339.406,0.203,0.421,0.822,-3.66,-5.55,11.69,3,3
18339.406,0.194,0.382,0.844,1.13,-6.53,8.18,3,3
18339.421,0.212,0.375,0.867,6.2,-6.99,3.54,3,3
18339.437,0.205,0.387,0.914,10.13,-8.21,-0.52,3,3
18339.437,0.201,0.403,0.918,14.47,-10.28,-1.95,3,3
18339.453,0.196,0.42,0.914,18.22,-12.51,-1.86,3,3
18339.468,0.184,0.439,0.916,19.32,-13.34,-1.4,3,3
18339.468,0.156,0.479,0.913,16.79,-15.56,0.34,3,3
18339.484,0.231,0.453,0.846,17.73,-16.63,4.55,3,3
18339.5,0.213,0.41,0.794,24.57,-11.35,5.25,3,3
18339.5,0.198,0.495,0.822,18.86,-6.99,7.08,3,3
18339.515,0.225,0.503,0.832,19.81,-4.88,10.62,3,3
18339.515,0.214,0.488,0.818,15.29,-2.87,14.22,3,3
18339.531,0.228,0.465,0.809,2.69,-5.22,9.22,3,3
18339.546,0.231,0.47,0.814,-6.56,-6.47,4.09,3,3
18339.546,0.245,0.461,0.82,-11.38,-6.84,2.04,3,3
18339.562,0.242,0.453,0.835,-13.0,-6.47,-0.37,3,3
18339.578,0.24,0.454,0.848,-11.99,-5.25,-0.85,3,3
18339.578,0.246,0.449,0.858,-8.39,-4.33,-1.16,3,3
18339.593,0.246,0.456,0.865,-3.97,-3.51,-1.13,3,3
18339.593,0.246,0.457,0.866,-1.22,-2.66,-0.82,3,3
18339.609,0.244,0.449,0.856,0.95,-2.2,-0.64,3,3
18339.625,0.239,0.451,0.843,2.14,-1.1,-0.21,3,3
18339.625,0.234,0.442,0.836,1.28,-0.58,-1.53,3,3
18339.64,0.231,0.444,0.843,-2.56,-0.98,-4.67,3,3
18339.656,0.227,0.449,0.853,-7.63,-1.19,-8.55,3,3
18339.656,0.217,0.427,0.847,-10.62,-1.86,-12.09,3,3
18339.671,0.217,0.418,0.837,-11.72,-1.34,-14.71,3,3
18339.687,0.221,0.426,0.834,-11.9,0.49,-16.57,3,3
18339.687,0.216,0.425,0.84,-11.6,2.96,-17.73,3,3
18339.703,0.214,0.428,0.855,-10.99,5.68,-18.04,3,3
18339.718,0.212,0.427,0.854,-8.24,8.0,-17.49,3,3
18339.718,0.212,0.433,0.854,-3.75,10.9,-15.84,3,3
18339.734,0.204,0.444,0.864,-0.49,13.76,-13.95,3,3
18339.734,0.198,0.46,0.874,2.23,15.87,-12.88,3,3
18339.75,0.184,0.471,0.887,5.37,16.79,-11.54,3,3
18339.765,0.136,0.476,0.93,4.73,15.14,-9.89,3,3
18339.765,0.129,0.528,0.935,1.62,9.25,-7.39,3,3
18339.781,0.15,0.53,0.907,2.9,2.75,-3.36,3,3
18339.796,0.152,0.502,0.873,1.28,-1.98,-1.19,3,3
18339.796,0.166,0.476,0.857,-2.78,-6.2,0.0,3,3
18339.812,0.188,0.458,0.842,-5.86,-8.06,1.83,3,3
18339.828,0.204,0.451,0.827,-8.7,-7.42,3.2,3,3
18339.828,0.217,0.446,0.817,-11.17,-5.55,4.18,3,3
18339.843,0.229,0.439,0.821,-12.76,-2.66,4.52,3,3
18339.859,0.232,0.443,0.833,-13.61,1.19,3.97,3,3
18339.859,0.218,0.442,0.837,-14.37,4.64,3.91,3,3
18339.875,0.229,0.444,0.837,-15.78,8.03,4.49,3,3
18339.875,0.273,0.412,0.8,-13.28,14.28,4.64,3,3
18339.89,0.142,0.434,0.864,-12.67,19.56,1.37,3,3
18339.906,0.162,0.522,0.943,-23.59,14.68,1.53,3,3
18339.906,0.16,0.445,0.923,-18.31,7.42,2.2,3,3
18339.921,0.156,0.439,0.895,-17.61,2.59,2.53,3,3
18339.921,0.179,0.437,0.883,-16.3,-0.67,2.96,3,3
18339.937,0.18,0.399,0.875,-12.82,-2.17,2.96,3,3
18339.953,0.189,0.382,0.892,-10.86,-3.05,2.78,3,3
18339.968,0.187,0.38,0.912,-7.32,-3.36,1.68,3,3
18339.968,0.187,0.357,0.926,-2.69,-4.27,0.34,3,3
18339.984,0.182,0.339,0.943,3.23,-5.58,-2.26,3,3
18339.984,0.181,0.349,0.94,10.07,-7.17,-5.22,3,3
18340.0,0.17,0.379,0.933,14.59,-8.64,-6.93,3,3
18340.015,0.16,0.408,0.921,17.33,-9.83,-6.41,3,3
18340.031,0.149,0.423,0.908,19.93,-10.77,-3.88,3,3
18340.031,0.123,0.468,0.914,18.07,-13.58,-0.06,3,3
18340.046,0.209,0.466,0.856,18.22,-16.24,4.33,3,3
18340.046,0.197,0.397,0.797,26.31,-11.63,6.59,3,3
18340.062,0.196,0.484,0.832,18.16,-6.32,9.34,3,3
18340.078,0.221,0.473,0.843,17.58,-3.85,11.26,3,3
18340.078,0.21,0.452,0.833,17.82,-1.19,11.75,3,3
18340.093,0.217,0.475,0.842,15.72,0.09,13.21,3,3
18340.093,0.239,0.479,0.821,12.57,1.31,12.79,3,3
18340.109,0.24,0.441,0.808,8.73,2.93,9.03,3,3
18340.125,0.23,0.45,0.813,4.85,5.62,6.9,3,3
18340.14,0.241,0.464,0.82,3.6,7.57,5.89,3,3
18340.14,0.231,0.47,0.829,0.21,8.61,3.91,3,3
18340.156,0.219,0.461,0.839,-4.79,8.91,2.11,3,3
18340.156,0.211,0.451,0.858,-7.93,8.39,0.12,3,3
18340.171,0.204,0.452,0.873,-9.43,7.42,-1.13,3,3
18340.171,0.199,0.451,0.879,-10.32,6.38,-1.71,3,3
18340.187,0.193,0.44,0.878,-9.64,5.58,-1.56,3,3
18340.203,0.188,0.432,0.878,-8.15,5.16,-1.04,3,3
18340.203,0.183,0.435,0.881,-7.02,4.67,-0.49,3,3
18340.218,0.181,0.433,0.877,-5.95,4.18,-0.15,3,3
18340.234,0.18,0.432,0.879,-5.55,3.33,0.18,3,3
18340.234,0.184,0.431,0.887,-5.4,2.04,0.24,3,3
18340.25,0.189,0.434,0.889,-4.39,0.61,0.21,3,3
18340.265,0.192,0.441,0.887,-3.11,-0.64,0.4,3,3
18340.281,0.196,0.441,0.88,-2.66,-1.22,0.61,3,3
18340.281,0.195,0.433,0.87,-2.41,-1.07,0.31,3,3
18340.296,0.19,0.427,0.86,-2.17,-0.12,-0.18,3,3
18340.296,0.182,0.418,0.865,-2.29,0.61,-1.13,3,3
18340.312,0.178,0.419,0.873,-2.96,0.92,-2.69,3,3
18340.328,0.177,0.43,0.879,-3.72,0.85,-3.57,3,3
18340.328,0.178,0.425,0.883,-4.15,0.12,-3.91,3,3
18340.343,0.174,0.422,0.891,-3.66,-0.4,-3.75,3,3
18340.359,0.174,0.422,0.893,-2.29,-1.1,-3.33,3,3
18340.359,0.173,0.429,0.892,-0.27,-1.86,-2.78,3,3
18340.375,0.177,0.439,0.889,1.22,-2.75,-2.29,3,3
18340.375,0.181,0.441,0.881,3.14,-4.21,-1.1,3,3
18340.39,0.185,0.442,0.871,2.66,-4.0,-0.4,3,3
18340.406,0.194,0.439,0.863,0.15,-4.06,-1.59,3,3
18340.406,0.192,0.442,0.868,0.7,-4.21,-1.22,3,3
18340.421,0.198,0.451,0.862,1.59,-3.81,0.52,3,3
18340.437,0.199,0.45,0.866,0.55,-3.42,1.28,3,3
18340.437,0.2,0.443,0.866,0.21,-3.33,1.86,3,3
18340.453,0.204,0.437,0.865,-0.31,-3.08,2.47,3,3
18340.453,0.21,0.435,0.867,-0.98,-2.53,2.66,3,3
18340.468,0.213,0.428,0.868,-0.7,-1.62,2.14,3,3
18340.484,0.21,0.419,0.863,0.61,-0.34,1.71,3,3
18340.5,0.208,0.418,0.862,1.68,1.1,1.13,3,3
18340.5,0.203,0.419,0.861,2.11,2.53,-0.06,3,3
18340.515,0.195,0.425,0.861,2.38,3.81,-1.07,3,3
18340.515,0.188,0.435,0.864,2.81,4.61,-1.46,3,3
18340.531,0.178,0.449,0.874,2.29,4.43,-1.5,3,3
18340.546,0.172,0.458,0.885,1.13,3.45,-1.4,3,3
18340.546,0.168,0.459,0.887,0.55,1.53,-1.13,3,3
18340.562,0.171,0.458,0.881,0.06,-0.34,-0.09,3,3
18340.578,0.175,0.453,0.873,-0.73,-1.8,0.79,3,3
18340.578,0.18,0.442,0.869,-1.53,-2.5,1.22,3,3
18340.593,0.185,0.433,0.87,-2.59,-2.29,1.22,3,3
18340.593,0.19,0.426,0.871,-2.84,-1.71,0.89,3,3
18340.609,0.197,0.421,0.881,-1.92,-1.01,0.7,3,3
18340.625,0.201,0.413,0.908,0.34,0.31,0.15,3,3
18340.625,0.2,0.427,0.928,3.78,1.28,-0.55,3,3
18340.64,0.203,0.409,0.902,10.25,1.92,-1.92,3,3
18340.656,0.182,0.415,0.902,10.71,1.8,-3.33,3,3
18340.656,0.178,0.452,0.911,7.39,0.09,-3.81,3,3
18340.671,0.183,0.443,0.903,8.42,-2.47,-3.48,3,3
18340.687,0.214,0.435,0.837,8.94,-2.75,-2.53,3,3
18340.687,0.219,0.371,0.85,15.23,4.24,-0.15,3,3
18340.703,0.144,0.492,0.92,12.27,7.45,3.63,3,3
18340.718,0.17,0.48,0.907,17.27,6.04,10.83,3,3
18340.718,0.151,0.431,0.866,26.55,3.17,14.4,3,3
18340.734,0.173,0.45,0.851,26.15,1.59,15.93,3,3
18340.734,0.181,0.444,0.842,27.25,-0.34,13.76,3,3
18340.75,0.175,0.415,0.818,28.93,-2.59,10.86,3,3
18340.765,0.193,0.419,0.804,26.55,-6.56,6.04,3,3
18340.765,0.212,0.457,0.794,21.7,-10.16,0.31,3,3
18340.781,0.213,0.499,0.795,14.68,-11.32,-4.7,3,3
18340.796,0.21,0.512,0.79,9.86,-11.11,-7.63,3,3
18340.796,0.214,0.529,0.793,6.47,-9.28,-7.45,3,3
18340.812,0.213,0.542,0.816,3.33,-6.41,-5.71,3,3
18340.828,0.194,0.529,0.836,1.8,-3.48,-3.33,3,3
18340.828,0.181,0.51,0.848,0.27,-2.04,-0.52,3,3
18340.843,0.183,0.49,0.863,0.18,-1.77,2.32,3,3
18340.843,0.153,0.48,0.893,0.58,-2.78,4.12,3,3
18340.859,0.179,0.525,0.879,-2.99,-7.39,5.4,3,3
18340.875,0.224,0.43,0.822,4.0,-7.63,6.84,3,3
18340.875,0.177,0.452,0.823,1.59,-5.58,4.76,3,3
18340.89,0.196,0.517,0.852,-8.51,-5.55,4.52,3,3
18340.906,0.206,0.492,0.837,-7.32,-5.4,5.28,3,3
18340.906,0.187,0.491,0.832,-5.55,-2.96,10.19,3,3
18340.921,0.216,0.495,0.839,-8.48,-1.25,12.6,3,3
18340.937,0.222,0.443,0.833,-8.18,0.09,11.02,3,3
18340.937,0.205,0.447,0.85,-7.63,2.04,10.41,3,3
18340.953,0.217,0.463,0.872,-4.58,2.69,10.86,3,3
18340.968,0.22,0.457,0.875,-1.8,2.2,10.38,3,3
18340.968,0.215,0.45,0.874,-1.56,1.1,8.73,3,3
18340.984,0.216,0.444,0.872,-0.98,-0.58,6.62,3,3
18340.984,0.224,0.44,0.864,0.82,-2.29,4.82,3,3
18341.0,0.228,0.446,0.85,2.14,-3.02,2.84,3,3
18341.015,0.232,0.453,0.834,2.08,-2.38,1.19,3,3
18341.031,0.231,0.456,0.821,1.37,-0.43,0.03,3,3
18341.031,0.229,0.461,0.815,1.07,2.26,-0.21,3,3
18341.046,0.224,0.467,0.824,1.13,4.97,0.18,3,3
18341.046,0.22,0.476,0.832,0.98,7.17,0.73,3,3
18341.062,0.213,0.483,0.838,-0.06,8.55,1.28,3,3
18341.078,0.206,0.483,0.841,-1.31,8.97,1.62,3,3
18341.078,0.197,0.477,0.844,-2.56,8.85,1.95,3,3
18341.093,0.198,0.476,0.847,-3.6,8.61,2.47,3,3
18341.109,0.195,0.477,0.856,-4.09,8.7,2.99,3,3
18341.109,0.185,0.472,0.868,-3.63,8.51,3.6,3,3
18341.125,0.179,0.466,0.882,-2.56,6.84,3.94,3,3
18341.125,0.175,0.469,0.893,-1.83,3.66,3.57,3,3
18341.14,0.176,0.469,0.894,-2.26,-0.31,2.26,3,3
18341.156,0.181,0.465,0.89,-3.72,-4.09,0.61,3,3
18341.156,0.188,0.456,0.874,-4.3,-7.08,-0.73,3,3
18341.171,0.194,0.451,0.854,-4.15,-8.45,-1.25,3,3
18341.187,0.203,0.454,0.841,-4.21,-8.12,-1.22,3,3
18341.187,0.208,0.454,0.832,-4.06,-6.47,-1.04,3,3
18341.203,0.214,0.45,0.829,-3.97,-4.18,-1.01,3,3
18341.203,0.213,0.449,0.839,-3.91,-1.5,-0.85,3,3
18341.218,0.209,0.45,0.849,-3.39,0.7,-0.61,3,3
18341.234,0.203,0.452,0.864,-2.56,1.92,-0.52,3,3
18341.234,0.199,0.452,0.871,-1.53,2.11,-0.52,3,3
18341.25,0.19,0.449,0.875,-0.46,1.43,-0.98,3,3
18341.265,0.192,0.451,0.883,0.18,-0.09,-1.34,3,3
18341.265,0.191,0.458,0.886,0.92,-1.98,-1.83,3,3
18341.281,0.192,0.457,0.879,2.17,-3.66,-2.04,3,3
18341.296,0.192,0.456,0.873,3.05,-5.1,-1.5,3,3
18341.296,0.198,0.46,0.867,4.03,-6.26,-0.43,3,3
18341.312,0.202,0.462,0.857,4.67,-6.96,0.55,3,3
18341.328,0.206,0.462,0.849,4.61,-7.05,1.43,3,3
18341.328,0.21,0.46,0.845,4.03,-6.84,2.17,3,3
18341.343,0.213,0.461,0.842,3.33,-6.16,2.72,3,3
18341.343,0.215,0.46,0.839,2.78,-5.31,3.3,3,3
18341.359,0.218,0.464,0.839,1.68,-3.27,3.78,3,3
18341.375,0.219,0.466,0.842,1.65,-2.38,3.91,3,3
18341.375,0.218,0.468,0.844,1.43,-1.77,4.03,3,3
18341.39,0.216,0.467,0.847,1.31,-1.56,4.12,3,3
18341.406,0.222,0.465,0.849,1.31,-1.22,3.81,3,3
18341.406,0.224,0.46,0.841,1.5,-0.76,3.36,3,3
18341.421,0.225,0.454,0.837,1.65,0.0,2.84,3,3
18341.437,0.227,0.458,0.84,1.28,1.16,1.98,3,3
18341.437,0.226,0.461,0.841,0.52,2.35,0.73,3,3
18341.453,0.221,0.457,0.835,0.0,3.51,-0.4,3,3
18341.453,0.216,0.454,0.831,0.46,4.79,-0.85,3,3
18341.468,0.213,0.459,0.831,0.95,6.29,-0.79,3,3
18341.484,0.204,0.466,0.844,0.95,7.93,-0.61,3,3
18341.484,0.197,0.468,0.856,0.82,8.64,-0.4,3,3
18341.5,0.191,0.471,0.864,0.98,8.45,0.03,3,3
18341.515,0.183,0.47,0.869,1.56,7.66,0.55,3,3
18341.515,0.18,0.469,0.876,1.8,6.01,0.79,3,3
18341.531,0.181,0.47,0.874,1.25,4.09,0.85,3,3
18341.546,0.183,0.469,0.873,0.27,1.92,0.52,3,3
18341.562,0.185,0.466,0.87,-0.4,-0.15,0.55,3,3
18341.562,0.186,0.464,0.867,-0.79,-2.01,0.67,3,3
18341.562,0.194,0.468,0.87,-1.07,-4.03,0.67,3,3
18341.578,0.201,0.471,0.868,-1.53,-5.71,0.52,3,3
18341.593,0.209,0.465,0.858,-1.31,-6.68,0.37,3,3
18341.593,0.217,0.463,0.844,-0.61,-6.59,0.61,3,3
18341.609,0.223,0.463,0.833,-0.18,-5.58,0.67,3,3
18341.625,0.227,0.459,0.826,0.21,-3.42,0.79,3,3
18341.64,0.226,0.46,0.828,0.09,-0.98,0.82,3,3
18341.64,0.221,0.457,0.841,-0.03,1.04,0.61,3,3
18341.656,0.217,0.454,0.85,0.61,2.72,0.34,3,3
18341.656,0.208,0.464,0.853,1.98,3.51,0.52,3,3
18341.671,0.204,0.469,0.864,2.59,3.81,1.16,3,3
18341.687,0.196,0.463,0.873,4.03,3.45,1.95,3,3
18341.687,0.194,0.461,0.869,5.49,2.78,2.78,3,3
18341.703,0.193,0.467,0.866,5.86,2.14,3.6,3,3
18341.703,0.199,0.463,0.855,6.59,1.92,4.58,3,3
18341.718,0.197,0.459,0.85,6.07,1.74,4.97,3,3
18341.734,0.197,0.46,0.846,5.46,1.65,5.16,3,3
18341.734,0.2,0.461,0.844,5.13,2.11,5.31,3,3
18341.75,0.2,0.461,0.849,4.18,2.38,5.13,3,3
18341.765,0.202,0.461,0.852,3.88,2.56,4.85,3,3
18341.765,0.203,0.46,0.858,4.27,2.62,4.3,3,3
18341.781,0.204,0.463,0.86,5.07,2.41,3.75,3,3
18341.796,0.204,0.462,0.856,5.95,2.08,2.93,3,3
18341.796,0.202,0.459,0.86,6.99,1.68,2.11,3,3
18341.812,0.198,0.46,0.861,8.09,1.04,1.37,3,3
18341.812,0.198,0.461,0.856,8.88,0.46,0.64,3,3
18341.828,0.199,0.461,0.857,10.1,0.12,0.15,3,3
18341.843,0.198,0.467,0.853,11.38,0.03,-0.09,3,3
18341.859,0.196,0.471,0.849,12.39,0.18,-0.21,3,3
18341.859,0.196,0.476,0.847,13.12,0.31,-0.06,3,3
18341.875,0.192,0.479,0.848,13.46,0.27,0.0,3,3
18341.875,0.19,0.491,0.852,12.94,-0.52,0.0,3,3
18341.89,0.189,0.499,0.847,11.35,-2.29,-0.37,3,3
18341.906,0.189,0.502,0.843,9.34,-4.27,-0.92,3,3
18341.921,0.194,0.505,0.842,7.11,-5.95,-1.28,3,3
18341.921,0.203,0.512,0.832,5.07,-7.32,-1.59,3,3
18341.937,0.21,0.513,0.822,3.48,-7.72,-1.71,3,3
18341.937,0.216,0.508,0.812,2.5,-7.17,-1.28,3,3
18341.953,0.222,0.508,0.804,1.86,-5.77,-0.67,3,3
18341.953,0.225,0.507,0.8,1.01,-3.57,0.0,3,3
18341.968,0.223,0.499,0.804,-0.18,-1.19,0.24,3,3
18341.984,0.219,0.493,0.812,-1.46,0.85,0.18,3,3
18341.984,0.212,0.487,0.822,-2.72,2.35,-0.18,3,3
18342.0,0.206,0.487,0.837,-3.66,3.08,-0.61,3,3
18342.015,0.198,0.485,0.851,-3.81,3.02,-0.98,3,3
18342.015,0.193,0.486,0.858,-3.39,2.08,-1.04,3,3
18342.031,0.19,0.486,0.862,-2.78,0.76,-1.01,3,3
18342.046,0.186,0.483,0.868,-1.89,-0.98,-0.92,3,3
18342.046,0.188,0.481,0.867,-0.61,-2.9,-0.73,3,3
18342.062,0.191,0.481,0.858,0.46,-4.58,-0.55,3,3
18342.078,0.196,0.481,0.848,1.71,-5.58,-0.15,3,3
18342.078,0.201,0.482,0.838,2.78,-5.8,0.4,3,3
18342.093,0.205,0.488,0.832,3.48,-5.55,0.92,3,3
18342.093,0.21,0.492,0.828,3.75,-5.04,1.19,3,3
18342.109,0.215,0.495,0.825,3.42,-4.24,1.13,3,3
18342.125,0.216,0.494,0.822,2.72,-3.63,0.82,3,3
18342.14,0.219,0.499,0.821,1.95,-2.87,0.73,3,3
18342.14,0.224,0.503,0.819,1.25,-1.92,0.79,3,3
18342.156,0.226,0.501,0.811,0.61,-0.76,0.95,3,3
18342.156,0.224,0.499,0.812,-0.24,0.79,1.04,3,3
18342.171,0.224,0.494,0.812,-1.04,2.69,1.01,3,3
18342.187,0.22,0.489,0.819,-1.92,4.3,0.76,3,3
18342.187,0.212,0.485,0.829,-2.29,5.46,0.7,3,3
18342.203,0.208,0.486,0.837,-1.95,6.2,0.89,3,3
18342.218,0.201,0.485,0.844,-1.43,6.44,0.7,3,3
18342.218,0.195,0.481,0.855,-0.79,6.13,0.61,3,3
18342.234,0.191,0.484,0.863,-0.06,5.28,0.46,3,3
18342.234,0.189,0.484,0.862,0.92,3.85,0.46,3,3
18342.25,0.185,0.481,0.86,1.53,2.32,0.31,3,3
18342.265,0.187,0.485,0.857,1.95,0.52,0.06,3,3
18342.265,0.191,0.491,0.851,2.01,-1.16,-0.27,3,3
18342.281,0.197,0.499,0.841,1.71,-2.32,-0.37,3,3
18342.296,0.201,0.502,0.831,1.13,-2.69,-0.43,3,3
18342.296,0.202,0.502,0.827,0.52,-2.44,-0.24,3,3
18342.312,0.205,0.503,0.824,-0.15,-2.04,0.27,3,3
18342.312,0.206,0.5,0.82,-1.25,-1.37,0.52,3,3
18342.328,0.208,0.498,0.821,-2.32,-0.4,0.64,3,3
18342.343,0.207,0.495,0.822,-3.78,1.59,0.85,3,3
18342.343,0.205,0.493,0.827,-4.12,2.26,0.82,3,3
18342.359,0.204,0.49,0.835,-3.97,2.81,0.95,3,3
18342.375,0.202,0.488,0.837,-3.51,3.39,1.34,3,3
18342.375,0.195,0.484,0.848,-2.9,3.57,1.71,3,3
18342.39,0.194,0.481,0.859,-1.89,3.42,1.98,3,3
18342.406,0.193,0.482,0.865,-0.98,2.56,1.71,3,3
18342.406,0.192,0.478,0.865,-0.27,1.25,1.31,3,3
18342.421,0.19,0.472,0.86,0.67,-0.27,1.1,3,3
18342.437,0.195,0.473,0.852,1.53,-1.37,0.82,3,3
18342.437,0.202,0.479,0.842,1.98,-1.89,0.09,3,3
18342.453,0.203,0.482,0.837,2.29,-1.89,-0.46,3,3
18342.453,0.204,0.485,0.834,2.38,-1.74,-0.7,3,3
18342.468,0.205,0.494,0.832,2.26,-1.46,-0.76,3,3
18342.484,0.206,0.496,0.829,2.04,-1.04,-0.89,3,3
18342.484,0.201,0.495,0.832,1.71,-0.7,-1.04,3,3
18342.5,0.199,0.493,0.836,1.28,-0.49,-1.19,3,3
18342.515,0.196,0.494,0.842,0.98,-0.64,-1.31,3,3
18342.515,0.192,0.49,0.843,0.61,-0.85,-1.53,3,3
18342.531,0.188,0.489,0.846,0.18,-1.59,-1.74,3,3
18342.546,0.189,0.491,0.851,-0.12,-2.5,-1.77,3,3
18342.546,0.191,0.491,0.846,-0.15,-2.99,-1.71,3,3
18342.562,0.194,0.49,0.841,-0.24,-3.17,-1.43,3,3
18342.578,0.196,0.489,0.836,-0.21,-2.99,-1.04,3,3
18342.578,0.199,0.49,0.835,-0.31,-2.62,-0.76,3,3
18342.593,0.204,0.493,0.835,-0.43,-2.29,-0.64,3,3
18342.593,0.207,0.493,0.829,-0.76,-1.74,-0.64,3,3
18342.609,0.208,0.492,0.827,-0.98,-1.13,-0.82,3,3
18342.625,0.208,0.491,0.827,-1.16,-0.58,-0.95,3,3
18342.625,0.208,0.493,0.832,-1.34,0.03,-1.1,3,3
18342.64,0.206,0.492,0.835,-1.4,0.43,-1.25,3,3
18342.656,0.202,0.491,0.837,-1.53,0.7,-1.46,3,3
18342.671,0.197,0.491,0.841,-1.74,0.61,-1.46,3,3
18342.671,0.194,0.489,0.846,-1.86,0.27,-1.22,3,3
18342.687,0.19,0.487,0.848,-1.92,-0.24,-0.95,3,3
18342.687,0.186,0.484,0.851,-1.8,-1.01,-0.43,3,3
18342.703,0.184,0.483,0.855,-1.74,-1.77,0.06,3,3
18342.703,0.188,0.482,0.856,-1.53,-2.59,0.46,3,3
18342.718,0.19,0.482,0.855,-1.16,-3.39,1.01,3,3
18342.734,0.193,0.482,0.853,-0.46,-4.09,1.43,3,3
18342.75,0.196,0.483,0.85,0.12,-4.61,1.59,3,3
18342.75,0.199,0.484,0.844,0.58,-4.97,1.62,3,3
18342.765,0.202,0.482,0.84,0.89,-4.82,1.46,3,3
18342.765,0.208,0.484,0.834,1.16,-4.46,1.53,3,3
18342.781,0.215,0.487,0.828,1.5,-3.48,1.37,3,3
18342.796,0.215,0.488,0.823,1.53,-2.08,1.16,3,3
18342.796,0.216,0.488,0.819,1.62,-0.34,0.98,3,3
18342.812,0.213,0.491,0.817,1.59,1.65,0.98,3,3
18342.828,0.209,0.488,0.817,1.19,3.05,0.95,3,3
18342.828,0.208,0.49,0.825,0.24,4.09,0.52,3,3
18342.843,0.199,0.493,0.835,-0.43,4.67,0.18,3,3
18342.843,0.197,0.494,0.841,-0.67,4.67,0.27,3,3
18342.859,0.19,0.497,0.845,-0.89,4.33,0.43,3,3
18342.875,0.188,0.495,0.848,-1.1,3.66,0.82,3,3
18342.875,0.186,0.495,0.852,-1.19,2.84,1.59,3,3
18342.89,0.184,0.492,0.855,-1.13,1.8,2.14,3,3
18342.906,0.189,0.487,0.854,-1.4,0.58,2.38,3,3
18342.906,0.193,0.482,0.855,-2.08,-0.67,2.29,3,3
18342.921,0.197,0.478,0.854,-2.44,-1.65,2.04,3,3
18342.937,0.2,0.476,0.855,-2.2,-2.53,1.5,3,3
18342.937,0.203,0.472,0.851,-1.71,-3.33,1.1,3,3
18342.953,0.209,0.472,0.843,-0.92,-3.51,0.55,3,3
18342.968,0.212,0.476,0.838,0.12,-3.14,0.09,3,3
18342.968,0.213,0.478,0.835,1.1,-2.41,-0.21,3,3
18342.984,0.211,0.484,0.831,1.74,-1.46,-0.46,3,3
18342.984,0.212,0.491,0.828,1.77,-0.85,-0.79,3,3
18343.0,0.211,0.494,0.825,1.34,-0.03,-1.22,3,3
18343.015,0.207,0.494,0.825,0.52,0.52,-1.56,3,3
18343.015,0.201,0.497,0.832,-0.52,0.85,-1.65,3,3
18343.031,0.198,0.496,0.834,-1.65,0.82,-1.74,3,3
18343.046,0.195,0.491,0.839,-2.66,0.61,-1.59,3,3
18343.046,0.193,0.488,0.85,-3.42,0.0,-1.46,3,3
18343.062,0.193,0.484,0.854,-3.75,-1.01,-1.4,3,3
18343.062,0.198,0.483,0.85,-3.48,-1.83,-1.19,3,3
18343.078,0.202,0.478,0.847,-3.08,-2.5,-1.19,3,3
18343.093,0.204,0.472,0.846,-2.66,-2.75,-1.43,3,3
18343.109,0.204,0.472,0.845,-2.59,-2.32,-1.89,3,3
18343.109,0.203,0.467,0.84,-2.08,-1.34,-2.47,3,3
18343.125,0.199,0.463,0.839,-1.04,-0.21,-2.81,3,3
18343.125,0.196,0.468,0.838,0.27,1.04,-2.84,3,3
18343.14,0.194,0.474,0.838,1.5,2.38,-2.62,3,3
18343.156,0.192,0.482,0.84,1.89,3.6,-2.47,3,3
18343.156,0.185,0.485,0.848,2.17,4.12,-2.2,3,3
18343.171,0.181,0.492,0.856,2.75,3.81,-1.34,3,3
18343.187,0.18,0.494,0.859,3.63,2.84,-0.09,3,3
18343.187,0.181,0.496,0.859,4.39,1.77,1.04,3,3
18343.203,0.182,0.499,0.853,4.94,0.85,2.01,3,3
18343.203,0.184,0.498,0.846,5.01,-0.12,2.84,3,3
18343.218,0.183,0.5,0.843,4.24,-0.92,3.54,3,3
18343.234,0.186,0.504,0.841,3.17,-1.59,4.24,3,3
18343.234,0.187,0.504,0.841,1.65,-2.41,4.73,3,3
18343.25,0.189,0.501,0.844,0.12,-3.2,5.28,3,3
18343.265,0.194,0.491,0.843,-0.79,-3.91,5.89,3,3
18343.265,0.2,0.486,0.845,-1.07,-4.12,6.44,3,3
18343.281,0.203,0.481,0.845,-0.85,-4.09,6.56,3,3
18343.296,0.204,0.473,0.846,-0.4,-3.69,6.35,3,3
18343.296,0.204,0.466,0.844,0.67,-3.39,5.92,3,3
18343.312,0.204,0.466,0.845,1.68,-2.9,5.19,3,3
18343.312,0.206,0.468,0.845,2.75,-2.56,4.3,3,3
18343.328,0.204,0.471,0.846,4.91,-1.95,2.38,3,3
18343.343,0.202,0.473,0.847,5.86,-1.74,1.77,3,3
18343.343,0.201,0.475,0.844,6.35,-1.92,1.22,3,3
18343.359,0.198,0.484,0.842,6.35,-2.62,0.98,3,3
18343.375,0.193,0.508,0.845,5.89,-3.85,1.07,3,3
18343.375,0.19,0.516,0.841,4.73,-5.49,1.34,3,3
18343.39,0.192,0.516,0.84,3.11,-7.14,1.71,3,3
18343.406,0.197,0.519,0.838,0.95,-8.36,1.98,3,3
18343.421,0.198,0.517,0.838,-1.19,-9.43,2.35,3,3
18343.421,0.2,0.508,0.83,-2.41,-10.44,3.05,3,3
18343.437,0.21,0.496,0.824,-3.2,-10.86,3.88,3,3
18343.437,0.216,0.492,0.823,-4.12,-10.41,4.39,3,3
18343.453,0.22,0.488,0.824,-4.88,-9.46,4.52,3,3
18343.453,0.223,0.487,0.83,-4.91,-8.48,4.85,3,3
18343.468,0.224,0.485,0.835,-4.09,-7.93,5.52,3,3
18343.484,0.226,0.487,0.839,-2.81,-7.45,5.92,3,3
18343.484,0.225,0.486,0.838,-1.86,-7.05,6.13,3,3
18343.5,0.226,0.483,0.837,-1.5,-6.9,6.44,3,3
18343.515,0.223,0.479,0.837,-1.22,-7.02,6.53,3,3
18343.515,0.22,0.482,0.842,-1.25,-7.17,6.65,3,3
18343.531,0.218,0.486,0.843,-2.01,-8.0,6.71,3,3
18343.546,0.213,0.486,0.844,-3.11,-8.79,6.84,3,3
18343.546,0.212,0.482,0.847,-4.24,-9.7,7.08,3,3
18343.562,0.217,0.479,0.847,-4.76,-10.9,7.35,3,3
18343.578,0.22,0.476,0.851,-4.73,-11.9,7.57,3,3
18343.578,0.224,0.472,0.849,-3.85,-12.63,8.36,3,3
18343.593,0.23,0.474,0.847,-2.35,-13.03,9.58,3,3
18343.593,0.235,0.477,0.844,-0.7,-13.18,10.41,3,3
18343.609,0.236,0.48,0.838,0.24,-13.34,10.77,3,3
18343.625,0.239,0.478,0.833,0.67,-13.82,11.57,3,3
18343.625,0.247,0.486,0.833,0.79,-14.19,12.33,3,3
18343.64,0.25,0.492,0.832,0.95,-14.37,12.76,3,3
18343.656,0.255,0.491,0.83,1.31,-14.25,13.43,3,3
18343.671,0.257,0.487,0.826,1.1,-14.56,14.34,3,3
18343.671,0.271,0.488,0.821,0.49,-14.68,15.26,3,3
18343.687,0.271,0.488,0.818,0.03,-13.98,15.63,3,3
18343.687,0.275,0.484,0.817,-0.24,-13.09,16.3,3,3
18343.703,0.277,0.485,0.814,-0.85,-12.18,17.4,3,3
18343.718,0.273,0.491,0.814,-1.01,-10.93,19.2,3,3
18343.718,0.269,0.512,0.816,-1.01,-9.49,23.41,3,3
18343.734,0.26,0.558,0.814,-0.18,-7.78,31.86,3,3
18343.734,0.253,0.61,0.801,1.62,-5.83,43.61,3,3
18343.75,0.242,0.616,0.791,2.66,-4.24,55.27,3,3
18343.765,0.242,0.61,0.796,2.23,-3.63,66.16,3,3
18343.765,0.255,0.589,0.801,0.98,-4.3,74.4,3,3
18343.781,0.264,0.545,0.8,-2.17,-6.32,77.94,3,3
18343.796,0.282,0.499,0.798,-9.55,-9.31,78.04,3,3
18343.796,0.306,0.455,0.794,-19.59,-12.51,74.65,3,3
18343.812,0.323,0.411,0.797,-29.91,-15.63,68.76,3,3
18343.828,0.341,0.375,0.806,-39.16,-17.7,61.92,3,3
18343.828,0.359,0.348,0.822,-46.14,-18.4,54.99,3,3
18343.843,0.367,0.326,0.841,-49.32,-18.19,48.71,3,3
18343.859,0.375,0.3,0.864,-47.43,-17.15,43.76,3,3
18343.859,0.382,0.287,0.885,-40.53,-15.63,39.95,3,3
18343.875,0.387,0.285,0.896,-30.27,-13.67,37.57,3,3
18343.875,0.384,0.279,0.896,-19.32,-11.72,36.26,3,3
18343.89,0.387,0.275,0.895,-8.82,-10.53,35.04,3,3
18343.906,0.391,0.273,0.889,0.49,-9.92,33.08,3,3
18343.906,0.394,0.279,0.882,6.59,-9.8,29.42,3,3
18343.921,0.396,0.285,0.869,9.74,-10.41,24.66,3,3
18343.937,0.396,0.294,0.858,11.05,-11.17,19.53,3,3
18343.937,0.397,0.31,0.851,11.72,-11.78,15.02,3,3
18343.953,0.399,0.327,0.849,12.76,-12.05,11.08,3,3
18343.953,0.396,0.344,0.847,14.07,-11.84,8.36,3,3
18343.968,0.389,0.362,0.842,15.66,-11.75,7.66,3,3
18343.984,0.386,0.389,0.846,17.98,-11.47,9.31,3,3
18344.0,0.382,0.415,0.839,21.39,-10.56,13.49,3,3
18344.0,0.374,0.435,0.826,24.14,-9.77,19.26,3,3
18344.015,0.379,0.449,0.824,25.57,-9.58,25.24,3,3
18344.015,0.38,0.452,0.822,25.12,-10.59,28.9,3,3
18344.031,0.381,0.442,0.812,21.39,-13.37,30.46,3,3
18344.046,0.391,0.437,0.798,13.76,-17.0,30.82,3,3
18344.046,0.404,0.44,0.796,4.21,-19.87,31.16,3,3
18344.062,0.407,0.443,0.804,-3.17,-21.49,33.14,3,3
18344.078,0.407,0.45,0.822,-5.58,-22.22,38.12,3,3
18344.078,0.414,0.446,0.833,-2.56,-22.22,45.59,3,3
18344.093,0.416,0.438,0.831,3.78,-21.91,53.71,3,3
18344.093,0.425,0.43,0.833,10.41,-22.19,61.34,3,3
18344.109,0.439,0.418,0.824,15.26,-23.47,66.04,3,3
18344.125,0.434,0.416,0.808,14.65,-26.25,67.48,3,3
18344.125,0.435,0.433,0.791,7.42,-31.16,68.58,3,3
18344.14,0.448,0.445,0.766,-4.79,-35.89,70.07,3,3
18344.156,0.458,0.456,0.754,-20.42,-39.98,71.2,3,3
18344.156,0.477,0.443,0.756,-34.94,-43.09,72.94,3,3
18344.171,0.5,0.396,0.739,-43.7,-44.1,75.47,3,3
18344.171,0.52,0.34,0.721,-45.59,-42.54,77.39,3,3
18344.187,0.546,0.29,0.705,-43.21,-38.0,77.64,3,3
18344.203,0.568,0.249,0.689,-39.03,-30.61,77.12,3,3
18344.203,0.578,0.231,0.692,-35.77,-22.37,75.41,3,3
18344.218,0.583,0.219,0.711,-34.18,-15.08,72.39,3,3
18344.234,0.587,0.198,0.733,-34.18,-9.4,68.51,3,3
18344.25,0.581,0.181,0.773,-34.33,-5.28,64.52,3,3
18344.25,0.577,0.157,0.814,-31.98,-3.23,60.7,3,3
18344.265,0.574,0.13,0.835,-27.41,-2.99,57.04,3,3
18344.265,0.563,0.117,0.856,-21.64,-3.75,53.35,3,3
18344.281,0.56,0.1,0.865,-15.32,-5.98,50.02,3,3
18344.296,0.573,0.083,0.864,-9.09,-8.64,45.99,3,3
18344.296,0.576,0.072,0.853,-3.11,-10.62,40.8,3,3
18344.312,0.576,0.065,0.829,5.16,-12.09,28.96,3,3
18344.328,0.586,0.069,0.815,8.79,-11.2,23.26,3,3
18344.328,0.59,0.076,0.807,13.43,-9.03,18.52,3,3
18344.343,0.592,0.085,0.796,17.91,-6.78,15.5,3,3
18344.359,0.595,0.162,0.788,20.94,-5.22,13.21,3,3
18344.359,0.591,0.194,0.793,21.67,-4.97,12.09,3,3
18344.375,0.586,0.22,0.801,20.11,-6.23,12.12,3,3
18344.375,0.579,0.25,0.812,18.28,-8.79,13.37,3,3
18344.39,0.574,0.265,0.808,16.72,-11.87,16.24,3,3
18344.406,0.572,0.271,0.806,14.83,-15.38,20.29,3,3
18344.406,0.579,0.258,0.794,13.89,-19.1,24.72,3,3
18344.421,0.596,0.248,0.766,12.97,-21.73,28.02,3,3
18344.437,0.601,0.237,0.734,11.08,-22.43,29.3,3,3
18344.437,0.615,0.22,0.711,7.11,-21.85,29.91,3,3
18344.453,0.626,0.211,0.698,0.98,-20.42,29.85,3,3
18344.468,0.638,0.205,0.699,-5.46,-18.22,29.08,3,3
18344.468,0.638,0.189,0.713,-9.16,-15.38,28.78,3,3
18344.484,0.636,0.184,0.74,-9.55,-12.73,29.3,3,3
18344.484,0.626,0.172,0.764,-7.11,-10.71,31.13,3,3
18344.5,0.615,0.167,0.793,-3.57,-9.95,33.2,3,3
18344.515,0.601,0.167,0.821,0.24,-11.14,34.82,3,3
18344.531,0.594,0.165,0.841,2.81,-14.86,36.5,3,3
18344.531,0.589,0.166,0.853,4.06,-20.91,37.9,3,3
18344.546,0.597,0.169,0.852,4.49,-28.5,38.88,3,3
18344.546,0.617,0.164,0.841,3.72,-35.83,39.12,3,3
18344.562,0.632,0.16,0.82,2.72,-40.47,38.67,3,3
18344.578,0.625,0.175,0.814,2.84,-41.44,37.54,3,3
18344.578,0.629,0.193,0.83,6.59,-39.92,37.29,3,3
18344.593,0.618,0.244,0.853,18.04,-34.67,36.68,3,3
18344.593,0.56,0.321,0.834,28.93,-28.02,37.63,3,3
18344.609,0.57,0.383,0.828,28.96,-25.76,41.51,3,3
18344.625,0.566,0.435,0.839,20.87,-24.81,43.82,3,3
18344.625,0.586,0.42,0.859,10.53,-26.28,45.14,3,3
18344.64,0.625,0.458,0.899,3.14,-24.66,39.09,3,3
18344.656,0.578,0.493,0.952,-3.51,-22.58,40.07,3,3
18344.656,0.544,0.445,0.962,-5.92,-27.65,46.88,3,3
18344.671,0.558,0.389,0.977,-4.85,-40.19,54.96,3,3
18344.687,0.553,0.381,0.947,0.27,-54.08,62.11,3,3
18344.687,0.595,0.386,0.915,6.5,-68.61,68.61,3,3
18344.703,0.604,0.391,0.885,11.57,-79.13,71.63,3,3
18344.718,0.575,0.38,0.875,13.61,-88.6,75.84,3,3
18344.718,0.589,0.368,0.864,15.29,-100.28,83.56,3,3
18344.734,0.617,0.36,0.809,15.78,-110.81,91.62,3,3
18344.75,0.653,0.334,0.736,13.46,-119.24,98.67,3,3
18344.75,0.704,0.291,0.672,10.77,-122.53,104.31,3,3
18344.765,0.736,0.235,0.59,9.37,-119.14,108.49,3,3
18344.781,0.777,0.173,0.519,7.9,-111.06,111.94,3,3
18344.781,0.839,0.118,0.483,6.44,-97.96,113.56,3,3
18344.796,0.869,0.091,0.469,5.22,-80.02,111.79,3,3
18344.796,0.854,0.045,0.47,4.43,-60.7,110.14,3,3
18344.812,0.834,0.011,0.469,2.14,-41.78,111.97,3,3
18344.828,0.799,-0.036,0.494,-2.23,-26.0,115.94,3,3
18344.828,0.783,-0.116,0.512,-5.71,-15.44,121.13,3,3
18344.843,0.779,-0.192,0.506,-7.69,-8.12,125.0,3,3
18344.859,0.776,-0.264,0.505,-8.36,-2.78,125.55,3,3
18344.859,0.782,-0.329,0.521,-6.1,1.28,122.23,3,3
18344.875,0.782,-0.367,0.521,0.09,5.74,115.94,3,3
18344.875,0.757,-0.4,0.505,6.32,12.15,110.26,3,3
18344.89,0.749,-0.437,0.495,10.07,18.25,105.99,3,3
18344.906,0.747,-0.463,0.491,11.69,25.67,101.75,3,3
18344.906,0.739,-0.485,0.481,10.53,34.46,97.11,3,3
18344.921,0.725,-0.507,0.492,5.43,42.85,90.85,3,3
18344.937,0.705,-0.536,0.516,-0.27,48.83,82.67,3,3
18344.937,0.701,-0.568,0.538,-3.6,52.49,73.61,3,3
18344.953,0.692,-0.582,0.556,-2.9,55.3,63.39,3,3
18344.953,0.675,-0.571,0.564,0.21,57.53,53.47,3,3
18344.968,0.657,-0.558,0.567,2.01,57.74,44.47,3,3
18344.984,0.655,-0.539,0.583,2.41,55.88,36.62,3,3
18345.0,0.658,-0.521,0.587,3.6,54.2,30.95,3,3
18345.0,0.656,-0.494,0.597,3.78,52.71,27.13,3,3
18345.015,0.659,-0.468,0.606,2.11,50.11,23.68,3,3
18345.015,0.651,-0.455,0.604,-1.34,47.43,21.15,3,3
18345.031,0.652,-0.449,0.608,-6.74,43.28,18.92,3,3
18345.046,0.673,-0.446,0.602,-12.39,38.88,16.02,3,3
18345.046,0.695,-0.451,0.604,-16.24,35.55,11.32,3,3
18345.062,0.71,-0.444,0.608,-16.91,33.42,4.82,3,3
18345.078,0.708,-0.422,0.621,-15.53,31.59,-1.1,3,3
18345.078,0.728,-0.377,0.651,-12.57,28.47,-6.5,3,3
18345.093,0.739,-0.32,0.65,-9.16,25.09,-12.05,3,3
18345.093,0.741,-0.261,0.663,-9.37,21.21,-16.24,3,3
18345.109,0.725,-0.201,0.685,-11.69,17.21,-18.89,3,3
18345.125,0.689,-0.14,0.697,-14.53,12.7,-19.99,3,3
18345.125,0.665,-0.108,0.702,-18.83,4.64,-19.35,3,3
18345.14,0.657,-0.099,0.699,-23.19,-5.1,-17.0,3,3
18345.156,0.665,-0.118,0.688,-25.12,-14.62,-14.31,3,3
18345.171,0.679,-0.152,0.659,-24.02,-22.43,-12.3,3,3
18345.171,0.681,-0.191,0.63,-20.69,-27.41,-11.26,3,3
18345.187,0.669,-0.208,0.624,-16.82,-30.18,-10.9,3,3
18345.187,0.657,-0.215,0.612,-10.86,-32.04,-11.54,3,3
18345.203,0.604,-0.214,0.601,-5.37,-34.46,-13.09,3,3
18345.203,0.587,-0.198,0.62,-5.25,-41.35,-12.57,3,3
18345.218,0.589,-0.188,0.615,-8.58,-49.53,-12.21,3,3
18345.234,0.567,-0.226,0.589,-15.02,-57.74,-12.57,3,3
18345.25,0.604,-0.272,0.553,-21.03,-68.18,-15.02,3,3
18345.25,0.65,-0.316,0.498,-22.95,-73.85,-20.14,3,3
18345.265,0.693,-0.361,0.451,-20.26,-73.46,-27.92,3,3
18345.265,0.725,-0.385,0.417,-14.65,-69.4,-37.29,3,3
18345.281,0.751,-0.397,0.384,-9.37,-60.4,-45.17,3,3
18345.296,0.757,-0.403,0.354,-7.57,-48.59,-51.85,3,3
18345.296,0.777,-0.394,0.34,-13.58,-23.5,-59.05,3,3
18345.312,0.755,-0.395,0.315,-24.05,-11.63,-59.42,3,3
18345.328,0.754,-0.414,0.321,-34.18,-0.79,-60.79,3,3
18345.328,0.761,-0.474,0.377,-39.74,9.0,-63.42,3,3
18345.343,0.754,-0.469,0.423,-40.74,16.94,-66.56,3,3
18345.343,0.756,-0.464,0.445,-40.44,22.06,-69.67,3,3
18345.359,0.778,-0.464,0.454,-40.28,23.9,-75.47,3,3
18345.375,0.78,-0.474,0.441,-38.21,24.93,-84.54,3,3
18345.375,0.773,-0.48,0.408,-34.46,26.95,-95.07,3,3
18345.39,0.768,-0.476,0.364,-29.69,30.0,-107.06,3,3
18345.406,0.736,-0.446,0.347,-24.93,34.55,-120.49,3,3
18345.421,0.653,-0.365,0.353,-19.84,40.1,-131.87,3,3
18345.421,0.57,-0.258,0.383,-18.4,41.29,-136.69,3,3
18345.437,0.546,-0.196,0.381,-21.42,36.65,-135.5,3,3
18345.437,0.54,-0.185,0.337,-26.89,31.46,-131.23,3,3
18345.453,0.554,-0.214,0.282,-31.22,29.3,-125.74,3,3
18345.453,0.585,-0.269,0.219,-34.18,33.08,-119.94,3,3
18345.468,0.588,-0.33,0.165,-37.97,42.97,-116.67,3,3
18345.484,0.549,-0.391,0.155,-41.17,56.25,-117.47,3,3
18345.484,0.513,-0.432,0.183,-42.48,69.12,-120.52,3,3
18345.5,0.466,-0.442,0.219,-42.45,80.54,-125.71,3,3
18345.515,0.476,-0.423,0.233,-41.57,89.02,-134.31,3,3
18345.515,0.377,-0.474,0.231,-42.21,93.97,-145.36,3,3
18345.531,0.403,-0.515,0.279,-41.23,99.61,-151.04,3,3
18345.546,0.426,-0.487,0.288,-27.65,107.64,-162.72,3,3
18345.546,0.437,-0.424,0.316,-11.54,117.89,-177.74,3,3
18345.562,0.377,-0.361,0.369,-0.31,131.2,-190.56,3,3
18345.578,0.322,-0.296,0.461,6.2,139.1,-201.15,3,3
18345.578,0.295,-0.278,0.524,16.08,140.57,-210.0,3,3
18345.593,0.245,-0.211,0.563,28.14,143.44,-213.66,3,3
18345.593,0.146,-0.117,0.587,35.25,143.19,-216.35,3,3
18345.609,0.117,-0.025,0.693,31.62,131.87,-218.85,3,3
18345.625,0.168,0.079,0.832,32.38,116.98,-218.94,3,3
18345.625,0.164,0.187,0.83,42.09,105.59,-215.98,3,3
18345.64,0.169,0.291,0.804,48.46,94.39,-208.81,3,3
18345.656,0.282,0.384,0.8,51.24,84.41,-200.99,3,3
18345.656,0.357,0.495,0.718,51.03,82.92,-196.75,3,3
18345.671,0.324,0.578,0.613,40.68,90.03,-192.63,3,3
18345.687,0.28,0.611,0.616,21.73,100.25,-183.05,3,3
18345.687,0.284,0.661,0.67,7.6,111.36,-168.58,3,3
18345.703,0.292,0.783,0.744,-1.37,123.29,-154.06,3,3
18345.718,0.19,0.797,0.841,-4.39,132.69,-143.31,3,3
18345.718,0.168,0.762,0.912,-1.01,132.33,-131.84,3,3
18345.734,0.195,0.785,0.951,6.07,129.43,-124.76,3,3
18345.75,0.117,0.767,1.004,14.1,128.27,-126.29,3,3
18345.75,0.067,0.694,1.046,23.22,120.33,-128.24,3,3
18345.765,0.128,0.724,1.018,31.98,108.62,-129.83,3,3
18345.781,0.155,0.752,1.002,37.02,103.09,-137.24,3,3
18345.781,0.11,0.732,1.016,38.39,98.15,-147.86,3,3
18345.796,0.133,0.763,1.0,36.47,94.73,-155.86,3,3
18345.796,0.106,0.774,1.012,31.62,101.38,-159.92,3,3
18345.812,-0.023,0.79,1.123,31.53,105.29,-159.89,3,3
18345.828,-0.163,0.843,1.1,38.82,95.55,-152.68,3,3
18345.828,-0.126,0.993,1.06,26.86,82.37,-137.76,3,3
18345.843,-0.049,1.023,1.043,-3.42,79.2,-118.32,3,3
18345.843,-0.028,0.935,1.003,-33.97,81.55,-105.93,3,3
18345.859,0.014,0.852,0.969,-57.62,86.55,-94.18,3,3
18345.875,0.043,0.811,0.957,-74.56,100.86,-82.09,3,3
18345.89,-0.058,0.79,1.092,-84.35,117.86,-71.75,3,3
18345.89,-0.201,0.731,1.187,-76.88,124.76,-59.63,3,3
18345.906,-0.278,0.787,1.224,-65.43,118.72,-43.52,3,3
18345.921,-0.309,0.816,1.219,-60.43,107.06,-30.0,3,3
18345.921,-0.288,0.807,1.217,-68.88,91.77,-22.49,3,3
18345.937,-0.223,0.75,1.212,-83.01,76.27,-21.91,3,3
18345.937,-0.183,0.675,1.222,-90.0,64.55,-25.85,3,3
18345.953,-0.187,0.597,1.217,-82.43,56.52,-28.78,3,3
18345.968,-0.188,0.558,1.189,-65.92,48.71,-28.84,3,3
18345.968,-0.188,0.542,1.16,-48.34,41.44,-30.49,3,3
18345.984,-0.208,0.521,1.155,-32.65,35.31,-35.95,3,3
18346.0,-0.229,0.491,1.139,-17.85,28.11,-42.48,3,3
18346.0,-0.227,0.463,1.108,-4.24,20.42,-48.52,3,3
18346.015,-0.213,0.421,1.06,7.48,14.37,-54.14,3,3
18346.015,-0.205,0.392,1.023,16.14,11.23,-60.15,3,3
18346.031,-0.207,0.361,0.989,22.74,10.96,-66.19,3,3
18346.046,-0.21,0.343,0.963,27.31,13.09,-71.11,3,3
18346.046,-0.272,0.356,1.021,33.6,16.91,-74.56,3,3
18346.062,-0.356,0.358,1.05,45.69,16.85,-73.12,3,3
18346.078,-0.361,0.421,1.061,55.73,9.7,-65.86,3,3
18346.078,-0.329,0.454,1.027,57.53,0.43,-59.45,3,3
18346.093,-0.273,0.447,0.98,49.47,-7.35,-55.48,3,3
18346.093,-0.237,0.409,0.943,39.06,-10.44,-53.68,3,3
18346.109,-0.225,0.359,0.91,31.68,-9.31,-51.91,3,3
18346.125,-0.228,0.343,0.894,28.93,-4.91,-49.87,3,3
18346.125,-0.255,0.325,0.872,30.12,0.64,-48.07,3,3
18346.14,-0.271,0.333,0.874,30.79,5.31,-45.5,3,3
18346.156,-0.283,0.358,0.902,30.85,9.03,-42.82,3,3
18346.156,-0.283,0.386,0.919,28.78,11.29,-38.61,3,3
18346.171,-0.275,0.423,0.934,22.25,13.03,-31.65,3,3
18346.187,-0.275,0.431,0.943,11.75,15.35,-23.01,3,3
18346.187,-0.257,0.418,0.951,0.24,18.62,-12.6,3,3
18346.203,-0.254,0.404,0.937,-10.01,25.73,-1.5,3,3
18346.218,-0.25,0.395,0.924,-23.01,34.55,11.26,3,3
18346.218,-0.253,0.385,0.933,-38.12,44.19,23.22,3,3
18346.234,-0.287,0.348,0.952,-50.69,53.07,33.2,3,3
18346.234,-0.33,0.305,0.973,-58.23,59.63,42.02,3,3
18346.25,-0.373,0.277,1.001,-60.03,63.23,48.52,3,3
18346.265,-0.414,0.251,1.007,-57.83,63.02,51.94,3,3
18346.265,-0.429,0.229,0.999,-55.67,59.48,53.19,3,3
18346.281,-0.418,0.221,0.997,-51.91,48.62,46.85,3,3
18346.296,-0.408,0.213,0.986,-49.41,42.7,40.96,3,3
18346.296,-0.397,0.19,0.979,-45.5,36.07,34.82,3,3
18346.312,-0.376,0.176,0.975,-39.37,30.46,27.62,3,3
18346.328,-0.342,0.125,0.925,-32.56,26.73,20.29,3,3
18346.328,-0.334,0.119,0.903,-25.09,24.75,11.9,3,3
18346.343,-0.346,0.116,0.891,-17.55,23.8,2.69,3,3
18346.343,-0.363,0.122,0.89,-10.22,22.58,-6.1,3,3
18346.359,-0.37,0.128,0.89,-3.63,20.17,-14.07,3,3
18346.375,-0.367,0.124,0.886,2.44,17.15,-21.76,3,3
18346.39,-0.356,0.131,0.89,9.13,14.34,-30.64,3,3
18346.39,-0.379,0.126,0.894,17.82,12.48,-40.71,3,3
18346.406,-0.413,0.135,0.905,26.49,9.4,-49.2,3,3
18346.406,-0.441,0.161,0.912,34.76,5.01,-55.33,3,3
18346.421,-0.461,0.19,0.907,40.59,-0.31,-59.63,3,3
18346.437,-0.463,0.209,0.896,42.42,-5.89,-62.56,3,3
18346.437,-0.444,0.234,0.871,40.86,-10.25,-63.91,3,3
18346.453,-0.419,0.263,0.872,36.56,-12.51,-64.3,3,3
18346.468,-0.423,0.295,0.869,33.6,-11.66,-63.14,3,3
18346.468,-0.427,0.339,0.856,30.24,-9.7,-57.83,3,3
18346.484,-0.412,0.389,0.857,24.93,-8.27,-50.26,3,3
18346.484,-0.421,0.448,0.842,18.19,-5.31,-41.32,3,3
18346.5,-0.416,0.469,0.825,7.48,-2.69,-29.42,3,3
18346.515,-0.398,0.475,0.836,-4.85,0.27,-17.21,3,3
18346.515,-0.4,0.482,0.847,-14.44,3.6,-5.46,3,3
18346.531,-0.415,0.481,0.845,-23.41,5.65,6.9,3,3
18346.546,-0.397,0.468,0.845,-35.19,5.89,18.95,3,3
18346.546,-0.362,0.427,0.857,-47.67,6.01,27.47,3,3
18346.562,-0.365,0.378,0.867,-54.17,7.42,31.04,3,3
18346.578,-0.406,0.354,0.885,-55.15,7.87,32.78,3,3
18346.578,-0.418,0.329,0.897,-53.65,4.64,33.91,3,3
18346.593,-0.403,0.306,0.902,-50.33,-0.52,34.42,3,3
18346.593,-0.4,0.307,0.902,-44.5,-4.88,33.17,3,3
18346.609,-0.438,0.343,0.89,-38.94,-8.3,32.75,3,3
18346.625,-0.467,0.372,0.875,-40.5,-13.06,36.56,3,3
18346.625,-0.438,0.358,0.862,-47.46,-19.56,42.48,3,3
18346.64,-0.393,0.327,0.847,-53.29,-22.92,48.49,3,3
18346.656,-0.372,0.294,0.838,-55.64,-22.1,52.31,3,3
18346.656,-0.357,0.265,0.837,-55.3,-19.26,54.54,3,3
18346.671,-0.361,0.25,0.847,-52.98,-15.05,56.28,3,3
18346.687,-0.391,0.25,0.875,-49.93,-10.25,59.21,3,3
18346.703,-0.427,0.266,0.901,-48.34,-7.51,65.46,3,3
18346.703,-0.442,0.266,0.915,-51.45,-7.97,75.75,3,3
18346.703,-0.426,0.227,0.934,-58.72,-10.1,86.28,3,3
18346.718,-0.39,0.167,0.949,-64.76,-12.45,92.53,3,3
18346.734,-0.367,0.118,0.953,-67.6,-14.19,93.23,3,3
18346.75,-0.361,0.077,0.942,-67.23,-15.14,89.54,3,3
18346.75,-0.348,0.05,0.93,-63.57,-17.24,83.35,3,3
18346.765,-0.349,0.057,0.932,-56.28,-18.43,76.36,3,3
18346.765,-0.347,0.08,0.924,-48.95,-19.29,70.01,3,3
18346.781,-0.341,0.094,0.918,-45.29,-20.97,63.57,3,3
18346.796,-0.35,0.093,0.921,-42.27,-22.46,56.25,3,3
18346.796,-0.367,0.093,0.919,-37.11,-23.41,50.75,3,3
18346.812,-0.37,0.092,0.887,-30.52,-23.9,47.76,3,3
18346.828,-0.336,0.087,0.862,-26.0,-22.98,45.26,3,3
18346.828,-0.302,0.079,0.854,-23.65,-19.9,40.99,3,3
18346.843,-0.288,0.063,0.849,-20.36,-14.74,36.41,3,3
18346.843,-0.284,0.053,0.867,-16.42,-9.25,31.98,3,3
18346.859,-0.261,0.045,0.917,-11.41,-5.07,26.09,3,3
18346.875,-0.243,0.057,0.944,-4.33,-3.02,18.56,3,3
18346.875,-0.264,0.08,0.941,0.55,-1.71,11.9,3,3
18346.89,-0.288,0.115,0.951,0.89,-1.16,8.27,3,3
18346.906,-0.31,0.144,0.957,-0.95,-1.56,8.36,3,3
18346.906,-0.31,0.155,0.956,-3.27,-2.66,10.5,3,3
18346.921,-0.302,0.155,0.94,-4.88,-3.6,13.06,3,3
18346.937,-0.285,0.143,0.923,-6.35,-3.81,14.5,3,3
18346.937,-0.242,0.131,0.92,-7.45,-3.39,13.98,3,3
18346.953,-0.218,0.138,0.934,-6.53,-1.34,10.65,3,3
18346.953,-0.25,0.167,0.947,-4.36,0.58,6.16,3,3
18346.968,-0.286,0.193,0.948,-4.12,0.15,4.82,3,3
18346.984,-0.301,0.213,0.939,-6.44,-1.83,6.38,3,3
18346.984,-0.331,0.233,0.917,-9.86,-3.17,9.43,3,3
18347.0,-0.349,0.231,0.901,-15.9,-3.6,15.17,3,3
18347.015,-0.312,0.189,0.912,-21.64,-4.12,20.05,3,3
18347.015,-0.276,0.152,0.938,-19.65,-3.27,20.69,3,3
18347.031,-0.266,0.148,0.939,-12.54,-1.53,19.23,3,3
18347.046,-0.266,0.165,0.924,-8.27,-0.52,17.46,3,3
18347.046,-0.27,0.171,0.93,-9.86,0.61,16.97,3,3
18347.062,-0.262,0.162,0.958,-13.28,1.04,17.88,3,3
18347.078,-0.259,0.173,0.973,-14.28,0.03,17.98,3,3
18347.078,-0.286,0.187,0.964,-14.74,-1.59,18.13,3,3
18347.093,-0.297,0.182,0.949,-18.25,-3.51,19.62,3,3
18347.109,-0.273,0.166,0.949,-22.19,-5.16,21.67,3,3
18347.109,-0.258,0.155,0.94,-24.41,-4.52,23.26,3,3
18347.125,-0.261,0.153,0.922,-25.7,-2.41,24.54,3,3
18347.14,-0.26,0.148,0.928,-26.58,-1.37,26.49,3,3
18347.14,-0.247,0.136,0.944,-25.51,-0.61,28.17,3,3
18347.156,-0.248,0.137,0.934,-23.41,0.46,28.96,3,3
18347.156,-0.256,0.138,0.937,-23.13,1.83,29.11,3,3
18347.171,-0.259,0.121,0.954,-23.16,3.17,28.47,3,3
18347.187,-0.269,0.119,0.975,-20.48,4.15,27.56,3,3
18347.187,-0.281,0.117,0.965,-17.15,4.27,27.56,3,3
18347.203,-0.273,0.11,0.953,-16.97,3.81,28.05,3,3
18347.203,-0.271,0.1,0.948,-17.58,4.24,27.8,3,3
18347.218,-0.286,0.086,0.946,-16.75,5.37,27.86,3,3
18347.234,-0.272,0.066,0.962,-14.25,5.52,27.47,3,3
18347.234,-0.248,0.049,0.97,-9.61,4.55,23.99,3,3
18347.25,-0.255,0.047,0.973,-5.4,3.45,18.4,3,3
18347.265,-0.27,0.049,0.98,-4.06,2.44,13.67,3,3
18347.265,-0.291,0.05,0.986,-1.68,-0.61,8.48,3,3
18347.281,-0.3,0.05,0.984,-1.46,-3.33,7.26,3,3
18347.296,-0.281,0.051,0.976,-0.95,-4.18,4.36,3,3
18347.296,-0.275,0.054,0.927,-0.37,-3.39,1.98,3,3
18347.312,-0.264,0.057,0.923,0.52,-2.14,0.24,3,3
18347.312,-0.249,0.056,0.954,3.57,-0.7,-2.72,3,3
18347.328,-0.258,0.074,0.988,9.03,-0.27,-5.95,3,3
18347.343,-0.256,0.091,1.004,12.36,-1.86,-7.14,3,3
18347.359,-0.253,0.111,0.988,11.78,-4.79,-8.7,3,3
18347.359,-0.248,0.115,0.967,9.13,-6.99,-11.26,3,3
18347.375,-0.249,0.123,0.954,8.58,-6.93,-13.15,3,3
18347.375,-0.255,0.141,0.934,10.59,-6.2,-13.43,3,3
18347.39,-0.259,0.163,0.916,10.83,-4.97,-12.88,3,3
18347.406,-0.256,0.174,0.912,8.58,-2.99,-11.84,3,3
18347.421,-0.254,0.171,0.924,6.78,-0.92,-10.19,3,3
18347.421,-0.255,0.173,0.933,6.23,0.61,-7.97,3,3
18347.437,-0.25,0.172,0.94,4.3,0.85,-6.35,3,3
18347.437,-0.24,0.154,0.947,1.71,0.67,-5.92,3,3
18347.453,-0.239,0.148,0.942,0.52,0.43,-6.35,3,3
18347.468,-0.248,0.157,0.944,-0.15,0.67,-6.29,3,3
18347.468,-0.261,0.156,0.934,-1.1,1.37,-5.04,3,3
18347.484,-0.251,0.153,0.936,-3.17,1.83,-2.26,3,3
18347.5,-0.241,0.154,0.942,-4.39,2.66,-0.64,3,3
18347.5,-0.256,0.149,0.94,-4.43,3.97,0.09,3,3
18347.515,-0.273,0.145,0.942,-4.36,4.7,1.25,3,3
18347.515,-0.281,0.132,0.942,-4.49,4.76,2.23,3,3
18347.531,-0.284,0.112,0.939,-4.27,5.13,2.32,3,3
18347.546,-0.295,0.1,0.943,-2.62,5.86,2.38,3,3
18347.546,-0.306,0.092,0.943,-1.95,6.5,2.99,3,3
18347.562,-0.296,0.081,0.956,-3.02,6.41,2.69,3,3
18347.578,-0.298,0.073,0.964,-3.48,5.86,0.64,3,3
18347.578,-0.301,0.067,0.969,-2.75,4.82,-1.62,3,3
18347.593,-0.295,0.07,0.968,-0.73,3.39,-3.88,3,3
18347.593,-0.295,0.076,0.956,1.31,2.5,-6.59,3,3
18347.609,-0.302,0.086,0.954,1.95,2.5,-9.16,3,3
18347.625,-0.316,0.098,0.969,2.29,2.5,-10.86,3,3
18347.64,-0.33,0.113,0.972,3.78,2.38,-10.71,3,3
18347.64,-0.339,0.135,0.97,4.58,1.95,-8.27,3,3
18347.656,-0.334,0.144,0.966,3.97,0.85,-5.1,3,3
18347.656,-0.314,0.139,0.963,1.92,-0.52,-2.26,3,3
18347.671,-0.282,0.129,0.962,-0.27,-1.34,-0.55,3,3
18347.687,-0.267,0.125,0.949,-0.79,-1.04,-0.46,3,3
18347.687,-0.271,0.128,0.937,-0.95,0.09,-1.1,3,3
18347.703,-0.275,0.129,0.938,-1.71,1.22,-1.34,3,3
18347.718,-0.285,0.129,0.934,-2.26,2.23,-1.37,3,3
18347.718,-0.291,0.125,0.928,-2.62,3.3,-0.61,3,3
18347.734,-0.294,0.118,0.938,-3.51,4.15,0.24,3,3
18347.734,-0.294,0.111,0.952,-3.81,4.43,0.82,3,3
18347.75,-0.292,0.115,0.957,-3.6,4.27,1.74,3,3
18347.765,-0.282,0.117,0.953,-3.72,3.81,3.14,3,3
18347.765,-0.269,0.108,0.947,-4.52,3.05,3.69,3,3
18347.781,-0.269,0.1,0.941,-4.82,2.66,3.45,3,3
18347.796,-0.277,0.096,0.935,-4.03,2.5,2.56,3,3
18347.796,-0.288,0.09,0.927,-2.84,2.2,1.25,3,3
18347.812,-0.297,0.081,0.919,-1.4,1.8,-0.52,3,3
18347.828,-0.302,0.069,0.92,0.76,1.86,-3.39,3,3
18347.828,-0.302,0.064,0.923,3.48,2.14,-6.41,3,3
18347.843,-0.3,0.068,0.93,5.49,2.75,-9.16,3,3
18347.859,-0.298,0.067,0.94,6.68,2.62,-12.02,3,3
18347.859,-0.3,0.081,0.957,7.84,1.89,-14.71,3,3
18347.875,-0.309,0.107,0.96,8.58,0.73,-15.63,3,3
18347.875,-0.292,0.125,0.955,7.32,-1.46,-14.71,3,3
18347.89,-0.267,0.129,0.946,5.95,-3.02,-13.55,3,3
18347.906,-0.269,0.13,0.935,5.86,-2.53,-12.67,3,3
18347.921,-0.277,0.132,0.928,5.37,-1.13,-11.11,3,3
18347.921,-0.283,0.134,0.926,4.91,0.58,-9.19,3,3
18347.921,-0.288,0.127,0.925,4.97,1.92,-6.99,3,3
18347.937,-0.279,0.122,0.925,4.58,2.69,-5.16,3,3
18347.953,-0.269,0.108,0.924,4.33,3.33,-5.07,3,3
18347.953,-0.27,0.093,0.928,4.7,4.15,-6.71,3,3
18347.968,-0.286,0.085,0.939,6.59,4.76,-9.46,3,3
18347.984,-0.315,0.087,0.956,9.46,4.58,-12.45,3,3
18348.0,-0.336,0.101,0.964,11.75,3.02,-14.68,3,3
18348.0,-0.343,0.117,0.962,13.15,0.92,-15.38,3,3
18348.015,-0.343,0.13,0.96,13.64,-1.19,-14.74,3,3
18348.015,-0.342,0.136,0.95,13.67,-2.9,-13.09,3,3
18348.031,-0.343,0.145,0.944,12.05,-3.23,-10.04,3,3
18348.046,-0.341,0.134,0.932,8.73,-2.99,-6.26,3,3
18348.046,-0.315,0.116,0.938,6.23,-2.69,-3.75,3,3
18348.062,-0.289,0.099,0.934,6.96,-1.62,-3.66,3,3
18348.062,-0.281,0.092,0.932,8.85,0.37,-5.52,3,3
18348.078,-0.292,0.096,0.94,10.19,1.74,-8.06,3,3
18348.093,-0.309,0.098,0.94,10.5,1.8,-10.41,3,3
18348.109,-0.32,0.11,0.954,9.67,1.07,-11.47,3,3
18348.109,-0.321,0.12,0.953,9.55,-0.4,-11.47,3,3
18348.125,-0.306,0.129,0.943,9.98,-2.29,-10.93,3,3
18348.125,-0.293,0.145,0.924,10.25,-3.05,-10.59,3,3
18348.14,-0.29,0.156,0.903,9.0,-2.23,-10.35,3,3
18348.156,-0.282,0.161,0.895,7.02,-0.12,-9.7,3,3
18348.171,-0.264,0.177,0.89,5.25,2.96,-8.79,3,3
18348.171,-0.257,0.205,0.89,3.05,6.84,-7.35,3,3
18348.187,-0.264,0.233,0.902,-0.15,10.62,-4.76,3,3
18348.187,-0.284,0.257,0.924,-3.42,13.46,-0.27,3,3
18348.203,-0.312,0.277,0.931,-7.42,15.08,6.53,3,3
18348.218,-0.33,0.276,0.933,-14.86,14.8,15.23,3,3
18348.218,-0.3,0.226,0.946,-21.06,13.52,22.46,3,3
18348.234,-0.307,0.206,0.938,-21.09,13.55,26.95,3,3
18348.234,-0.314,0.18,0.922,-20.63,13.89,29.63,3,3
18348.25,-0.314,0.15,0.913,-21.67,15.99,30.55,3,3
18348.265,-0.316,0.112,0.92,-19.44,17.73,28.99,3,3
18348.265,-0.327,0.088,0.928,-16.48,18.4,26.86,3,3
18348.281,-0.347,0.081,0.942,-14.07,17.4,24.48,3,3
18348.296,-0.37,0.063,0.955,-12.94,15.08,22.0,3,3
18348.296,-0.371,0.047,0.953,-11.57,12.45,19.14,3,3
18348.312,-0.367,0.032,0.951,-9.52,10.04,15.14,3,3
18348.312,-0.377,0.027,0.955,-6.59,8.0,10.44,3,3
18348.328,-0.385,0.021,0.954,-3.08,6.16,5.89,3,3
18348.343,-0.378,0.021,0.948,0.21,4.46,1.89,3,3
18348.359,-0.368,0.024,0.947,2.75,3.36,-2.66,3,3
18348.359,-0.369,0.035,0.947,5.1,2.93,-7.63,3,3
18348.375,-0.373,0.053,0.943,7.45,2.32,-11.44,3,3
18348.375,-0.369,0.076,0.944,9.46,1.19,-14.16,3,3
18348.39,-0.36,0.091,0.94,11.05,-0.15,-16.82,3,3
18348.406,-0.352,0.105,0.933,12.02,-1.37,-18.86,3,3
18348.421,-0.349,0.12,0.924,12.6,-2.2,-20.39,3,3
18348.421,-0.348,0.126,0.92,12.82,-2.38,-21.03,3,3
18348.437,-0.346,0.133,0.918,12.76,-2.32,-20.6,3,3
18348.437,-0.346,0.133,0.913,12.76,-2.47,-19.71,3,3
18348.453,-0.348,0.14,0.918,12.91,-2.04,-19.35,3,3
18348.468,-0.363,0.159,0.923,13.15,-1.04,-17.98,3,3
18348.468,-0.37,0.174,0.932,11.63,-0.92,-14.25,3,3
18348.484,-0.349,0.174,0.942,9.0,-2.08,-10.01,3,3
18348.484,-0.333,0.177,0.939,7.11,-2.66,-7.32,3,3
18348.5,-0.333,0.179,0.928,4.67,-2.66,-5.31,3,3
18348.515,-0.328,0.174,0.92,2.01,-2.23,-3.54,3,3
18348.531,-0.33,0.171,0.908,0.58,-1.28,-2.2,3,3
18348.531,-0.335,0.172,0.898,-0.79,0.61,-0.76,3,3
18348.546,-0.337,0.168,0.901,-2.96,2.47,0.76,3,3
18348.546,-0.343,0.156,0.913,-4.27,4.03,1.86,3,3
18348.562,-0.352,0.153,0.929,-4.3,4.82,2.81,3,3
18348.578,-0.364,0.149,0.935,-4.24,4.7,3.85,3,3
18348.578,-0.37,0.142,0.945,-4.49,3.85,5.1,3,3
18348.593,-0.377,0.142,0.952,-4.18,2.5,6.44,3,3
18348.593,-0.381,0.141,0.942,-4.43,0.43,8.36,3,3
18348.609,-0.361,0.124,0.935,-6.23,-1.68,9.7,3,3
18348.625,-0.338,0.103,0.923,-7.2,-2.35,9.09,3,3
18348.625,-0.331,0.088,0.912,-6.29,-1.68,7.08,3,3
18348.64,-0.341,0.087,0.909,-4.46,-0.12,4.67,3,3
18348.656,-0.348,0.09,0.914,-3.23,1.07,2.47,3,3
18348.656,-0.356,0.091,0.926,-2.29,1.59,0.58,3,3
18348.671,-0.359,0.089,0.934,-1.4,0.95,-1.04,3,3
18348.687,-0.355,0.091,0.933,-0.76,-0.15,-2.29,3,3
18348.687,-0.355,0.108,0.933,0.06,-1.01,-3.69,3,3
18348.703,-0.368,0.126,0.927,0.58,-1.68,-3.75,3,3
18348.703,-0.356,0.131,0.926,-0.49,-2.72,-2.5,3,3
18348.718,-0.339,0.129,0.919,-0.82,-3.33,-1.83,3,3
18348.734,-0.347,0.121,0.909,-0.03,-2.56,-1.98,3,3
18348.75,-0.353,0.117,0.91,0.24,-1.56,-1.77,3,3
18348.75,-0.344,0.111,0.918,0.12,-0.89,-1.74,3,3
18348.765,-0.343,0.108,0.925,0.43,0.09,-2.38,3,3
18348.765,-0.357,0.108,0.937,1.01,0.7,-3.05,3,3
18348.781,-0.368,0.115,0.947,1.43,0.12,-3.45,3,3
18348.796,-0.371,0.128,0.949,0.82,-1.46,-3.57,3,3
18348.796,-0.367,0.13,0.946,-0.24,-3.69,-3.6,3,3
18348.812,-0.361,0.123,0.935,-0.12,-5.62,-3.39,3,3
18348.828,-0.355,0.123,0.916,0.55,-6.68,-3.05,3,3
18348.828,-0.354,0.128,0.904,0.46,-6.1,-2.14,3,3
18348.843,-0.343,0.122,0.902,-0.46,-4.94,-0.76,3,3
18348.843,-0.331,0.112,0.905,-0.98,-3.36,-0.03,3,3
18348.859,-0.323,0.104,0.91,-0.82,-1.34,-0.43,3,3
18348.875,-0.323,0.105,0.918,-0.06,0.21,-1.74,3,3
18348.875,-0.333,0.108,0.919,0.98,1.04,-2.99,3,3
18348.89,-0.347,0.114,0.928,1.31,1.28,-3.75,3,3
18348.906,-0.36,0.112,0.942,1.59,0.64,-4.03,3,3
18348.906,-0.355,0.112,0.939,2.04,-1.28,-3.66,3,3
18348.921,-0.344,0.11,0.93,2.35,-2.75,-4.15,3,3
18348.937,-0.344,0.111,0.926,2.75,-3.3,-5.58,3,3
18348.937,-0.354,0.117,0.923,3.17,-3.42,-6.5,3,3
18348.953,-0.36,0.129,0.922,3.11,-3.14,-5.8,3,3
18348.968,-0.354,0.141,0.921,2.08,-2.81,-3.97,3,3
18348.968,-0.343,0.144,0.918,0.67,-2.5,-1.89,3,3
18348.984,-0.333,0.142,0.92,-0.49,-2.01,-0.21,3,3
18348.984,-0.33,0.14,0.919,-1.04,-1.43,0.7,3,3
18349.0,-0.333,0.137,0.923,-1.1,-0.82,1.34,3,3
18349.015,-0.349,0.132,0.925,-0.98,-0.37,1.95,3,3
18349.015,-0.352,0.123,0.926,-1.37,-0.34,2.93,3,3
18349.031,-0.344,0.112,0.926,-1.53,-0.7,2.99,3,3
18349.046,-0.341,0.102,0.923,-1.4,-1.07,1.8,3,3
18349.046,-0.342,0.104,0.92,-0.73,-0.76,0.21,3,3
18349.062,-0.354,0.108,0.923,-0.06,-0.52,-0.89,3,3
18349.062,-0.356,0.11,0.927,0.43,-1.16,-0.92,3,3
18349.078,-0.348,0.103,0.921,0.73,-2.04,-0.58,3,3
18349.093,-0.331,0.093,0.915,0.64,-2.41,-1.16,3,3
18349.093,-0.335,0.092,0.916,0.92,-1.4,-2.5,3,3
18349.109,-0.345,0.097,0.922,1.56,-0.61,-3.57,3,3
18349.125,-0.344,0.102,0.925,2.38,-0.37,-4.27,3,3
18349.125,-0.345,0.113,0.936,3.39,-0.24,-5.1,3,3
18349.14,-0.36,0.126,0.939,4.33,-0.4,-5.31,3,3
18349.156,-0.362,0.141,0.939,3.51,-1.59,-3.94,3,3
18349.156,-0.348,0.142,0.931,1.71,-3.27,-2.44,3,3
18349.171,-0.339,0.133,0.925,0.34,-3.81,-1.59,3,3
18349.187,-0.337,0.128,0.919,-0.06,-3.48,-1.31,3,3
18349.187,-0.337,0.13,0.913,-0.15,-2.81,-1.22,3,3
18349.203,-0.335,0.125,0.908,-0.12,-1.46,-1.04,3,3
18349.203,-0.334,0.127,0.919,-0.21,-0.06,-1.1,3,3
18349.218,-0.348,0.133,0.929,0.24,0.92,-1.22,3,3
18349.234,-0.358,0.135,0.94,0.27,0.61,-0.18,3,3
18349.234,-0.348,0.132,0.943,-0.4,-2.5,0.85,3,3
18349.25,-0.339,0.122,0.934,-0.49,-2.9,0.34,3,3
18349.265,-0.336,0.117,0.922,-0.7,-2.29,0.0,3,3
18349.281,-0.34,0.107,0.91,-0.7,-1.43,-0.43,3,3
18349.281,-0.349,0.11,0.917,-0.15,-0.09,-0.79,3,3
18349.296,-0.356,0.111,0.921,0.43,0.79,-0.98,3,3
18349.296,-0.361,0.118,0.936,0.58,0.89,-0.43,3,3
18349.312,-0.366,0.127,0.946,0.7,0.34,0.09,3,3
18349.328,-0.362,0.128,0.945,0.4,-0.92,1.1,3,3
18349.328,-0.354,0.128,0.941,-0.43,-2.53,2.2,3,3
18349.343,-0.35,0.124,0.93,-1.37,-3.54,2.81,3,3
18349.343,-0.342,0.114,0.925,-2.29,-4.06,2.87,3,3
18349.359,-0.336,0.108,0.918,-1.68,-3.91,2.35,3,3
18349.375,-0.332,0.104,0.914,-0.46,-3.17,1.1,3,3
18349.375,-0.339,0.104,0.913,0.58,-2.23,-0.49,3,3
18349.39,-0.345,0.102,0.918,0.98,-1.59,-1.8,3,3
18349.406,-0.342,0.099,0.921,1.53,-1.4,-2.96,3,3
18349.406,-0.338,0.099,0.923,2.56,-1.19,-4.21,3,3
18349.421,-0.348,0.103,0.931,3.6,-0.95,-5.52,3,3
18349.437,-0.36,0.106,0.937,4.21,-1.31,-5.8,3,3
18349.437,-0.35,0.111,0.937,4.18,-2.29,-5.52,3,3
18349.453,-0.345,0.121,0.938,4.67,-2.99,-5.52,3,3
18349.453,-0.354,0.136,0.934,4.33,-3.63,-4.73,3,3
18349.468,-0.345,0.136,0.931,2.41,-4.79,-3.2,3,3
18349.484,-0.336,0.128,0.926,1.4,-5.19,-2.2,3,3
18349.484,-0.334,0.126,0.92,1.16,-4.67,-1.56,3,3
18349.5,-0.335,0.127,0.917,1.22,-3.94,-1.28,3,3
18349.515,-0.334,0.125,0.916,1.22,-3.33,-1.22,3,3
18349.515,-0.332,0.125,0.917,1.1,-2.69,-1.22,3,3
18349.531,-0.334,0.127,0.921,1.16,-2.01,-1.4,3,3
18349.546,-0.337,0.125,0.927,1.28,-1.5,-1.62,3,3
18349.546,-0.338,0.123,0.93,1.19,-1.59,-1.68,3,3
18349.562,-0.342,0.116,0.931,1.25,-1.92,-1.89,3,3
18349.578,-0.342,0.11,0.928,1.28,-2.2,-2.08,3,3
18349.578,-0.338,0.108,0.925,1.46,-2.35,-2.11,3,3
18349.593,-0.33,0.112,0.926,1.77,-2.26,-2.53,3,3
18349.593,-0.327,0.115,0.925,2.04,-1.71,-3.45,3,3
18349.609,-0.334,0.118,0.926,2.38,-0.89,-4.21,3,3
18349.625,-0.341,0.125,0.93,2.81,-0.55,-4.61,3,3
18349.625,-0.345,0.136,0.932,3.17,-0.49,-4.12,3,3
18349.64,-0.349,0.144,0.932,2.69,-0.76,-2.81,3,3
18349.656,-0.349,0.146,0.931,1.34,-1.46,-1.19,3,3
18349.656,-0.34,0.141,0.927,-0.03,-2.23,0.12,3,3
18349.671,-0.334,0.131,0.925,-0.58,-2.41,0.76,3,3
18349.687,-0.335,0.124,0.921,-0.43,-2.04,0.92,3,3
18349.687,-0.335,0.123,0.924,-0.18,-1.77,1.01,3,3
18349.703,-0.337,0.122,0.93,0.03,-1.77,0.67,3,3
18349.703,-0.335,0.118,0.929,0.43,-1.89,0.34,3,3
18349.718,-0.336,0.117,0.926,0.7,-2.14,0.03,3,3
18349.734,-0.336,0.112,0.923,0.52,-2.08,-0.52,3,3
18349.734,-0.338,0.11,0.925,0.4,-1.89,-1.01,3,3
18349.75,-0.339,0.113,0.924,0.52,-1.59,-0.89,3,3
18349.765,-0.334,0.113,0.926,0.49,-1.34,-0.89,3,3
18349.765,-0.328,0.109,0.93,0.64,-1.19,-1.77,3,3
18349.781,-0.336,0.116,0.936,1.28,-1.04,-2.96,3,3
18349.796,-0.349,0.127,0.936,2.04,-1.01,-2.93,3,3
18349.796,-0.347,0.131,0.932,2.14,-1.53,-2.08,3,3
18349.812,-0.336,0.132,0.929,1.89,-2.01,-1.28,3,3
18349.812,-0.33,0.133,0.923,1.68,-1.83,-1.16,3,3
18349.828,-0.33,0.135,0.922,1.28,-1.71,-0.98,3,3
18349.843,-0.334,0.131,0.922,0.7,-1.4,-0.52,3,3
18349.843,-0.34,0.124,0.918,0.31,-0.95,0.09,3,3
18349.859,-0.334,0.116,0.918,0.15,-0.43,0.4,3,3
18349.875,-0.328,0.11,0.922,0.15,-0.06,-0.31,3,3
18349.875,-0.329,0.112,0.929,0.49,0.67,-1.68,3,3
18349.89,-0.336,0.125,0.937,0.73,1.19,-2.59,3,3
18349.906,-0.343,0.138,0.94,0.46,0.98,-2.29,3,3
18349.906,-0.345,0.142,0.939,-0.43,0.09,-1.22,3,3
18349.921,-0.338,0.141,0.938,-1.19,-1.07,-0.24,3,3
18349.937,-0.338,0.138,0.929,-1.19,-1.77,0.55,3,3
18349.937,-0.336,0.134,0.921,-1.5,-1.74,1.25,3,3
18349.953,-0.336,0.128,0.92,-1.74,-1.19,1.74,3,3
18349.968,-0.336,0.124,0.923,-1.68,-0.34,2.32,3,3
18349.968,-0.333,0.124,0.926,-1.62,0.27,2.41,3,3
18349.984,-0.336,0.126,0.929,-1.65,0.58,1.98,3,3
18349.984,-0.349,0.126,0.933,-2.11,0.64,1.74,3,3
18350.0,-0.351,0.121,0.937,-2.56,0.15,2.08,3,3
18350.015,-0.344,0.117,0.94,-2.72,-0.79,2.35,3,3
18350.031,-0.347,0.115,0.938,-2.41,-1.34,2.32,3,3
18350.031,-0.343,0.117,0.934,-2.5,-1.83,2.35,3,3
18350.046,-0.339,0.119,0.936,-2.84,-2.32,2.17,3,3
18350.046,-0.338,0.114,0.939,-2.81,-2.99,1.53,3,3
18350.062,-0.34,0.116,0.936,-2.04,-3.33,1.01,3,3
18350.078,-0.346,0.12,0.932,-1.53,-3.66,0.73,3,3
18350.078,-0.354,0.123,0.931,-2.08,-4.39,1.04,3,3
18350.093,-0.349,0.116,0.937,-3.48,-5.62,1.59,3,3
18350.109,-0.337,0.111,0.943,-4.33,-6.93,1.46,3,3
18350.109,-0.332,0.11,0.939,-3.94,-7.72,0.73,3,3
18350.125,-0.329,0.117,0.939,-3.97,-8.12,0.4,3,3
18350.125,-0.323,0.118,0.938,-4.39,-8.27,0.34,3,3
18350.14,-0.321,0.115,0.928,-4.58,-8.39,0.06,3,3
18350.156,-0.32,0.113,0.926,-4.18,-7.81,-0.09,3,3
18350.156,-0.321,0.117,0.926,-3.6,-7.11,0.0,3,3
18350.171,-0.319,0.117,0.918,-2.56,-6.23,-0.06,3,3
18350.187,-0.328,0.127,0.918,-1.92,-4.85,0.27,3,3
18350.187,-0.34,0.133,0.927,-2.01,-3.91,1.56,3,3
18350.203,-0.335,0.13,0.939,-3.08,-4.43,3.11,3,3
18350.203,-0.317,0.119,0.947,-4.39,-5.65,3.69,3,3
18350.218,-0.31,0.102,0.946,-3.33,-6.81,2.2,3,3
18350.234,-0.31,0.099,0.936,-2.11,-6.65,1.43,3,3
18350.234,-0.307,0.101,0.925,-1.74,-5.65,0.21,3,3
18350.25,-0.306,0.102,0.918,-1.43,-3.91,-0.37,3,3
18350.265,-0.326,0.115,0.93,-1.65,-2.87,0.18,3,3
18350.265,-0.323,0.117,0.94,-2.53,-2.69,0.89,3,3
18350.281,-0.322,0.112,0.95,-2.93,-2.75,1.25,3,3
18350.296,-0.328,0.119,0.956,-2.44,-3.14,1.8,3,3
18350.296,-0.327,0.126,0.95,-2.08,-4.15,3.02,3,3
18350.312,-0.315,0.125,0.94,-3.11,-5.4,3.85,3,3
18350.328,-0.311,0.114,0.938,-4.61,-5.98,3.57,3,3
18350.328,-0.308,0.101,0.932,-4.79,-5.89,3.08,3,3
18350.343,-0.312,0.101,0.934,-3.69,-5.13,2.75,3,3
18350.343,-0.318,0.108,0.939,-2.53,-4.43,2.75,3,3
18350.359,-0.318,0.111,0.942,-2.56,-4.46,3.08,3,3
18350.375,-0.32,0.11,0.946,-3.23,-4.67,3.27,3,3
18350.375,-0.315,0.105,0.946,-3.88,-5.13,3.51,3,3
18350.39,-0.305,0.099,0.945,-4.21,-5.71,3.39,3,3
18350.406,-0.304,0.094,0.94,-3.48,-5.65,2.72,3,3
18350.406,-0.301,0.096,0.931,-2.96,-5.1,2.2,3,3
18350.421,-0.299,0.094,0.924,-2.66,-4.24,1.5,3,3
18350.437,-0.297,0.091,0.926,-2.2,-3.2,0.31,3,3
18350.437,-0.303,0.093,0.929,-1.68,-2.04,-0.61,3,3
18350.453,-0.31,0.093,0.937,-1.31,-1.19,-1.1,3,3
18350.468,-0.32,0.098,0.949,-0.55,-0.95,-1.25,3,3
18350.468,-0.323,0.104,0.955,-0.58,-1.46,-0.67,3,3
18350.484,-0.316,0.108,0.96,-1.34,-2.38,-0.34,3,3
18350.484,-0.31,0.107,0.962,-2.26,-3.39,-0.4,3,3
18350.5,-0.304,0.106,0.963,-2.99,-4.88,-0.95,3,3
18350.515,-0.301,0.106,0.953,-2.66,-6.1,-1.53,3,3
18350.515,-0.31,0.104,0.941,-1.92,-6.26,-1.71,3,3
18350.531,-0.313,0.101,0.93,-2.14,-6.04,-0.98,3,3
18350.546,-0.304,0.093,0.922,-3.36,-5.46,-0.37,3,3
18350.562,-0.299,0.086,0.927,-3.27,-4.27,-0.73,3,3
18350.562,-0.304,0.086,0.931,-1.71,-3.02,-1.16,3,3
18350.562,-0.31,0.098,0.94,-0.58,-2.53,-1.19,3,3
18350.578,-0.311,0.104,0.949,-0.64,-3.08,-1.1,3,3
18350.593,-0.301,0.101,0.953,-1.19,-4.21,-0.95,3,3
18350.593,-0.297,0.097,0.952,-1.25,-5.1,-1.46,3,3
18350.609,-0.297,0.099,0.949,-0.89,-5.49,-2.01,3,3
18350.625,-0.296,0.101,0.946,-0.79,-5.71,-2.35,3,3
18350.625,-0.293,0.099,0.942,-0.7,-5.34,-2.26,3,3
18350.64,-0.292,0.104,0.943,-0.98,-5.04,-1.86,3,3
18350.656,-0.292,0.104,0.946,-1.46,-4.88,-1.1,3,3
18350.656,-0.294,0.103,0.944,-1.53,-4.55,-0.64,3,3
18350.671,-0.302,0.108,0.944,-1.53,-3.78,-0.03,3,3
18350.687,-0.303,0.107,0.947,-2.26,-3.57,0.7,3,3
18350.687,-0.294,0.099,0.947,-3.14,-3.78,0.79,3,3
18350.703,-0.286,0.092,0.946,-3.33,-3.63,0.24,3,3
18350.718,-0.284,0.093,0.948,-2.72,-3.2,-0.61,3,3
18350.718,-0.291,0.097,0.945,-1.74,-2.78,-1.25,3,3
18350.734,-0.297,0.103,0.946,-1.65,-2.62,-0.92,3,3
18350.734,-0.293,0.101,0.945,-2.14,-2.72,-0.09,3,3
18350.75,-0.289,0.098,0.944,-2.62,-2.69,0.61,3,3
18350.765,-0.286,0.091,0.941,-2.59,-2.17,1.34,3,3
18350.765,-0.282,0.094,0.942,-2.75,-1.77,1.74,3,3
18350.781,-0.284,0.093,0.943,-2.96,-1.19,1.71,3,3
18350.796,-0.283,0.096,0.945,-3.2,-1.13,1.65,3,3
18350.796,-0.285,0.097,0.946,-2.96,-1.1,1.34,3,3
18350.812,-0.292,0.098,0.946,-2.72,-1.31,1.16,3,3
18350.828,-0.296,0.094,0.948,-2.69,-1.4,1.19,3,3
18350.828,-0.306,0.095,0.946,-2.35,-1.37,1.68,3,3
18350.843,-0.305,0.096,0.95,-2.66,-1.56,2.72,3,3
18350.859,-0.293,0.091,0.958,-3.51,-2.32,3.08,3,3
18350.859,-0.294,0.083,0.96,-3.69,-2.87,2.38,3,3
18350.875,-0.297,0.082,0.959,-3.45,-3.17,2.08,3,3
18350.875,-0.29,0.081,0.954,-3.33,-3.51,1.89,3,3
18350.89,-0.29,0.079,0.951,-2.87,-3.78,1.19,3,3
18350.906,-0.29,0.074,0.948,-1.92,-3.85,0.58,3,3
18350.906,-0.29,0.072,0.948,-0.82,-3.66,0.27,3,3
18350.921,-0.295,0.068,0.941,-0.18,-3.17,0.0,3,3
18350.937,-0.296,0.067,0.947,0.03,-2.62,0.24,3,3
18350.937,-0.285,0.065,0.951,0.0,-2.53,0.21,3,3
18350.953,-0.281,0.07,0.955,0.0,-2.32,-0.52,3,3
18350.968,-0.286,0.075,0.959,0.76,-2.47,-1.31,3,3
18350.968,-0.283,0.081,0.95,1.68,-3.11,-1.98,3,3
18350.984,-0.289,0.09,0.944,2.23,-3.08,-2.53,3,3
18350.984,-0.296,0.1,0.941,1.95,-2.99,-2.14,3,3
18351.0,-0.29,0.104,0.938,0.76,-2.81,-1.19,3,3
18351.015,-0.275,0.098,0.943,-0.85,-2.38,-0.82,3,3
18351.015,-0.275,0.095,0.951,-0.98,-1.5,-1.01,3,3
18351.031,-0.282,0.102,0.953,0.21,-0.61,-0.92,3,3
18351.046,-0.278,0.107,0.959,0.52,-0.92,-0.27,3,3
18351.046,-0.28,0.107,0.959,0.27,-1.34,-0.43,3,3
18351.062,-0.289,0.107,0.955,-0.15,-1.59,0.15,3,3
18351.078,-0.287,0.106,0.95,-0.82,-1.86,1.34,3,3
18351.078,-0.282,0.097,0.944,-1.28,-1.74,1.74,3,3
18351.093,-0.285,0.085,0.939,-1.37,-0.92,1.68,3,3
18351.109,-0.284,0.081,0.945,-1.16,0.0,1.34,3,3
18351.109,-0.291,0.077,0.946,-0.37,1.1,0.7,3,3
18351.125,-0.289,0.071,0.947,-0.49,1.95,0.27,3,3
18351.125,-0.281,0.067,0.958,-0.46,2.66,-0.67,3,3
18351.14,-0.299,0.073,0.969,1.13,3.23,-2.11,3,3
18351.156,-0.314,0.09,0.983,1.65,2.59,-1.89,3,3
18351.156,-0.295,0.095,0.984,-0.03,0.15,-1.83,3,3
18351.171,-0.29,0.08,0.976,-1.46,-1.98,-3.17,3,3
18351.187,-0.294,0.071,0.966,-1.1,-2.96,-3.88,3,3
18351.187,-0.28,0.071,0.948,0.34,-3.27,-4.46,3,3
18351.203,-0.274,0.069,0.938,1.59,-2.44,-5.98,3,3
18351.218,-0.287,0.065,0.94,4.39,-0.31,-8.73,3,3
18351.218,-0.287,0.059,0.942,5.89,-0.64,-10.25,3,3
18351.234,-0.281,0.057,0.944,7.81,-1.07,-13.03,3,3
18351.234,-0.29,0.051,0.95,9.86,-1.86,-16.24,3,3
18351.25,-0.303,0.053,0.947,11.93,-2.44,-18.71,3,3
18351.265,-0.312,0.049,0.944,13.55,-2.99,-20.14,3,3
18351.265,-0.311,0.07,0.942,14.07,-3.2,-20.75,3,3
18351.281,-0.316,0.09,0.936,13.12,-3.05,-20.33,3,3
18351.296,-0.302,0.095,0.941,10.9,-3.6,-19.38,3,3
18351.296,-0.291,0.107,0.949,10.35,-3.63,-18.86,3,3
18351.312,-0.306,0.125,0.952,10.5,-3.08,-17.27,3,3
18351.328,-0.298,0.135,0.953,8.79,-3.42,-14.59,3,3
18351.328,-0.283,0.127,0.952,6.32,-3.57,-12.67,3,3
18351.343,-0.285,0.122,0.954,5.04,-3.02,-11.17,3,3
18351.343,-0.283,0.125,0.957,4.36,-2.62,-9.4,3,3
18351.375,-0.274,0.119,0.953,3.14,-2.62,-8.27,3,3
18351.375,-0.276,0.11,0.951,2.08,-2.41,-7.78,3,3
18351.375,-0.278,0.105,0.95,2.17,-1.98,-6.87,3,3
18351.39,-0.28,0.107,0.95,2.38,-1.74,-6.07,3,3
18351.406,-0.29,0.111,0.948,2.38,-1.56,-5.55,3,3
18351.406,-0.293,0.112,0.949,1.71,-1.71,-4.55,3,3
18351.421,-0.283,0.108,0.94,1.13,-1.8,-3.27,3,3
18351.437,-0.274,0.104,0.936,0.7,-1.19,-2.69,3,3
18351.437,-0.28,0.099,0.939,0.49,-0.03,-2.56,3,3
18351.453,-0.292,0.099,0.956,0.46,0.73,-2.32,3,3
18351.468,-0.301,0.101,0.965,0.64,0.09,-1.56,3,3
18351.468,-0.296,0.105,0.962,-0.06,-1.74,-0.95,3,3
18351.484,-0.288,0.1,0.96,-1.01,-3.2,-0.73,3,3
18351.484,-0.29,0.1,0.95,-1.04,-3.94,-0.24,3,3
18351.5,-0.281,0.101,0.939,-0.76,-4.15,0.92,3,3
18351.515,-0.277,0.105,0.931,-1.1,-3.48,1.65,3,3
18351.515,-0.278,0.102,0.937,-3.02,-2.47,1.92,3,3
18351.531,-0.272,0.093,0.945,-4.46,-1.8,1.8,3,3
18351.546,-0.27,0.087,0.952,-3.75,-1.19,0.98,3,3
18351.562,-0.283,0.092,0.961,-1.86,-0.89,0.12,3,3
18351.562,-0.305,0.102,0.961,-0.49,-1.25,0.31,3,3
18351.578,-0.301,0.102,0.957,-1.43,-2.66,1.16,3,3
18351.578,-0.288,0.086,0.949,-2.87,-3.63,1.56,3,3
18351.593,-0.273,0.075,0.941,-3.2,-3.33,1.16,3,3
18351.593,-0.268,0.073,0.936,-2.11,-1.74,0.03,3,3
18351.609,-0.271,0.08,0.941,-0.76,0.03,-1.16,3,3
18351.625,-0.279,0.09,0.95,0.18,1.13,-1.86,3,3
18351.625,-0.286,0.097,0.957,0.37,1.4,-1.62,3,3
18351.64,-0.289,0.093,0.956,0.49,1.01,-0.79,3,3
18351.656,-0.289,0.095,0.958,0.55,0.15,0.09,3,3
18351.656,-0.29,0.089,0.951,0.21,-0.73,0.64,3,3
18351.671,-0.285,0.081,0.943,-0.52,-0.98,0.73,3,3
18351.687,-0.282,0.08,0.946,-1.1,-0.95,0.06,3,3
18351.687,-0.283,0.081,0.948,-0.73,-1.16,-0.92,3,3
18351.703,-0.282,0.088,0.946,0.03,-1.16,-1.46,3,3
18351.718,-0.282,0.095,0.94,0.37,-0.7,-1.65,3,3
18351.718,-0.282,0.098,0.94,-0.06,-0.34,-1.34,3,3
18351.734,-0.279,0.1,0.949,-0.64,-0.06,-0.98,3,3
18351.734,-0.278,0.106,0.956,-0.21,0.03,-0.49,3,3
18351.75,-0.284,0.117,0.957,0.03,-0.37,0.73,3,3
18351.765,-0.282,0.117,0.95,-1.01,-1.13,2.26,3,3
18351.781,-0.276,0.109,0.949,-2.26,-1.68,3.33,3,3
18351.781,-0.279,0.098,0.949,-2.26,-1.37,4.09,3,3
18351.796,-0.287,0.094,0.945,-1.62,-0.7,4.88,3,3
18351.796,-0.283,0.091,0.944,-2.01,-0.37,5.37,3,3
18351.812,-0.274,0.08,0.945,-2.72,0.21,4.85,3,3
18351.828,-0.277,0.075,0.949,-2.29,1.19,3.42,3,3
18351.828,-0.288,0.084,0.949,-1.07,1.98,2.56,3,3
18351.843,-0.289,0.089,0.954,-1.13,2.2,2.17,3,3
18351.859,-0.287,0.09,0.965,-1.95,1.68,1.86,3,3
18351.859,-0.289,0.087,0.97,-1.46,0.98,1.89,3,3
18351.875,-0.293,0.09,0.968,-0.4,0.24,2.81,3,3
18351.875,-0.296,0.093,0.964,-0.55,-0.43,4.0,3,3
18351.89,-0.292,0.084,0.964,-2.32,-1.16,4.88,3,3
18351.906,-0.281,0.07,0.963,-3.97,-1.59,5.4,3,3
18351.906,-0.276,0.063,0.963,-3.75,-1.56,4.49,3,3
18351.921,-0.273,0.062,0.961,-2.11,-1.53,2.75,3,3
18351.937,-0.275,0.064,0.966,0.03,-1.56,0.79,3,3
18351.937,-0.282,0.068,0.977,2.41,-1.86,-1.07,3,3
18351.953,-0.283,0.067,0.984,4.39,-2.81,-1.92,3,3
18351.953,-0.279,0.07,0.993,5.58,-4.03,-1.74,3,3
18351.968,-0.274,0.066,0.994,5.71,-5.28,-1.77,3,3
18351.984,-0.271,0.065,0.995,5.22,-6.2,-1.95,3,3
18351.984,-0.272,0.073,0.989,5.16,-7.05,-2.23,3,3
18352.0,-0.27,0.081,0.981,4.82,-8.0,-2.72,3,3
18352.015,-0.257,0.084,0.981,4.58,-8.67,-3.17,3,3
18352.015,-0.258,0.108,0.982,6.47,-8.51,-3.51,3,3
18352.031,-0.254,0.135,0.975,7.14,-9.25,-2.99,3,3
18352.046,-0.238,0.131,0.985,6.74,-10.5,-2.5,3,3
18352.046,-0.251,0.152,0.993,8.85,-11.32,-1.71,3,3
18352.062,-0.299,0.14,0.97,10.93,-11.54,1.98,3,3
18352.078,-0.29,0.14,0.93,4.61,-10.9,9.64,3,3
18352.078,-0.268,0.107,0.918,-6.35,-9.25,14.86,3,3
18352.093,-0.262,0.073,0.934,-14.28,-5.83,17.49,3,3
18352.093,-0.256,0.05,0.956,-15.41,-2.2,18.92,3,3
18352.109,-0.248,0.057,0.98,-12.79,-0.46,18.74,3,3
18352.125,-0.254,0.065,0.999,-10.71,-1.16,16.36,3,3
18352.125,-0.268,0.06,1.012,-10.04,-3.57,13.61,3,3
18352.14,-0.267,0.052,1.02,-8.97,-6.96,11.23,3,3
18352.156,-0.269,0.04,1.01,-6.2,-10.47,8.7,3,3
18352.156,-0.276,0.03,0.986,-4.27,-12.36,6.38,3,3
18352.171,-0.27,0.035,0.962,-4.79,-12.63,4.67,3,3
18352.187,-0.259,0.035,0.949,-6.9,-11.6,3.39,3,3
18352.187,-0.244,0.034,0.948,-10.28,-7.32,1.04,3,3
18352.203,-0.236,0.036,0.949,-9.64,-5.25,-1.04,3,3
18352.218,-0.242,0.042,0.963,-8.15,-4.55,-3.08,3,3
18352.218,-0.254,0.052,0.976,-6.78,-5.77,-5.31,3,3
18352.234,-0.271,0.063,0.988,-5.04,-7.9,-7.75,3,3
18352.234,-0.277,0.065,0.974,-3.85,-9.95,-9.16,3,3
18352.25,-0.272,0.076,0.95,-4.21,-10.71,-9.16,3,3
18352.265,-0.27,0.092,0.929,-6.32,-10.19,-8.51,3,3
18352.265,-0.263,0.095,0.919,-9.52,-8.91,-7.35,3,3
18352.281,-0.242,0.091,0.924,-11.75,-7.02,-6.2,3,3
18352.296,-0.232,0.097,0.936,-11.38,-4.46,-5.62,3,3
18352.312,-0.236,0.108,0.957,-9.46,-2.66,-5.43,3,3
18352.312,-0.242,0.111,0.977,-7.23,-2.69,-4.76,3,3
18352.312,-0.246,0.108,0.989,-6.01,-4.0,-3.81,3,3
18352.328,-0.24,0.101,0.995,-4.91,-6.2,-2.99,3,3
18352.343,-0.238,0.099,0.993,-3.33,-8.33,-2.59,3,3
18352.343,-0.234,0.09,0.982,-2.59,-9.37,-1.46,3,3
18352.359,-0.233,0.086,0.967,-3.81,-9.09,0.24,3,3
18352.375,-0.236,0.073,0.964,-6.1,-8.27,1.46,3,3
18352.375,-0.241,0.062,0.962,-7.72,-7.17,2.5,3,3
18352.39,-0.245,0.057,0.959,-8.88,-5.77,3.72,3,3
18352.406,-0.239,0.05,0.961,-10.04,-4.82,4.21,3,3
18352.406,-0.238,0.044,0.963,-10.35,-4.43,3.39,3,3
18352.421,-0.239,0.044,0.971,-9.31,-4.61,1.8,3,3
18352.437,-0.237,0.045,0.979,-6.96,-5.49,-0.09,3,3
18352.437,-0.236,0.048,0.973,-4.49,-6.93,-1.83,3,3
18352.453,-0.237,0.046,0.957,-3.85,-7.9,-2.72,3,3
18352.453,-0.231,0.047,0.944,-5.07,-7.75,-3.3,3,3
18352.468,-0.235,0.047,0.943,-6.26,-7.11,-4.36,3,3
18352.484,-0.243,0.051,0.941,-5.83,-6.35,-5.1,3,3
18352.484,-0.241,0.067,0.937,-4.33,-5.89,-5.34,3,3
18352.5,-0.237,0.085,0.941,-3.02,-5.52,-5.28,3,3
18352.515,-0.235,0.1,0.948,-2.32,-5.22,-4.7,3,3
18352.531,-0.233,0.104,0.953,-2.32,-4.94,-3.39,3,3
18352.531,-0.231,0.104,0.957,-2.53,-4.67,-1.65,3,3
18352.546,-0.235,0.097,0.96,-2.17,-4.82,-0.15,3,3
18352.546,-0.241,0.092,0.956,-1.8,-4.94,1.95,3,3
18352.562,-0.239,0.084,0.948,-3.2,-4.94,4.21,3,3
18352.578,-0.236,0.063,0.942,-5.58,-4.3,5.52,3,3
18352.578,-0.233,0.047,0.948,-7.02,-3.48,5.43,3,3
18352.593,-0.225,0.038,0.962,-6.07,-3.11,4.18,3,3
18352.593,-0.22,0.037,0.97,-3.2,-3.3,2.41,3,3
18352.609,-0.22,0.046,0.974,-0.34,-3.69,0.85,3,3
18352.625,-0.23,0.057,0.979,0.95,-4.18,-0.21,3,3
18352.625,-0.24,0.05,0.976,0.34,-5.22,-0.09,3,3
18352.64,-0.224,0.036,0.968,-1.4,-6.16,0.64,3,3
18352.656,-0.209,0.022,0.958,-1.8,-6.23,0.0,3,3
18352.656,-0.211,0.022,0.951,-0.82,-5.01,-1.46,3,3
18352.671,-0.213,0.026,0.948,0.12,-3.66,-3.11,3,3
18352.687,-0.219,0.035,0.951,1.04,-3.42,-4.88,3,3
18352.687,-0.224,0.045,0.956,2.69,-3.81,-5.83,3,3
18352.703,-0.219,0.059,0.961,3.69,-4.12,-5.31,3,3
18352.718,-0.214,0.068,0.96,2.75,-3.85,-4.06,3,3
18352.718,-0.217,0.073,0.965,0.85,-3.05,-2.35,3,3
18352.734,-0.22,0.075,0.967,-1.1,-2.47,-0.06,3,3
18352.75,-0.221,0.07,0.966,-2.84,-1.92,2.17,3,3
18352.75,-0.22,0.061,0.966,-4.64,-1.5,3.85,3,3
18352.765,-0.212,0.047,0.964,-5.13,-1.34,4.91,3,3
18352.765,-0.207,0.043,0.964,-4.61,-0.89,5.31,3,3
18352.781,-0.207,0.037,0.966,-4.09,-0.21,4.94,3,3
18352.796,-0.209,0.036,0.975,-3.63,0.21,4.24,3,3
18352.796,-0.209,0.032,0.981,-2.62,0.18,3.75,3,3
18352.812,-0.208,0.035,0.984,-1.71,-0.12,3.39,3,3
18352.828,-0.209,0.032,0.986,-1.4,-0.76,2.84,3,3
18352.828,-0.208,0.031,0.99,-1.43,-1.59,2.53,3,3
18352.843,-0.209,0.025,0.986,-1.19,-2.44,2.26,3,3
18352.843,-0.209,0.022,0.977,-0.76,-2.96,1.46,3,3
18352.859,-0.215,0.02,0.972,-0.24,-2.96,0.15,3,3
18352.875,-0.219,0.023,0.972,0.03,-2.78,-0.98,3,3
18352.875,-0.222,0.028,0.969,-0.09,-2.23,-1.59,3,3
18352.89,-0.216,0.029,0.966,-0.76,-1.4,-1.62,3,3
18352.906,-0.206,0.033,0.976,-1.37,-0.58,-1.95,3,3
18352.906,-0.203,0.043,0.991,-1.46,0.24,-1.8,3,3
18352.921,-0.198,0.051,1.004,-1.89,0.21,-0.85,3,3
18352.937,-0.197,0.052,1.014,-2.96,-0.55,-0.27,3,3
18352.937,-0.2,0.044,1.017,-3.48,-1.83,-0.24,3,3
18352.953,-0.2,0.042,1.014,-3.27,-3.27,-0.15,3,3
18352.953,-0.206,0.044,1.007,-2.32,-4.58,-0.34,3,3
18352.968,-0.207,0.043,0.996,-1.56,-5.58,-0.24,3,3
18352.984,-0.203,0.043,0.99,-0.98,-6.35,-0.03,3,3
18352.984,-0.2,0.037,0.985,-0.34,-6.44,0.21,3,3
18353.0,-0.201,0.038,0.98,-0.52,-5.92,1.28,3,3
18353.015,-0.201,0.034,0.983,-1.95,-5.52,1.77,3,3
18353.015,-0.2,0.021,0.988,-2.84,-5.77,1.59,3,3
18353.031,-0.203,0.015,0.995,-1.98,-5.98,1.43,3,3
18353.046,-0.203,0.015,0.994,-0.58,-6.44,1.13,3,3
18353.046,-0.204,0.019,0.999,-0.34,-7.29,0.24,3,3
18353.062,-0.204,0.016,1.002,-0.18,-8.55,-0.89,3,3
18353.062,-0.198,0.015,1.004,1.1,-9.58,-1.56,3,3
18353.078,-0.199,0.018,0.993,2.66,-9.98,-1.8,3,3
18353.093,-0.202,0.019,0.986,2.32,-10.13,-2.14,3,3
18353.093,-0.209,0.008,0.985,0.98,-10.16,-2.72,3,3
18353.109,-0.213,0.003,0.975,0.27,-10.07,-3.27,3,3
18353.125,-0.216,0.01,0.967,0.67,-9.43,-3.94,3,3
18353.125,-0.211,0.017,0.957,0.67,-8.73,-4.49,3,3
18353.14,-0.21,0.023,0.953,0.34,-7.9,-5.04,3,3
18353.156,-0.207,0.031,0.955,0.58,-6.9,-4.97,3,3
18353.156,-0.2,0.042,0.958,0.34,-5.95,-3.94,3,3
18353.171,-0.199,0.046,0.962,-0.67,-5.22,-3.11,3,3
18353.187,-0.211,0.042,0.976,-2.11,-5.22,-1.1,3,3
18353.187,-0.219,0.038,0.97,-2.78,-5.71,-0.4,3,3
18353.203,-0.212,0.037,0.971,-3.17,-5.77,-0.4,3,3
18353.203,-0.199,0.029,0.95,-3.94,-5.1,-0.67,3,3
18353.218,-0.193,0.031,0.95,-3.63,-3.81,-1.59,3,3
18353.234,-0.195,0.033,0.949,-2.32,-2.44,-2.5,3,3
18353.234,-0.197,0.04,0.958,-0.98,-0.98,-2.53,3,3
18353.25,-0.201,0.056,0.973,-1.77,-0.31,-2.35,3,3
18353.265,-0.201,0.047,0.976,-1.89,-0.55,-1.53,3,3
18353.265,-0.195,0.053,0.979,-2.35,-1.5,-0.82,3,3
18353.281,-0.191,0.045,0.978,-2.23,-2.62,-0.7,3,3
18353.296,-0.198,0.039,0.973,-1.1,-3.27,-0.79,3,3
18353.296,-0.203,0.043,0.969,0.37,-3.94,-0.76,3,3
18353.312,-0.207,0.049,0.965,1.1,-4.43,-0.21,3,3
18353.328,-0.203,0.041,0.96,0.58,-4.49,0.73,3,3
18353.328,-0.196,0.024,0.963,0.4,-4.09,1.31,3,3
18353.343,-0.191,0.017,0.966,1.28,-3.14,1.4,3,3
18353.343,-0.189,0.016,0.975,2.01,-2.32,1.1,3,3
18353.359,-0.188,0.016,0.988,1.25,-2.08,0.55,3,3
18353.375,-0.187,0.016,1.0,0.58,-2.26,0.27,3,3
18353.375,-0.186,0.018,1.012,0.73,-2.93,0.76,3,3
18353.39,-0.176,0.013,1.021,1.22,-4.03,1.1,3,3
18353.406,-0.163,0.01,1.027,2.14,-5.46,1.16,3,3
18353.406,-0.153,0.009,1.029,3.11,-6.65,1.74,3,3
18353.421,-0.143,0.01,1.034,2.9,-7.26,3.11,3,3
18353.421,-0.137,0.012,1.044,0.98,-7.32,5.16,3,3
18353.437,-0.133,0.009,1.053,-1.01,-7.39,7.39,3,3
18353.453,-0.126,0.01,1.064,-2.35,-7.81,9.46,3,3
18353.468,-0.124,0.014,1.066,-3.42,-8.33,11.05,3,3
18353.468,-0.129,0.011,1.067,-4.82,-9.16,12.57,3,3
18353.484,-0.14,0.001,1.064,-7.08,-9.92,14.44,3,3
18353.5,-0.141,-0.014,1.061,-10.1,-10.19,16.75,3,3
18353.5,-0.132,-0.024,1.061,-13.25,-10.53,18.56,3,3
18353.515,-0.13,-0.024,1.07,-15.87,-10.47,20.2,3,3
18353.531,-0.138,0.012,1.074,-18.04,-10.22,22.22,3,3
18353.531,-0.143,0.082,1.062,-21.06,-10.47,26.34,3,3
18353.546,-0.133,0.144,1.04,-26.92,-10.44,34.97,3,3
18353.546,-0.119,0.174,1.023,-34.7,-7.45,49.26,3,3
18353.562,-0.068,0.188,1.063,-45.59,-2.17,67.48,3,3
18353.578,-0.079,0.19,1.036,-57.89,1.98,82.55,3,3
18353.578,-0.109,0.158,1.096,-69.73,6.47,98.18,3,3
18353.593,-0.159,0.082,1.169,-73.43,6.9,111.24,3,3
18353.593,-0.21,0.04,1.193,-72.45,1.89,120.27,3,3
18353.609,-0.229,-0.029,1.202,-70.35,-6.16,125.52,3,3
18353.625,-0.219,-0.099,1.191,-69.03,-15.59,126.29,3,3
18353.625,-0.198,-0.152,1.17,-68.24,-24.32,122.78,3,3
18353.64,-0.169,-0.213,1.162,-67.08,-31.68,116.09,3,3
18353.656,-0.144,-0.271,1.158,-62.07,-37.69,106.23,3,3
18353.656,-0.131,-0.303,1.164,-53.62,-42.85,93.78,3,3
18353.671,-0.13,-0.293,1.18,-44.65,-47.94,80.14,3,3
18353.687,-0.134,-0.286,1.184,-36.99,-53.44,66.96,3,3
18353.687,-0.13,-0.282,1.173,-31.46,-59.11,55.48,3,3
18353.703,-0.124,-0.267,1.158,-27.56,-63.54,46.48,3,3
18353.718,-0.12,-0.239,1.156,-25.21,-67.08,39.12,3,3
18353.718,-0.116,-0.219,1.142,-23.44,-69.92,33.39,3,3
18353.734,-0.111,-0.196,1.12,-21.61,-71.63,29.21,3,3
18353.734,-0.109,-0.17,1.097,-20.42,-72.15,26.15,3,3
18353.75,-0.097,-0.149,1.074,-20.17,-71.72,24.08,3,3
18353.765,-0.085,-0.134,1.065,-20.63,-69.25,23.47,3,3
18353.765,-0.079,-0.117,1.069,-21.39,-66.1,25.18,3,3
18353.781,-0.063,-0.108,1.071,-23.07,-64.39,28.02,3,3
18353.796,-0.05,-0.089,1.095,-25.79,-63.45,30.92,3,3
18353.796,-0.055,-0.078,1.123,-26.89,-63.75,33.6,3,3
18353.812,-0.054,-0.063,1.145,-26.8,-66.44,36.93,3,3
18353.812,-0.037,-0.046,1.161,-26.89,-70.86,40.5,3,3
18353.828,-0.005,-0.054,1.144,-26.86,-75.35,44.1,3,3
18353.843,0.036,-0.064,1.12,-27.31,-78.19,47.15,3,3
18353.843,0.069,-0.071,1.112,-28.32,-79.23,48.22,3,3
18353.859,0.082,-0.079,1.116,-28.72,-79.56,46.42,3,3
18353.875,0.088,-0.083,1.103,-27.47,-80.45,43.89,3,3
18353.89,0.114,-0.074,1.118,-26.34,-81.51,42.33,3,3
18353.89,0.124,-0.058,1.147,-25.54,-82.89,41.29,3,3
18353.906,0.125,-0.055,1.142,-25.24,-85.82,41.29,3,3
18353.906,0.144,-0.063,1.143,-26.92,-89.6,41.99,3,3
18353.921,0.165,-0.078,1.158,-29.54,-93.94,41.69,3,3
18353.937,0.171,-0.101,1.145,-30.15,-98.97,40.28,3,3
18353.937,0.189,-0.123,1.107,-28.93,-103.58,39.43,3,3
18353.953,0.224,-0.149,1.099,-28.69,-106.81,39.49,3,3
18353.968,0.247,-0.189,1.078,-29.66,-107.88,39.46,3,3
18353.968,0.268,-0.21,1.063,-30.49,-107.73,38.39,3,3
18353.984,0.276,-0.219,1.052,-30.18,-106.91,35.89,3,3
18354.0,0.271,-0.229,1.026,-28.78,-105.62,32.5,3,3
18354.0,0.27,-0.235,1.01,-27.47,-104.89,30.61,3,3
18354.015,0.285,-0.247,0.991,-27.31,-103.58,31.37,3,3
18354.015,0.299,-0.275,0.983,-31.16,-101.63,34.0,3,3
18354.031,0.316,-0.329,0.974,-38.3,-99.98,37.63,3,3
18354.046,0.34,-0.384,0.965,-46.24,-98.48,40.41,3,3
18354.046,0.355,-0.449,0.947,-52.1,-97.14,39.64,3,3
18354.062,0.364,-0.501,0.923,-54.63,-95.55,35.4,3,3
18354.078,0.381,-0.535,0.904,-53.56,-93.17,29.08,3,3
18354.078,0.389,-0.547,0.874,-51.15,-89.85,22.68,3,3
18354.093,0.4,-0.554,0.833,-51.18,-85.63,17.46,3,3
18354.109,0.418,-0.559,0.791,-54.11,-80.08,13.15,3,3
18354.109,0.435,-0.563,0.761,-58.75,-73.12,10.01,3,3
18354.125,0.442,-0.572,0.742,-64.55,-64.58,7.26,3,3
18354.125,0.419,-0.575,0.75,-69.19,-56.06,5.46,3,3
18354.14,0.402,-0.588,0.738,-71.2,-49.9,5.52,3,3
18354.156,0.397,-0.59,0.734,-72.73,-45.47,6.01,3,3
18354.156,0.408,-0.594,0.725,-75.69,-36.9,5.43,3,3
18354.171,0.412,-0.58,0.706,-77.61,-33.08,4.09,3,3
18354.187,0.409,-0.577,0.69,-80.63,-30.7,3.2,3,3
18354.187,0.403,-0.566,0.676,-82.61,-27.68,2.44,3,3
18354.203,0.428,-0.577,0.619,-82.67,-23.26,-0.18,3,3
18354.218,0.438,-0.543,0.628,-83.86,-18.49,-2.23,3,3
18354.218,0.414,-0.522,0.634,-83.16,-13.4,-2.01,3,3
18354.234,0.406,-0.49,0.63,-83.22,-10.68,1.1,3,3
18354.234,0.417,-0.489,0.635,-84.78,-7.9,5.07,3,3
18354.25,0.424,-0.481,0.606,-85.42,-5.13,9.89,3,3
18354.265,0.449,-0.486,0.574,-86.7,-2.2,12.36,3,3
18354.265,0.459,-0.496,0.56,-89.54,2.35,13.18,3,3
18354.281,0.463,-0.5,0.567,-91.07,7.26,11.9,3,3
18354.296,0.444,-0.502,0.569,-89.3,11.63,10.04,3,3
18354.312,0.431,-0.487,0.567,-87.07,14.04,10.04,3,3
18354.312,0.425,-0.477,0.566,-84.84,14.53,9.7,3,3
18354.328,0.418,-0.46,0.553,-82.55,14.34,8.67,3,3
18354.328,0.42,-0.448,0.54,-80.72,14.37,8.97,3,3
18354.343,0.431,-0.433,0.532,-78.49,15.63,11.47,3,3
18354.343,0.444,-0.416,0.5,-76.94,18.74,15.29,3,3
18354.359,0.462,-0.405,0.484,-78.22,24.08,20.29,3,3
18354.375,0.461,-0.406,0.478,-81.06,31.56,25.97,3,3
18354.39,0.449,-0.427,0.487,-84.51,38.58,32.11,3,3
18354.39,0.442,-0.453,0.511,-87.01,44.74,37.6,3,3
18354.406,0.417,-0.465,0.541,-87.41,49.78,41.41,3,3
18354.406,0.395,-0.48,0.576,-86.55,52.31,43.46,3,3
18354.421,0.372,-0.502,0.622,-84.9,52.1,43.82,3,3
18354.437,0.371,-0.521,0.65,-80.66,49.59,42.97,3,3
18354.437,0.385,-0.53,0.665,-75.08,46.51,41.08,3,3
18354.453,0.381,-0.531,0.661,-70.1,44.04,38.61,3,3
18354.468,0.367,-0.532,0.625,-67.69,41.93,36.59,3,3
18354.468,0.358,-0.542,0.606,-67.42,40.25,35.22,3,3
18354.484,0.342,-0.568,0.59,-67.48,40.28,35.77,3,3
18354.484,0.326,-0.606,0.575,-69.0,42.15,37.9,3,3
18354.5,0.313,-0.657,0.57,-71.69,45.11,39.12,3,3
18354.515,0.295,-0.71,0.591,-72.57,47.09,36.81,3,3
18354.515,0.299,-0.739,0.627,-68.0,46.27,30.21,3,3
18354.531,0.297,-0.731,0.639,-59.54,43.89,20.81,3,3
18354.546,0.293,-0.692,0.648,-52.64,40.62,12.42,3,3
18354.546,0.269,-0.661,0.667,-48.65,37.32,7.51,3,3
18354.562,0.255,-0.665,0.672,-48.25,34.03,7.72,3,3
18354.578,0.268,-0.672,0.673,-50.54,31.56,10.13,3,3
18354.578,0.258,-0.69,0.658,-52.49,29.18,10.35,3,3
18354.593,0.228,-0.723,0.652,-53.41,24.72,8.82,3,3
18354.593,0.224,-0.732,0.644,-50.48,17.79,5.4,3,3
18354.609,0.228,-0.728,0.599,-44.92,11.41,0.46,3,3
18354.625,0.251,-0.718,0.564,-41.66,7.54,-4.0,3,3
18354.625,0.287,-0.698,0.559,-39.52,6.32,-8.42,3,3
18354.64,0.266,-0.67,0.557,-35.83,6.65,-12.27,3,3
18354.656,0.228,-0.644,0.54,-33.57,5.25,-13.03,3,3
18354.656,0.207,-0.602,0.526,-32.72,1.8,-11.2,3,3
18354.671,0.173,-0.594,0.501,-31.77,-1.31,-6.26,3,3
18354.687,0.176,-0.606,0.477,-32.35,-2.78,2.87,3,3
18354.687,0.222,-0.634,0.448,-33.42,-1.65,13.03,3,3
18354.703,0.233,-0.681,0.432,-33.69,2.41,19.87,3,3
18354.703,0.245,-0.722,0.428,-32.9,6.2,22.89,3,3
18354.718,0.235,-0.76,0.432,-30.15,8.51,22.4,3,3
18354.734,0.196,-0.798,0.429,-26.89,10.19,20.36,3,3
18354.734,0.185,-0.816,0.42,-24.66,10.96,18.74,3,3
18354.75,0.178,-0.842,0.428,-24.08,12.36,17.64,3,3
18354.765,0.152,-0.89,0.431,-25.82,13.43,16.11,3,3
18354.781,0.175,-0.929,0.442,-26.64,12.82,11.84,3,3
18354.781,0.199,-0.948,0.474,-21.79,11.57,3.57,3,3
18354.796,0.192,-0.949,0.482,-14.65,9.13,-6.96,3,3
18354.796,0.193,-0.956,0.482,-9.06,4.21,-19.5,3,3
18354.812,0.2,-0.963,0.484,-2.84,-1.4,-33.17,3,3
18354.828,0.194,-0.987,0.461,4.76,-6.56,-45.81,3,3
18354.828,0.219,-1.001,0.433,10.83,-10.28,-56.98,3,3
18354.843,0.24,-0.979,0.449,14.77,-11.51,-67.69,3,3
18354.843,0.215,-0.96,0.501,17.82,-12.24,-76.48,3,3
18354.859,0.191,-0.933,0.555,20.29,-16.69,-80.81,3,3
18354.875,0.15,-0.92,0.539,22.68,-24.26,-81.15,3,3
18354.875,0.177,-0.934,0.491,19.65,-33.6,-79.1,3,3
18354.89,0.256,-0.96,0.465,16.48,-40.99,-81.27,3,3
18354.906,0.287,-0.986,0.443,21.12,-43.86,-88.75,3,3
18354.906,0.318,-0.972,0.438,30.0,-45.2,-97.93,3,3
18354.921,0.316,-0.852,0.413,37.48,-45.44,-105.87,3,3
18354.937,0.352,-0.727,0.407,37.05,-45.84,-106.02,3,3
18354.937,0.409,-0.624,0.418,29.91,-44.65,-96.04,3,3
18354.953,0.373,-0.538,0.409,22.13,-40.68,-80.81,3,3
18354.953,0.348,-0.51,0.378,14.74,-37.81,-62.69,3,3
18354.968,0.392,-0.524,0.339,9.58,-35.25,-43.67,3,3
18354.984,0.462,-0.547,0.31,7.14,-29.05,-24.35,3,3
18355.0,0.495,-0.556,0.313,3.94,-18.52,-6.87,3,3
18355.0,0.462,-0.57,0.356,-1.4,-7.66,7.78,3,3
18355.015,0.422,-0.585,0.417,-6.68,-0.98,21.73,3,3
18355.015,0.407,-0.586,0.458,-9.86,0.49,35.1,3,3
18355.031,0.39,-0.605,0.471,-12.39,-0.79,47.43,3,3
18355.046,0.383,-0.639,0.451,-16.27,-2.75,58.44,3,3
18355.046,0.382,-0.689,0.423,-19.59,-4.21,66.65,3,3
18355.062,0.336,-0.754,0.386,-20.26,-3.91,73.21,3,3
18355.078,0.311,-0.803,0.334,-21.64,-1.25,79.01,3,3
18355.078,0.294,-0.857,0.296,-24.78,3.88,83.04,3,3
18355.093,0.282,-0.913,0.285,-28.6,10.47,84.6,3,3
18355.109,0.284,-0.948,0.292,-30.27,17.12,83.19,3,3
18355.109,0.284,-0.959,0.328,-29.48,23.35,79.84,3,3
18355.125,0.259,-0.937,0.373,-28.11,28.26,75.93,3,3
18355.14,0.242,-0.928,0.402,-28.32,29.66,73.09,3,3
18355.14,0.255,-0.928,0.425,-29.54,28.75,70.38,3,3
18355.156,0.262,-0.916,0.431,-30.4,26.09,64.52,3,3
18355.156,0.266,-0.92,0.441,-27.71,24.14,59.79,3,3
18355.171,0.259,-0.928,0.434,-24.2,21.55,54.32,3,3
18355.187,0.259,-0.919,0.389,-22.86,20.48,49.26,3,3
18355.187,0.263,-0.921,0.389,-22.58,21.7,44.34,3,3
18355.203,0.255,-0.907,0.403,-20.36,24.45,39.22,3,3
18355.218,0.254,-0.891,0.434,-17.06,25.85,35.52,3,3
18355.218,0.251,-0.871,0.477,-15.59,25.24,33.78,3,3
18355.234,0.243,-0.869,0.51,-15.02,21.82,31.65,3,3
18355.234,0.219,-0.873,0.529,-12.7,16.57,29.6,3,3
18355.25,0.203,-0.879,0.518,-9.46,10.28,28.72,3,3
18355.265,0.212,-0.898,0.481,-7.84,4.52,27.99,3,3
18355.265,0.214,-0.923,0.443,-7.93,1.4,26.09,3,3
18355.281,0.21,-0.944,0.417,-7.84,0.79,23.56,3,3
18355.296,0.203,-0.951,0.401,-6.16,2.08,21.39,3,3
18355.296,0.186,-0.948,0.397,-4.94,4.18,19.44,3,3
18355.312,0.171,-0.948,0.419,-4.85,5.31,17.55,3,3
18355.312,0.157,-0.959,0.449,-4.33,4.7,14.95,3,3
18355.328,0.146,-0.98,0.466,-1.62,2.23,11.17,3,3
18355.343,0.126,-0.991,0.484,3.3,-2.17,4.97,3,3
18355.343,0.095,-0.997,0.475,9.06,-8.88,-3.05,3,3
18355.359,0.105,-1.008,0.449,13.34,-16.69,-10.77,3,3
18355.375,0.126,-0.996,0.404,16.6,-22.0,-18.07,3,3
18355.375,0.133,-0.983,0.354,17.55,-23.22,-23.77,3,3
18355.39,0.137,-0.961,0.316,16.36,-20.72,-26.67,3,3
18355.406,0.132,-0.938,0.299,14.71,-16.02,-26.58,3,3
18355.421,0.129,-0.918,0.294,12.27,-10.56,-24.26,3,3
18355.421,0.148,-0.896,0.303,9.58,-5.4,-20.97,3,3
18355.421,0.149,-0.873,0.312,8.18,-0.09,-16.75,3,3
18355.437,0.147,-0.842,0.326,6.01,3.91,-11.23,3,3
18355.453,0.163,-0.816,0.348,2.35,6.74,-4.7,3,3
18355.468,0.171,-0.821,0.363,-1.53,9.31,2.96,3,3
18355.468,0.183,-0.847,0.371,-5.49,11.9,10.53,3,3
18355.484,0.206,-0.894,0.38,-7.93,13.86,15.05,3,3
18355.484,0.204,-0.924,0.388,-8.0,15.9,16.14,3,3
18355.5,0.19,-0.943,0.397,-7.66,16.91,14.98,3,3
18355.515,0.192,-0.96,0.409,-7.35,16.42,12.36,3,3
18355.515,0.202,-0.966,0.415,-5.58,15.69,8.21,3,3
18355.531,0.195,-0.947,0.432,-3.11,15.47,3.81,3,3
18355.546,0.162,-0.931,0.44,-1.22,14.71,0.92,3,3
18355.546,0.158,-0.936,0.446,-1.59,11.9,0.27,3,3
18355.562,0.177,-0.959,0.438,-2.01,8.88,-0.73,3,3
18355.578,0.193,-0.972,0.423,-0.73,7.02,-3.72,3,3
18355.578,0.207,-0.963,0.413,0.85,6.71,-7.42,3,3
18355.593,0.221,-0.941,0.411,1.01,7.23,-10.47,3,3
18355.593,0.225,-0.911,0.419,1.16,7.72,-12.45,3,3
18355.609,0.224,-0.886,0.424,1.46,8.42,-11.51,3,3
18355.625,0.231,-0.869,0.422,-0.09,8.64,-8.82,3,3
18355.625,0.237,-0.883,0.415,-2.75,8.36,-7.14,3,3
18355.64,0.242,-0.894,0.411,-3.88,8.45,-6.81,3,3
18355.656,0.231,-0.878,0.412,-2.69,8.82,-7.08,3,3
18355.656,0.223,-0.861,0.414,-1.68,9.03,-5.83,3,3
18355.671,0.241,-0.852,0.409,-2.5,8.61,-4.03,3,3
18355.687,0.255,-0.848,0.415,-3.3,8.76,-2.47,3,3
18355.687,0.252,-0.844,0.427,-3.39,9.64,-0.15,3,3
18355.703,0.244,-0.847,0.432,-3.51,9.83,2.47,3,3
18355.718,0.232,-0.859,0.442,-4.55,9.25,4.76,3,3
18355.718,0.228,-0.873,0.447,-5.68,7.39,5.95,3,3
18355.734,0.241,-0.897,0.444,-4.97,4.55,4.46,3,3
18355.734,0.252,-0.905,0.436,-1.37,2.62,1.22,3,3
18355.75,0.25,-0.883,0.435,2.5,1.4,-2.26,3,3
18355.765,0.239,-0.869,0.435,4.06,0.03,-3.94,3,3
18355.765,0.234,-0.863,0.433,4.21,-1.77,-3.54,3,3
18355.781,0.239,-0.872,0.422,4.0,-3.42,-2.53,3,3
18355.796,0.233,-0.88,0.411,4.15,-4.21,-1.86,3,3
18355.796,0.217,-0.886,0.395,4.24,-4.27,-1.34,3,3
18355.812,0.217,-0.896,0.377,2.99,-3.75,-0.79,3,3
18355.812,0.227,-0.898,0.373,1.74,-2.08,-0.55,3,3
18355.828,0.234,-0.898,0.383,1.43,0.55,-0.24,3,3
18355.843,0.235,-0.893,0.405,1.46,2.38,-0.31,3,3
18355.843,0.217,-0.883,0.442,2.32,2.2,-1.13,3,3
18355.859,0.2,-0.87,0.465,3.75,-0.24,-0.55,3,3
18355.875,0.204,-0.87,0.451,3.36,-4.49,1.13,3,3
18355.875,0.226,-0.898,0.423,2.2,-7.63,2.04,3,3
18355.89,0.243,-0.919,0.4,2.75,-8.09,1.46,3,3
18355.906,0.238,-0.924,0.378,4.21,-6.68,-0.43,3,3
18355.906,0.229,-0.925,0.368,4.79,-4.64,-2.66,3,3
18355.921,0.232,-0.922,0.376,4.67,-2.35,-4.3,3,3
18355.937,0.226,-0.915,0.389,4.94,0.06,-5.04,3,3
18355.937,0.212,-0.908,0.407,4.58,1.86,-4.3,3,3
18355.953,0.198,-0.907,0.425,2.84,2.2,-2.62,3,3
18355.953,0.198,-0.919,0.429,0.98,1.1,-1.07,3,3
18355.968,0.205,-0.919,0.433,-0.15,0.03,0.34,3,3
18355.984,0.212,-0.915,0.431,-0.7,-1.13,0.92,3,3
18355.984,0.218,-0.911,0.424,-1.68,-2.2,1.1,3,3
18356.0,0.217,-0.908,0.419,-2.17,-2.81,0.76,3,3
18356.015,0.217,-0.905,0.414,-1.22,-3.2,0.89,3,3
18356.031,0.208,-0.898,0.405,-0.7,-2.96,1.28,3,3
18356.031,0.209,-0.898,0.399,-1.01,-2.44,1.37,3,3
18356.046,0.213,-0.901,0.397,-1.28,-1.71,1.83,3,3
18356.046,0.213,-0.889,0.409,-1.8,-0.85,2.23,3,3
18356.062,0.208,-0.882,0.419,-1.77,-0.55,2.93,3,3
18356.078,0.207,-0.88,0.42,-1.37,-1.04,4.76,3,3
18356.078,0.208,-0.881,0.414,-1.19,-1.89,6.04,3,3
18356.093,0.202,-0.892,0.412,-1.5,-2.72,6.2,3,3
18356.093,0.197,-0.902,0.407,-1.28,-3.72,6.16,3,3
18356.109,0.205,-0.908,0.397,-0.61,-4.43,5.83,3,3
18356.125,0.213,-0.903,0.39,0.18,-4.52,5.28,3,3
18356.125,0.207,-0.895,0.393,0.92,-4.09,5.49,3,3
18356.14,0.195,-0.885,0.418,1.65,-5.37,6.87,3,3
18356.156,0.186,-0.876,0.428,1.86,-7.57,8.36,3,3
18356.156,0.185,-0.885,0.425,1.77,-9.0,8.73,3,3
18356.171,0.18,-0.943,0.369,1.59,-9.52,7.39,3,3
18356.187,0.195,-0.958,0.352,1.86,-8.45,4.7,3,3
18356.187,0.203,-0.954,0.347,2.53,-5.89,1.01,3,3
18356.203,0.205,-0.941,0.364,2.62,-2.72,-2.59,3,3
18356.218,0.187,-0.924,0.393,3.57,-0.55,-4.97,3,3
18356.218,0.183,-0.907,0.415,5.28,-1.77,-6.62,3,3
18356.234,0.189,-0.896,0.422,6.81,-4.09,-7.72,3,3
18356.25,0.19,-0.893,0.423,8.12,-6.04,-7.97,3,3
18356.25,0.198,-0.886,0.418,9.09,-7.45,-7.63,3,3
18356.265,0.202,-0.887,0.403,9.52,-8.06,-7.72,3,3
18356.265,0.211,-0.894,0.39,9.43,-7.84,-7.63,3,3
18356.281,0.216,-0.897,0.376,9.49,-6.81,-7.69,3,3
18356.296,0.226,-0.889,0.372,8.91,-4.91,-7.66,3,3
18356.296,0.213,-0.878,0.385,7.51,-2.01,-7.39,3,3
18356.312,0.192,-0.869,0.4,6.71,-0.03,-5.77,3,3
18356.328,0.193,-0.866,0.405,4.91,0.89,-2.62,3,3
18356.328,0.207,-0.878,0.409,2.62,1.31,-0.15,3,3
18356.343,0.209,-0.884,0.419,2.41,1.8,1.01,3,3
18356.343,0.205,-0.882,0.422,3.39,1.86,2.14,3,3
18356.359,0.218,-0.881,0.421,2.17,1.31,3.33,3,3
18356.375,0.222,-0.894,0.429,0.12,0.98,3.23,3,3
18356.375,0.204,-0.901,0.434,0.34,0.92,2.62,3,3
18356.39,0.199,-0.9,0.43,1.04,0.4,2.66,3,3
18356.406,0.205,-0.9,0.428,1.68,-0.52,2.56,3,3
18356.406,0.212,-0.898,0.422,2.26,-1.19,1.83,3,3
18356.421,0.221,-0.898,0.416,2.32,-1.28,0.52,3,3
18356.437,0.215,-0.894,0.426,2.29,-0.95,-0.64,3,3
18356.437,0.201,-0.889,0.427,3.08,-0.79,-0.34,3,3
18356.453,0.202,-0.89,0.418,3.27,-1.04,0.79,3,3
18356.468,0.208,-0.903,0.415,2.26,-0.98,1.4,3,3
18356.468,0.216,-0.911,0.42,1.5,-0.73,1.4,3,3
18356.484,0.211,-0.91,0.427,1.16,-0.18,1.04,3,3
18356.484,0.204,-0.918,0.425,0.49,-0.15,0.15,3,3
18356.5,0.204,-0.928,0.419,-0.31,0.0,-1.04,3,3
18356.515,0.208,-0.928,0.419,-0.24,0.61,-2.62,3,3
18356.515,0.195,-0.927,0.424,0.55,1.4,-4.09,3,3
18356.531,0.188,-0.923,0.435,1.68,1.25,-5.13,3,3
18356.546,0.19,-0.911,0.438,2.23,0.18,-5.68,3,3
18356.562,0.2,-0.915,0.437,1.31,-1.28,-6.13,3,3
18356.562,0.205,-0.908,0.443,1.59,-1.89,-6.9,3,3
18356.578,0.195,-0.89,0.438,3.33,-2.17,-6.96,3,3
18356.578,0.197,-0.874,0.428,2.75,-2.66,-5.37,3,3
18356.593,0.209,-0.883,0.418,0.37,-3.02,-3.85,3,3
18356.593,0.221,-0.902,0.409,-0.64,-2.35,-3.3,3,3
18356.609,0.218,-0.909,0.403,-0.06,-0.79,-3.54,3,3
18356.625,0.204,-0.91,0.397,-0.06,0.89,-4.3,3,3
18356.625,0.207,-0.91,0.402,-1.13,2.08,-5.01,3,3
18356.64,0.218,-0.908,0.406,-1.71,3.14,-5.92,3,3
18356.656,0.215,-0.899,0.42,-1.13,4.39,-6.62,3,3
18356.656,0.199,-0.882,0.444,0.27,4.79,-6.68,3,3
18356.671,0.186,-0.866,0.46,1.46,3.2,-5.22,3,3
18356.687,0.184,-0.858,0.455,0.73,0.49,-2.66,3,3
18356.687,0.206,-0.87,0.429,-0.89,-1.83,-0.43,3,3
18356.703,0.227,-0.885,0.409,-1.83,-2.17,0.43,3,3
18356.703,0.231,-0.89,0.397,-1.65,-0.79,0.34,3,3
18356.718,0.227,-0.886,0.4,-1.53,1.65,0.09,3,3
18356.734,0.224,-0.882,0.416,-1.28,3.17,0.34,3,3
18356.734,0.223,-0.873,0.436,-1.25,3.54,0.76,3,3
18356.75,0.211,-0.869,0.456,-1.16,2.93,1.62,3,3
18356.765,0.205,-0.869,0.462,-1.22,0.73,2.9,3,3
18356.781,0.212,-0.883,0.445,-2.08,-1.98,3.42,3,3
18356.781,0.216,-0.902,0.429,-2.17,-3.48,2.59,3,3
18356.796,0.22,-0.908,0.416,-0.95,-3.88,0.89,3,3
18356.796,0.223,-0.908,0.407,0.7,-3.6,-1.5,3,3
18356.812,0.223,-0.9,0.409,2.01,-2.84,-3.69,3,3
18356.828,0.225,-0.887,0.415,2.38,-1.86,-4.36,3,3
18356.828,0.218,-0.875,0.428,2.2,-1.22,-4.15,3,3
18356.843,0.21,-0.869,0.437,1.8,-1.43,-2.5,3,3
18356.859,0.22,-0.867,0.436,0.43,-2.32,0.12,3,3
18356.859,0.219,-0.878,0.431,-1.22,-2.87,1.59,3,3
18356.875,0.216,-0.894,0.424,-1.89,-3.17,2.32,3,3
18356.875,0.227,-0.898,0.413,-1.8,-3.48,2.44,3,3
18356.89,0.237,-0.907,0.4,-0.95,-2.87,0.95,3,3
18356.906,0.243,-0.905,0.399,-0.31,-1.28,-0.82,3,3
18356.906,0.24,-0.892,0.41,0.24,0.46,-1.89,3,3
18356.921,0.231,-0.88,0.428,0.27,1.59,-1.89,3,3
18356.937,0.222,-0.875,0.445,0.18,1.46,-0.89,3,3
18356.937,0.215,-0.871,0.453,0.43,0.18,0.92,3,3
18356.953,0.204,-0.88,0.438,0.31,-1.5,2.69,3,3
18356.953,0.216,-0.898,0.417,-0.89,-3.05,3.72,3,3
18356.968,0.225,-0.916,0.402,-1.89,-3.17,3.39,3,3
18356.984,0.226,-0.923,0.394,-1.13,-1.89,2.04,3,3
18356.984,0.224,-0.914,0.4,0.67,-0.12,0.43,3,3
18357.0,0.217,-0.899,0.417,1.62,1.28,-0.58,3,3
18357.015,0.214,-0.892,0.431,0.92,1.62,-0.61,3,3
18357.015,0.221,-0.896,0.444,-0.18,1.04,-0.09,3,3
18357.031,0.217,-0.901,0.451,-0.03,0.03,-0.12,3,3
18357.046,0.206,-0.898,0.447,0.76,-1.56,-0.73,3,3
18357.046,0.21,-0.898,0.43,1.16,-3.42,-1.43,3,3
18357.062,0.225,-0.9,0.417,1.5,-4.64,-2.2,3,3
18357.078,0.237,-0.898,0.402,2.23,-4.43,-3.23,3,3
18357.078,0.242,-0.888,0.397,2.41,-2.93,-3.97,3,3
18357.093,0.23,-0.873,0.41,2.11,-0.98,-3.85,3,3
18357.093,0.221,-0.866,0.419,0.73,-0.12,-2.38,3,3
18357.109,0.22,-0.877,0.418,-1.5,0.06,-0.85,3,3
18357.125,0.221,-0.893,0.422,-0.67,0.03,-0.76,3,3
18357.125,0.213,-0.884,0.42,-0.52,-0.06,0.03,3,3
18357.14,0.211,-0.872,0.421,-1.65,-0.43,0.82,3,3
18357.156,0.224,-0.872,0.431,-1.34,-0.37,1.01,3,3
18357.156,0.217,-0.864,0.432,-0.61,-0.89,1.98,3,3
18357.171,0.227,-0.878,0.417,-1.5,-1.89,2.93,3,3
18357.187,0.238,-0.9,0.408,-2.35,-2.08,2.23,3,3
18357.187,0.24,-0.91,0.403,-1.1,-1.16,0.58,3,3
18357.203,0.23,-0.905,0.406,0.67,0.55,-0.92,3,3
18357.218,0.213,-0.892,0.413,1.4,1.37,-1.98,3,3
18357.218,0.205,-0.879,0.432,1.13,1.01,-2.08,3,3
18357.234,0.201,-0.873,0.442,0.49,0.34,-0.7,3,3
18357.234,0.212,-0.875,0.436,-0.73,-0.37,1.98,3,3
18357.25,0.221,-0.88,0.437,-1.89,-0.7,3.48,3,3
18357.265,0.224,-0.892,0.441,-2.78,-1.22,3.63,3,3
18357.265,0.231,-0.898,0.433,-2.9,-2.2,3.02,3,3
18357.281,0.235,-0.903,0.426,-1.98,-2.29,2.2,3,3
18357.296,0.23,-0.904,0.42,-0.43,-2.08,1.1,3,3
18357.312,0.221,-0.902,0.416,0.64,-2.35,-0.55,3,3
18357.312,0.22,-0.904,0.416,1.16,-2.62,-2.35,3,3
18357.328,0.223,-0.904,0.417,2.08,-2.81,-4.03,3,3
18357.328,0.219,-0.894,0.42,3.2,-2.75,-5.68,3,3
18357.343,0.222,-0.879,0.428,3.63,-3.02,-6.44,3,3
18357.359,0.227,-0.874,0.437,3.08,-3.39,-5.92,3,3
18357.359,0.218,-0.865,0.459,2.59,-4.3,-5.19,3,3
18357.375,0.198,-0.86,0.46,3.05,-6.32,-3.69,3,3
18357.375,0.199,-0.866,0.436,2.04,-9.03,-1.22,3,3
18357.39,0.229,-0.898,0.402,0.09,-10.9,-0.58,3,3
18357.406,0.243,-0.924,0.38,-0.31,-9.98,-1.68,3,3
18357.406,0.241,-0.925,0.372,0.85,-6.5,-2.41,3,3
18357.421,0.235,-0.907,0.376,1.71,-2.66,-2.01,3,3
18357.437,0.222,-0.897,0.39,1.31,0.24,-1.71,3,3
18357.437,0.218,-0.899,0.404,-0.18,1.74,-1.62,3,3
18357.453,0.219,-0.888,0.425,-0.58,2.11,-1.71,3,3
18357.468,0.205,-0.87,0.442,0.58,1.89,-0.46,3,3
18357.468,0.211,-0.862,0.438,0.03,0.58,2.26,3,3
18357.484,0.227,-0.878,0.434,-1.74,-1.1,3.54,3,3
18357.484,0.226,-0.897,0.436,-1.59,-2.11,3.11,3,3
18357.5,0.225,-0.907,0.425,-0.18,-2.9,2.47,3,3
18357.515,0.227,-0.915,0.41,0.46,-3.48,0.85,3,3
18357.531,0.221,-0.925,0.4,0.85,-3.05,-1.62,3,3
18357.531,0.22,-0.918,0.394,1.28,-2.04,-3.33,3,3
18357.546,0.216,-0.902,0.398,1.28,-0.52,-3.91,3,3
18357.546,0.222,-0.897,0.398,0.18,0.95,-3.72,3,3
18357.562,0.222,-0.892,0.422,-0.61,1.89,-3.2,3,3
18357.578,0.22,-0.889,0.431,0.03,2.01,-2.66,3,3
18357.578,0.216,-0.874,0.444,0.27,1.5,-1.31,3,3
18357.593,0.216,-0.879,0.438,-0.46,0.12,0.21,3,3
18357.609,0.223,-0.894,0.429,-1.98,-1.22,1.37,3,3
18357.609,0.235,-0.91,0.418,-2.44,-1.65,1.1,3,3
18357.625,0.236,-0.916,0.409,-1.71,-0.92,-0.37,3,3
18357.625,0.226,-0.91,0.412,-0.52,0.09,-1.89,3,3
18357.64,0.218,-0.897,0.419,-0.09,0.43,-2.78,3,3
18357.656,0.219,-0.895,0.42,-0.37,0.0,-2.84,3,3
18357.656,0.227,-0.891,0.423,-0.37,-0.55,-3.05,3,3
18357.671,0.231,-0.879,0.421,0.15,-0.61,-3.02,3,3
18357.687,0.224,-0.869,0.417,-0.37,-0.4,-1.62,3,3
18357.687,0.223,-0.877,0.412,-2.01,-0.21,-0.09,3,3
18357.703,0.222,-0.892,0.419,-2.62,0.18,0.55,3,3
18357.718,0.219,-0.892,0.421,-1.4,0.49,0.49,3,3
18357.718,0.222,-0.887,0.417,-0.31,0.52,0.46,3,3
18357.734,0.231,-0.886,0.418,-1.13,0.52,0.55,3,3
18357.734,0.239,-0.889,0.427,-2.04,0.43,-0.21,3,3
18357.75,0.225,-0.881,0.432,-1.01,0.18,-0.76,3,3
18357.765,0.214,-0.864,0.417,-0.7,-0.46,0.82,3,3
18357.765,0.228,-0.865,0.399,-3.11,-1.19,3.08,3,3
18357.781,0.234,-0.876,0.403,-4.52,-0.21,4.64,3,3
18357.796,0.227,-0.876,0.407,-3.3,1.4,6.13,3,3
18357.796,0.23,-0.873,0.411,-2.41,2.38,7.35,3,3
18357.812,0.236,-0.883,0.418,-2.93,2.5,7.17,3,3
18357.828,0.24,-0.9,0.432,-2.11,2.29,5.89,3,3
18357.828,0.236,-0.907,0.429,-0.31,1.92,4.58,3,3
18357.843,0.22,-0.913,0.425,0.12,1.37,2.78,3,3
18357.843,0.207,-0.92,0.426,-0.18,0.61,0.85,3,3
18357.859,0.206,-0.919,0.425,-0.64,-0.61,-0.37,3,3
18357.875,0.223,-0.925,0.422,-0.95,-1.65,-2.01,3,3
18357.875,0.224,-0.92,0.424,0.52,-1.89,-4.15,3,3
18357.89,0.214,-0.895,0.434,2.56,-2.01,-5.98,3,3
18357.906,0.206,-0.873,0.431,3.05,-2.96,-5.83,3,3
18357.906,0.222,-0.875,0.419,1.4,-4.33,-4.67,3,3
18357.921,0.241,-0.891,0.401,0.61,-4.64,-3.75,3,3
18357.937,0.243,-0.899,0.389,0.92,-3.39,-2.99,3,3
18357.937,0.237,-0.896,0.387,1.16,-1.5,-2.53,3,3
18357.953,0.221,-0.887,0.398,1.13,0.27,-2.04,3,3
18357.968,0.214,-0.877,0.407,0.18,1.25,-0.82,3,3
18357.968,0.218,-0.882,0.416,-1.34,1.28,0.61,3,3
18357.984,0.231,-0.897,0.419,-2.01,1.01,0.67,3,3
18357.984,0.23,-0.898,0.424,-1.37,0.95,-0.15,3,3
18358.0,0.219,-0.891,0.428,-0.55,1.04,-0.61,3,3
18358.015,0.223,-0.883,0.43,-1.04,0.61,0.15,3,3
18358.015,0.236,-0.89,0.425,-1.95,-0.31,0.58,3,3
18358.031,0.242,-0.905,0.426,-1.77,-0.67,-0.12,3,3
18358.046,0.23,-0.91,0.419,-0.24,-0.82,-1.59,3,3
18358.046,0.223,-0.904,0.416,1.04,-1.31,-3.08,3,3
18358.062,0.215,-0.897,0.41,1.46,-1.71,-4.18,3,3
18358.062,0.218,-0.892,0.407,1.25,-1.89,-4.39,3,3
18358.078,0.227,-0.885,0.403,0.92,-1.68,-4.64,3,3
18358.093,0.224,-0.873,0.402,0.85,-0.89,-4.27,3,3
18358.093,0.224,-0.867,0.405,-0.82,-0.24,-0.49,3,3
18358.109,0.234,-0.869,0.408,-1.53,0.15,0.46,3,3
18358.125,0.227,-0.878,0.414,-1.07,-0.09,0.89,3,3
18358.125,0.226,-0.886,0.413,-0.06,-0.52,0.67,3,3
18358.14,0.226,-0.889,0.408,0.73,-0.61,-0.03,3,3
18358.156,0.231,-0.884,0.407,0.82,-0.27,0.21,3,3
18358.156,0.24,-0.884,0.404,0.15,0.31,0.61,3,3
18358.171,0.238,-0.89,0.417,-0.37,0.85,0.12,3,3
18358.187,0.224,-0.886,0.425,0.34,1.19,-0.18,3,3
18358.187,0.217,-0.873,0.425,0.37,0.76,0.4,3,3
18358.203,0.226,-0.876,0.415,-0.85,0.0,1.37,3,3
18358.218,0.229,-0.883,0.415,-1.22,-0.21,2.08,3,3
18358.218,0.229,-0.881,0.417,-0.31,0.21,2.78,3,3
18358.234,0.225,-0.879,0.417,-0.67,0.79,4.18,3,3
18358.25,0.229,-0.894,0.42,-2.38,0.92,4.76,3,3
18358.265,0.232,-0.911,0.426,-2.5,1.1,3.94,3,3
18358.265,0.227,-0.918,0.429,-1.04,1.16,2.56,3,3
18358.281,0.225,-0.914,0.436,0.4,0.4,1.1,3,3
18358.296,0.215,-0.906,0.445,1.16,-1.43,-0.43,3,3
18358.312,0.213,-0.909,0.433,1.19,-3.39,-1.46,3,3
18358.312,0.224,-0.908,0.417,1.28,-4.58,-2.01,3,3
18358.328,0.225,-0.898,0.4,1.53,-4.52,-2.2,3,3
18358.343,0.224,-0.889,0.391,0.82,-3.42,-1.5,3,3
18358.343,0.229,-0.893,0.388,-0.31,-1.83,-0.24,3,3
18358.359,0.227,-0.896,0.402,-0.7,0.18,0.95,3,3
18358.375,0.223,-0.895,0.413,-0.43,1.53,1.68,3,3
18358.375,0.224,-0.898,0.424,-0.46,1.62,1.5,3,3
18358.39,0.221,-0.911,0.424,-0.31,0.89,0.4,3,3
18358.406,0.224,-0.916,0.419,0.52,-0.06,-1.16,3,3
18358.406,0.22,-0.908,0.419,1.31,-0.49,-2.72,3,3
18358.421,0.211,-0.902,0.425,1.31,-1.01,-3.75,3,3
18358.437,0.215,-0.897,0.426,1.62,-1.98,-3.91,3,3
18358.453,0.22,-0.892,0.425,2.11,-2.87,-3.42,3,3
18358.453,0.226,-0.889,0.418,1.86,-3.57,-2.99,3,3
18358.468,0.222,-0.889,0.407,1.37,-3.48,-2.47,3,3
18358.468,0.22,-0.89,0.398,0.79,-2.59,-1.77,3,3
18358.484,0.221,-0.888,0.392,0.09,-1.4,-0.98,3,3
18358.484,0.224,-0.89,0.395,-0.73,-0.06,-0.06,3,3
18358.5,0.228,-0.89,0.403,-0.95,1.19,0.4,3,3
18358.5,0.227,-0.891,0.407,-0.82,1.98,0.73,3,3
18358.515,0.23,-0.892,0.411,-0.98,1.98,0.79,3,3
18358.515,0.228,-0.894,0.419,-1.01,1.83,0.31,3,3
18358.531,0.219,-0.891,0.425,-0.24,1.46,-0.21,3,3
18358.531,0.218,-0.888,0.418,0.06,0.7,-0.37,3,3
18358.546,0.221,-0.893,0.415,-0.21,-0.03,-0.85,3,3
18358.562,0.22,-0.892,0.416,-0.12,-0.24,-1.37,3,3
18358.562,0.22,-0.887,0.414,0.03,-0.31,-1.34,3,3
18358.578,0.227,-0.886,0.408,-0.18,0.0,-1.01,3,3
18358.578,0.23,-0.887,0.406,-0.12,0.67,-0.76,3,3
18358.593,0.228,-0.889,0.413,-0.06,1.43,-0.79,3,3
18358.593,0.228,-0.888,0.421,-0.21,1.43,-0.58,3,3
18358.609,0.223,-0.888,0.428,-0.31,1.07,-0.12,3,3
18358.625,0.218,-0.886,0.419,-0.27,0.7,0.37,3,3
18358.625,0.222,-0.889,0.41,-0.67,0.03,0.92,3,3
18358.64,0.225,-0.895,0.405,-1.5,0.12,0.73,3,3
18358.656,0.235,-0.904,0.409,-1.28,0.58,-0.24,3,3
18358.656,0.237,-0.9,0.413,0.31,1.56,-1.28,3,3
18358.671,0.229,-0.886,0.423,1.28,2.26,-1.71,3,3
18358.687,0.222,-0.878,0.434,0.61,1.83,-1.77,3,3
18358.687,0.216,-0.884,0.431,0.06,0.43,-1.56,3,3
18358.703,0.211,-0.889,0.427,0.55,-1.13,-1.5,3,3
18358.718,0.215,-0.885,0.415,1.74,-2.17,-1.16,3,3
18358.718,0.229,-0.881,0.404,1.74,-2.32,-0.76,3,3
18358.734,0.235,-0.883,0.4,1.04,-1.25,-0.67,3,3
18358.75,0.235,-0.881,0.407,0.73,0.21,-0.06,3,3
18358.75,0.233,-0.882,0.41,0.58,1.37,1.01,3,3
18358.765,0.231,-0.89,0.412,0.0,2.04,1.4,3,3
18358.765,0.227,-0.899,0.421,-0.34,2.04,1.43,3,3
18358.781,0.225,-0.901,0.427,0.0,1.77,1.4,3,3
18358.796,0.225,-0.903,0.429,0.06,1.04,0.79,3,3
18358.796,0.224,-0.9,0.441,0.82,0.12,-0.21,3,3
18358.812,0.223,-0.891,0.438,1.71,-1.19,-0.52,3,3
18358.812,0.231,-0.891,0.428,1.1,-2.53,-0.61,3,3
18358.828,0.235,-0.905,0.418,0.46,-2.9,-1.46,3,3
18358.843,0.232,-0.907,0.404,0.58,-2.35,-2.47,3,3
18358.843,0.232,-0.899,0.397,0.49,-1.28,-3.48,3,3
18358.859,0.234,-0.895,0.398,0.49,0.12,-4.3,3,3
18358.875,0.232,-0.883,0.41,1.13,1.37,-4.73,3,3
18358.89,0.224,-0.869,0.425,1.65,1.77,-4.39,3,3
18358.89,0.225,-0.863,0.433,1.71,1.25,-3.11,3,3
18358.906,0.224,-0.862,0.433,1.16,0.15,-1.25,3,3
18358.906,0.231,-0.873,0.425,0.03,-0.64,-0.12,3,3
18358.921,0.244,-0.882,0.42,-0.18,-0.76,0.55,3,3
18358.937,0.239,-0.884,0.416,0.79,-0.34,0.85,3,3
18358.937,0.237,-0.882,0.418,1.07,0.03,1.16,3,3
18358.953,0.237,-0.888,0.418,0.76,-0.06,0.89,3,3
18358.968,0.233,-0.896,0.422,1.01,-0.21,0.09,3,3
18358.968,0.227,-0.894,0.415,1.98,-0.24,-0.76,3,3
18358.984,0.22,-0.893,0.406,2.26,-0.15,-1.31,3,3
18358.984,0.216,-0.887,0.413,1.98,0.03,-1.46,3,3
18359.0,0.216,-0.882,0.415,1.74,0.49,-0.52,3,3
18359.015,0.225,-0.887,0.424,0.82,0.98,0.21,3,3
18359.015,0.232,-0.892,0.437,0.7,1.04,0.0,3,3
18359.031,0.228,-0.886,0.446,1.31,0.7,-0.27,3,3
18359.046,0.226,-0.879,0.446,1.5,-0.31,-0.21,3,3
18359.046,0.226,-0.884,0.438,0.95,-1.5,0.18,3,3
18359.062,0.232,-0.897,0.424,0.24,-2.17,0.43,3,3
18359.078,0.228,-0.902,0.419,0.4,-2.11,0.12,3,3
18359.078,0.216,-0.892,0.416,1.16,-1.37,0.18,3,3
18359.093,0.219,-0.88,0.416,-0.89,-0.67,2.2,3,3
18359.109,0.23,-0.884,0.417,-0.85,0.12,3.23,3,3
18359.109,0.229,-0.884,0.425,-1.28,0.7,5.04,3,3
18359.125,0.224,-0.886,0.427,-2.93,0.61,6.47,3,3
18359.125,0.232,-0.902,0.422,-4.09,0.46,7.14,3,3
18359.14,0.238,-0.916,0.418,-3.91,0.79,7.05,3,3
18359.156,0.23,-0.919,0.419,-2.69,1.62,5.71,3,3
18359.156,0.225,-0.916,0.427,-1.83,1.5,3.97,3,3
18359.171,0.228,-0.908,0.435,-1.4,0.49,2.62,3,3
18359.187,0.226,-0.909,0.436,-1.28,-0.43,1.62,3,3
18359.187,0.237,-0.905,0.431,-0.61,-1.28,0.73,3,3
18359.203,0.242,-0.887,0.425,0.43,-1.86,-0.18,3,3
18359.203,0.241,-0.871,0.416,0.31,-1.89,0.12,3,3
18359.218,0.247,-0.864,0.416,-0.67,-1.56,1.65,3,3
18359.234,0.244,-0.867,0.411,-1.07,-1.01,3.36,3,3
18359.234,0.246,-0.869,0.403,-1.5,-0.18,5.01,3,3
18359.25,0.256,-0.869,0.408,-2.08,0.49,6.07,3,3
18359.265,0.258,-0.865,0.421,-2.23,1.4,7.23,3,3
18359.265,0.267,-0.865,0.428,-2.2,1.34,9.0,3,3
18359.281,0.292,-0.87,0.44,-2.44,0.76,11.29,3,3
18359.296,0.321,-0.877,0.447,-3.27,0.34,14.07,3,3
18359.296,0.335,-0.888,0.458,-5.07,0.64,16.08,3,3
18359.312,0.335,-0.902,0.472,-6.71,-0.09,16.6,3,3
18359.328,0.33,-0.916,0.477,-6.93,-2.66,15.53,3,3
18359.328,0.325,-0.916,0.468,-5.52,-5.98,12.79,3,3
18359.343,0.33,-0.904,0.465,-3.66,-8.64,9.09,3,3
18359.343,0.326,-0.895,0.467,-1.65,-10.1,5.71,3,3
18359.359,0.328,-0.888,0.463,-0.27,-11.26,3.6,3,3
18359.375,0.347,-0.887,0.458,0.58,-12.85,1.95,3,3
18359.39,0.36,-0.88,0.463,1.83,-14.16,0.46,3,3
18359.39,0.356,-0.86,0.476,3.2,-15.35,0.03,3,3
18359.406,0.348,-0.844,0.487,3.36,-17.58,0.64,3,3
18359.406,0.346,-0.838,0.486,2.66,-21.3,1.56,3,3
18359.421,0.356,-0.842,0.471,2.69,-25.27,2.01,3,3
18359.437,0.367,-0.836,0.449,3.57,-27.8,2.47,3,3
18359.437,0.354,-0.822,0.426,3.91,-28.66,3.48,3,3
18359.453,0.339,-0.813,0.407,2.81,-28.63,5.31,3,3
18359.453,0.338,-0.811,0.404,1.59,-28.02,7.54,3,3
18359.468,0.34,-0.802,0.407,1.74,-26.95,10.1,3,3
18359.484,0.332,-0.794,0.423,1.77,-25.51,12.42,3,3
18359.5,0.325,-0.794,0.443,1.74,-24.48,14.74,3,3
18359.5,0.333,-0.793,0.455,1.34,-24.26,17.88,3,3
18359.515,0.333,-0.8,0.463,0.0,-24.84,21.21,3,3
18359.515,0.327,-0.823,0.475,-0.37,-26.64,23.1,3,3
18359.531,0.326,-0.825,0.48,0.98,-28.96,23.83,3,3
18359.546,0.33,-0.828,0.479,1.34,-30.76,23.59,3,3
18359.546,0.327,-0.842,0.49,1.16,-32.23,22.83,3,3
18359.562,0.315,-0.848,0.501,2.47,-33.94,22.13,3,3
18359.578,0.31,-0.85,0.494,3.54,-36.32,21.06,3,3
18359.578,0.306,-0.858,0.494,4.06,-38.85,18.65,3,3
18359.593,0.304,-0.855,0.487,6.07,-41.05,16.08,3,3
18359.593,0.308,-0.842,0.476,8.7,-42.79,15.44,3,3
18359.609,0.303,-0.828,0.47,9.55,-43.64,16.3,3,3
18359.625,0.281,-0.819,0.476,9.03,-44.22,18.07,3,3
18359.64,0.264,-0.81,0.481,7.93,-45.56,21.61,3,3
18359.64,0.263,-0.817,0.469,5.95,-47.12,24.63,3,3
18359.656,0.272,-0.832,0.458,4.73,-48.01,25.21,3,3
18359.656,0.265,-0.834,0.461,6.29,-47.85,23.77,3,3
18359.671,0.261,-0.828,0.468,9.37,-48.34,22.31,3,3
18359.687,0.255,-0.815,0.473,11.81,-49.13,21.36,3,3
18359.687,0.244,-0.814,0.473,12.54,-50.48,21.18,3,3
18359.703,0.246,-0.824,0.465,12.15,-52.46,21.7,3,3
18359.718,0.255,-0.833,0.456,12.57,-53.41,21.85,3,3
18359.718,0.257,-0.831,0.449,13.18,-53.07,21.7,3,3
18359.734,0.256,-0.826,0.459,13.55,-52.25,22.31,3,3
18359.734,0.246,-0.819,0.473,13.73,-51.7,23.35,3,3
18359.75,0.238,-0.825,0.486,13.67,-51.79,24.02,3,3
18359.765,0.234,-0.833,0.5,14.25,-52.98,24.72,3,3
18359.765,0.231,-0.838,0.502,14.92,-54.75,25.76,3,3
18359.781,0.243,-0.849,0.504,14.71,-56.58,25.79,3,3
18359.796,0.241,-0.854,0.514,15.63,-57.74,25.85,3,3
18359.796,0.23,-0.852,0.513,16.97,-58.9,26.43,3,3
18359.812,0.232,-0.859,0.506,16.82,-59.97,27.07,3,3
18359.828,0.235,-0.87,0.503,15.81,-60.34,26.34,3,3
18359.828,0.229,-0.884,0.518,15.02,-59.48,26.98,3,3
18359.843,0.216,-0.879,0.533,16.54,-57.65,28.2,3,3
18359.859,0.212,-0.856,0.536,17.58,-58.02,28.99,3,3
18359.859,0.209,-0.857,0.54,15.08,-58.63,29.54,3,3
18359.875,0.211,-0.879,0.55,11.23,-59.72,29.73,3,3
18359.89,0.209,-0.893,0.554,10.01,-60.76,29.73,3,3
18359.89,0.194,-0.881,0.55,11.29,-63.14,27.5,3,3
18359.906,0.183,-0.871,0.555,10.5,-65.58,25.36,3,3
18359.906,0.174,-0.867,0.559,9.37,-68.06,25.33,3,3
18359.921,0.185,-0.868,0.556,9.49,-68.82,27.13,3,3
18359.937,0.191,-0.874,0.546,10.71,-67.08,29.63,3,3
18359.937,0.178,-0.87,0.528,11.99,-66.04,31.68,3,3
18359.953,0.176,-0.868,0.518,12.51,-65.83,32.5,3,3
18359.968,0.149,-0.871,0.504,12.63,-67.11,32.56,3,3
18359.968,0.136,-0.872,0.506,11.96,-68.21,33.39,3,3
18359.984,0.124,-0.868,0.508,12.33,-66.87,34.55,3,3
18359.984,0.119,-0.872,0.499,12.6,-64.7,37.39,3,3
18360.0,0.119,-0.868,0.478,10.13,-64.52,40.96,3,3
18360.015,0.131,-0.878,0.478,6.41,-64.55,42.36,3,3
18360.015,0.112,-0.885,0.482,5.37,-63.39,41.11,3,3
18360.031,0.102,-0.877,0.489,6.44,-63.14,39.28,3,3
18360.046,0.077,-0.872,0.501,9.16,-62.75,37.42,3,3
18360.062,0.076,-0.87,0.509,11.11,-63.33,39.25,3,3
18360.062,0.083,-0.871,0.494,14.44,-61.86,44.92,3,3
18360.078,0.109,-0.779,0.442,4.06,-65.74,33.3,3,3
18360.078,0.091,-0.854,0.443,-4.39,-64.64,37.57,3,3
18360.093,0.095,-0.937,0.489,2.66,-62.14,40.38,3,3
18360.093,0.109,-0.927,0.458,8.61,-59.14,39.7,3,3
18360.109,0.078,-0.934,0.473,10.65,-57.19,41.23,3,3
18360.125,0.095,-0.904,0.459,11.9,-58.63,40.65,3,3
18360.14,0.119,-0.907,0.455,9.16,-60.95,35.86,3,3
18360.14,0.108,-0.953,0.487,7.2,-61.13,32.99,3,3
18360.156,0.105,-0.95,0.498,9.77,-61.49,34.42,3,3
18360.156,0.11,-0.928,0.489,11.69,-61.92,35.28,3,3
18360.171,0.096,-0.93,0.494,11.75,-62.59,34.67,3,3
18360.187,0.09,-0.922,0.497,11.99,-64.42,34.3,3,3
18360.187,0.069,-0.885,0.473,13.12,-65.95,34.03,3,3
18360.203,0.078,-0.859,0.439,12.97,-67.11,32.53,3,3
18360.218,0.07,-0.896,0.431,8.97,-65.71,34.85,3,3
18360.218,0.058,-0.909,0.428,8.48,-60.7,40.35,3,3
18360.234,0.059,-0.902,0.412,11.41,-56.76,43.12,3,3
18360.234,0.069,-0.891,0.426,11.26,-55.06,41.93,3,3
18360.25,0.077,-0.912,0.455,8.7,-52.77,40.83,3,3
18360.265,0.091,-0.923,0.482,7.14,-52.16,40.1,3,3
18360.265,0.067,-0.928,0.509,7.23,-53.16,38.48,3,3
18360.281,0.042,-0.952,0.527,7.14,-55.88,36.87,3,3
18360.296,0.055,-0.964,0.527,6.38,-60.21,35.83,3,3
18360.296,0.049,-0.971,0.508,5.71,-63.2,33.97,3,3
18360.312,0.053,-0.975,0.476,5.31,-65.0,31.22,3,3
18360.328,0.054,-0.953,0.45,5.8,-65.95,27.99,3,3
18360.328,0.035,-0.941,0.434,5.74,-64.58,26.61,3,3
18360.343,0.016,-0.932,0.433,5.22,-61.86,27.95,3,3
18360.359,0.015,-0.909,0.425,6.41,-59.48,29.39,3,3
18360.359,0.032,-0.87,0.403,5.98,-57.5,29.24,3,3
18360.375,0.031,-0.863,0.411,3.23,-55.79,28.44,3,3
18360.375,0.012,-0.875,0.434,2.38,-53.41,30.46,3,3
18360.39,0.021,-0.885,0.446,4.39,-51.67,33.75,3,3
18360.406,0.037,-0.903,0.457,7.66,-50.63,34.12,3,3
18360.421,0.035,-0.929,0.47,10.59,-50.75,31.13,3,3
18360.421,0.02,-0.943,0.471,12.7,-52.86,26.4,3,3
18360.437,0.03,-0.952,0.479,14.37,-55.97,20.51,3,3
18360.437,0.044,-0.952,0.473,16.85,-57.62,14.59,3,3
18360.453,0.048,-0.924,0.456,19.38,-58.66,9.34,3,3
18360.453,0.051,-0.893,0.464,21.58,-59.33,6.07,3,3
18360.468,0.045,-0.85,0.452,22.83,-59.05,6.07,3,3
18360.484,0.035,-0.823,0.433,21.12,-58.57,8.24,3,3
18360.5,0.02,-0.826,0.428,17.21,-57.53,12.3,3,3
18360.5,0.032,-0.854,0.423,14.53,-55.88,17.64,3,3
18360.515,0.043,-0.868,0.408,14.92,-53.77,21.45,3,3
18360.515,0.043,-0.892,0.402,16.11,-51.55,24.08,3,3
18360.531,0.042,-0.919,0.408,15.66,-48.89,27.25,3,3
18360.546,0.038,-0.945,0.413,15.38,-46.66,29.36,3,3
18360.546,0.033,-0.951,0.423,15.81,-44.37,29.39,3,3
18360.562,0.022,-0.958,0.44,15.08,-42.88,26.43,3,3
18360.578,0.015,-0.98,0.479,14.74,-43.0,21.85,3,3
18360.578,0.024,-0.987,0.492,17.4,-43.67,16.72,3,3
18360.593,0.044,-0.944,0.48,20.84,-46.02,10.01,3,3
18360.593,0.062,-0.904,0.481,23.71,-48.49,3.85,3,3
18360.609,0.068,-0.846,0.465,25.64,-48.92,2.59,3,3
18360.625,0.077,-0.794,0.453,24.48,-47.27,6.5,3,3
18360.625,0.057,-0.774,0.44,19.53,-43.55,13.0,3,3
18360.64,0.046,-0.784,0.435,14.47,-39.28,21.0,3,3
18360.656,0.068,-0.798,0.437,12.33,-34.91,28.84,3,3
18360.671,0.1,-0.819,0.436,10.8,-30.09,35.55,3,3
18360.671,0.12,-0.845,0.467,7.63,-25.42,40.62,3,3
18360.687,0.106,-0.863,0.508,5.4,-22.16,42.76,3,3
18360.687,0.078,-0.875,0.551,3.66,-21.91,42.63,3,3
18360.703,0.071,-0.906,0.579,4.21,-25.03,40.71,3,3
18360.718,0.08,-0.901,0.589,7.78,-29.69,38.15,3,3
18360.718,0.056,-0.893,0.567,9.61,-34.18,34.67,3,3
18360.734,0.024,-0.908,0.555,8.64,-38.24,31.68,3,3
18360.734,0.003,-0.92,0.516,8.85,-41.17,29.05,3,3
18360.75,0.011,-0.929,0.482,9.46,-41.66,27.41,3,3
18360.765,0.026,-0.925,0.456,9.89,-39.52,26.31,3,3
18360.765,0.029,-0.921,0.453,9.67,-36.5,24.93,3,3
18360.781,0.037,-0.93,0.453,9.86,-33.97,24.2,3,3
18360.796,0.028,-0.918,0.46,9.64,-31.95,24.87,3,3
18360.812,0.002,-0.91,0.456,8.0,-30.18,25.51,3,3
18360.812,-0.014,-0.914,0.452,5.22,-29.69,26.46,3,3
18360.812,-0.014,-0.91,0.442,3.63,-29.36,27.28,3,3
18360.828,0.007,-0.911,0.438,3.51,-28.72,26.58,3,3
18360.843,0.012,-0.904,0.446,4.06,-26.83,24.75,3,3
18360.859,0.0,-0.909,0.454,5.92,-26.49,21.52,3,3
18360.859,0.005,-0.91,0.451,7.63,-28.2,18.77,3,3
18360.875,0.01,-0.902,0.438,8.97,-29.82,14.74,3,3
18360.875,0.023,-0.915,0.43,11.54,-31.01,11.47,3,3
18360.89,0.024,-0.884,0.427,12.02,-28.72,12.18,3,3
18360.906,0.017,-0.878,0.432,9.52,-26.15,12.33,3,3
18360.906,0.01,-0.894,0.47,8.51,-25.18,10.59,3,3
18360.921,0.01,-0.899,0.51,11.57,-26.22,7.75,3,3
18360.937,0.01,-0.893,0.528,15.87,-29.88,3.66,3,3
18360.937,0.005,-0.879,0.525,19.78,-36.26,-4.0,3,3
18360.953,0.0,-0.866,0.491,25.42,-44.8,-14.77,3,3
18360.968,0.013,-0.831,0.443,32.14,-50.45,-21.24,3,3
18360.968,0.007,-0.772,0.37,33.91,-49.99,-21.49,3,3
18360.984,0.011,-0.756,0.35,30.37,-45.63,-17.24,3,3
18360.984,0.004,-0.741,0.36,26.55,-38.24,-9.64,3,3
18361.0,-0.017,-0.739,0.369,23.47,-30.95,-1.37,3,3
18361.015,0.007,-0.778,0.411,21.73,-26.06,6.81,3,3
18361.031,0.04,-0.802,0.454,20.6,-21.73,15.35,3,3
18361.031,0.014,-0.82,0.488,16.79,-18.62,21.33,3,3
18361.046,-0.028,-0.871,0.514,11.63,-18.71,23.65,3,3
18361.046,-0.076,-0.908,0.511,10.71,-21.7,22.43,3,3
18361.062,-0.107,-0.948,0.47,16.94,-28.29,18.65,3,3
18361.078,-0.046,-0.98,0.419,17.21,-23.13,19.32,3,3
18361.078,0.036,-0.986,0.397,13.03,-12.85,20.08,3,3
18361.093,0.019,-1.001,0.484,8.06,-4.85,18.4,3,3
18361.109,-0.004,-1.006,0.544,8.18,-2.9,14.92,3,3
18361.109,-0.035,-0.995,0.554,11.96,-4.73,11.57,3,3
18361.125,-0.038,-1.007,0.535,12.18,-6.78,10.68,3,3
18361.125,0.014,-1.022,0.531,8.97,-8.33,11.17,3,3
18361.14,0.035,-1.03,0.528,5.8,-7.72,10.62,3,3
18361.156,0.045,-1.031,0.54,2.96,-6.68,7.87,3,3
18361.156,0.042,-1.012,0.559,2.08,-6.38,2.84,3,3
18361.171,0.033,-0.986,0.579,3.48,-7.11,-1.65,3,3
18361.187,0.031,-0.954,0.572,4.82,-8.21,-3.23,3,3
18361.187,0.049,-0.934,0.559,3.11,-8.88,-2.75,3,3
18361.203,0.063,-0.921,0.545,0.18,-8.39,-2.2,3,3
18361.218,0.064,-0.908,0.54,-1.04,-8.12,-2.72,3,3
18361.218,0.063,-0.897,0.538,-0.52,-7.63,-2.66,3,3
18361.234,0.075,-0.883,0.53,0.0,-7.05,-1.13,3,3
18361.25,0.091,-0.876,0.524,-1.1,-5.58,1.34,3,3
18361.25,0.093,-0.872,0.519,-4.91,-3.63,2.9,3,3
18361.265,0.097,-0.891,0.528,-7.9,-2.62,1.04,3,3
18361.265,0.109,-0.904,0.546,-5.86,-3.63,-3.42,3,3
18361.281,0.123,-0.885,0.555,-1.65,-4.33,-6.56,3,3
18361.296,0.127,-0.855,0.562,0.73,-4.76,-8.18,3,3
18361.296,0.114,-0.843,0.559,0.31,-6.26,-8.15,3,3
18361.312,0.1,-0.846,0.545,-2.35,-8.24,-7.23,3,3
18361.328,0.115,-0.862,0.525,-3.81,-10.44,-6.47,3,3
18361.328,0.129,-0.862,0.509,-2.66,-10.35,-5.89,3,3
18361.343,0.124,-0.844,0.488,-1.43,-8.64,-5.58,3,3
18361.343,0.119,-0.829,0.486,-2.69,-6.59,-4.33,3,3
18361.359,0.105,-0.819,0.484,-4.88,-4.58,-2.32,3,3
18361.375,0.108,-0.825,0.482,-6.87,-3.14,0.06,3,3
18361.375,0.101,-0.837,0.476,-8.64,-1.59,1.31,3,3
18361.39,0.097,-0.859,0.486,-9.06,-0.79,0.67,3,3
18361.406,0.105,-0.865,0.493,-6.04,-1.16,-1.46,3,3
18361.406,0.108,-0.854,0.485,-2.96,-1.8,-3.27,3,3
18361.421,0.119,-0.846,0.493,-2.32,-1.83,-4.27,3,3
18361.437,0.14,-0.842,0.506,-3.2,-1.56,-3.66,3,3
18361.437,0.12,-0.838,0.506,-4.21,-0.98,-3.2,3,3
18361.453,0.111,-0.85,0.514,-4.82,-1.8,-3.45,3,3
18361.468,0.111,-0.85,0.52,-2.41,-3.57,-5.13,3,3
18361.468,0.108,-0.825,0.505,1.4,-5.95,-6.99,3,3
18361.484,0.116,-0.802,0.491,3.05,-7.48,-7.69,3,3
18361.484,0.129,-0.789,0.476,2.72,-8.0,-7.23,3,3
18361.5,0.153,-0.796,0.468,1.95,-6.74,-4.94,3,3
18361.515,0.139,-0.792,0.456,0.06,-3.14,-1.16,3,3
18361.515,0.14,-0.812,0.465,-2.5,-0.15,2.04,3,3
18361.531,0.146,-0.827,0.493,-3.14,2.26,4.58,3,3
18361.546,0.143,-0.842,0.508,-2.78,3.69,7.05,3,3
18361.546,0.142,-0.864,0.531,-3.42,3.88,8.79,3,3
18361.562,0.147,-0.89,0.55,-3.14,2.08,8.18,3,3
18361.578,0.129,-0.908,0.554,-1.46,-0.58,5.07,3,3
18361.578,0.12,-0.923,0.545,1.04,-3.94,1.5,3,3
18361.593,0.13,-0.917,0.537,3.23,-6.29,-0.4,3,3
18361.593,0.117,-0.904,0.512,3.42,-6.93,-1.5,3,3
18361.609,0.103,-0.9,0.498,0.37,-6.93,-1.83,3,3
18361.625,0.084,-0.904,0.486,-2.14,-6.74,-2.78,3,3
18361.625,0.11,-0.906,0.472,-1.25,-6.71,-3.33,3,3
18361.64,0.127,-0.882,0.464,0.58,-4.43,-2.59,3,3
18361.656,0.125,-0.871,0.466,-0.03,-0.98,0.06,3,3
18361.656,0.123,-0.874,0.486,-3.69,1.83,3.23,3,3
18361.671,0.113,-0.888,0.512,-7.02,3.02,5.19,3,3
18361.687,0.11,-0.913,0.525,-6.99,2.56,5.22,3,3
18361.687,0.114,-0.907,0.532,-5.28,1.5,4.64,3,3
18361.703,0.11,-0.901,0.522,-4.76,-0.21,2.2,3,3
18361.703,0.11,-0.906,0.516,-4.7,-2.59,-1.53,3,3
18361.718,0.109,-0.901,0.502,-2.87,-4.06,-5.13,3,3
18361.734,0.12,-0.889,0.483,-0.64,-4.39,-6.99,3,3
18361.734,0.134,-0.872,0.47,-0.24,-2.84,-7.29,3,3
18361.75,0.119,-0.859,0.475,-1.43,-0.7,-7.29,3,3
18361.765,0.111,-0.854,0.487,-2.5,0.49,-6.71,3,3
18361.781,0.11,-0.839,0.5,-2.53,0.64,-5.43,3,3
18361.781,0.128,-0.837,0.507,-1.28,-0.27,-3.91,3,3
18361.796,0.136,-0.822,0.503,-0.89,-0.34,-1.25,3,3
18361.796,0.13,-0.817,0.49,-3.66,-0.46,0.92,3,3
18361.812,0.13,-0.838,0.492,-6.71,-1.65,0.58,3,3
18361.828,0.118,-0.844,0.484,-4.97,-2.01,-0.95,3,3
18361.828,0.127,-0.837,0.461,-1.46,-2.08,-1.65,3,3
18361.843,0.16,-0.832,0.453,-0.12,-1.04,-0.98,3,3
18361.843,0.17,-0.827,0.457,-1.01,1.86,0.46,3,3
18361.859,0.161,-0.832,0.483,-3.2,4.85,2.35,3,3
18361.875,0.142,-0.841,0.515,-4.76,6.32,4.0,3,3
18361.875,0.125,-0.855,0.538,-4.46,5.13,4.43,3,3
18361.89,0.105,-0.86,0.537,-2.26,2.04,3.78,3,3
18361.906,0.105,-0.87,0.512,-0.24,-1.74,2.78,3,3
18361.906,0.128,-0.878,0.488,0.03,-4.55,0.61,3,3
18361.921,0.147,-0.887,0.472,1.28,-5.19,-2.35,3,3
18361.937,0.149,-0.882,0.465,3.36,-3.72,-4.24,3,3
18361.937,0.153,-0.867,0.469,4.0,-1.83,-4.73,3,3
18361.953,0.139,-0.858,0.484,3.11,-0.4,-4.73,3,3
18361.953,0.117,-0.857,0.492,1.74,0.0,-4.39,3,3
18361.968,0.107,-0.859,0.485,0.73,-0.55,-3.69,3,3
18361.984,0.125,-0.868,0.484,0.82,-1.34,-3.05,3,3
18362.0,0.134,-0.859,0.48,1.53,-0.52,-2.26,3,3
18362.0,0.143,-0.849,0.489,1.07,0.82,-1.16,3,3
18362.015,0.134,-0.846,0.507,0.46,1.5,-0.52,3,3
18362.015,0.122,-0.845,0.516,0.21,0.73,0.73,3,3
18362.031,0.134,-0.858,0.51,-0.03,-1.04,1.98,3,3
18362.046,0.152,-0.872,0.498,-0.15,-1.1,1.43,3,3
18362.046,0.157,-0.883,0.485,0.06,0.24,-0.46,3,3
18362.062,0.138,-0.893,0.477,0.4,1.25,-1.83,3,3
18362.078,0.128,-0.894,0.484,1.13,2.08,-3.27,3,3
18362.078,0.126,-0.875,0.498,1.37,2.75,-4.46,3,3
18362.093,0.127,-0.867,0.505,1.22,2.17,-5.65,3,3
18362.093,0.128,-0.86,0.519,1.83,1.37,-6.41,3,3
18362.109,0.138,-0.853,0.517,3.14,0.0,-6.26,3,3
18362.125,0.144,-0.842,0.516,3.48,-1.04,-5.52,3,3
18362.125,0.133,-0.834,0.507,2.78,-1.28,-3.88,3,3
18362.14,0.129,-0.836,0.503,0.85,-1.71,-1.34,3,3
18362.156,0.143,-0.853,0.493,-0.58,-2.32,0.49,3,3
18362.156,0.152,-0.866,0.48,-0.06,-1.77,0.64,3,3
18362.171,0.156,-0.866,0.473,1.37,-0.31,0.15,3,3
18362.187,0.161,-0.858,0.48,2.14,1.37,-0.15,3,3
18362.187,0.159,-0.854,0.489,1.25,2.78,0.34,3,3
18362.203,0.144,-0.856,0.505,-0.58,3.78,0.95,3,3
18362.218,0.125,-0.865,0.523,-1.34,3.33,0.98,3,3
18362.218,0.126,-0.877,0.52,-0.46,1.16,0.49,3,3
18362.234,0.135,-0.878,0.521,1.25,-0.82,-0.76,3,3
18362.234,0.139,-0.873,0.514,3.48,-2.01,-1.65,3,3
18362.25,0.15,-0.859,0.51,3.72,-2.75,-1.46,3,3
18362.265,0.16,-0.86,0.509,2.32,-3.27,-1.65,3,3
18362.265,0.163,-0.864,0.512,1.83,-3.36,-2.2,3,3
18362.281,0.152,-0.859,0.509,2.72,-3.14,-2.53,3,3
18362.296,0.149,-0.858,0.503,3.08,-3.39,-2.72,3,3
18362.296,0.152,-0.859,0.496,3.11,-3.6,-2.96,3,3
18362.312,0.144,-0.862,0.485,3.45,-3.33,-3.42,3,3
18362.312,0.141,-0.861,0.485,3.39,-2.5,-3.39,3,3
18362.328,0.142,-0.852,0.491,3.08,-1.43,-2.56,3,3
18362.343,0.14,-0.848,0.497,2.41,-0.67,-1.28,3,3
18362.343,0.14,-0.849,0.51,1.62,-0.52,0.09,3,3
18362.359,0.143,-0.855,0.515,1.07,-1.13,0.92,3,3
18362.375,0.145,-0.861,0.517,1.74,-1.86,0.85,3,3
18362.375,0.14,-0.865,0.517,2.38,-2.5,-0.12,3,3
18362.39,0.138,-0.865,0.52,3.05,-3.23,-1.22,3,3
18362.406,0.132,-0.863,0.517,4.49,-4.0,-1.89,3,3
18362.406,0.136,-0.86,0.515,4.94,-4.76,-2.04,3,3
18362.421,0.139,-0.862,0.507,4.55,-4.88,-2.08,3,3
18362.437,0.137,-0.868,0.504,4.0,-4.33,-2.47,3,3
18362.437,0.137,-0.869,0.505,3.54,-3.23,-2.56,3,3
18362.453,0.137,-0.869,0.504,3.48,-1.89,-2.56,3,3
18362.453,0.135,-0.868,0.51,3.51,-0.67,-2.29,3,3
18362.468,0.129,-0.865,0.521,3.54,-0.24,-1.98,3,3
18362.484,0.12,-0.864,0.52,3.39,-1.1,-1.13,3,3
18362.484,0.118,-0.875,0.508,2.59,-2.56,-0.4,3,3
18362.5,0.126,-0.887,0.493,1.71,-3.81,-0.4,3,3
18362.515,0.141,-0.896,0.465,1.65,-3.75,-1.71,3,3
18362.531,0.143,-0.891,0.464,2.08,-1.92,-3.57,3,3
18362.531,0.141,-0.877,0.471,2.81,0.49,-5.16,3,3
18362.546,0.142,-0.865,0.486,3.27,2.56,-6.23,3,3
18362.546,0.138,-0.847,0.509,3.69,3.57,-7.05,3,3
18362.562,0.136,-0.837,0.525,4.27,3.23,-7.2,3,3
18362.578,0.144,-0.829,0.531,4.18,1.74,-6.53,3,3
18362.578,0.152,-0.832,0.522,3.75,0.37,-5.62,3,3
18362.593,0.159,-0.835,0.513,3.45,-0.7,-4.18,3,3
18362.593,0.159,-0.839,0.502,2.66,-1.37,-3.02,3,3
18362.609,0.163,-0.85,0.494,1.86,-1.5,-2.62,3,3
18362.625,0.168,-0.858,0.489,2.81,-1.04,-2.93,3,3
18362.625,0.168,-0.851,0.49,4.33,0.24,-3.51,3,3
18362.64,0.164,-0.839,0.501,4.61,1.53,-3.6,3,3
18362.656,0.155,-0.838,0.515,3.94,2.11,-3.42,3,3
18362.656,0.148,-0.84,0.526,3.78,1.77,-2.78,3,3
18362.671,0.145,-0.84,0.534,3.51,1.1,-1.19,3,3
18362.687,0.147,-0.847,0.542,3.02,-0.18,0.24,3,3
18362.687,0.156,-0.851,0.544,3.08,-1.68,1.83,3,3
18362.703,0.167,-0.856,0.537,2.35,-2.62,2.84,3,3
18362.703,0.172,-0.868,0.534,1.25,-2.87,2.32,3,3
18362.718,0.174,-0.872,0.537,1.62,-2.69,0.98,3,3
18362.734,0.164,-0.87,0.535,2.93,-2.23,-0.27,3,3
18362.75,0.157,-0.868,0.536,3.69,-1.92,-1.34,3,3
18362.75,0.162,-0.869,0.54,3.91,-2.26,-2.26,3,3
18362.765,0.167,-0.865,0.539,4.0,-2.38,-2.84,3,3
18362.765,0.164,-0.863,0.54,3.72,-2.32,-3.11,3,3
18362.781,0.16,-0.862,0.54,3.27,-2.35,-2.81,3,3
18362.796,0.155,-0.858,0.542,2.47,-2.53,-2.32,3,3
18362.796,0.146,-0.863,0.541,1.83,-2.84,-1.65,3,3
18362.812,0.146,-0.865,0.538,1.37,-2.93,-0.64,3,3
18362.828,0.151,-0.864,0.532,1.04,-3.05,-0.49,3,3
18362.828,0.157,-0.867,0.53,0.85,-2.9,-1.43,3,3
18362.843,0.156,-0.861,0.534,1.1,-2.38,-2.47,3,3
18362.843,0.153,-0.856,0.531,1.01,-1.83,-3.14,3,3
18362.859,0.153,-0.851,0.529,0.89,-1.86,-3.45,3,3
18362.875,0.151,-0.849,0.521,0.73,-1.56,-3.45,3,3
18362.875,0.156,-0.847,0.523,0.12,-1.13,-3.78,3,3
18362.89,0.155,-0.84,0.522,0.43,-0.67,-4.82,3,3
18362.906,0.155,-0.834,0.521,1.74,-0.43,-5.68,3,3
18362.906,0.162,-0.817,0.529,2.66,-0.15,-5.07,3,3
18362.921,0.169,-0.806,0.531,2.01,0.15,-3.72,3,3
18362.937,0.176,-0.809,0.54,0.55,0.21,-2.5,3,3
18362.937,0.175,-0.815,0.545,-0.06,0.37,-1.19,3,3
18362.953,0.165,-0.818,0.548,0.03,0.18,0.12,3,3
18362.968,0.163,-0.83,0.541,-0.31,-0.64,1.34,3,3
18362.968,0.175,-0.844,0.531,-0.92,-1.31,2.23,3,3
18362.984,0.172,-0.852,0.52,-1.28,-1.01,1.62,3,3
18362.984,0.168,-0.861,0.518,-1.07,-0.58,0.09,3,3
18363.0,0.163,-0.853,0.527,0.52,-0.15,-1.74,3,3
18363.015,0.157,-0.841,0.531,2.75,-0.21,-2.72,3,3
18363.015,0.162,-0.831,0.535,1.74,-0.82,-0.06,3,3
18363.031,0.173,-0.836,0.533,-0.12,-0.58,0.7,3,3
18363.046,0.178,-0.851,0.536,-0.58,-0.46,0.09,3,3
18363.046,0.17,-0.86,0.539,0.49,-0.67,-1.07,3,3
18363.062,0.163,-0.863,0.54,2.17,-1.25,-2.04,3,3
18363.078,0.169,-0.849,0.541,2.81,-1.25,-1.98,3,3
18363.078,0.168,-0.847,0.545,1.86,-1.53,-1.5,3,3
18363.093,0.169,-0.851,0.547,0.4,-2.17,-0.46,3,3
18363.093,0.167,-0.856,0.537,-0.24,-2.47,0.06,3,3
18363.109,0.158,-0.855,0.531,-0.43,-2.44,-0.4,3,3
18363.125,0.147,-0.853,0.527,-0.27,-2.32,-1.13,3,3
18363.125,0.147,-0.849,0.521,0.49,-2.56,-1.77,3,3
18363.14,0.158,-0.842,0.516,1.65,-2.29,-1.68,3,3
18363.156,0.171,-0.833,0.515,1.8,-1.04,-0.46,3,3
18363.156,0.171,-0.832,0.519,0.21,0.52,0.92,3,3
18363.171,0.157,-0.85,0.529,-1.59,1.25,1.5,3,3
