timestamp,ax,ay,az,gx,gy,gz,orient_label,motion_label
16623.953,0.202,-0.443,-0.876,6.44,2.75,-5.1,1,3
16623.953,0.192,-0.434,-0.879,5.71,3.23,-4.06,1,3
16623.968,0.204,-0.443,-0.879,4.7,3.05,-2.75,1,3
16623.984,0.204,-0.451,-0.87,4.58,3.48,-1.89,1,3
16623.984,0.201,-0.459,-0.865,4.79,4.27,-1.28,1,3
16624.0,0.198,-0.469,-0.859,4.73,3.94,-1.46,1,3
16624.015,0.2,-0.48,-0.852,4.73,2.87,-2.72,1,3
16624.015,0.192,-0.474,-0.851,5.22,1.95,-4.15,1,3
16624.031,0.189,-0.472,-0.865,6.32,0.89,-5.16,1,3
16624.031,0.21,-0.469,-0.877,6.5,0.0,-5.95,1,3
16624.046,0.215,-0.468,-0.88,6.84,0.18,-7.2,1,3
16624.062,0.209,-0.46,-0.876,7.63,1.01,-7.72,1,3
16624.062,0.196,-0.445,-0.874,7.05,1.89,-6.32,1,3
16624.078,0.18,-0.448,-0.874,5.16,2.23,-4.15,1,3
16624.093,0.179,-0.448,-0.866,3.14,2.47,-1.25,1,3
16624.093,0.181,-0.448,-0.87,1.92,2.87,2.23,1,3
16624.109,0.203,-0.467,-0.874,0.37,2.75,4.82,1,3
16624.125,0.221,-0.501,-0.855,1.25,3.81,3.39,1,3
16624.14,0.208,-0.51,-0.85,2.66,3.36,0.79,1,3
16624.156,0.206,-0.51,-0.844,3.54,2.04,-1.71,1,3
16624.156,0.193,-0.504,-0.846,4.58,0.85,-4.06,1,3
16624.171,0.185,-0.497,-0.852,4.94,0.27,-5.58,1,3
16624.171,0.191,-0.494,-0.859,4.73,0.06,-6.65,1,3
16624.187,0.193,-0.493,-0.866,4.73,0.64,-7.78,1,3
16624.203,0.198,-0.483,-0.87,5.1,1.37,-8.76,1,3
16624.203,0.21,-0.472,-0.879,5.01,2.08,-9.28,1,3
16624.218,0.219,-0.461,-0.88,4.06,2.75,-9.64,1,3
16624.234,0.227,-0.455,-0.872,3.51,3.36,-9.37,1,3
16624.234,0.225,-0.436,-0.869,3.45,4.18,-8.15,1,3
16624.25,0.216,-0.428,-0.868,3.17,4.7,-6.1,1,3
16624.25,0.213,-0.429,-0.858,1.74,4.85,-3.36,1,3
16624.265,0.215,-0.44,-0.853,0.52,4.67,-1.1,1,3
16624.281,0.207,-0.454,-0.852,0.31,4.43,0.21,1,3
16624.296,0.218,-0.467,-0.862,1.04,2.47,0.37,1,3
16624.312,0.217,-0.469,-0.875,1.92,2.04,-1.13,1,3
16624.312,0.21,-0.468,-0.887,3.05,2.11,-2.53,1,3
16624.328,0.213,-0.457,-0.893,3.6,2.59,-3.11,1,3
16624.343,0.213,-0.454,-0.895,3.42,3.91,-2.66,1,3
16624.343,0.214,-0.456,-0.886,2.66,5.01,-2.08,1,3
16624.359,0.212,-0.456,-0.865,2.56,5.62,-2.38,1,3
16624.375,0.2,-0.454,-0.853,3.88,5.52,-3.3,1,3
16624.375,0.201,-0.447,-0.85,4.91,4.73,-4.21,1,3
16624.39,0.2,-0.441,-0.85,5.46,3.69,-5.28,1,3
16624.39,0.201,-0.441,-0.853,6.1,2.75,-6.59,1,3
16624.406,0.191,-0.445,-0.854,7.72,1.95,-8.76,1,3
16624.421,0.164,-0.446,-0.865,10.13,1.16,-11.78,1,3
16624.421,0.135,-0.451,-0.895,13.15,-0.43,-15.99,1,3
16624.437,0.116,-0.44,-0.926,16.51,-2.14,-21.64,1,3
16624.453,0.106,-0.388,-0.968,20.66,-3.08,-28.32,1,3
16624.468,0.1,-0.254,-1.045,24.08,-1.16,-32.87,1,3
16624.484,0.116,-0.205,-1.063,23.87,3.57,-29.91,1,3
16624.484,0.089,-0.165,-1.072,23.8,10.86,-25.7,1,3
16624.5,0.059,-0.144,-1.055,24.41,17.73,-21.55,1,3
16624.515,0.072,-0.137,-1.012,27.74,22.92,-17.37,1,3
16624.515,0.087,-0.128,-0.964,32.14,27.77,-11.63,1,3
16624.531,0.084,-0.124,-0.916,34.27,31.25,-5.8,1,3
16624.531,0.088,-0.153,-0.862,35.98,31.53,-2.2,1,3
16624.546,0.105,-0.176,-0.826,40.25,28.9,-1.65,1,3
16624.562,0.126,-0.185,-0.812,47.94,24.35,-3.97,1,3
16624.562,0.143,-0.176,-0.795,58.17,19.53,-7.48,1,3
16624.578,0.146,-0.167,-0.787,75.35,13.89,-8.64,1,3
16624.593,0.138,-0.148,-0.765,80.6,12.3,-5.28,1,3
16624.593,0.125,-0.151,-0.746,82.86,10.83,-0.46,1,3
16624.609,0.103,-0.179,-0.73,84.44,9.46,4.55,1,3
16624.625,0.112,-0.264,-0.734,88.29,8.79,7.42,1,3
16624.64,0.157,-0.338,-0.687,100.38,11.35,4.49,1,3
16624.64,0.183,-0.374,-0.642,107.73,13.61,-2.26,1,3
16624.656,0.221,-0.418,-0.574,118.11,16.02,-12.18,1,3
16624.671,0.244,-0.45,-0.503,131.81,19.5,-25.27,1,3
16624.671,0.244,-0.475,-0.426,146.67,23.29,-40.68,1,3
16624.687,0.217,-0.49,-0.355,162.57,26.61,-57.07,1,3
16624.703,0.171,-0.488,-0.285,178.47,27.92,-71.63,1,3
16624.718,0.116,-0.476,-0.218,193.88,25.09,-81.94,1,3
16624.718,0.078,-0.441,-0.173,208.11,19.1,-88.08,1,3
16624.734,0.082,-0.404,-0.158,217.29,13.09,-91.25,1,3
16624.734,0.072,-0.401,-0.135,215.86,4.91,-86.21,1,3
16624.75,0.11,-0.395,-0.103,210.52,-2.01,-79.65,1,3
16624.75,0.165,-0.407,-0.103,207.43,-6.35,-75.32,1,3
16624.765,0.201,-0.427,-0.118,204.81,-4.39,-70.89,1,3
16624.781,0.243,-0.451,-0.11,203.31,2.32,-67.6,1,3
16624.781,0.28,-0.475,-0.102,206.21,13.7,-68.24,1,3
16624.796,0.238,-0.538,-0.135,212.62,28.17,-70.71,1,3
16624.812,0.236,-0.592,-0.143,217.75,39.95,-71.6,1,3
16624.828,0.279,-0.589,-0.174,224.31,51.12,-73.7,1,3
16624.828,0.282,-0.576,-0.168,233.34,62.14,-77.3,1,3
16624.843,0.279,-0.528,-0.097,238.2,71.26,-81.09,1,3
16624.843,0.275,-0.473,-0.02,240.76,79.78,-85.63,1,3
16624.859,0.25,-0.43,0.081,242.87,86.31,-88.02,1,3
16624.875,0.219,-0.415,0.187,245.22,88.84,-86.0,1,3
16624.875,0.187,-0.388,0.253,247.41,87.41,-81.45,1,3
16624.89,0.156,-0.36,0.27,248.88,79.59,-74.53,1,3
16624.89,0.185,-0.327,0.275,247.47,65.31,-64.73,1,3
16624.906,0.26,-0.296,0.269,241.58,50.26,-53.22,1,3
16624.921,0.342,-0.298,0.243,231.36,42.24,-42.3,1,3
16624.921,0.427,-0.309,0.223,218.45,41.54,-32.72,1,3
16624.937,0.497,-0.326,0.22,204.23,46.63,-24.38,1,3
16624.953,0.541,-0.342,0.226,187.48,55.85,-17.82,1,3
16624.968,0.56,-0.428,0.282,151.59,76.39,-5.07,1,3
16624.984,0.573,-0.458,0.346,139.96,84.63,1.59,1,3
16624.984,0.556,-0.495,0.397,134.4,90.15,6.26,1,3
16625.0,0.514,-0.542,0.445,132.15,90.24,7.93,1,3
16625.0,0.489,-0.587,0.505,133.09,82.86,6.74,1,3
16625.015,0.513,-0.648,0.532,140.08,71.35,3.6,1,3
16625.031,0.55,-0.682,0.534,149.3,58.84,-1.83,1,3
16625.031,0.631,-0.726,0.513,158.09,49.07,-8.58,1,3
16625.046,0.713,-0.774,0.491,164.86,47.0,-16.11,1,3
16625.062,0.767,-0.8,0.462,170.57,53.1,-25.94,1,3
16625.078,0.772,-0.798,0.483,177.95,63.84,-41.54,1,3
16625.078,0.774,-0.8,0.457,190.25,74.59,-62.69,1,3
16625.093,0.747,-0.776,0.474,208.08,89.54,-84.6,1,3
16625.093,0.698,-0.725,0.527,226.63,105.35,-103.82,1,3
16625.109,0.67,-0.652,0.611,237.83,118.87,-115.79,1,3
16625.125,0.643,-0.592,0.687,239.17,131.99,-118.08,1,3
16625.14,0.576,-0.478,0.815,204.78,150.61,-112.58,1,3
16625.14,0.554,-0.426,0.879,180.73,152.9,-116.98,1,3
16625.156,0.503,-0.382,0.925,162.97,152.23,-126.59,1,3
16625.171,0.463,-0.339,0.986,156.77,148.63,-137.94,1,3
16625.187,0.485,-0.304,1.039,160.68,146.61,-146.03,1,3
16625.187,0.496,-0.254,1.055,168.49,152.01,-151.1,1,3
16625.203,0.467,-0.198,1.047,177.74,162.85,-154.94,1,3
16625.218,0.454,-0.15,1.067,186.16,175.6,-157.17,1,3
16625.218,0.328,-0.106,1.128,193.91,187.32,-157.6,1,3
16625.234,0.206,-0.081,1.18,201.64,192.69,-153.39,1,3
16625.234,0.126,0.025,1.249,205.97,190.95,-147.34,1,3
16625.25,0.097,0.143,1.291,207.5,185.4,-142.95,1,3
16625.265,0.093,0.251,1.285,202.46,179.27,-141.88,1,3
16625.265,0.091,0.303,1.309,190.4,176.58,-140.29,1,3
16625.281,0.08,0.331,1.325,169.26,175.39,-133.88,1,3
16625.296,-0.001,0.394,1.372,124.55,189.83,-115.88,1,3
16625.312,-0.037,0.453,1.388,107.15,198.07,-111.0,1,3
16625.328,-0.11,0.519,1.41,94.45,208.08,-111.3,1,3
16625.328,-0.281,0.565,1.504,92.29,210.36,-113.32,1,3
16625.343,-0.457,0.528,1.532,107.36,201.45,-107.21,1,3
16625.359,-0.543,0.558,1.474,130.53,185.83,-94.73,1,3
16625.359,-0.559,0.632,1.415,151.74,166.69,-81.18,1,3
16625.375,-0.506,0.685,1.369,162.42,146.52,-71.72,1,3
16625.375,-0.439,0.696,1.313,157.35,131.14,-67.2,1,3
16625.39,-0.409,0.678,1.255,136.81,122.2,-64.3,1,3
16625.406,-0.409,0.639,1.214,105.26,115.51,-60.46,1,3
16625.406,-0.387,0.582,1.164,69.4,109.38,-57.68,1,3
16625.421,-0.372,0.495,1.116,36.62,106.63,-57.92,1,3
16625.421,-0.366,0.426,1.097,12.3,107.79,-62.93,1,3
16625.437,-0.42,0.365,1.118,1.68,110.08,-70.44,1,3
16625.453,-0.478,0.295,1.127,7.17,107.3,-76.08,1,3
16625.468,-0.589,0.299,1.118,65.25,86.49,-76.91,1,3
16625.484,-0.56,0.336,1.062,96.1,71.9,-73.24,1,3
16625.484,-0.501,0.399,1.009,116.61,60.79,-73.12,1,3
16625.5,-0.463,0.448,0.943,124.7,56.25,-78.55,1,3
16625.515,-0.471,0.474,0.912,117.31,56.83,-84.48,1,3
16625.515,-0.493,0.49,0.906,98.73,59.27,-88.2,1,3
16625.531,-0.526,0.493,0.917,76.66,62.44,-89.66,1,3
16625.531,-0.603,0.492,0.955,56.18,63.26,-89.51,1,3
16625.546,-0.661,0.46,0.965,40.07,57.71,-85.45,1,3
16625.562,-0.648,0.449,0.961,19.26,36.04,-78.92,1,3
16625.562,-0.603,0.428,0.946,19.23,26.8,-81.94,1,3
16625.578,-0.582,0.405,0.925,25.88,20.97,-85.45,1,3
16625.593,-0.567,0.391,0.898,35.55,20.57,-87.77,1,3
16625.609,-0.525,0.418,0.841,44.98,25.18,-90.52,1,3
16625.609,-0.551,0.462,0.833,52.13,32.65,-93.14,1,3
16625.625,-0.623,0.534,0.829,53.93,40.19,-91.74,1,3
16625.625,-0.68,0.586,0.827,45.99,43.58,-83.1,1,3
16625.64,-0.679,0.608,0.832,27.13,43.15,-68.88,1,3
16625.64,-0.655,0.605,0.838,2.56,42.02,-54.45,1,3
16625.656,-0.657,0.567,0.846,-21.0,41.2,-43.21,1,3
16625.671,-0.661,0.508,0.857,-40.77,39.25,-33.63,1,3
16625.687,-0.636,0.444,0.868,-54.35,36.16,-26.18,1,3
16625.687,-0.621,0.38,0.871,-59.11,34.85,-22.55,1,3
16625.703,-0.625,0.332,0.872,-55.94,35.68,-23.19,1,3
16625.703,-0.633,0.3,0.881,-47.18,36.59,-27.25,1,3
16625.718,-0.671,0.319,0.884,-34.85,37.17,-32.56,1,3
16625.734,-0.709,0.345,0.894,-25.54,33.14,-35.55,1,3
16625.734,-0.699,0.379,0.898,-22.74,23.93,-35.55,1,3
16625.75,-0.692,0.392,0.885,-23.04,14.71,-34.12,1,3
16625.765,-0.668,0.388,0.876,-26.15,5.43,-31.8,1,3
16625.765,-0.63,0.382,0.857,-29.57,-2.11,-30.15,1,3
16625.781,-0.616,0.374,0.835,-31.19,-6.04,-30.09,1,3
16625.796,-0.578,0.364,0.809,-35.1,-11.29,-31.95,1,3
16625.812,-0.565,0.356,0.794,-33.78,-11.78,-33.36,1,3
16625.812,-0.572,0.364,0.789,-31.56,-10.8,-33.81,1,3
16625.828,-0.58,0.382,0.795,-30.79,-10.71,-33.02,1,3
16625.843,-0.6,0.397,0.809,-31.92,-12.7,-31.8,1,3
16625.859,-0.63,0.412,0.805,-34.3,-16.05,-28.84,1,3
16625.859,-0.677,0.455,0.842,-41.32,-22.64,-23.8,1,3
16625.875,-0.669,0.445,0.853,-52.03,-33.57,-14.65,1,3
16625.875,-0.625,0.421,0.837,-62.72,-43.49,-2.9,1,3
16625.89,-0.553,0.417,0.808,-70.65,-47.76,6.9,1,3
16625.906,-0.509,0.387,0.782,-75.93,-45.69,15.11,1,3
16625.906,-0.484,0.359,0.762,-81.73,-46.33,22.43,1,3
16625.921,-0.404,0.359,0.786,-86.67,-42.51,27.5,1,3
16625.937,-0.424,0.331,0.805,-84.51,-28.41,33.17,1,3
16625.937,-0.467,0.33,0.834,-82.98,-24.38,40.01,1,3
16625.953,-0.46,0.343,0.88,-85.88,-26.67,46.66,1,3
16625.968,-0.47,0.314,0.917,-97.6,-41.41,57.62,1,3
16625.984,-0.407,0.259,0.926,-100.44,-47.82,61.68,1,3
16625.984,-0.363,0.218,0.883,-95.25,-49.78,62.41,1,3
16626.0,-0.328,0.178,0.837,-83.99,-44.56,62.14,1,3
16626.015,-0.329,0.158,0.815,-70.28,-33.81,61.13,1,3
16626.015,-0.348,0.149,0.813,-58.57,-22.89,58.84,1,3
16626.031,-0.376,0.138,0.838,-52.16,-15.08,55.12,1,3
16626.031,-0.403,0.116,0.856,-47.55,-9.95,50.54,1,3
16626.046,-0.435,0.122,0.867,-43.7,-6.81,46.91,1,3
16626.062,-0.433,0.114,0.864,-41.08,-4.58,44.71,1,3
16626.062,-0.409,0.094,0.841,-38.61,-1.56,42.12,1,3
16626.078,-0.398,0.097,0.805,-34.97,6.07,40.77,1,3
16626.093,-0.41,0.094,0.797,-31.16,16.21,40.5,1,3
16626.093,-0.438,0.086,0.819,-29.51,24.84,39.37,1,3
16626.109,-0.471,0.074,0.853,-27.77,31.07,37.72,1,3
16626.125,-0.505,0.066,0.89,-24.08,33.97,35.4,1,3
16626.125,-0.53,0.062,0.909,-20.11,32.5,31.68,1,3
16626.14,-0.537,0.058,0.919,-17.27,27.92,26.4,1,3
16626.14,-0.56,0.059,0.932,-14.07,20.94,20.23,1,3
16626.156,-0.577,0.053,0.936,-10.1,11.26,15.23,1,3
16626.171,-0.557,0.052,0.899,-4.88,1.65,12.12,1,3
16626.171,-0.519,0.058,0.847,0.73,-3.81,9.0,1,3
16626.187,-0.506,0.06,0.801,4.03,-4.27,5.25,1,3
16626.203,-0.498,0.056,0.774,4.36,-1.37,2.04,1,3
16626.203,-0.504,0.063,0.764,4.49,4.49,-0.34,1,3
16626.218,-0.551,0.076,0.775,4.85,11.84,-1.74,1,3
16626.234,-0.598,0.074,0.805,3.91,16.97,-0.61,1,3
16626.234,-0.615,0.081,0.813,1.71,18.37,1.53,1,3
16626.25,-0.611,0.098,0.812,-2.56,18.86,2.38,1,3
16626.265,-0.626,0.09,0.83,-8.76,19.81,2.47,1,3
16626.265,-0.633,0.073,0.846,-13.64,19.53,2.75,1,3
16626.281,-0.631,0.063,0.85,-14.98,19.56,3.3,1,3
16626.281,-0.651,0.062,0.842,-15.08,20.23,3.33,1,3
16626.296,-0.657,0.064,0.836,-17.61,19.56,4.39,1,3
16626.312,-0.64,0.087,0.831,-22.68,16.88,5.25,1,3
16626.312,-0.622,0.117,0.809,-30.27,14.5,6.07,1,3
16626.328,-0.617,0.132,0.793,-40.28,14.53,9.83,1,3
16626.343,-0.615,0.132,0.799,-49.9,15.59,16.21,1,3
16626.359,-0.617,0.123,0.81,-56.18,16.72,22.8,1,3
16626.359,-0.623,0.089,0.817,-56.73,17.15,27.77,1,3
16626.375,-0.61,0.051,0.829,-51.48,17.27,30.76,1,3
16626.375,-0.591,0.043,0.838,-43.12,16.85,31.19,1,3
16626.39,-0.579,0.029,0.843,-33.88,16.45,29.91,1,3
16626.406,-0.564,0.035,0.871,-28.69,15.44,28.02,1,3
16626.406,-0.561,0.037,0.897,-27.07,11.96,24.48,1,3
16626.421,-0.565,0.019,0.908,-25.09,6.99,20.14,1,3
16626.437,-0.567,0.005,0.916,-21.12,1.16,15.14,1,3
16626.437,-0.56,-0.005,0.909,-14.98,-4.61,9.52,1,3
16626.453,-0.542,0.005,0.881,-8.03,-8.91,4.3,1,3
16626.453,-0.534,0.03,0.858,-2.84,-10.83,-0.09,1,3
16626.468,-0.547,0.049,0.842,-0.24,-11.14,-1.95,1,3
16626.484,-0.55,0.062,0.84,-0.37,-10.96,-1.74,1,3
16626.484,-0.547,0.069,0.847,-2.96,-10.56,-0.73,1,3
16626.5,-0.568,0.069,0.859,-4.46,-10.28,0.61,1,3
16626.515,-0.594,0.054,0.859,-4.43,-11.84,3.17,1,3
16626.515,-0.602,0.04,0.83,-4.49,-14.89,5.95,1,3
16626.531,-0.585,0.022,0.791,-6.59,-17.91,7.32,1,3
16626.546,-0.569,-0.0,0.757,-9.86,-18.46,7.02,1,3
16626.546,-0.541,-0.027,0.734,-11.23,-10.53,3.78,1,3
16626.562,-0.507,-0.036,0.718,-9.98,-2.96,-0.85,1,3
16626.562,-0.491,-0.028,0.724,-7.78,3.85,-6.38,1,3
16626.578,-0.514,-0.01,0.772,-4.73,8.18,-11.02,1,3
16626.593,-0.512,0.005,0.788,-2.5,9.89,-14.31,1,3
16626.593,-0.516,0.013,0.794,-1.46,11.05,-16.66,1,3
16626.609,-0.546,0.036,0.819,-2.01,10.77,-17.82,1,3
16626.625,-0.559,0.053,0.838,-4.3,7.63,-16.66,1,3
16626.625,-0.559,0.072,0.841,-8.42,3.54,-13.55,1,3
16626.64,-0.557,0.071,0.831,-12.36,-0.52,-9.92,1,3
16626.656,-0.528,0.055,0.809,-15.75,-3.11,-6.87,1,3
16626.656,-0.501,0.043,0.788,-17.4,-2.44,-4.97,1,3
16626.671,-0.484,0.032,0.774,-18.04,0.85,-4.36,1,3
16626.671,-0.482,0.028,0.777,-18.07,6.1,-4.88,1,3
16626.687,-0.504,0.027,0.791,-17.73,11.38,-6.38,1,3
16626.703,-0.526,0.023,0.812,-17.4,15.17,-7.87,1,3
16626.718,-0.557,0.023,0.836,-15.2,17.55,-8.85,1,3
16626.718,-0.582,0.031,0.849,-12.05,18.16,-8.64,1,3
16626.734,-0.593,0.054,0.86,-11.08,16.91,-7.72,1,3
16626.734,-0.598,0.066,0.883,-13.06,13.31,-6.9,1,3
16626.75,-0.585,0.062,0.865,-15.05,8.27,-5.86,1,3
16626.765,-0.563,0.058,0.864,-15.99,4.55,-4.58,1,3
16626.765,-0.541,0.056,0.845,-15.23,1.92,-3.78,1,3
16626.781,-0.517,0.051,0.82,-13.52,0.43,-3.51,1,3
16626.781,-0.499,0.052,0.813,-10.99,-0.06,-3.91,1,3
16626.796,-0.495,0.051,0.814,-7.17,-0.31,-4.97,1,3
16626.812,-0.501,0.053,0.817,-2.53,-0.67,-5.58,1,3
16626.812,-0.509,0.05,0.822,2.14,-1.89,-5.58,1,3
16626.828,-0.516,0.043,0.826,6.2,-4.27,-5.25,1,3
16626.843,-0.523,0.036,0.822,9.89,-6.87,-4.24,1,3
16626.843,-0.534,0.029,0.817,11.96,-9.4,-2.44,1,3
16626.859,-0.543,0.022,0.814,12.54,-10.96,-0.49,1,3
16626.875,-0.559,0.026,0.817,12.21,-11.57,2.01,1,3
16626.875,-0.579,0.022,0.826,11.51,-13.37,4.24,1,3
16626.89,-0.593,0.009,0.83,11.57,-15.53,5.4,1,3
16626.89,-0.597,-0.001,0.833,13.12,-16.54,5.46,1,3
16626.906,-0.622,-0.014,0.831,16.75,-16.45,4.76,1,3
16626.921,-0.652,-0.013,0.835,19.14,-17.64,4.15,1,3
16626.937,-0.667,-0.023,0.828,20.39,-20.08,3.78,1,3
16626.937,-0.667,-0.029,0.809,21.09,-22.61,2.99,1,3
16626.953,-0.665,-0.044,0.785,22.77,-23.74,1.5,1,3
16626.953,-0.665,-0.048,0.776,25.03,-23.07,0.03,1,3
16626.968,-0.659,-0.047,0.758,27.53,-21.76,-1.16,1,3
16626.984,-0.646,-0.04,0.745,29.11,-20.05,-2.41,1,3
16626.984,-0.635,-0.033,0.74,30.27,-17.06,-4.12,1,3
16627.0,-0.645,-0.021,0.739,30.88,-13.58,-6.04,1,3
16627.015,-0.662,-0.002,0.752,30.55,-10.86,-7.08,1,3
16627.015,-0.664,0.007,0.764,30.21,-9.28,-6.65,1,3
16627.031,-0.637,0.016,0.764,29.79,-8.67,-5.62,1,3
16627.031,-0.622,0.025,0.761,29.02,-7.39,-4.36,1,3
16627.046,-0.631,0.036,0.765,26.89,-5.89,-2.29,1,3
16627.062,-0.627,0.037,0.774,23.26,-6.2,1.01,1,3
16627.062,-0.615,0.03,0.769,19.87,-7.45,4.12,1,3
16627.078,-0.602,0.011,0.763,17.3,-8.03,6.01,1,3
16627.093,-0.589,-0.008,0.755,15.53,-7.35,7.02,1,3
16627.093,-0.573,-0.019,0.754,14.8,-5.13,6.29,1,3
16627.109,-0.564,-0.021,0.752,15.23,-2.72,4.06,1,3
16627.125,-0.568,-0.027,0.761,16.75,0.61,1.77,1,3
16627.125,-0.571,-0.024,0.774,18.56,4.15,-0.24,1,3
16627.156,-0.59,0.011,0.816,20.72,7.17,-3.63,1,3
16627.156,-0.593,0.027,0.827,19.23,6.96,-3.97,1,3
16627.171,-0.584,0.034,0.83,17.73,6.26,-3.72,1,3
16627.171,-0.571,0.044,0.83,16.72,6.53,-3.11,1,3
16627.187,-0.559,0.055,0.836,15.41,7.29,-2.62,1,3
16627.203,-0.553,0.056,0.836,14.77,8.33,-2.59,1,3
16627.203,-0.551,0.057,0.837,14.92,9.49,-2.38,1,3
16627.218,-0.543,0.063,0.834,15.17,10.77,-1.92,1,3
16627.234,-0.541,0.068,0.84,15.17,12.48,-1.53,1,3
16627.234,-0.548,0.064,0.855,14.71,13.34,-1.25,1,3
16627.25,-0.554,0.052,0.855,14.01,12.63,-0.89,1,3
16627.25,-0.54,0.046,0.847,13.03,11.72,-0.73,1,3
16627.265,-0.514,0.041,0.859,11.75,11.69,-1.04,1,3
16627.281,-0.488,0.019,0.895,12.21,11.81,-3.14,1,3
16627.281,-0.485,0.012,0.937,15.81,11.26,-7.26,1,3
16627.296,-0.48,0.022,0.973,21.03,8.33,-11.9,1,3
16627.312,-0.468,0.053,0.998,30.15,-2.44,-20.51,1,3
16627.328,-0.463,0.073,0.969,33.54,-8.0,-23.99,1,3
16627.343,-0.477,0.096,0.929,34.91,-11.9,-26.4,1,3
16627.359,-0.488,0.11,0.877,35.28,-14.04,-27.04,1,3
16627.359,-0.502,0.113,0.833,34.82,-14.47,-26.18,1,3
16627.375,-0.497,0.132,0.803,33.97,-13.31,-24.72,1,3
16627.375,-0.517,0.138,0.784,32.99,-10.71,-23.04,1,3
16627.39,-0.523,0.15,0.754,30.82,-8.21,-20.63,1,3
16627.39,-0.54,0.162,0.767,27.44,-5.07,-17.06,1,3
16627.406,-0.55,0.168,0.76,22.71,-3.39,-13.52,1,3
16627.421,-0.558,0.167,0.762,16.08,-2.29,-9.89,1,3
16627.421,-0.552,0.156,0.773,9.61,-2.04,-7.14,1,3
16627.437,-0.548,0.139,0.783,5.65,-1.98,-5.98,1,3
16627.453,-0.546,0.128,0.795,5.1,-1.83,-6.13,1,3
16627.453,-0.542,0.128,0.802,7.45,-1.56,-7.32,1,3
16627.468,-0.543,0.132,0.804,10.8,-0.64,-9.16,1,3
16627.484,-0.562,0.136,0.807,17.79,1.01,-14.8,1,3
16627.515,-0.57,0.15,0.807,21.85,2.17,-16.72,1,3
16627.515,-0.581,0.17,0.801,24.32,3.23,-16.88,1,3
16627.515,-0.586,0.197,0.794,23.71,3.97,-15.2,1,3
16627.531,-0.587,0.215,0.787,13.15,5.34,-6.44,1,3
16627.531,-0.598,0.229,0.791,5.16,4.55,-1.1,1,3
16627.546,-0.596,0.223,0.791,-0.49,2.93,2.93,1,3
16627.562,-0.591,0.198,0.797,-2.38,1.4,4.97,1,3
16627.562,-0.568,0.161,0.789,-1.71,0.79,5.74,1,3
16627.578,-0.555,0.149,0.771,0.24,0.82,5.49,1,3
16627.593,-0.55,0.15,0.762,2.26,2.96,4.79,1,3
16627.593,-0.557,0.15,0.763,2.99,5.8,4.0,1,3
16627.609,-0.571,0.146,0.772,2.81,8.09,3.39,1,3
16627.625,-0.577,0.145,0.784,3.17,9.31,3.2,1,3
16627.625,-0.576,0.143,0.788,3.51,9.16,2.99,1,3
16627.64,-0.574,0.137,0.796,4.27,8.61,2.26,1,3
16627.656,-0.586,0.155,0.801,5.1,6.2,1.13,1,3
16627.671,-0.583,0.163,0.793,3.39,4.58,1.5,1,3
16627.671,-0.575,0.163,0.787,1.1,3.57,2.2,1,3
16627.687,-0.575,0.165,0.777,-0.92,3.63,3.2,1,3
16627.703,-0.576,0.168,0.768,-3.17,4.85,4.73,1,3
16627.718,-0.575,0.169,0.765,-5.89,6.9,6.47,1,3
16627.718,-0.574,0.16,0.769,-8.45,9.19,7.6,1,3
16627.734,-0.582,0.143,0.782,-9.43,11.32,7.9,1,3
16627.734,-0.593,0.135,0.799,-9.09,12.88,7.6,1,3
16627.75,-0.595,0.129,0.808,-8.15,12.94,6.65,1,3
16627.765,-0.593,0.117,0.818,-6.26,12.27,5.1,1,3
16627.765,-0.595,0.118,0.822,-4.12,11.29,2.66,1,3
16627.781,-0.607,0.119,0.831,-1.31,9.67,0.15,1,3
16627.781,-0.615,0.114,0.837,1.77,6.93,-2.04,1,3
16627.796,-0.617,0.113,0.829,5.1,3.57,-4.27,1,3
16627.812,-0.611,0.121,0.821,7.54,0.34,-6.74,1,3
16627.812,-0.604,0.132,0.805,9.0,-1.86,-9.25,1,3
16627.828,-0.607,0.142,0.79,9.83,-2.75,-10.47,1,3
16627.843,-0.603,0.154,0.777,9.58,-2.9,-10.62,1,3
16627.843,-0.603,0.16,0.766,9.28,-2.14,-10.47,1,3
16627.859,-0.605,0.162,0.765,9.16,-1.07,-10.32,1,3
16627.875,-0.607,0.162,0.767,9.64,-0.06,-10.13,1,3
16627.875,-0.615,0.161,0.771,10.9,1.01,-9.95,1,3
16627.89,-0.62,0.161,0.771,11.96,1.16,-9.49,1,3
16627.906,-0.616,0.162,0.77,12.09,0.82,-9.25,1,3
16627.906,-0.618,0.162,0.768,11.78,0.76,-9.58,1,3
16627.921,-0.621,0.158,0.771,11.75,0.27,-9.7,1,3
16627.921,-0.618,0.158,0.764,11.63,-0.73,-9.34,1,3
16627.937,-0.602,0.162,0.757,10.65,-1.25,-9.13,1,3
16627.953,-0.617,0.156,0.754,11.23,0.18,-8.73,1,3
16627.968,-0.611,0.165,0.754,9.8,0.12,-7.75,1,3
16627.968,-0.604,0.16,0.74,8.3,0.12,-6.74,1,3
16627.984,-0.6,0.156,0.735,5.98,1.07,-6.1,1,3
16627.984,-0.597,0.149,0.739,4.18,2.56,-5.95,1,3
16628.0,-0.599,0.145,0.745,3.11,4.06,-6.16,1,3
16628.015,-0.595,0.143,0.749,2.72,5.43,-6.53,1,3
16628.015,-0.599,0.141,0.758,3.69,6.38,-7.39,1,3
16628.031,-0.608,0.147,0.762,4.94,6.62,-8.09,1,3
16628.031,-0.606,0.153,0.763,5.4,6.16,-8.45,1,3
16628.046,-0.6,0.156,0.762,5.31,5.77,-8.79,1,3
16628.062,-0.6,0.154,0.766,5.22,5.83,-9.31,1,3
16628.062,-0.598,0.153,0.767,5.71,6.1,-9.37,1,3
16628.078,-0.602,0.16,0.769,6.04,6.41,-9.19,1,3
16628.093,-0.603,0.166,0.77,5.86,6.41,-8.45,1,3
16628.093,-0.605,0.17,0.767,4.76,5.65,-7.42,1,3
16628.109,-0.604,0.167,0.768,3.08,4.61,-6.44,1,3
16628.125,-0.597,0.165,0.768,1.8,3.75,-5.77,1,3
16628.125,-0.6,0.163,0.77,1.56,3.51,-5.34,1,3
16628.14,-0.601,0.159,0.772,2.11,3.39,-4.91,1,3
16628.14,-0.595,0.161,0.768,2.62,3.17,-4.39,1,3
16628.156,-0.599,0.159,0.766,3.08,3.85,-4.12,1,3
16628.171,-0.606,0.16,0.771,3.3,4.18,-3.91,1,3
16628.187,-0.608,0.159,0.77,3.14,4.03,-3.51,1,3
16628.187,-0.607,0.163,0.77,1.92,3.85,-2.5,1,3
16628.203,-0.611,0.164,0.78,0.52,3.72,-1.65,1,3
16628.203,-0.612,0.158,0.78,-0.49,3.08,-1.16,1,3
16628.218,-0.61,0.157,0.782,-0.89,2.08,-0.76,1,3
16628.234,-0.607,0.152,0.78,-0.43,1.31,-0.79,1,3
16628.234,-0.601,0.153,0.778,0.64,0.85,-1.13,1,3
16628.25,-0.599,0.151,0.779,1.89,0.67,-1.77,1,3
16628.265,-0.602,0.144,0.775,3.51,0.89,-2.44,1,3
16628.265,-0.602,0.143,0.773,5.07,0.92,-2.84,1,3
16628.281,-0.603,0.143,0.775,6.13,0.79,-3.54,1,3
16628.281,-0.608,0.14,0.776,7.2,0.64,-4.55,1,3
16628.296,-0.615,0.144,0.775,8.39,0.34,-5.43,1,3
16628.312,-0.619,0.151,0.775,8.76,-0.52,-5.83,1,3
16628.312,-0.622,0.157,0.776,8.64,-1.59,-5.74,1,3
16628.328,-0.622,0.161,0.774,8.3,-2.69,-5.16,1,3
16628.343,-0.622,0.167,0.759,5.68,-4.43,-3.23,1,3
16628.359,-0.622,0.162,0.752,4.33,-4.67,-2.23,1,3
16628.375,-0.616,0.16,0.746,3.75,-4.39,-1.46,1,3
16628.375,-0.614,0.155,0.747,3.97,-3.39,-0.92,1,3
16628.39,-0.614,0.155,0.751,4.12,-2.29,-0.61,1,3
16628.406,-0.62,0.156,0.759,4.18,-1.68,-0.09,1,3
16628.406,-0.623,0.156,0.764,3.6,-1.74,0.46,1,3
16628.421,-0.627,0.16,0.774,2.62,-2.23,1.31,1,3
16628.421,-0.631,0.161,0.777,1.62,-3.66,2.41,1,3
16628.437,-0.626,0.158,0.778,0.31,-5.4,3.63,1,3
16628.453,-0.619,0.152,0.772,-0.43,-6.62,4.3,1,3
16628.453,-0.608,0.145,0.766,-0.31,-7.39,4.58,1,3
16628.468,-0.604,0.14,0.759,0.06,-7.11,4.18,1,3
16628.484,-0.603,0.135,0.755,1.1,-6.01,3.3,1,3
16628.484,-0.606,0.133,0.758,2.35,-4.61,2.17,1,3
16628.5,-0.609,0.133,0.756,3.23,-3.51,1.25,1,3
16628.515,-0.614,0.138,0.762,4.73,-3.23,-0.85,1,3
16628.531,-0.622,0.139,0.767,5.13,-4.21,-1.07,1,3
16628.531,-0.614,0.142,0.762,5.52,-4.85,-1.01,1,3
16628.546,-0.615,0.144,0.759,5.1,-6.32,-0.73,1,3
16628.562,-0.611,0.143,0.752,5.19,-6.65,-0.67,1,3
16628.562,-0.609,0.15,0.748,4.64,-6.32,-0.43,1,3
16628.578,-0.606,0.146,0.744,3.88,-5.55,-0.24,1,3
16628.593,-0.608,0.148,0.741,3.2,-4.64,-0.03,1,3
16628.593,-0.608,0.146,0.742,2.11,-4.12,0.09,1,3
16628.609,-0.607,0.144,0.743,1.25,-3.42,0.18,1,3
16628.625,-0.604,0.146,0.742,0.98,-2.84,0.18,1,3
16628.625,-0.603,0.147,0.738,0.89,-2.04,0.0,1,3
16628.64,-0.606,0.149,0.744,0.43,-1.13,-0.24,1,3
16628.64,-0.611,0.15,0.752,0.09,-0.7,-0.52,1,3
16628.656,-0.614,0.151,0.754,0.09,-0.85,-0.79,1,3
16628.671,-0.615,0.152,0.753,0.18,-1.28,-0.85,1,3
16628.687,-0.611,0.154,0.754,0.06,-1.25,-2.01,1,3
16628.703,-0.615,0.156,0.753,0.24,-1.19,-2.53,1,3
16628.718,-0.613,0.159,0.754,1.01,-1.13,-2.78,1,3
16628.718,-0.616,0.163,0.755,1.92,-1.01,-2.9,1,3
16628.734,-0.616,0.167,0.754,2.47,-1.04,-3.14,1,3
16628.734,-0.615,0.171,0.754,2.56,-1.25,-3.33,1,3
16628.75,-0.616,0.171,0.75,2.47,-1.31,-3.2,1,3
16628.75,-0.617,0.169,0.748,2.32,-1.1,-3.14,1,3
16628.765,-0.614,0.169,0.746,2.26,-0.89,-3.08,1,3
16628.781,-0.61,0.169,0.744,2.2,-0.73,-3.02,1,3
16628.781,-0.61,0.169,0.746,2.08,-0.27,-3.17,1,3
16628.796,-0.612,0.17,0.749,2.11,0.4,-3.42,1,3
16628.812,-0.614,0.175,0.752,2.29,0.76,-3.33,1,3
16628.812,-0.618,0.178,0.76,2.26,1.13,-3.11,1,3
16628.828,-0.623,0.182,0.769,2.11,0.73,-2.62,1,3
16628.843,-0.63,0.186,0.772,2.01,-0.49,-1.74,1,3
16628.859,-0.636,0.191,0.78,0.67,-4.7,0.58,1,3
16628.875,-0.639,0.192,0.783,-0.55,-7.11,1.31,1,3
16628.875,-0.635,0.191,0.783,-1.4,-9.7,1.98,1,3
16628.89,-0.631,0.192,0.778,-1.77,-12.48,2.56,1,3
16628.89,-0.614,0.188,0.765,-2.14,-15.02,2.81,1,3
16628.906,-0.591,0.178,0.748,-1.68,-16.02,2.62,1,3
16628.921,-0.576,0.172,0.734,0.03,-14.95,2.14,1,3
16628.921,-0.57,0.174,0.718,2.38,-11.72,1.86,1,3
16628.937,-0.571,0.178,0.711,4.39,-7.29,1.86,1,3
16628.953,-0.578,0.178,0.713,5.74,-2.66,1.53,1,3
16628.953,-0.59,0.181,0.722,6.81,1.1,1.19,1,3
16628.968,-0.597,0.184,0.73,6.74,3.51,1.46,1,3
16628.984,-0.596,0.187,0.738,4.97,5.01,2.38,1,3
16628.984,-0.591,0.185,0.749,1.62,5.83,3.33,1,3
16629.0,-0.592,0.178,0.764,-1.59,6.5,4.24,1,3
16629.015,-0.596,0.168,0.778,-3.69,6.59,5.01,1,3
16629.015,-0.59,0.158,0.784,-4.64,5.49,4.94,1,3
16629.031,-0.576,0.148,0.781,-3.63,4.39,3.72,1,3
16629.031,-0.574,0.143,0.781,-1.01,4.15,1.53,1,3
16629.046,-0.578,0.143,0.775,2.17,4.3,-0.79,1,3
16629.062,-0.583,0.149,0.769,4.79,4.76,-3.23,1,3
16629.078,-0.592,0.155,0.762,6.56,5.31,-5.1,1,3
16629.078,-0.601,0.162,0.761,7.54,6.13,-6.35,1,3
16629.093,-0.611,0.167,0.767,7.63,6.96,-6.99,1,3
16629.093,-0.613,0.171,0.771,7.26,7.11,-7.17,1,3
16629.109,-0.615,0.173,0.775,7.17,6.87,-7.08,1,3
16629.125,-0.623,0.175,0.783,7.02,6.2,-6.78,1,3
16629.125,-0.619,0.177,0.781,6.56,4.36,-6.68,1,3
16629.14,-0.618,0.178,0.782,6.29,2.59,-6.84,1,3
16629.156,-0.622,0.176,0.786,6.35,1.16,-7.17,1,3
16629.156,-0.611,0.178,0.78,6.84,-0.31,-7.29,1,3
16629.171,-0.602,0.18,0.771,7.17,-1.04,-7.23,1,3
16629.171,-0.597,0.186,0.765,7.6,-0.92,-7.54,1,3
16629.187,-0.598,0.188,0.765,7.97,-0.06,-7.69,1,3
16629.203,-0.605,0.19,0.768,8.33,0.85,-7.42,1,3
16629.203,-0.611,0.194,0.772,8.09,1.19,-6.65,1,3
16629.218,-0.609,0.193,0.778,7.39,0.85,-5.65,1,3
16629.234,-0.604,0.191,0.784,6.23,0.06,-4.46,1,3
16629.234,-0.607,0.193,0.788,5.19,-0.76,-3.6,1,3
16629.25,-0.613,0.189,0.794,4.24,-2.08,-2.99,1,3
16629.265,-0.603,0.193,0.781,3.2,-3.91,-2.14,1,3
16629.265,-0.601,0.182,0.786,3.54,-4.97,-1.62,1,3
16629.281,-0.596,0.18,0.772,4.3,-5.74,-1.68,1,3
16629.296,-0.603,0.181,0.766,5.77,-5.46,-1.65,1,3
16629.296,-0.608,0.185,0.763,6.59,-5.13,-1.74,1,3
16629.312,-0.615,0.189,0.761,6.65,-4.97,-1.71,1,3
16629.312,-0.629,0.194,0.761,6.16,-5.13,-1.31,1,3
16629.328,-0.625,0.195,0.743,5.98,-5.19,-0.34,1,3
16629.343,-0.642,0.209,0.746,5.68,-4.43,1.01,1,3
16629.343,-0.634,0.212,0.739,3.91,-5.07,2.62,1,3
16629.359,-0.625,0.212,0.728,2.14,-4.97,4.58,1,3
16629.375,-0.615,0.212,0.722,-0.18,-4.46,6.87,1,3
16629.375,-0.611,0.21,0.714,-2.38,-3.11,8.94,1,3
16629.39,-0.614,0.209,0.713,-4.85,-1.53,11.02,1,3
16629.39,-0.612,0.206,0.711,-7.26,-0.31,12.91,1,3
16629.406,-0.612,0.196,0.713,-9.06,1.04,14.19,1,3
16629.421,-0.613,0.186,0.718,-9.64,2.56,14.74,1,3
16629.437,-0.62,0.183,0.729,-9.09,3.63,15.02,1,3
16629.437,-0.605,0.183,0.714,-8.79,4.36,15.02,1,3
16629.453,-0.602,0.178,0.735,-9.25,5.89,14.65,1,3
16629.453,-0.598,0.17,0.733,-10.13,6.62,13.92,1,3
16629.468,-0.604,0.171,0.744,-11.08,7.9,13.52,1,3
16629.484,-0.602,0.169,0.754,-11.72,8.48,12.82,1,3
16629.484,-0.602,0.168,0.766,-11.96,8.67,12.09,1,3
16629.5,-0.598,0.17,0.779,-11.23,7.48,9.83,1,3
16629.5,-0.59,0.174,0.787,-10.65,6.81,8.3,1,3
16629.515,-0.59,0.176,0.795,-9.46,5.83,6.65,1,3
16629.531,-0.6,0.182,0.814,-8.21,4.36,5.43,1,3
16629.546,-0.603,0.187,0.815,-6.74,2.56,4.3,1,3
16629.546,-0.598,0.187,0.816,-5.16,0.73,3.2,1,3
16629.562,-0.593,0.188,0.815,-3.51,-0.79,2.35,1,3
16629.562,-0.595,0.187,0.814,-1.77,-2.14,1.43,1,3
16629.578,-0.604,0.188,0.814,0.12,-3.57,0.24,1,3
16629.593,-0.617,0.189,0.811,2.35,-5.43,-0.92,1,3
16629.593,-0.622,0.191,0.803,4.33,-7.72,-1.83,1,3
16629.609,-0.624,0.194,0.79,6.2,-9.92,-2.41,1,3
16629.625,-0.625,0.196,0.771,8.0,-11.47,-2.9,1,3
16629.625,-0.626,0.199,0.759,8.97,-12.05,-3.05,1,3
16629.64,-0.628,0.202,0.746,9.09,-12.33,-2.9,1,3
16629.64,-0.63,0.202,0.729,9.16,-12.54,-2.41,1,3
16629.656,-0.63,0.203,0.715,8.61,-12.15,-1.71,1,3
16629.671,-0.632,0.204,0.708,7.69,-11.17,-0.7,1,3
16629.687,-0.636,0.206,0.7,6.1,-9.98,0.76,1,3
16629.687,-0.63,0.206,0.694,3.39,-8.64,2.32,1,3
16629.703,-0.626,0.203,0.694,0.24,-6.65,3.48,1,3
16629.718,-0.633,0.194,0.704,-4.0,-2.96,4.64,1,3
16629.734,-0.631,0.193,0.705,-4.61,-1.71,4.76,1,3
16629.734,-0.625,0.193,0.704,-4.67,-0.34,4.33,1,3
16629.75,-0.625,0.197,0.707,-4.49,1.53,3.66,1,3
16629.765,-0.629,0.199,0.71,-4.3,3.39,3.54,1,3
16629.765,-0.624,0.204,0.719,-4.49,4.76,4.09,1,3
16629.781,-0.618,0.208,0.725,-5.19,5.86,4.21,1,3
16629.781,-0.623,0.207,0.735,-5.58,6.74,4.0,1,3
16629.796,-0.63,0.206,0.745,-5.43,6.87,4.15,1,3
16629.812,-0.623,0.21,0.75,-5.28,5.86,4.58,1,3
16629.812,-0.613,0.208,0.747,-4.94,5.13,4.55,1,3
16629.828,-0.614,0.206,0.744,-4.73,5.07,4.21,1,3
16629.843,-0.615,0.204,0.742,-4.82,5.25,4.12,1,3
16629.843,-0.611,0.202,0.741,-4.85,5.31,4.46,1,3
16629.859,-0.606,0.202,0.739,-4.91,5.74,4.3,1,3
16629.875,-0.61,0.196,0.741,-4.88,6.68,3.91,1,3
16629.89,-0.603,0.192,0.751,-5.16,7.97,3.48,1,3
16629.89,-0.599,0.186,0.755,-5.28,8.45,2.47,1,3
16629.906,-0.6,0.182,0.764,-4.67,8.91,1.34,1,3
16629.921,-0.601,0.184,0.772,-3.08,8.91,0.27,1,3
16629.921,-0.601,0.187,0.776,-1.56,8.33,-0.67,1,3
16629.937,-0.606,0.188,0.778,-0.4,7.51,-1.86,1,3
16629.953,-0.607,0.191,0.778,0.4,6.96,-3.05,1,3
16629.953,-0.609,0.194,0.782,1.22,6.71,-3.85,1,3
16629.968,-0.615,0.198,0.784,2.08,6.13,-4.33,1,3
16629.984,-0.616,0.202,0.779,2.17,4.97,-4.33,1,3
16629.984,-0.612,0.209,0.778,1.28,3.78,-3.94,1,3
16630.0,-0.609,0.208,0.777,0.15,3.02,-3.66,1,3
16630.0,-0.608,0.205,0.78,-0.55,2.56,-3.23,1,3
16630.015,-0.61,0.204,0.78,-0.76,2.32,-2.78,1,3
16630.031,-0.613,0.201,0.781,-0.49,2.41,-2.56,1,3
16630.031,-0.616,0.198,0.781,0.09,2.14,-2.53,1,3
16630.062,-0.611,0.19,0.78,2.11,0.61,-3.14,1,3
16630.062,-0.622,0.189,0.796,3.05,-0.49,-3.54,1,3
16630.078,-0.616,0.183,0.77,3.94,-2.44,-3.97,1,3
16630.093,-0.612,0.184,0.779,4.27,-3.97,-4.73,1,3
16630.093,-0.606,0.175,0.766,5.58,-5.34,-6.41,1,3
16630.109,-0.609,0.169,0.764,8.73,-5.25,-8.15,1,3
16630.125,-0.606,0.166,0.766,12.67,-4.97,-10.07,1,3
16630.125,-0.604,0.166,0.756,16.45,-4.88,-12.45,1,3
16630.14,-0.596,0.145,0.755,22.43,-3.23,-14.95,1,3
16630.14,-0.602,0.134,0.772,29.51,-1.65,-18.25,1,3
16630.156,-0.601,0.132,0.771,38.0,-0.64,-22.03,1,3
16630.171,-0.61,0.13,0.757,47.82,0.24,-25.82,1,3
16630.171,-0.612,0.126,0.76,57.53,0.7,-28.78,1,3
16630.187,-0.601,0.132,0.76,65.98,1.13,-32.07,1,3
16630.203,-0.617,0.145,0.747,71.44,0.03,-37.11,1,3
16630.203,-0.631,0.157,0.757,72.97,-3.57,-42.85,1,3
16630.234,-0.683,0.242,0.722,68.79,-13.34,-48.01,1,3
16630.234,-0.677,0.298,0.687,59.51,-17.27,-42.45,1,3
16630.25,-0.67,0.344,0.645,44.89,-17.64,-32.47,1,3
16630.265,-0.661,0.372,0.606,24.48,-16.05,-20.33,1,3
16630.265,-0.646,0.359,0.603,2.93,-12.45,-7.48,1,3
16630.281,-0.635,0.327,0.608,-13.64,-6.44,4.82,1,3
16630.281,-0.64,0.305,0.622,-25.12,0.52,14.77,1,3
16630.296,-0.651,0.289,0.651,-33.33,6.04,21.85,1,3
16630.312,-0.658,0.273,0.683,-39.28,8.82,27.25,1,3
16630.312,-0.661,0.256,0.712,-43.76,9.43,31.01,1,3
16630.328,-0.658,0.24,0.734,-46.78,8.45,33.69,1,3
16630.343,-0.65,0.219,0.753,-47.18,6.84,35.43,1,3
16630.343,-0.647,0.2,0.758,-45.08,5.55,36.07,1,3
16630.359,-0.646,0.191,0.762,-41.99,4.49,35.86,1,3
16630.375,-0.646,0.189,0.761,-39.22,3.27,34.49,1,3
16630.375,-0.641,0.178,0.76,-36.81,1.8,32.87,1,3
16630.39,-0.631,0.169,0.748,-32.35,-0.73,28.63,1,3
16630.406,-0.631,0.168,0.744,-30.06,-1.68,26.43,1,3
16630.421,-0.634,0.169,0.742,-28.23,-2.66,24.11,1,3
16630.421,-0.636,0.171,0.741,-27.47,-4.06,22.22,1,3
16630.437,-0.632,0.177,0.741,-27.41,-5.86,20.6,1,3
16630.453,-0.639,0.186,0.741,-28.05,-7.08,19.68,1,3
16630.453,-0.646,0.193,0.75,-29.45,-8.7,19.44,1,3
16630.468,-0.658,0.202,0.772,-30.52,-10.77,20.45,1,3
16630.484,-0.678,0.209,0.799,-28.57,-20.29,26.28,1,3
16630.484,-0.708,0.222,0.836,-25.06,-29.11,32.32,1,3
16630.5,-0.712,0.235,0.866,-23.5,-39.12,39.86,1,3
16630.515,-0.705,0.257,0.835,-26.98,-46.94,49.32,1,3
16630.515,-0.674,0.31,0.803,-39.89,-54.29,58.93,1,3
16630.531,-0.632,0.275,0.714,-53.04,-60.46,65.1,1,3
16630.546,-0.602,0.244,0.72,-67.6,-61.92,70.47,1,3
16630.546,-0.571,0.183,0.719,-74.04,-60.46,72.82,1,3
16630.562,-0.547,0.148,0.734,-76.54,-58.35,71.14,1,3
16630.562,-0.539,0.147,0.762,-76.57,-56.43,67.11,1,3
16630.578,-0.554,0.151,0.791,-78.43,-56.46,62.87,1,3
16630.593,-0.539,0.141,0.84,-82.98,-60.82,59.33,1,3
16630.593,-0.525,0.122,0.861,-82.58,-64.52,56.52,1,3
16630.609,-0.508,0.098,0.857,-75.44,-64.94,56.89,1,3
16630.625,-0.47,0.095,0.836,-67.02,-63.02,58.11,1,3
16630.625,-0.432,0.093,0.813,-60.82,-59.21,56.34,1,3
16630.64,-0.433,0.089,0.815,-57.56,-54.48,51.61,1,3
16630.656,-0.433,0.071,0.836,-54.26,-50.54,46.63,1,3
16630.656,-0.423,0.069,0.859,-49.53,-46.97,42.97,1,3
16630.671,-0.438,0.083,0.9,-42.97,-43.55,40.25,1,3
16630.671,-0.437,0.092,0.92,-36.68,-42.91,39.34,1,3
16630.687,-0.425,0.107,0.929,-34.88,-44.19,38.48,1,3
16630.703,-0.407,0.095,0.91,-36.65,-46.54,36.13,1,3
16630.703,-0.374,0.063,0.881,-37.93,-47.7,32.75,1,3
16630.718,-0.326,0.032,0.859,-34.42,-44.71,27.74,1,3
16630.734,-0.295,0.028,0.855,-27.28,-38.24,20.78,1,3
16630.75,-0.298,0.042,0.862,-18.89,-30.06,12.6,1,3
16630.75,-0.322,0.061,0.875,-11.35,-22.83,5.86,1,3
16630.765,-0.337,0.089,0.894,-7.87,-18.49,1.46,1,3
16630.765,-0.357,0.111,0.911,-7.6,-16.24,-0.98,1,3
16630.781,-0.361,0.117,0.909,-9.25,-15.5,-1.07,1,3
16630.796,-0.351,0.12,0.905,-11.66,-15.08,-0.21,1,3
16630.796,-0.342,0.114,0.899,-12.7,-13.73,0.24,1,3
16630.812,-0.325,0.105,0.882,-12.3,-11.08,0.73,1,3
16630.812,-0.31,0.102,0.862,-12.24,-7.08,0.85,1,3
16630.828,-0.3,0.093,0.86,-13.21,-2.35,-0.73,1,3
16630.843,-0.308,0.086,0.88,-14.1,2.26,-3.45,1,3
16630.843,-0.331,0.086,0.901,-14.31,6.01,-6.26,1,3
16630.859,-0.354,0.089,0.926,-14.53,7.35,-8.36,1,3
16630.875,-0.384,0.093,0.978,-14.01,6.38,-9.37,1,3
16630.875,-0.402,0.082,0.983,-10.01,3.33,-8.36,1,3
16630.89,-0.39,0.094,0.951,-5.86,0.12,-5.95,1,3
16630.906,-0.355,0.101,0.921,-4.61,-1.74,-4.85,1,3
16630.906,-0.335,0.092,0.893,-4.79,-0.89,-5.34,1,3
16630.921,-0.338,0.094,0.892,-4.46,1.83,-5.89,1,3
16630.937,-0.35,0.099,0.904,-4.0,4.97,-6.01,1,3
16630.937,-0.366,0.108,0.926,-4.09,6.62,-5.43,1,3
16630.953,-0.372,0.103,0.942,-4.36,5.89,-4.82,1,3
16630.953,-0.369,0.098,0.949,-2.9,4.39,-4.46,1,3
16630.968,-0.374,0.105,0.96,-0.43,2.81,-4.55,1,3
16630.984,-0.374,0.107,0.951,1.92,0.82,-4.76,1,3
16630.984,-0.374,0.116,0.95,3.36,-0.98,-4.73,1,3
16631.0,-0.37,0.121,0.926,3.75,-2.38,-4.46,1,3
16631.0,-0.362,0.117,0.909,3.08,-2.44,-3.78,1,3
16631.015,-0.351,0.11,0.889,2.5,-1.31,-2.99,1,3
16631.031,-0.361,0.111,0.886,2.41,1.37,-2.35,1,3
16631.031,-0.369,0.109,0.902,1.89,3.3,-1.43,1,3
16631.046,-0.365,0.107,0.91,1.13,3.88,-0.92,1,3
16631.062,-0.385,0.106,0.924,1.43,4.39,-0.61,1,3
16631.062,-0.399,0.107,0.934,1.77,3.45,0.55,1,3
16631.078,-0.389,0.104,0.932,0.67,1.19,1.68,1,3
16631.093,-0.38,0.088,0.926,0.0,-0.92,1.31,1,3
16631.093,-0.377,0.076,0.914,0.92,-1.56,0.31,1,3
16631.109,-0.374,0.082,0.913,1.83,-1.5,-0.55,1,3
16631.125,-0.362,0.078,0.905,2.08,-1.5,-2.29,1,3
16631.125,-0.353,0.07,0.902,3.48,-0.89,-4.82,1,3
16631.14,-0.36,0.076,0.902,6.16,0.79,-7.48,1,3
16631.14,-0.384,0.097,0.914,8.42,2.38,-8.7,1,3
16631.156,-0.394,0.114,0.925,8.06,1.83,-7.84,1,3
16631.171,-0.388,0.111,0.912,6.53,0.43,-6.53,1,3
16631.171,-0.382,0.104,0.897,6.04,0.37,-5.28,1,3
16631.187,-0.381,0.109,0.889,6.44,1.89,-3.75,1,3
16631.203,-0.396,0.125,0.9,5.65,3.48,-1.37,1,3
16631.203,-0.398,0.125,0.914,3.08,3.48,1.07,1,3
16631.218,-0.392,0.111,0.915,1.28,2.62,2.87,1,3
16631.234,-0.386,0.101,0.912,1.31,2.62,3.94,1,3
16631.234,-0.386,0.099,0.91,1.95,2.99,4.39,1,3
16631.25,-0.387,0.097,0.917,1.59,2.93,4.24,1,3
16631.265,-0.381,0.089,0.922,0.4,1.98,3.36,1,3
16631.265,-0.382,0.078,0.921,1.16,1.43,2.14,1,3
16631.281,-0.385,0.077,0.91,3.54,1.31,0.85,1,3
16631.281,-0.386,0.087,0.902,5.16,1.56,0.24,1,3
16631.296,-0.395,0.099,0.898,4.64,1.92,0.06,1,3
16631.312,-0.4,0.1,0.895,3.05,2.01,0.37,1,3
16631.312,-0.396,0.102,0.899,1.62,2.32,1.34,1,3
16631.328,-0.396,0.111,0.902,0.82,2.78,2.56,1,3
16631.343,-0.396,0.119,0.903,0.0,3.02,4.18,1,3
16631.359,-0.396,0.128,0.901,-0.82,3.51,6.16,1,3
16631.359,-0.401,0.134,0.906,-2.01,3.78,8.21,1,3
16631.359,-0.413,0.138,0.908,-3.97,3.69,10.71,1,3
16631.375,-0.42,0.136,0.909,-6.07,3.27,14.1,1,3
16631.39,-0.413,0.121,0.908,-8.51,2.59,17.46,1,3
16631.39,-0.399,0.103,0.904,-11.11,2.08,19.75,1,3
16631.421,-0.377,0.063,0.909,-12.51,2.04,18.25,1,3
16631.421,-0.377,0.047,0.914,-9.95,2.29,14.59,1,3
16631.437,-0.383,0.04,0.93,-5.16,2.5,10.25,1,3
16631.453,-0.392,0.048,0.932,-0.58,2.08,5.71,1,3
16631.453,-0.398,0.057,0.926,2.56,1.16,1.53,1,3
16631.468,-0.399,0.061,0.917,5.25,-0.61,-3.85,1,3
16631.484,-0.398,0.065,0.908,6.2,-0.27,-5.46,1,3
16631.484,-0.401,0.069,0.897,6.71,0.43,-6.13,1,3
16631.5,-0.407,0.094,0.888,5.98,0.95,-5.62,1,3
16631.515,-0.4,0.1,0.882,4.24,1.74,-3.85,1,3
16631.515,-0.395,0.103,0.885,2.23,2.99,-2.35,1,3
16631.531,-0.4,0.104,0.896,1.04,4.18,-1.19,1,3
16631.531,-0.402,0.104,0.903,0.21,4.73,-0.09,1,3
16631.546,-0.394,0.097,0.903,-0.06,4.79,0.46,1,3
16631.562,-0.39,0.091,0.91,0.64,5.31,0.24,1,3
16631.562,-0.396,0.09,0.92,2.14,5.71,-0.15,1,3
16631.578,-0.398,0.092,0.925,3.17,5.4,-0.4,1,3
16631.593,-0.39,0.093,0.927,3.6,4.12,-1.28,1,3
16631.593,-0.391,0.089,0.926,4.49,3.23,-2.96,1,3
16631.609,-0.391,0.094,0.923,5.46,2.59,-3.91,1,3
16631.625,-0.388,0.104,0.915,5.92,2.2,-4.7,1,3
16631.625,-0.387,0.108,0.911,6.01,1.89,-5.65,1,3
16631.64,-0.387,0.113,0.911,5.92,2.14,-6.23,1,3
16631.64,-0.383,0.12,0.911,5.77,2.53,-6.16,1,3
16631.656,-0.384,0.131,0.91,5.43,2.84,-5.92,1,3
16631.671,-0.382,0.135,0.915,4.58,2.96,-5.4,1,3
16631.671,-0.381,0.138,0.924,4.12,3.14,-5.04,1,3
16631.687,-0.385,0.144,0.939,4.39,2.93,-4.7,1,3
16631.703,-0.395,0.148,0.957,5.13,1.8,-4.46,1,3
16631.703,-0.412,0.145,0.959,6.23,-0.55,-4.15,1,3
16631.718,-0.422,0.134,0.955,6.65,-3.94,-3.3,1,3
16631.718,-0.414,0.124,0.949,7.02,-7.08,-2.44,1,3
16631.734,-0.404,0.115,0.926,8.15,-9.06,-2.14,1,3
16631.75,-0.388,0.106,0.906,8.85,-9.43,-2.53,1,3
16631.765,-0.381,0.102,0.897,9.89,-8.18,-3.78,1,3
16631.765,-0.382,0.096,0.894,11.84,-6.32,-5.71,1,3
16631.781,-0.381,0.101,0.895,13.95,-4.7,-7.63,1,3
16631.781,-0.393,0.109,0.893,16.08,-3.3,-9.52,1,3
16631.796,-0.396,0.115,0.888,17.4,-2.5,-10.62,1,3
16631.812,-0.406,0.131,0.888,17.7,-1.8,-10.99,1,3
16631.828,-0.424,0.144,0.886,16.11,-1.71,-10.13,1,3
16631.828,-0.434,0.147,0.887,13.52,-2.66,-7.87,1,3
16631.843,-0.438,0.147,0.889,11.14,-3.85,-4.82,1,3
16631.843,-0.434,0.146,0.886,9.0,-4.85,-1.71,1,3
16631.859,-0.419,0.14,0.883,6.9,-5.4,0.85,1,3
16631.875,-0.403,0.135,0.879,5.16,-4.88,2.38,1,3
16631.875,-0.393,0.131,0.879,4.18,-3.57,2.84,1,3
16631.89,-0.386,0.126,0.881,4.3,-1.95,2.59,1,3
16631.89,-0.382,0.12,0.886,5.25,-0.27,2.2,1,3
16631.906,-0.381,0.118,0.89,6.59,1.1,1.8,1,3
16631.921,-0.392,0.118,0.893,7.54,2.35,1.1,1,3
16631.921,-0.4,0.118,0.898,7.78,2.87,0.55,1,3
16631.937,-0.403,0.117,0.895,7.69,2.5,0.06,1,3
16631.953,-0.41,0.117,0.89,7.87,2.17,0.06,1,3
16631.953,-0.411,0.125,0.889,7.2,1.31,0.4,1,3
16631.968,-0.408,0.125,0.881,5.68,0.18,0.64,1,3
16631.984,-0.405,0.12,0.869,4.12,-0.58,1.22,1,3
16631.984,-0.395,0.116,0.861,2.62,-0.76,2.04,1,3
16632.0,-0.384,0.111,0.852,1.71,0.09,2.2,1,3
16632.015,-0.386,0.109,0.85,1.5,2.01,1.68,1,3
16632.015,-0.398,0.113,0.854,1.65,4.49,1.53,1,3
16632.031,-0.407,0.12,0.869,1.34,6.62,1.83,1,3
16632.046,-0.417,0.125,0.888,0.37,8.09,2.14,1,3
16632.046,-0.424,0.125,0.902,-0.46,8.09,2.38,1,3
16632.062,-0.426,0.129,0.915,-1.4,7.66,2.96,1,3
16632.062,-0.425,0.132,0.926,-2.35,6.47,3.3,1,3
16632.078,-0.421,0.129,0.929,-2.81,4.91,2.72,1,3
16632.093,-0.419,0.131,0.93,-2.66,4.03,1.8,1,3
16632.093,-0.426,0.139,0.935,-1.4,3.39,1.31,1,3
16632.109,-0.43,0.147,0.933,-0.64,2.59,1.37,1,3
16632.125,-0.425,0.15,0.928,-0.67,1.62,1.71,1,3
16632.125,-0.422,0.148,0.928,-0.76,0.46,1.46,1,3
16632.14,-0.422,0.141,0.926,-0.73,-1.07,0.92,1,3
16632.14,-0.424,0.132,0.919,0.46,-2.35,0.03,1,3
16632.156,-0.424,0.13,0.904,2.5,-2.87,-1.16,1,3
16632.171,-0.431,0.13,0.887,4.46,-2.66,-2.29,1,3
16632.171,-0.443,0.137,0.9,5.16,-2.47,-2.87,1,3
16632.187,-0.437,0.135,0.867,4.55,-2.69,-2.75,1,3
16632.203,-0.426,0.133,0.872,3.57,-1.77,-2.69,1,3
16632.203,-0.438,0.125,0.882,4.58,-0.85,-3.33,1,3
16632.218,-0.453,0.137,0.879,5.22,-0.95,-3.27,1,3
16632.234,-0.447,0.138,0.879,4.76,-1.74,-2.66,1,3
16632.234,-0.434,0.139,0.869,3.57,-2.62,-2.69,1,3
16632.25,-0.429,0.14,0.858,2.44,-2.44,-2.87,1,3
16632.265,-0.444,0.137,0.876,1.65,-1.43,-2.11,1,3
16632.265,-0.438,0.145,0.869,0.06,-1.5,-0.92,1,3
16632.281,-0.43,0.138,0.873,-1.1,-1.16,0.0,1,3
16632.281,-0.424,0.134,0.875,-1.22,-0.92,-0.09,1,3
16632.296,-0.423,0.13,0.88,-0.49,-0.52,-0.61,1,3
16632.312,-0.415,0.127,0.875,0.18,-0.34,-1.53,1,3
16632.312,-0.411,0.125,0.875,1.19,0.18,-2.96,1,3
16632.328,-0.417,0.126,0.882,2.59,1.13,-4.64,1,3
16632.343,-0.435,0.131,0.897,4.06,1.83,-5.55,1,3
16632.343,-0.437,0.137,0.9,4.64,1.53,-5.46,1,3
16632.359,-0.427,0.139,0.899,4.39,0.7,-5.37,1,3
16632.359,-0.427,0.139,0.896,4.3,0.03,-5.98,1,3
16632.375,-0.435,0.141,0.894,4.73,-0.58,-6.9,1,3
16632.39,-0.43,0.148,0.887,5.65,-1.43,-7.57,1,3
16632.39,-0.424,0.156,0.88,6.44,-1.65,-7.72,1,3
16632.406,-0.426,0.159,0.878,6.65,-0.95,-7.32,1,3
16632.421,-0.428,0.161,0.876,6.41,0.0,-6.1,1,3
16632.437,-0.428,0.161,0.876,5.04,0.92,-4.27,1,3
16632.437,-0.428,0.154,0.884,3.39,1.56,-2.96,1,3
16632.453,-0.428,0.145,0.894,2.62,1.13,-2.5,1,3
16632.453,-0.428,0.135,0.895,4.03,0.7,-3.75,1,3
16632.468,-0.432,0.13,0.893,6.2,-0.03,-5.89,1,3
16632.484,-0.459,0.14,0.88,8.45,-1.74,-8.12,1,3
16632.5,-0.458,0.145,0.863,10.99,-3.75,-10.38,1,3
16632.5,-0.448,0.15,0.834,13.64,-4.27,-12.6,1,3
16632.515,-0.441,0.163,0.813,16.17,-2.56,-14.28,1,3
16632.515,-0.439,0.179,0.803,17.61,0.7,-14.47,1,3
16632.531,-0.431,0.193,0.803,16.91,4.36,-12.42,1,3
16632.546,-0.421,0.207,0.812,13.49,8.15,-8.85,1,3
16632.546,-0.421,0.212,0.832,8.33,11.84,-4.39,1,3
16632.562,-0.421,0.209,0.858,2.35,14.65,0.21,1,3
16632.562,-0.416,0.203,0.876,-2.81,15.78,4.15,1,3
16632.578,-0.416,0.187,0.89,-5.46,16.17,6.32,1,3
16632.593,-0.414,0.178,0.898,-5.43,16.08,6.65,1,3
16632.609,-0.411,0.176,0.904,-4.03,15.41,5.55,1,3
16632.609,-0.41,0.178,0.907,-1.8,15.05,3.57,1,3
16632.625,-0.411,0.183,0.904,0.73,15.17,1.5,1,3
16632.625,-0.411,0.192,0.9,2.87,15.66,0.06,1,3
16632.64,-0.423,0.199,0.9,4.03,16.14,-0.52,1,3
16632.64,-0.424,0.204,0.899,3.63,15.5,0.03,1,3
16632.656,-0.425,0.2,0.895,2.5,14.68,1.04,1,3
16632.671,-0.43,0.191,0.898,0.49,13.82,2.32,1,3
16632.671,-0.423,0.181,0.891,-2.08,12.45,3.72,1,3
16632.687,-0.407,0.171,0.886,-4.79,11.96,4.52,1,3
16632.703,-0.402,0.162,0.902,-6.71,12.57,4.67,1,3
16632.718,-0.4,0.152,0.885,-7.32,13.28,4.49,1,3
16632.718,-0.404,0.154,0.899,-8.09,14.13,4.36,1,3
16632.734,-0.408,0.151,0.902,-8.85,13.98,3.81,1,3
16632.734,-0.412,0.143,0.898,-8.85,13.58,3.14,1,3
16632.75,-0.418,0.14,0.901,-8.76,13.03,3.02,1,3
16632.765,-0.418,0.134,0.898,-9.34,12.7,2.69,1,3
16632.765,-0.415,0.135,0.899,-10.59,12.54,1.71,1,3
16632.781,-0.428,0.122,0.915,-9.34,13.25,-0.21,1,3
16632.781,-0.448,0.128,0.932,-6.93,13.28,-2.66,1,3
16632.796,-0.46,0.133,0.942,-3.94,11.35,-5.77,1,3
16632.812,-0.472,0.131,0.947,0.09,8.21,-9.8,1,3
16632.812,-0.476,0.141,0.94,4.85,4.18,-13.4,1,3
16632.828,-0.488,0.156,0.926,9.13,0.61,-16.08,1,3
16632.843,-0.494,0.169,0.901,11.6,-3.02,-17.58,1,3
16632.843,-0.487,0.18,0.875,11.84,-5.55,-17.73,1,3
16632.859,-0.483,0.185,0.855,10.59,-6.59,-17.06,1,3
16632.875,-0.477,0.185,0.838,8.85,-5.86,-15.14,1,3
16632.875,-0.472,0.188,0.829,6.9,-4.06,-12.09,1,3
16632.89,-0.473,0.193,0.826,4.55,-1.92,-8.42,1,3
16632.89,-0.475,0.194,0.826,1.28,-0.4,-4.39,1,3
16632.906,-0.478,0.196,0.826,-2.41,0.34,-0.21,1,3
16632.921,-0.48,0.194,0.828,-6.2,0.46,3.81,1,3
16632.921,-0.48,0.191,0.832,-9.49,0.64,7.69,1,3
16632.937,-0.476,0.185,0.827,-12.39,0.7,11.51,1,3
16632.953,-0.469,0.173,0.827,-15.29,0.98,14.89,1,3
16632.953,-0.465,0.156,0.829,-17.43,1.71,17.61,1,3
16632.968,-0.464,0.142,0.834,-18.83,2.56,18.92,1,3
16632.984,-0.463,0.123,0.842,-19.04,2.59,19.01,1,3
16632.984,-0.464,0.106,0.846,-17.73,2.23,17.3,1,3
16633.0,-0.472,0.097,0.854,-15.29,1.46,14.28,1,3
16633.015,-0.477,0.086,0.861,-12.42,-0.24,10.68,1,3
16633.015,-0.474,0.079,0.86,-9.16,-2.38,6.16,1,3
16633.031,-0.475,0.076,0.851,-5.16,-3.72,0.85,1,3
16633.031,-0.483,0.08,0.85,-0.7,-4.55,-4.61,1,3
16633.046,-0.495,0.095,0.847,4.0,-5.37,-9.8,1,3
16633.062,-0.506,0.115,0.842,8.09,-6.1,-13.76,1,3
16633.062,-0.511,0.134,0.836,10.8,-6.68,-16.27,1,3
16633.078,-0.512,0.148,0.832,12.24,-6.59,-17.18,1,3
16633.093,-0.518,0.156,0.828,12.6,-6.2,-17.37,1,3
16633.093,-0.518,0.168,0.826,11.9,-5.55,-16.63,1,3
16633.109,-0.522,0.178,0.824,10.5,-4.58,-15.05,1,3
16633.125,-0.529,0.185,0.825,8.67,-3.72,-12.85,1,3
16633.125,-0.522,0.189,0.825,6.01,-3.27,-10.13,1,3
16633.14,-0.511,0.184,0.823,3.33,-2.9,-7.45,1,3
16633.156,-0.505,0.179,0.831,1.62,-1.74,-5.46,1,3
16633.156,-0.501,0.172,0.839,1.37,-0.52,-4.21,1,3
16633.171,-0.503,0.166,0.844,2.29,0.46,-3.14,1,3
16633.171,-0.502,0.166,0.852,3.3,1.1,-1.95,1,3
16633.187,-0.501,0.165,0.858,4.06,1.1,-1.16,1,3
16633.203,-0.503,0.159,0.862,4.27,0.58,-0.34,1,3
16633.203,-0.5,0.153,0.863,4.03,-0.24,0.55,1,3
16633.218,-0.499,0.15,0.867,4.09,-0.73,1.07,1,3
16633.234,-0.505,0.147,0.866,4.46,-1.31,1.04,1,3
16633.234,-0.507,0.145,0.862,5.46,-2.14,0.82,1,3
16633.25,-0.507,0.141,0.856,6.9,-2.62,0.89,1,3
16633.265,-0.506,0.139,0.848,8.3,-2.56,1.19,1,3
16633.265,-0.502,0.138,0.838,8.64,-2.11,1.56,1,3
16633.281,-0.499,0.138,0.835,7.81,-1.28,2.17,1,3
16633.281,-0.496,0.133,0.833,6.59,-0.34,2.9,1,3
16633.296,-0.495,0.128,0.833,5.07,0.85,3.88,1,3
16633.312,-0.491,0.122,0.838,3.69,1.71,4.73,1,3
16633.328,-0.485,0.118,0.843,2.5,2.35,5.16,1,3
16633.328,-0.485,0.116,0.853,1.71,2.78,5.13,1,3
16633.343,-0.483,0.115,0.858,0.92,2.32,5.01,1,3
16633.343,-0.475,0.114,0.863,0.31,1.74,4.79,1,3
16633.359,-0.468,0.111,0.867,-0.15,1.46,4.3,1,3
16633.375,-0.462,0.105,0.869,-0.06,1.31,3.42,1,3
16633.375,-0.457,0.1,0.868,0.7,0.92,2.2,1,3
16633.39,-0.452,0.095,0.869,1.89,0.52,0.43,1,3
16633.406,-0.456,0.094,0.868,3.63,0.18,-1.62,1,3
16633.406,-0.457,0.091,0.865,5.19,-0.4,-3.48,1,3
16633.421,-0.456,0.096,0.863,6.53,-0.89,-5.58,1,3
16633.421,-0.46,0.103,0.859,8.24,-1.83,-8.88,1,3
16633.437,-0.46,0.111,0.859,8.48,-1.74,-9.7,1,3
16633.453,-0.462,0.119,0.857,8.42,-1.71,-10.32,1,3
16633.453,-0.466,0.126,0.858,8.3,-1.5,-10.8,1,3
16633.468,-0.474,0.14,0.858,8.27,-1.71,-10.74,1,3
16633.484,-0.476,0.147,0.853,8.0,-1.68,-10.59,1,3
16633.484,-0.479,0.154,0.85,7.35,-1.25,-10.07,1,3
16633.5,-0.478,0.161,0.848,6.23,-0.92,-9.4,1,3
16633.515,-0.478,0.167,0.847,4.91,-0.49,-8.85,1,3
16633.515,-0.479,0.17,0.848,3.78,-0.06,-8.03,1,3
16633.531,-0.475,0.174,0.85,3.27,0.4,-7.08,1,3
16633.531,-0.475,0.175,0.853,3.39,1.16,-6.07,1,3
16633.546,-0.475,0.177,0.853,3.91,1.71,-5.28,1,3
16633.562,-0.475,0.177,0.854,4.3,1.89,-4.67,1,3
16633.562,-0.476,0.179,0.858,4.52,1.68,-4.06,1,3
16633.578,-0.477,0.177,0.857,4.79,1.56,-3.66,1,3
16633.593,-0.481,0.177,0.859,5.22,1.5,-3.33,1,3
16633.593,-0.487,0.175,0.861,5.83,1.4,-2.69,1,3
16633.609,-0.491,0.177,0.858,6.01,1.25,-2.04,1,3
16633.625,-0.494,0.179,0.857,5.37,1.1,-1.19,1,3
16633.625,-0.492,0.177,0.854,4.24,0.49,-0.18,1,3
16633.64,-0.487,0.172,0.849,3.17,0.37,0.67,1,3
16633.64,-0.489,0.167,0.846,2.53,0.58,1.31,1,3
16633.656,-0.489,0.164,0.842,2.38,1.1,1.62,1,3
16633.671,-0.494,0.169,0.857,2.29,1.28,1.74,1,3
16633.687,-0.486,0.163,0.83,2.72,1.22,2.2,1,3
16633.687,-0.483,0.181,0.839,0.58,1.4,2.99,1,3
16633.703,-0.471,0.166,0.85,-0.58,1.5,3.48,1,3
16633.703,-0.469,0.162,0.837,-0.98,2.04,3.57,1,3
16633.718,-0.477,0.167,0.859,-1.77,2.81,3.97,1,3
16633.734,-0.475,0.16,0.843,-2.38,2.69,4.12,1,3
16633.734,-0.473,0.16,0.855,-2.47,3.51,4.21,1,3
16633.75,-0.482,0.158,0.868,-1.98,3.45,3.63,1,3
16633.765,-0.481,0.158,0.861,-1.5,2.47,3.17,1,3
16633.765,-0.478,0.158,0.864,-0.64,1.95,3.2,1,3
16633.781,-0.475,0.163,0.86,-0.12,1.1,2.5,1,3
16633.781,-0.476,0.161,0.857,0.24,0.34,1.71,1,3
16633.796,-0.479,0.159,0.855,0.61,-0.21,1.07,1,3
16633.812,-0.478,0.157,0.854,1.25,-0.49,0.79,1,3
16633.812,-0.479,0.158,0.852,1.95,-0.43,0.15,1,3
16633.828,-0.482,0.161,0.851,2.62,-0.37,-0.67,1,3
16633.843,-0.483,0.164,0.854,3.11,-0.31,-1.56,1,3
16633.843,-0.489,0.167,0.856,3.63,-0.15,-2.35,1,3
16633.859,-0.498,0.172,0.861,4.09,-0.15,-2.96,1,3
16633.875,-0.504,0.176,0.862,4.09,-0.92,-3.3,1,3
16633.875,-0.502,0.175,0.856,3.88,-2.11,-3.3,1,3
16633.89,-0.499,0.175,0.854,3.45,-3.2,-3.39,1,3
16633.906,-0.503,0.175,0.849,3.72,-3.97,-3.63,1,3
16633.906,-0.503,0.177,0.845,4.33,-4.49,-3.54,1,3
16633.921,-0.496,0.178,0.838,4.55,-5.01,-3.45,1,3
16633.921,-0.499,0.18,0.833,4.67,-4.97,-3.66,1,3
16633.937,-0.5,0.182,0.832,4.82,-4.7,-3.6,1,3
16633.953,-0.499,0.18,0.825,4.82,-4.52,-3.23,1,3
16633.953,-0.495,0.181,0.823,4.39,-3.88,-2.96,1,3
16633.968,-0.495,0.18,0.821,4.18,-2.96,-2.9,1,3
16633.984,-0.498,0.177,0.821,4.09,-2.23,-2.69,1,3
16633.984,-0.497,0.178,0.82,4.03,-1.71,-2.5,1,3
16634.0,-0.5,0.179,0.818,4.09,-0.98,-2.56,1,3
16634.015,-0.504,0.18,0.819,3.78,-0.49,-2.41,1,3
16634.015,-0.502,0.181,0.819,3.17,-0.55,-1.89,1,3
16634.031,-0.501,0.179,0.818,2.38,-0.43,-1.53,1,3
16634.031,-0.499,0.176,0.821,2.01,-0.09,-1.43,1,3
16634.046,-0.497,0.172,0.826,2.23,0.49,-1.56,1,3
16634.062,-0.496,0.178,0.821,2.41,1.04,-1.59,1,3
16634.062,-0.492,0.183,0.824,1.53,1.53,-1.68,1,3
16634.078,-0.496,0.181,0.827,0.55,2.17,-1.8,1,3
16634.093,-0.498,0.181,0.836,0.21,2.81,-1.56,1,3
16634.093,-0.495,0.185,0.841,0.61,3.02,-1.43,1,3
16634.109,-0.494,0.188,0.846,1.13,3.05,-1.43,1,3
16634.125,-0.495,0.19,0.845,1.4,2.84,-1.71,1,3
16634.125,-0.493,0.188,0.844,1.56,2.44,-1.74,1,3
16634.14,-0.49,0.188,0.844,1.74,2.41,-1.59,1,3
16634.156,-0.49,0.188,0.844,2.14,2.75,-1.77,1,3
16634.156,-0.495,0.185,0.845,2.56,2.96,-1.43,1,3
16634.171,-0.494,0.186,0.847,2.5,2.78,-0.95,1,3
16634.171,-0.49,0.187,0.847,2.14,2.41,-0.85,1,3
16634.187,-0.488,0.184,0.847,2.01,2.23,-1.04,1,3
16634.203,-0.491,0.184,0.852,2.38,2.17,-1.04,1,3
16634.218,-0.492,0.184,0.853,2.87,2.01,-0.89,1,3
16634.218,-0.49,0.187,0.851,3.02,1.5,-0.76,1,3
16634.234,-0.494,0.187,0.851,3.2,1.22,-1.04,1,3
16634.234,-0.502,0.186,0.853,3.11,0.58,-0.76,1,3
16634.25,-0.499,0.184,0.848,2.96,-0.4,-0.34,1,3
16634.265,-0.493,0.183,0.843,2.87,-0.85,-0.21,1,3
16634.265,-0.494,0.182,0.841,2.9,-0.67,-0.46,1,3
16634.281,-0.495,0.181,0.841,2.99,-0.31,-0.61,1,3
16634.281,-0.493,0.179,0.84,2.96,0.0,-0.67,1,3
16634.296,-0.494,0.18,0.838,3.02,0.24,-0.79,1,3
16634.312,-0.499,0.178,0.838,3.27,0.43,-0.76,1,3
16634.312,-0.499,0.178,0.839,3.02,0.61,-0.76,1,3
16634.328,-0.496,0.181,0.839,2.72,0.79,-0.7,1,3
16634.343,-0.499,0.181,0.842,2.35,0.89,-0.73,1,3
16634.343,-0.498,0.178,0.843,2.08,0.67,-0.7,1,3
16634.359,-0.496,0.178,0.84,1.98,0.37,-0.73,1,3
16634.375,-0.498,0.179,0.838,1.8,0.12,-0.89,1,3
16634.375,-0.5,0.177,0.835,1.68,0.03,-1.16,1,3
16634.39,-0.502,0.174,0.834,1.89,0.03,-1.43,1,3
16634.39,-0.505,0.177,0.831,2.66,0.58,-1.74,1,3
16634.406,-0.508,0.18,0.828,3.2,1.16,-1.95,1,3
16634.421,-0.513,0.184,0.825,3.11,1.71,-1.68,1,3
16634.421,-0.508,0.178,0.824,2.87,2.11,-1.59,1,3
16634.437,-0.504,0.18,0.825,2.04,2.53,-1.37,1,3
16634.453,-0.505,0.178,0.827,1.22,2.41,-1.01,1,3
16634.453,-0.498,0.177,0.825,0.64,1.89,-0.79,1,3
16634.468,-0.496,0.177,0.824,0.46,1.59,-1.1,1,3
16634.484,-0.499,0.176,0.822,0.98,1.62,-1.71,1,3
16634.484,-0.504,0.179,0.82,1.62,1.74,-2.04,1,3
16634.5,-0.503,0.182,0.824,1.83,1.92,-2.41,1,3
16634.515,-0.505,0.187,0.821,2.01,2.41,-2.59,1,3
16634.515,-0.506,0.187,0.821,1.74,2.99,-2.5,1,3
16634.531,-0.509,0.19,0.82,1.13,3.66,-2.01,1,3
16634.531,-0.505,0.19,0.82,0.37,4.06,-1.56,1,3
16634.546,-0.502,0.192,0.819,-0.18,4.58,-1.5,1,3
16634.562,-0.504,0.195,0.823,-0.37,5.31,-1.22,1,3
16634.562,-0.506,0.197,0.829,-0.61,5.65,-0.85,1,3
16634.578,-0.51,0.199,0.836,-0.67,5.83,-0.49,1,3
16634.593,-0.512,0.2,0.84,-0.67,5.68,-0.18,1,3
16634.593,-0.513,0.202,0.844,-0.82,5.1,0.12,1,3
16634.609,-0.509,0.201,0.844,-0.85,4.58,0.12,1,3
16634.609,-0.511,0.2,0.846,-0.76,4.3,-0.03,1,3
16634.625,-0.517,0.198,0.848,-0.49,3.72,-0.15,1,3
16634.64,-0.518,0.196,0.848,0.21,3.14,-0.52,1,3
16634.656,-0.516,0.198,0.847,1.16,2.44,-0.82,1,3
16634.656,-0.517,0.195,0.843,1.95,1.89,-1.34,1,3
16634.671,-0.513,0.197,0.836,2.72,1.28,-1.86,1,3
16634.671,-0.511,0.2,0.831,3.3,0.92,-2.11,1,3
16634.687,-0.509,0.203,0.827,3.72,0.67,-2.26,1,3
16634.703,-0.507,0.203,0.822,3.91,0.43,-2.23,1,3
16634.703,-0.505,0.202,0.82,3.91,0.24,-1.83,1,3
16634.718,-0.504,0.202,0.818,3.48,0.27,-1.46,1,3
16634.734,-0.504,0.202,0.815,2.96,0.49,-0.85,1,3
16634.734,-0.507,0.198,0.817,2.56,0.89,-0.09,1,3
16634.75,-0.506,0.198,0.82,2.23,1.28,0.34,1,3
16634.75,-0.509,0.197,0.822,1.98,1.5,0.52,1,3
16634.765,-0.513,0.195,0.822,2.01,1.31,0.4,1,3
16634.781,-0.52,0.193,0.823,2.81,0.61,-0.09,1,3
16634.781,-0.523,0.192,0.824,3.81,-0.18,-0.92,1,3
16634.796,-0.528,0.192,0.822,5.13,-0.98,-1.92,1,3
16634.812,-0.529,0.189,0.818,6.56,-1.46,-2.78,1,3
16634.812,-0.532,0.193,0.813,8.12,-1.5,-3.57,1,3
16634.828,-0.534,0.195,0.81,8.97,-1.25,-4.09,1,3
16634.843,-0.536,0.195,0.805,9.0,-0.73,-4.24,1,3
16634.843,-0.538,0.196,0.802,8.36,-0.06,-4.03,1,3
16634.859,-0.536,0.199,0.804,6.71,0.58,-3.72,1,3
16634.875,-0.53,0.2,0.81,5.04,1.07,-3.27,1,3
16634.875,-0.529,0.201,0.815,3.88,1.62,-2.72,1,3
16634.89,-0.53,0.205,0.819,3.42,2.26,-2.17,1,3
16634.89,-0.528,0.208,0.822,3.3,2.47,-1.37,1,3
16634.906,-0.527,0.212,0.826,3.14,2.35,-0.7,1,3
16634.921,-0.526,0.212,0.827,2.93,2.35,0.15,1,3
16634.921,-0.526,0.209,0.825,2.78,2.29,1.04,1,3
16634.937,-0.527,0.205,0.824,2.41,2.14,1.8,1,3
16634.953,-0.526,0.202,0.822,2.2,1.92,2.62,1,3
16634.968,-0.528,0.196,0.82,1.89,1.65,3.2,1,3
16634.968,-0.528,0.19,0.822,1.5,1.37,3.54,1,3
16634.984,-0.528,0.183,0.821,1.04,1.04,3.57,1,3
16634.984,-0.527,0.179,0.821,0.7,0.79,3.3,1,3
16635.0,-0.524,0.178,0.82,0.73,0.98,2.81,1,3
16635.0,-0.526,0.178,0.818,1.01,1.28,2.17,1,3
16635.015,-0.53,0.18,0.821,0.95,1.62,1.65,1,3
16635.031,-0.527,0.182,0.818,0.49,1.31,1.4,1,3
16635.046,-0.523,0.183,0.815,0.09,1.01,0.92,1,3
16635.046,-0.519,0.181,0.819,-0.15,1.34,0.52,1,3
16635.062,-0.522,0.182,0.821,-0.03,1.68,0.21,1,3
16635.062,-0.519,0.184,0.818,0.24,1.56,0.15,1,3
16635.078,-0.516,0.186,0.818,0.34,1.37,-0.15,1,3
16635.093,-0.517,0.185,0.82,0.43,1.25,-0.76,1,3
16635.093,-0.523,0.186,0.822,0.73,1.16,-1.62,1,3
16635.109,-0.529,0.188,0.825,1.53,1.07,-2.32,1,3
16635.125,-0.535,0.193,0.828,2.14,1.04,-2.53,1,3
16635.125,-0.533,0.197,0.827,2.04,0.31,-2.53,1,3
16635.14,-0.531,0.196,0.823,1.77,-0.64,-2.69,1,3
16635.14,-0.53,0.197,0.82,1.5,-1.16,-2.75,1,3
16635.156,-0.529,0.194,0.816,1.59,-1.34,-2.81,1,3
16635.171,-0.526,0.197,0.811,1.68,-1.04,-3.08,1,3
16635.171,-0.531,0.2,0.809,1.83,-0.55,-3.3,1,3
16635.187,-0.538,0.202,0.811,1.74,0.12,-3.17,1,3
16635.203,-0.542,0.202,0.813,1.43,0.18,-2.87,1,3
16635.203,-0.541,0.204,0.81,0.92,0.15,-2.59,1,3
16635.218,-0.542,0.204,0.81,0.67,-0.09,-2.38,1,3
16635.234,-0.538,0.202,0.811,0.31,-0.03,-2.26,1,3
16635.234,-0.535,0.203,0.814,0.06,0.0,-2.04,1,3
16635.25,-0.535,0.202,0.813,0.09,-0.15,-2.01,1,3
16635.265,-0.533,0.199,0.81,0.31,-0.61,-1.98,1,3
16635.265,-0.527,0.2,0.806,0.55,-0.89,-2.26,1,3
16635.281,-0.525,0.201,0.798,1.01,-1.01,-2.5,1,3
16635.281,-0.526,0.203,0.793,1.53,-0.64,-2.72,1,3
16635.296,-0.527,0.206,0.788,1.65,-0.03,-2.78,1,3
16635.312,-0.527,0.202,0.786,1.34,0.55,-2.59,1,3
16635.312,-0.529,0.201,0.786,0.98,1.25,-2.72,1,3
16635.328,-0.534,0.203,0.787,0.64,1.74,-2.66,1,3
16635.343,-0.534,0.204,0.786,0.27,2.08,-2.14,1,3
16635.343,-0.534,0.208,0.785,-0.31,2.5,-1.86,1,3
16635.359,-0.538,0.211,0.789,-0.85,2.96,-1.92,1,3
16635.375,-0.533,0.214,0.795,-1.74,3.08,-2.08,1,3
16635.375,-0.536,0.211,0.797,-0.92,3.97,-2.23,1,3
16635.39,-0.538,0.219,0.806,-0.67,4.33,-2.14,1,3
16635.39,-0.539,0.222,0.805,-0.12,3.97,-1.77,1,3
16635.406,-0.539,0.229,0.808,0.0,3.72,-1.37,1,3
16635.421,-0.539,0.228,0.805,0.06,3.6,-0.82,1,3
16635.421,-0.539,0.225,0.806,-0.12,3.69,-0.09,1,3
16635.437,-0.536,0.23,0.803,-0.58,3.88,0.43,1,3
16635.453,-0.538,0.229,0.806,-1.13,4.0,1.07,1,3
16635.453,-0.539,0.226,0.807,-1.4,3.97,1.83,1,3
16635.468,-0.541,0.227,0.81,-1.74,4.0,2.23,1,3
16635.484,-0.542,0.223,0.811,-1.77,3.85,2.41,1,3
16635.5,-0.541,0.22,0.808,-1.5,3.63,2.78,1,3
16635.5,-0.541,0.218,0.805,-1.53,3.51,3.02,1,3
16635.5,-0.537,0.216,0.8,-1.59,3.66,2.99,1,3
16635.515,-0.538,0.218,0.804,-1.74,4.24,3.2,1,3
16635.531,-0.538,0.216,0.803,-1.74,4.61,3.45,1,3
16635.531,-0.537,0.216,0.807,-2.08,4.91,3.97,1,3
16635.546,-0.536,0.216,0.811,-2.62,5.13,4.39,1,3
16635.562,-0.541,0.214,0.818,-2.5,5.43,4.82,1,3
16635.578,-0.535,0.216,0.821,-3.02,4.91,4.94,1,3
16635.578,-0.537,0.214,0.824,-3.17,4.61,4.88,1,3
16635.593,-0.538,0.213,0.831,-2.72,4.27,5.04,1,3
16635.593,-0.537,0.213,0.832,-2.08,3.42,5.16,1,3
16635.609,-0.537,0.213,0.83,-1.77,2.56,5.19,1,3
16635.625,-0.539,0.211,0.828,-1.56,1.8,5.1,1,3
16635.625,-0.542,0.211,0.826,-1.62,1.28,5.01,1,3
16635.64,-0.543,0.209,0.826,-1.65,0.43,5.16,1,3
16635.64,-0.544,0.206,0.82,-1.65,-0.49,5.28,1,3
16635.656,-0.542,0.203,0.814,-1.74,-0.98,5.31,1,3
16635.671,-0.54,0.198,0.808,-1.86,-1.04,5.19,1,3
16635.671,-0.539,0.199,0.808,-1.95,-1.04,4.94,1,3
16635.687,-0.539,0.197,0.808,-1.83,-0.82,4.64,1,3
16635.703,-0.542,0.194,0.807,-1.5,-0.67,4.15,1,3
16635.703,-0.548,0.194,0.808,-0.82,-0.43,3.69,1,3
16635.718,-0.553,0.199,0.811,-0.43,-0.79,3.48,1,3
16635.734,-0.553,0.201,0.811,-0.55,-1.68,3.45,1,3
16635.734,-0.552,0.202,0.808,-1.19,-2.72,3.45,1,3
16635.75,-0.556,0.198,0.806,-1.68,-3.45,3.42,1,3
16635.765,-0.558,0.196,0.802,-1.71,-4.03,3.42,1,3
16635.765,-0.555,0.197,0.797,-1.71,-4.12,3.27,1,3
16635.781,-0.56,0.193,0.791,-1.74,-3.81,3.11,1,3
16635.796,-0.564,0.194,0.791,-1.77,-3.54,3.05,1,3
16635.796,-0.564,0.196,0.787,-2.32,-3.05,2.9,1,3
16635.812,-0.564,0.196,0.787,-2.78,-2.41,2.78,1,3
16635.812,-0.566,0.194,0.79,-3.14,-1.98,2.69,1,3
16635.828,-0.563,0.195,0.788,-3.48,-1.62,2.84,1,3
16635.843,-0.562,0.195,0.789,-3.39,-1.31,2.93,1,3
16635.843,-0.564,0.195,0.795,-3.45,-0.85,2.9,1,3
16635.859,-0.564,0.194,0.792,-3.42,-0.73,2.96,1,3
16635.875,-0.564,0.193,0.793,-3.63,-0.82,2.5,1,3
16635.875,-0.565,0.192,0.795,-3.72,-0.55,2.14,1,3
16635.89,-0.562,0.193,0.798,-3.91,-0.46,2.08,1,3
16635.89,-0.557,0.192,0.804,-4.15,-0.55,1.86,1,3
16635.906,-0.56,0.189,0.809,-3.88,-0.98,1.46,1,3
16635.921,-0.557,0.189,0.808,-3.17,-1.89,0.95,1,3
16635.921,-0.554,0.189,0.804,-2.29,-2.99,0.18,1,3
16635.937,-0.55,0.189,0.8,-0.89,-3.91,-0.76,1,3
16635.953,-0.549,0.192,0.793,0.24,-4.64,-1.4,1,3
16635.953,-0.55,0.193,0.786,0.82,-4.7,-1.83,1,3
16635.968,-0.554,0.182,0.79,1.22,-4.88,-2.35,1,3
16635.984,-0.542,0.186,0.769,1.86,-4.82,-3.42,1,3
16635.984,-0.562,0.172,0.781,3.78,-3.72,-3.97,1,3
16636.0,-0.545,0.189,0.758,3.91,-3.48,-4.52,1,3
16636.015,-0.551,0.188,0.774,3.6,-2.14,-5.19,1,3
16636.015,-0.55,0.183,0.77,3.39,-1.89,-5.8,1,3
16636.031,-0.555,0.188,0.777,3.17,-1.46,-5.4,1,3
16636.031,-0.547,0.19,0.761,3.05,-1.22,-5.22,1,3
16636.046,-0.553,0.194,0.769,2.56,0.09,-5.34,1,3
16636.062,-0.554,0.201,0.774,1.16,0.34,-5.49,1,3
16636.062,-0.558,0.199,0.779,0.24,0.82,-5.1,1,3
16636.078,-0.559,0.204,0.782,0.03,1.62,-4.24,1,3
16636.093,-0.555,0.209,0.783,-0.49,2.47,-3.33,1,3
16636.093,-0.55,0.206,0.787,-1.46,2.96,-2.75,1,3
16636.109,-0.549,0.209,0.791,-2.59,3.39,-2.14,1,3
16636.125,-0.553,0.202,0.797,-3.17,3.81,-1.46,1,3
16636.125,-0.55,0.199,0.803,-3.39,3.78,-0.73,1,3
16636.14,-0.547,0.197,0.806,-3.02,3.75,-0.34,1,3
16636.156,-0.547,0.194,0.808,-2.53,3.66,-0.58,1,3
16636.156,-0.547,0.194,0.813,-2.2,3.36,-0.79,1,3
16636.171,-0.544,0.195,0.813,-1.34,3.08,-0.98,1,3
16636.171,-0.544,0.195,0.815,-0.27,2.87,-1.31,1,3
16636.187,-0.547,0.194,0.814,0.58,2.66,-1.37,1,3
16636.203,-0.545,0.194,0.814,0.95,2.41,-1.01,1,3
16636.203,-0.544,0.196,0.815,0.82,1.89,-0.7,1,3
16636.218,-0.543,0.193,0.816,0.58,1.5,-0.55,1,3
16636.234,-0.543,0.192,0.817,0.55,0.73,-0.12,1,3
16636.234,-0.538,0.191,0.815,0.58,-0.06,-0.06,1,3
16636.25,-0.535,0.191,0.816,0.89,-0.7,-0.21,1,3
16636.25,-0.538,0.191,0.815,1.56,-1.19,-0.61,1,3
16636.265,-0.538,0.194,0.811,2.5,-1.77,-0.76,1,3
16636.281,-0.537,0.198,0.807,3.11,-2.11,-0.82,1,3
16636.281,-0.54,0.197,0.802,3.6,-2.17,-0.89,1,3
16636.296,-0.546,0.196,0.8,3.63,-2.2,-0.85,1,3
16636.312,-0.547,0.196,0.796,3.33,-2.2,-0.67,1,3
16636.328,-0.547,0.192,0.796,3.05,-2.53,-0.64,1,3
16636.328,-0.552,0.188,0.798,2.93,-2.75,-1.04,1,3
16636.343,-0.552,0.188,0.794,3.42,-2.72,-1.28,1,3
16636.343,-0.552,0.19,0.788,3.75,-2.66,-1.77,1,3
16636.359,-0.551,0.192,0.782,4.0,-2.41,-2.5,1,3
16636.375,-0.552,0.198,0.78,4.27,-1.77,-3.11,1,3
16636.375,-0.554,0.202,0.778,4.33,-0.52,-2.93,1,3
16636.39,-0.556,0.206,0.778,3.6,-0.03,-2.26,1,3
16636.406,-0.56,0.209,0.782,2.93,0.0,-1.8,1,3
16636.406,-0.556,0.207,0.784,2.35,0.34,-1.43,1,3
16636.421,-0.548,0.212,0.787,1.77,0.95,-1.1,1,3
16636.421,-0.551,0.209,0.79,1.56,1.34,-0.61,1,3
16636.437,-0.549,0.213,0.794,1.56,1.4,-0.06,1,3
16636.453,-0.55,0.212,0.797,1.46,1.25,0.24,1,3
16636.453,-0.555,0.211,0.805,1.53,0.76,0.34,1,3
16636.468,-0.554,0.21,0.807,2.14,0.0,0.46,1,3
16636.484,-0.553,0.207,0.805,2.96,-0.7,0.49,1,3
16636.484,-0.552,0.206,0.799,3.75,-1.16,0.18,1,3
16636.5,-0.552,0.205,0.796,4.58,-1.34,-0.31,1,3
16636.515,-0.551,0.204,0.789,5.34,-1.19,-0.7,1,3
16636.515,-0.551,0.208,0.785,5.58,-0.58,-1.13,1,3
16636.531,-0.556,0.206,0.784,5.98,-0.24,-1.53,1,3
16636.546,-0.559,0.206,0.785,6.1,0.12,-1.34,1,3
16636.546,-0.553,0.205,0.784,5.71,0.03,-1.07,1,3
16636.562,-0.55,0.204,0.781,5.28,-0.06,-1.16,1,3
16636.562,-0.553,0.204,0.782,5.01,0.12,-1.25,1,3
16636.578,-0.556,0.202,0.784,5.16,0.21,-1.13,1,3
16636.593,-0.557,0.201,0.782,5.22,-0.03,-1.16,1,3
16636.593,-0.558,0.203,0.778,5.34,-0.24,-1.37,1,3
16636.609,-0.556,0.2,0.775,5.68,-0.31,-1.77,1,3
16636.625,-0.553,0.2,0.767,5.95,0.09,-2.29,1,3
16636.625,-0.556,0.202,0.763,6.38,0.73,-2.84,1,3
16636.64,-0.559,0.2,0.764,7.05,1.53,-3.23,1,3
16636.64,-0.557,0.207,0.763,7.51,2.53,-3.54,1,3
16636.656,-0.559,0.21,0.764,6.96,3.33,-3.63,1,3
16636.671,-0.557,0.21,0.767,6.2,3.91,-3.27,1,3
16636.671,-0.561,0.214,0.771,5.25,4.88,-2.84,1,3
16636.687,-0.562,0.214,0.778,3.75,5.65,-2.47,1,3
16636.703,-0.562,0.214,0.789,2.59,6.1,-2.41,1,3
16636.703,-0.562,0.215,0.796,2.04,6.35,-2.38,1,3
16636.718,-0.557,0.218,0.803,1.68,6.26,-2.14,1,3
16636.734,-0.552,0.219,0.81,1.43,5.86,-2.32,1,3
16636.734,-0.55,0.219,0.816,1.53,5.43,-2.84,1,3
16636.75,-0.551,0.22,0.819,2.14,4.91,-3.45,1,3
16636.765,-0.549,0.223,0.82,3.17,4.18,-3.78,1,3
16636.765,-0.551,0.225,0.822,4.12,3.51,-4.18,1,3
16636.781,-0.552,0.228,0.823,5.07,2.62,-4.33,1,3
16636.781,-0.552,0.227,0.821,5.62,1.86,-4.36,1,3
16636.796,-0.558,0.231,0.818,5.92,1.37,-4.33,1,3
16636.812,-0.562,0.232,0.815,5.65,0.73,-3.75,1,3
16636.812,-0.564,0.238,0.811,4.46,-0.27,-3.17,1,3
16636.828,-0.554,0.216,0.798,3.78,-1.25,-3.02,1,3
16636.843,-0.564,0.236,0.8,3.11,-1.71,-2.17,1,3
16636.859,-0.551,0.226,0.798,2.93,-2.5,-1.04,1,3
16636.859,-0.558,0.219,0.791,3.75,-2.29,-0.73,1,3
16636.859,-0.559,0.237,0.801,2.53,-2.72,-0.49,1,3
16636.875,-0.564,0.211,0.775,3.02,-2.87,-0.24,1,3
16636.89,-0.563,0.226,0.787,2.81,-2.01,0.4,1,3
16636.906,-0.563,0.222,0.799,2.14,-1.89,0.03,1,3
16636.906,-0.567,0.213,0.783,2.5,-1.95,0.09,1,3
16636.921,-0.57,0.221,0.793,2.72,-1.34,0.58,1,3
16636.921,-0.57,0.218,0.794,2.62,-2.04,0.34,1,3
16636.937,-0.567,0.219,0.782,2.56,-2.56,0.31,1,3
16636.953,-0.574,0.224,0.792,2.04,-2.75,0.49,1,3
16636.953,-0.573,0.221,0.788,1.98,-3.33,0.52,1,3
16636.968,-0.571,0.225,0.788,1.5,-3.66,0.73,1,3
16636.984,-0.571,0.221,0.787,1.28,-4.12,0.58,1,3
16636.984,-0.572,0.221,0.786,1.5,-4.36,0.31,1,3
16637.0,-0.575,0.221,0.786,2.23,-4.39,0.24,1,3
16637.015,-0.579,0.223,0.78,2.87,-4.67,0.43,1,3
16637.015,-0.58,0.226,0.775,2.72,-5.25,0.55,1,3
16637.031,-0.58,0.221,0.772,1.95,-5.89,0.67,1,3
16637.031,-0.578,0.218,0.771,1.19,-6.29,0.95,1,3
16637.046,-0.576,0.217,0.765,0.79,-6.44,1.22,1,3
16637.062,-0.575,0.214,0.761,0.76,-6.04,1.07,1,3
16637.078,-0.576,0.214,0.759,0.67,-5.62,0.95,1,3
16637.078,-0.574,0.213,0.757,0.37,-5.01,0.73,1,3
16637.093,-0.574,0.213,0.755,-0.03,-4.18,0.55,1,3
16637.093,-0.577,0.212,0.754,-0.34,-3.39,0.31,1,3
16637.109,-0.578,0.216,0.758,-0.82,-2.69,0.21,1,3
16637.125,-0.581,0.219,0.761,-1.4,-2.08,0.18,1,3
16637.125,-0.582,0.224,0.768,-2.53,-2.08,0.15,1,3
16637.14,-0.568,0.216,0.764,-3.57,-2.01,0.34,1,3
16637.156,-0.578,0.221,0.774,-3.57,-1.16,0.24,1,3
16637.156,-0.573,0.223,0.777,-3.54,-1.22,0.49,1,3
16637.171,-0.57,0.221,0.78,-4.0,-1.62,0.18,1,3
16637.171,-0.566,0.216,0.78,-3.66,-1.89,-0.12,1,3
16637.187,-0.566,0.222,0.789,-2.93,-2.2,-0.55,1,3
16637.203,-0.558,0.221,0.784,-2.23,-2.78,-1.07,1,3
16637.203,-0.558,0.222,0.784,-1.59,-2.99,-1.68,1,3
16637.218,-0.558,0.223,0.782,-1.22,-3.17,-2.04,1,3
16637.234,-0.558,0.227,0.778,-1.01,-3.45,-2.26,1,3
16637.234,-0.558,0.229,0.774,-1.28,-3.48,-2.23,1,3
16637.25,-0.564,0.236,0.772,-2.01,-3.33,-1.98,1,3
16637.25,-0.566,0.242,0.772,-3.2,-3.63,-1.19,1,3
16637.265,-0.566,0.248,0.776,-5.01,-3.94,-0.09,1,3
16637.281,-0.572,0.25,0.779,-6.96,-4.06,1.46,1,3
16637.281,-0.576,0.256,0.783,-9.43,-4.43,3.54,1,3
16637.296,-0.571,0.259,0.782,-12.24,-5.28,5.83,1,3
16637.312,-0.565,0.256,0.78,-14.89,-5.4,8.33,1,3
16637.312,-0.561,0.258,0.79,-17.79,-5.49,10.56,1,3
16637.328,-0.563,0.256,0.801,-20.6,-6.16,12.79,1,3
16637.343,-0.559,0.251,0.816,-23.35,-7.87,14.77,1,3
16637.359,-0.572,0.243,0.835,-24.29,-10.38,16.11,1,3
16637.359,-0.58,0.243,0.851,-24.81,-14.37,17.43,1,3
16637.375,-0.575,0.243,0.864,-26.95,-24.84,19.47,1,3
16637.375,-0.577,0.258,0.867,-28.29,-31.07,21.76,1,3
16637.39,-0.598,0.241,0.888,-29.39,-37.9,26.18,1,3
16637.406,-0.566,0.277,0.88,-30.92,-43.76,31.01,1,3
16637.406,-0.547,0.268,0.878,-33.78,-48.43,35.49,1,3
16637.421,-0.524,0.256,0.87,-36.13,-51.36,39.89,1,3
16637.437,-0.489,0.227,0.85,-36.5,-51.58,43.58,1,3
16637.437,-0.462,0.209,0.834,-35.55,-49.23,45.05,1,3
16637.453,-0.443,0.21,0.844,-33.08,-45.44,45.29,1,3
16637.453,-0.433,0.184,0.841,-27.5,-41.66,44.62,1,3
16637.468,-0.436,0.184,0.838,-22.71,-37.87,43.09,1,3
16637.484,-0.429,0.192,0.853,-20.75,-35.55,41.02,1,3
16637.484,-0.441,0.169,0.85,-18.8,-34.15,38.12,1,3
16637.5,-0.452,0.168,0.869,-17.73,-33.66,35.49,1,3
16637.515,-0.453,0.154,0.869,-14.56,-33.81,33.39,1,3
16637.515,-0.441,0.16,0.855,-12.39,-33.05,31.95,1,3
16637.531,-0.431,0.165,0.843,-11.2,-31.53,30.46,1,3
16637.531,-0.428,0.166,0.846,-11.05,-29.94,28.81,1,3
16637.546,-0.421,0.16,0.843,-11.6,-28.5,27.31,1,3
16637.562,-0.408,0.157,0.834,-12.51,-26.43,25.79,1,3
16637.562,-0.394,0.151,0.838,-13.67,-24.2,23.29,1,3
16637.578,-0.381,0.138,0.841,-13.82,-22.0,19.59,1,3
16637.593,-0.373,0.125,0.837,-11.81,-18.52,15.63,1,3
16637.593,-0.365,0.117,0.827,-8.48,-14.1,11.26,1,3
16637.609,-0.358,0.123,0.824,-5.65,-9.06,6.41,1,3
16637.625,-0.367,0.13,0.832,-3.17,-4.09,1.34,1,3
16637.625,-0.388,0.14,0.839,-1.4,0.52,-2.08,1,3
16637.64,-0.411,0.165,0.862,-1.86,3.57,-3.66,1,3
16637.656,-0.447,0.184,0.897,-3.94,3.63,-3.42,1,3
16637.656,-0.463,0.186,0.916,-5.74,0.46,-0.82,1,3
16637.671,-0.448,0.19,0.912,-7.05,-3.66,2.87,1,3
16637.671,-0.423,0.189,0.892,-8.24,-6.84,5.58,1,3
16637.687,-0.404,0.185,0.873,-10.25,-8.48,6.44,1,3
16637.703,-0.389,0.165,0.863,-11.69,-8.73,5.71,1,3
16637.703,-0.387,0.151,0.859,-10.38,-6.74,4.55,1,3
16637.718,-0.397,0.151,0.859,-7.26,-3.27,3.63,1,3
16637.734,-0.414,0.154,0.857,-4.94,-0.31,3.05,1,3
16637.734,-0.415,0.16,0.867,-5.49,1.19,2.75,1,3
16637.75,-0.418,0.159,0.878,-7.51,1.56,2.29,1,3
16637.765,-0.413,0.152,0.881,-9.7,1.16,1.95,1,3
16637.765,-0.405,0.152,0.875,-10.99,1.04,1.53,1,3
16637.781,-0.407,0.157,0.874,-12.45,1.53,1.07,1,3
16637.796,-0.392,0.153,0.867,-13.52,2.01,0.85,1,3
16637.796,-0.381,0.155,0.857,-14.1,3.75,0.76,1,3
16637.812,-0.377,0.156,0.848,-14.59,6.23,0.34,1,3
16637.812,-0.384,0.162,0.851,-16.33,8.79,-0.06,1,3
16637.828,-0.382,0.16,0.86,-19.04,10.19,-0.37,1,3
16637.843,-0.381,0.152,0.866,-21.39,11.41,-0.95,1,3
16637.843,-0.393,0.152,0.895,-23.44,12.27,-1.62,1,3
16637.859,-0.403,0.14,0.929,-24.35,11.69,-1.86,1,3
16637.875,-0.401,0.133,0.941,-23.68,9.67,-2.04,1,3
16637.875,-0.406,0.135,0.952,-21.58,7.66,-2.26,1,3
16637.89,-0.409,0.127,0.944,-18.95,5.19,-2.29,1,3
16637.89,-0.394,0.128,0.93,-16.79,2.9,-2.81,1,3
16637.906,-0.378,0.127,0.912,-14.86,1.83,-5.01,1,3
16637.921,-0.378,0.13,0.902,-13.25,2.32,-8.21,1,3
16637.921,-0.384,0.131,0.903,-11.72,3.27,-10.65,1,3
16637.937,-0.386,0.134,0.891,-11.29,4.21,-12.63,1,3
16637.953,-0.379,0.136,0.876,-12.97,5.65,-14.74,1,3
16637.953,-0.384,0.132,0.889,-14.13,7.32,-17.0,1,3
16637.968,-0.402,0.124,0.906,-13.18,8.09,-18.8,1,3
16637.984,-0.409,0.118,0.911,-11.26,7.66,-18.95,1,3
16637.984,-0.415,0.12,0.915,-8.73,7.02,-18.28,1,3
16638.0,-0.43,0.122,0.909,-5.89,6.29,-16.97,1,3
16638.015,-0.442,0.13,0.916,-5.62,4.73,-14.92,1,3
16638.015,-0.441,0.13,0.912,-7.02,2.66,-12.91,1,3
16638.031,-0.437,0.12,0.894,-8.67,1.1,-11.08,1,3
16638.031,-0.43,0.115,0.888,-9.7,0.85,-9.49,1,3
16638.046,-0.433,0.109,0.877,-10.13,1.98,-8.61,1,3
16638.062,-0.431,0.104,0.866,-10.93,3.72,-7.87,1,3
16638.062,-0.431,0.098,0.863,-11.63,5.74,-7.39,1,3
16638.078,-0.441,0.092,0.862,-11.75,8.03,-7.08,1,3
16638.093,-0.442,0.087,0.876,-12.12,9.8,-6.65,1,3
16638.093,-0.46,0.089,0.909,-11.17,10.83,-6.35,1,3
16638.109,-0.473,0.076,0.913,-7.63,10.22,-4.94,1,3
16638.125,-0.467,0.085,0.907,-4.58,9.16,-2.2,1,3
16638.125,-0.452,0.092,0.894,-3.3,8.39,-0.37,1,3
16638.14,-0.435,0.088,0.881,-4.39,8.09,-0.06,1,3
16638.14,-0.425,0.08,0.881,-5.46,8.73,-0.61,1,3
16638.156,-0.421,0.077,0.888,-4.36,10.38,-1.65,1,3
16638.171,-0.425,0.08,0.89,-1.77,12.12,-2.69,1,3
16638.187,-0.427,0.085,0.89,0.4,13.34,-3.57,1,3
16638.187,-0.428,0.094,0.89,2.04,14.34,-4.27,1,3
16638.203,-0.436,0.1,0.895,3.2,15.29,-4.82,1,3
16638.203,-0.451,0.102,0.895,4.52,16.21,-4.64,1,3
16638.218,-0.467,0.109,0.9,4.27,15.53,-3.54,1,3
16638.234,-0.474,0.108,0.905,3.05,13.28,-1.95,1,3
16638.25,-0.474,0.109,0.909,1.65,10.07,-0.55,1,3
16638.25,-0.465,0.103,0.906,0.43,6.53,-0.18,1,3
16638.25,-0.453,0.098,0.889,0.03,3.85,-0.52,1,3
16638.265,-0.445,0.096,0.873,0.79,2.69,-1.22,1,3
16638.281,-0.438,0.093,0.851,2.23,3.05,-2.11,1,3
16638.281,-0.436,0.092,0.838,3.39,4.46,-3.23,1,3
16638.296,-0.442,0.095,0.833,4.3,6.71,-4.24,1,3
16638.312,-0.458,0.096,0.834,4.88,9.22,-4.88,1,3
16638.312,-0.47,0.097,0.845,5.62,11.32,-4.76,1,3
16638.328,-0.484,0.107,0.857,6.32,12.67,-4.09,1,3
16638.343,-0.488,0.116,0.861,5.52,12.54,-2.62,1,3
16638.343,-0.478,0.117,0.867,2.29,10.62,-1.16,1,3
16638.359,-0.472,0.11,0.866,1.92,10.53,-1.31,1,3
16638.375,-0.468,0.107,0.86,2.14,11.05,-1.53,1,3
16638.375,-0.465,0.107,0.856,2.56,12.27,-1.77,1,3
16638.39,-0.466,0.102,0.846,2.96,13.73,-2.01,1,3
16638.39,-0.471,0.098,0.845,3.57,15.75,-2.26,1,3
16638.406,-0.476,0.099,0.85,4.43,17.67,-2.53,1,3
16638.421,-0.479,0.099,0.851,5.68,18.98,-2.66,1,3
16638.437,-0.485,0.098,0.852,6.53,19.9,-2.72,1,3
16638.437,-0.49,0.103,0.86,6.9,20.05,-2.9,1,3
16638.453,-0.498,0.103,0.859,7.08,19.78,-2.69,1,3
16638.453,-0.501,0.111,0.86,6.13,18.95,-1.5,1,3
16638.468,-0.498,0.116,0.859,3.97,17.7,-0.4,1,3
16638.484,-0.496,0.116,0.858,1.56,16.42,0.0,1,3
16638.5,-0.499,0.107,0.861,0.03,15.53,0.18,1,3
16638.5,-0.502,0.101,0.862,0.12,15.53,0.43,1,3
16638.5,-0.504,0.099,0.858,1.13,15.78,0.43,1,3
16638.515,-0.506,0.098,0.854,1.92,16.42,0.24,1,3
16638.531,-0.51,0.096,0.853,2.08,17.27,0.0,1,3
16638.546,-0.516,0.093,0.853,1.68,17.94,0.03,1,3
16638.546,-0.527,0.092,0.861,1.28,18.04,0.15,1,3
16638.562,-0.539,0.088,0.868,1.01,16.97,0.7,1,3
16638.562,-0.531,0.087,0.846,0.0,15.41,0.85,1,3
16638.578,-0.528,0.08,0.862,-0.58,14.71,0.4,1,3
16638.593,-0.523,0.073,0.842,-0.09,14.34,-0.79,1,3
16638.609,-0.523,0.083,0.841,0.4,15.53,-1.34,1,3
16638.609,-0.53,0.079,0.837,0.7,17.03,-1.95,1,3
16638.625,-0.534,0.075,0.835,0.18,18.19,-2.01,1,3
16638.625,-0.535,0.077,0.825,-0.82,19.78,-2.26,1,3
16638.64,-0.541,0.073,0.838,-1.59,21.58,-2.35,1,3
16638.656,-0.548,0.066,0.839,-1.68,22.77,-2.35,1,3
16638.656,-0.556,0.071,0.846,-1.89,23.65,-1.98,1,3
16638.671,-0.559,0.072,0.85,-2.29,23.38,-1.62,1,3
16638.671,-0.557,0.07,0.849,-3.42,22.64,-1.53,1,3
16638.687,-0.567,0.069,0.853,-4.36,21.73,-1.4,1,3
16638.703,-0.569,0.063,0.846,-5.07,20.29,-0.55,1,3
16638.703,-0.555,0.061,0.832,-6.44,19.01,-0.4,1,3
16638.718,-0.545,0.047,0.82,-7.48,18.52,-2.08,1,3
16638.734,-0.547,0.043,0.81,-7.39,19.2,-4.21,1,3
16638.734,-0.549,0.041,0.808,-6.53,19.9,-6.44,1,3
16638.75,-0.553,0.041,0.805,-5.07,20.63,-8.85,1,3
16638.765,-0.562,0.047,0.8,-3.57,21.55,-10.65,1,3
16638.765,-0.574,0.055,0.805,-2.96,21.73,-11.84,1,3
16638.781,-0.579,0.057,0.81,-3.45,21.15,-12.27,1,3
16638.781,-0.578,0.052,0.813,-4.61,20.39,-12.39,1,3
16638.796,-0.58,0.045,0.82,-5.37,19.71,-13.21,1,3
16638.812,-0.584,0.04,0.819,-5.01,18.46,-15.26,1,3
16638.828,-0.583,0.04,0.816,-3.11,16.85,-17.85,1,3
16638.828,-0.585,0.044,0.803,-0.55,15.5,-20.84,1,3
16638.843,-0.584,0.052,0.79,1.92,14.68,-23.26,1,3
16638.843,-0.583,0.059,0.776,3.75,14.65,-25.24,1,3
16638.859,-0.592,0.071,0.765,5.01,15.59,-26.64,1,3
16638.875,-0.6,0.083,0.764,5.28,17.09,-27.07,1,3
16638.875,-0.611,0.092,0.772,5.13,18.86,-26.46,1,3
16638.89,-0.617,0.098,0.781,4.36,20.36,-25.33,1,3
16638.89,-0.617,0.099,0.79,3.6,21.3,-24.29,1,3
16638.906,-0.62,0.1,0.786,3.05,21.94,-23.19,1,3
16638.921,-0.616,0.101,0.778,2.17,22.55,-22.34,1,3
16638.921,-0.61,0.104,0.771,0.92,23.59,-22.13,1,3
16638.937,-0.627,0.109,0.783,-0.61,24.66,-22.06,1,3
16638.953,-0.672,0.104,0.828,0.09,23.87,-21.3,1,3
16638.968,-0.689,0.098,0.844,3.63,20.23,-17.61,1,3
16638.968,-0.68,0.108,0.832,5.65,14.65,-12.54,1,3
16638.984,-0.653,0.106,0.797,5.52,8.85,-7.72,1,3
16638.984,-0.625,0.099,0.774,2.26,4.73,-4.43,1,3
16639.0,-0.605,0.076,0.757,-1.59,2.26,-2.69,1,3
16639.015,-0.596,0.056,0.749,-2.84,1.65,-1.83,1,3
16639.015,-0.594,0.046,0.743,-1.53,2.56,-1.28,1,3
16639.031,-0.589,0.041,0.737,0.7,3.33,-1.4,1,3
16639.031,-0.582,0.041,0.732,2.23,3.63,-2.44,1,3
16639.046,-0.593,0.04,0.735,3.36,3.88,-4.06,1,3
16639.062,-0.62,0.039,0.749,4.85,3.2,-5.46,1,3
16639.062,-0.643,0.036,0.758,6.99,1.01,-5.71,1,3
16639.078,-0.664,0.039,0.768,9.61,-2.53,-5.34,1,3
16639.093,-0.677,0.041,0.771,11.66,-7.42,-5.28,1,3
16639.109,-0.68,0.045,0.764,12.48,-12.6,-5.68,1,3
16639.109,-0.678,0.047,0.749,12.39,-17.18,-6.35,1,3
16639.125,-0.674,0.046,0.733,12.51,-20.23,-7.05,1,3
16639.125,-0.679,0.047,0.72,13.52,-21.42,-7.97,1,3
16639.14,-0.678,0.047,0.711,15.08,-21.12,-8.76,1,3
16639.156,-0.67,0.053,0.705,16.54,-19.84,-9.37,1,3
16639.156,-0.669,0.059,0.697,17.58,-18.1,-9.61,1,3
16639.171,-0.673,0.063,0.7,18.13,-16.27,-9.64,1,3
16639.171,-0.685,0.072,0.707,18.13,-14.28,-9.37,1,3
16639.187,-0.695,0.076,0.717,17.79,-12.88,-8.97,1,3
16639.203,-0.705,0.078,0.729,17.94,-11.78,-8.58,1,3
16639.218,-0.714,0.088,0.747,17.82,-11.96,-7.6,1,3
16639.218,-0.714,0.103,0.755,16.57,-14.22,-6.23,1,3
16639.234,-0.708,0.112,0.75,14.44,-16.72,-4.67,1,3
16639.234,-0.698,0.114,0.749,11.78,-18.4,-3.11,1,3
16639.25,-0.682,0.108,0.748,9.8,-19.2,-1.5,1,3
16639.25,-0.663,0.105,0.738,9.13,-19.17,0.31,1,3
16639.265,-0.645,0.104,0.728,8.82,-18.77,1.65,1,3
16639.281,-0.629,0.097,0.714,8.51,-18.16,2.29,1,3
16639.296,-0.619,0.094,0.705,8.12,-16.94,2.62,1,3
16639.296,-0.611,0.092,0.701,7.9,-15.17,2.72,1,3
16639.312,-0.605,0.09,0.698,8.06,-12.91,3.2,1,3
16639.312,-0.604,0.095,0.698,8.18,-10.1,3.91,1,3
16639.328,-0.608,0.101,0.709,6.9,-6.07,5.4,1,3
16639.343,-0.614,0.106,0.725,5.62,-6.16,6.32,1,3
16639.343,-0.604,0.101,0.773,7.87,-8.51,5.04,1,3
16639.359,-0.572,0.074,0.848,15.84,-11.78,1.28,1,3
16639.375,-0.527,0.074,0.929,24.9,-15.69,-3.78,1,3
16639.375,-0.508,0.07,0.943,33.81,-20.26,-9.8,1,3
16639.39,-0.502,0.087,0.918,39.86,-24.11,-15.29,1,3
16639.406,-0.516,0.11,0.876,39.67,-25.85,-17.67,1,3
16639.406,-0.527,0.127,0.843,33.54,-25.94,-16.6,1,3
16639.421,-0.523,0.13,0.835,26.34,-24.81,-13.4,1,3
16639.421,-0.532,0.125,0.83,21.79,-22.31,-9.52,1,3
16639.437,-0.554,0.139,0.812,18.65,-19.47,-5.1,1,3
16639.453,-0.575,0.149,0.793,13.06,-17.7,0.18,1,3
16639.453,-0.573,0.143,0.791,5.22,-16.66,5.16,1,3
16639.468,-0.58,0.132,0.785,-1.92,-15.02,9.43,1,3
16639.484,-0.589,0.12,0.788,-7.51,-13.03,13.28,1,3
16639.484,-0.6,0.112,0.804,-9.98,-11.17,16.36,1,3
16639.5,-0.607,0.107,0.811,-9.52,-10.53,18.8,1,3
16639.515,-0.61,0.104,0.804,-9.67,-10.86,20.81,1,3
16639.515,-0.606,0.099,0.807,-11.99,-11.2,22.16,1,3
16639.531,-0.6,0.083,0.81,-12.67,-11.84,22.25,1,3
16639.546,-0.608,0.08,0.792,-11.44,-11.6,22.03,1,3
16639.546,-0.608,0.083,0.774,-11.47,-11.41,21.82,1,3
16639.562,-0.611,0.078,0.764,-12.6,-10.16,21.82,1,3
16639.562,-0.607,0.069,0.78,-12.63,-9.03,21.24,1,3
16639.578,-0.605,0.066,0.781,-10.83,-8.97,19.96,1,3
16639.593,-0.602,0.052,0.79,-9.95,-8.79,19.1,1,3
16639.593,-0.597,0.063,0.78,-9.31,-8.73,18.65,1,3
16639.609,-0.589,0.061,0.779,-9.43,-8.91,17.98,1,3
16639.625,-0.586,0.045,0.776,-9.55,-8.88,16.72,1,3
16639.625,-0.582,0.04,0.781,-10.01,-8.76,15.26,1,3
16639.64,-0.586,0.028,0.786,-8.55,-8.12,13.31,1,3
16639.64,-0.592,0.026,0.785,-5.52,-7.69,11.05,1,3
16639.656,-0.59,0.032,0.785,-3.36,-7.39,8.88,1,3
16639.671,-0.586,0.038,0.788,-3.05,-7.26,6.2,1,3
16639.671,-0.592,0.044,0.799,-3.2,-6.84,3.72,1,3
16639.687,-0.6,0.053,0.814,-3.85,-6.9,2.11,1,3
16639.703,-0.602,0.065,0.823,-6.81,-8.85,0.46,1,3
16639.718,-0.607,0.067,0.841,-10.56,-12.33,-1.01,1,3
16639.718,-0.602,0.076,0.84,-14.01,-16.36,-1.56,1,3
16639.734,-0.593,0.083,0.838,-17.49,-19.84,-1.65,1,3
16639.734,-0.591,0.086,0.845,-22.19,-23.59,-2.26,1,3
16639.75,-0.59,0.081,0.837,-28.23,-28.05,-3.39,1,3
16639.765,-0.588,0.06,0.865,-33.54,-33.02,-3.88,1,3
16639.765,-0.561,0.038,0.838,-33.3,-35.95,-3.66,1,3
16639.781,-0.546,0.021,0.845,-27.86,-35.49,-2.11,1,3
16639.781,-0.529,0.019,0.801,-20.97,-32.65,-1.5,1,3
16639.796,-0.505,0.036,0.783,-16.11,-27.92,0.0,1,3
16639.812,-0.505,0.007,0.775,-10.07,-22.37,-0.06,1,3
16639.812,-0.504,0.032,0.787,-8.85,-17.37,0.09,1,3
16639.828,-0.491,0.015,0.784,-6.9,-13.31,0.27,1,3
16639.843,-0.509,-0.004,0.801,-3.14,-8.45,-0.06,1,3
16639.843,-0.494,0.01,0.807,-0.52,-5.07,-0.31,1,3
16639.859,-0.495,-0.003,0.817,3.66,-1.98,-1.31,1,3
16639.875,-0.5,-0.001,0.818,7.29,0.61,-2.38,1,3
16639.875,-0.497,0.004,0.825,9.83,1.98,-4.06,1,3
16639.89,-0.494,-0.008,0.827,12.18,2.5,-6.07,1,3
16639.89,-0.484,-0.005,0.823,14.34,2.62,-8.12,1,3
16639.906,-0.47,-0.002,0.821,17.06,2.75,-10.32,1,3
16639.921,-0.46,0.002,0.816,20.26,2.87,-12.88,1,3
16639.937,-0.451,0.009,0.814,23.71,2.96,-15.75,1,3
16639.937,-0.452,0.02,0.813,26.89,2.75,-18.37,1,3
16639.953,-0.451,0.033,0.811,29.33,1.86,-20.66,1,3
16639.953,-0.452,0.047,0.809,31.13,0.52,-22.64,1,3
16639.968,-0.449,0.059,0.806,32.17,-0.76,-24.14,1,3
16639.984,-0.443,0.068,0.805,32.99,-1.71,-24.9,1,3
16639.984,-0.441,0.076,0.796,34.18,-2.14,-24.96,1,3
16640.0,-0.431,0.077,0.795,34.82,-2.32,-25.15,1,3
16640.015,-0.427,0.076,0.798,35.92,-1.95,-25.82,1,3
16640.015,-0.426,0.076,0.798,38.0,-1.68,-26.55,1,3
16640.031,-0.43,0.081,0.797,40.25,-1.31,-27.38,1,3
16640.031,-0.433,0.081,0.796,41.72,-0.61,-28.5,1,3
16640.046,-0.439,0.082,0.8,42.48,0.24,-29.88,1,3
16640.062,-0.45,0.088,0.796,42.97,1.01,-31.46,1,3
16640.078,-0.463,0.091,0.796,42.94,2.01,-33.08,1,3
16640.078,-0.49,0.114,0.791,42.73,3.63,-33.81,1,3
16640.093,-0.522,0.154,0.783,39.98,4.64,-32.2,1,3
16640.093,-0.542,0.188,0.775,32.56,4.97,-27.71,1,3
16640.109,-0.557,0.206,0.774,22.0,5.71,-20.94,1,3
16640.125,-0.561,0.204,0.794,12.33,6.99,-13.73,1,3
16640.125,-0.574,0.215,0.807,6.47,9.09,-6.62,1,3
16640.14,-0.591,0.241,0.821,1.01,11.11,1.01,1,3
16640.14,-0.604,0.259,0.836,-6.78,12.12,9.0,1,3
16640.156,-0.611,0.266,0.848,-16.24,12.12,16.66,1,3
16640.171,-0.612,0.256,0.864,-25.61,11.84,23.87,1,3
16640.171,-0.614,0.236,0.879,-32.26,12.18,29.94,1,3
16640.187,-0.616,0.216,0.896,-35.83,13.21,34.58,1,3
16640.203,-0.614,0.191,0.911,-36.93,14.37,37.48,1,3
16640.218,-0.61,0.169,0.928,-35.49,15.38,38.24,1,3
16640.218,-0.608,0.15,0.942,-32.01,16.24,37.2,1,3
16640.234,-0.604,0.129,0.961,-26.61,17.27,35.4,1,3
16640.234,-0.604,0.127,0.97,-20.87,18.74,33.14,1,3
16640.25,-0.607,0.122,0.982,-16.36,20.05,30.03,1,3
16640.265,-0.617,0.121,1.007,-13.67,21.09,26.95,1,3
16640.265,-0.63,0.116,1.027,-11.57,20.87,24.02,1,3
16640.281,-0.631,0.112,1.043,-10.04,18.25,21.15,1,3
16640.296,-0.632,0.099,1.049,-6.99,13.73,17.3,1,3
16640.296,-0.617,0.093,1.043,-3.72,7.35,12.48,1,3
16640.312,-0.595,0.088,1.019,0.89,0.49,6.87,1,3
16640.312,-0.567,0.081,0.983,12.24,-9.7,-4.0,1,3
16640.328,-0.53,0.081,0.943,15.87,-11.84,-8.51,1,3
16640.343,-0.508,0.078,0.905,17.58,-12.94,-11.75,1,3
16640.343,-0.475,0.069,0.864,17.46,-14.34,-13.79,1,3
16640.359,-0.457,0.035,0.859,18.77,-14.28,-15.78,1,3
16640.375,-0.435,0.036,0.86,18.31,-14.56,-17.79,1,3
16640.375,-0.421,0.005,0.861,20.78,-14.83,-20.6,1,3
16640.39,-0.42,0.02,0.854,25.15,-14.53,-23.22,1,3
16640.39,-0.424,0.062,0.832,30.79,-14.01,-24.38,1,3
16640.406,-0.446,0.116,0.798,33.72,-13.34,-23.71,1,3
16640.421,-0.461,0.172,0.777,29.94,-13.4,-20.54,1,3
16640.421,-0.475,0.21,0.766,21.09,-14.01,-15.84,1,3
16640.437,-0.485,0.227,0.758,10.19,-13.98,-9.67,1,3
16640.453,-0.487,0.218,0.766,-0.43,-13.18,-2.93,1,3
16640.453,-0.495,0.198,0.779,-8.7,-11.63,2.44,1,3
16640.468,-0.507,0.172,0.804,-13.86,-10.01,5.46,1,3
16640.484,-0.519,0.151,0.827,-15.2,-8.79,6.29,1,3
16640.484,-0.538,0.141,0.844,-13.92,-8.39,4.91,1,3
16640.5,-0.549,0.134,0.865,-11.47,-9.8,2.26,1,3
16640.515,-0.553,0.13,0.873,-7.69,-11.99,-1.13,1,3
16640.515,-0.554,0.13,0.867,-3.08,-13.95,-5.01,1,3
16640.531,-0.554,0.136,0.856,0.58,-15.38,-9.25,1,3
16640.531,-0.558,0.145,0.85,4.03,-16.3,-13.34,1,3
16640.546,-0.564,0.163,0.842,6.96,-16.85,-16.21,1,3
16640.562,-0.559,0.184,0.822,8.33,-17.37,-17.12,1,3
16640.562,-0.548,0.198,0.801,7.75,-17.43,-17.09,1,3
16640.578,-0.536,0.203,0.786,6.13,-16.79,-16.27,1,3
16640.593,-0.524,0.206,0.772,4.3,-15.47,-14.34,1,3
16640.593,-0.516,0.21,0.762,2.17,-13.95,-11.84,1,3
16640.609,-0.505,0.21,0.759,-0.49,-12.76,-9.06,1,3
16640.625,-0.501,0.207,0.758,-3.45,-11.78,-6.13,1,3
16640.625,-0.496,0.204,0.765,-7.05,-11.41,-2.99,1,3
16640.64,-0.496,0.2,0.775,-11.2,-12.05,-0.4,1,3
16640.64,-0.493,0.194,0.787,-15.35,-13.7,1.62,1,3
16640.656,-0.491,0.186,0.794,-18.25,-16.42,2.75,1,3
16640.671,-0.49,0.177,0.796,-19.71,-18.95,3.45,1,3
16640.687,-0.486,0.173,0.802,-19.81,-20.84,3.78,1,3
16640.687,-0.482,0.165,0.803,-18.31,-22.06,3.78,1,3
16640.703,-0.486,0.168,0.812,-16.94,-22.55,3.63,1,3
16640.703,-0.493,0.18,0.833,-17.85,-23.71,3.54,1,3
16640.718,-0.497,0.178,0.843,-18.77,-26.06,3.54,1,3
16640.734,-0.508,0.181,0.842,-20.51,-28.57,3.97,1,3
16640.734,-0.521,0.188,0.853,-25.42,-32.65,4.73,1,3
16640.75,-0.512,0.184,0.869,-31.86,-38.42,5.37,1,3
16640.765,-0.508,0.18,0.885,-39.58,-44.83,5.55,1,3
16640.765,-0.492,0.172,0.888,-49.38,-52.37,5.58,1,3
16640.781,-0.466,0.141,0.877,-56.0,-57.95,6.59,1,3
16640.781,-0.446,0.123,0.886,-57.04,-60.34,8.82,1,3
16640.796,-0.43,0.113,0.87,-53.87,-60.58,12.18,1,3
16640.812,-0.416,0.109,0.861,-52.19,-60.09,15.69,1,3
16640.828,-0.397,0.099,0.861,-52.55,-60.09,18.86,1,3
16640.828,-0.374,0.085,0.853,-53.56,-59.72,21.45,1,3
16640.843,-0.356,0.078,0.839,-53.29,-57.01,24.05,1,3
16640.843,-0.346,0.074,0.834,-52.92,-52.64,26.86,1,3
16640.859,-0.353,0.052,0.84,-52.46,-47.67,29.48,1,3
16640.875,-0.36,0.041,0.869,-52.13,-43.34,32.17,1,3
16640.875,-0.357,0.024,0.892,-49.68,-39.89,34.91,1,3
16640.89,-0.34,-0.002,0.9,-46.69,-36.62,36.38,1,3
16640.906,-0.324,-0.031,0.912,-43.0,-33.2,35.37,1,3
16640.906,-0.314,-0.047,0.921,-36.99,-29.18,32.9,1,3
16640.921,-0.313,-0.057,0.937,-30.03,-25.42,28.9,1,3
16640.937,-0.316,-0.066,0.95,-23.5,-22.46,23.93,1,3
16640.937,-0.314,-0.067,0.95,-19.47,-21.27,18.77,1,3
16640.953,-0.301,-0.07,0.951,-17.27,-20.23,13.25,1,3
16640.953,-0.299,-0.068,0.951,-14.28,-18.37,7.81,1,3
16640.968,-0.292,-0.068,0.931,-11.02,-15.81,2.93,1,3
16640.984,-0.29,-0.06,0.934,-9.49,-12.24,-1.53,1,3
16640.984,-0.308,-0.057,0.958,-7.08,-8.61,-5.43,1,3
16641.0,-0.326,-0.047,0.958,-3.14,-5.62,-7.9,1,3
16641.015,-0.336,-0.031,0.97,-1.13,-4.43,-8.24,1,3
16641.015,-0.338,-0.027,0.982,-0.82,-4.79,-7.6,1,3
16641.031,-0.342,-0.026,0.992,-0.73,-6.1,-6.5,1,3
16641.046,-0.333,-0.028,0.99,1.07,-7.57,-4.58,1,3
16641.046,-0.317,-0.032,0.975,2.66,-8.06,-3.45,1,3
16641.062,-0.313,-0.039,0.967,4.64,-6.74,-2.93,1,3
16641.062,-0.314,-0.041,0.959,6.44,-5.01,-2.81,1,3
16641.078,-0.319,-0.044,0.963,7.97,-3.42,-2.9,1,3
16641.093,-0.323,-0.042,0.978,8.67,-2.41,-3.02,1,3
16641.093,-0.325,-0.045,0.981,8.94,-2.44,-3.08,1,3
16641.109,-0.331,-0.046,0.986,9.52,-2.53,-2.99,1,3
16641.125,-0.341,-0.05,0.982,11.29,-2.87,-2.69,1,3
16641.14,-0.342,-0.041,0.973,11.26,-3.72,-1.77,1,3
16641.14,-0.343,-0.046,0.967,10.25,-4.85,-0.82,1,3
16641.14,-0.332,-0.052,0.954,10.96,-5.55,0.12,1,3
16641.156,-0.317,-0.042,0.938,12.73,-5.25,0.79,1,3
16641.171,-0.301,-0.037,0.919,13.18,-4.3,0.79,1,3
16641.187,-0.3,-0.035,0.915,11.99,-2.84,-0.24,1,3
16641.187,-0.307,-0.029,0.918,11.75,-1.22,-1.25,1,3
16641.203,-0.316,-0.015,0.923,11.17,-0.37,-1.56,1,3
16641.203,-0.317,-0.009,0.922,9.09,-0.24,-1.22,1,3
16641.218,-0.315,-0.008,0.926,7.39,0.46,-0.27,1,3
16641.234,-0.315,-0.001,0.93,7.66,1.62,0.98,1,3
16641.234,-0.309,0.008,0.932,8.09,2.72,2.47,1,3
16641.25,-0.318,0.016,0.941,7.78,3.51,3.45,1,3
16641.265,-0.325,0.015,0.948,7.63,3.27,4.52,1,3
16641.265,-0.315,0.019,0.94,7.57,2.59,5.58,1,3
16641.281,-0.302,0.017,0.926,7.45,2.93,6.32,1,3
16641.281,-0.303,0.02,0.916,7.42,4.85,6.5,1,3
16641.296,-0.31,0.026,0.923,4.46,7.14,6.62,1,3
16641.312,-0.311,0.028,0.939,2.99,6.81,6.5,1,3
16641.312,-0.316,0.021,0.954,3.57,6.16,6.56,1,3
16641.328,-0.313,0.018,0.96,5.31,5.71,6.65,1,3
16641.343,-0.319,0.024,0.959,6.71,4.7,7.02,1,3
16641.343,-0.316,0.033,0.963,6.47,2.78,7.08,1,3
16641.359,-0.308,0.029,0.96,6.84,0.92,7.05,1,3
16641.375,-0.306,0.036,0.944,6.62,-0.37,6.78,1,3
16641.375,-0.298,0.036,0.928,5.1,-0.95,6.5,1,3
16641.39,-0.29,0.035,0.918,2.38,-0.67,5.8,1,3
16641.406,-0.28,0.021,0.922,0.21,0.52,4.64,1,3
16641.406,-0.278,0.016,0.929,-0.03,2.5,2.9,1,3
16641.421,-0.298,0.016,0.944,1.8,4.24,1.25,1,3
16641.421,-0.31,0.022,0.957,2.75,4.3,0.09,1,3
16641.437,-0.309,0.02,0.957,2.17,3.02,-1.1,1,3
16641.453,-0.312,0.011,0.955,2.44,2.17,-2.29,1,3
16641.453,-0.312,0.016,0.945,3.33,2.04,-2.47,1,3
16641.468,-0.302,0.03,0.937,3.11,2.44,-2.38,1,3
16641.484,-0.303,0.034,0.944,1.71,3.17,-2.53,1,3
16641.484,-0.301,0.036,0.949,0.61,3.81,-2.14,1,3
16641.5,-0.301,0.043,0.952,-0.12,4.46,-1.25,1,3
16641.515,-0.309,0.045,0.952,-1.01,4.73,-0.12,1,3
16641.515,-0.312,0.04,0.952,-2.72,4.24,1.19,1,3
16641.531,-0.312,0.033,0.952,-4.36,3.75,2.38,1,3
16641.531,-0.312,0.028,0.954,-5.19,3.33,3.33,1,3
16641.546,-0.308,0.024,0.952,-5.83,2.81,3.63,1,3
16641.562,-0.311,0.02,0.948,-5.86,2.87,3.05,1,3
16641.562,-0.317,0.021,0.949,-5.1,3.2,2.32,1,3
16641.578,-0.325,0.025,0.951,-4.09,3.23,1.68,1,3
16641.593,-0.333,0.027,0.953,-3.33,2.72,1.16,1,3
16641.593,-0.345,0.032,0.956,-2.62,1.98,0.79,1,3
16641.609,-0.349,0.039,0.951,-2.75,0.43,0.73,1,3
16641.625,-0.342,0.039,0.94,-3.45,-1.16,0.89,1,3
16641.625,-0.344,0.038,0.932,-3.27,-1.65,0.52,1,3
16641.64,-0.345,0.041,0.925,-2.44,-1.34,0.43,1,3
16641.64,-0.352,0.047,0.924,-1.74,-0.7,0.58,1,3
16641.656,-0.356,0.047,0.924,-1.65,-0.52,1.4,1,3
16641.671,-0.355,0.044,0.918,-2.32,-0.58,2.56,1,3
16641.671,-0.355,0.039,0.904,-3.05,-0.21,3.39,1,3
16641.687,-0.359,0.026,0.9,-4.27,0.49,3.97,1,3
16641.703,-0.358,0.015,0.903,-5.92,0.79,4.24,1,3
16641.718,-0.343,0.006,0.892,-8.06,0.95,3.94,1,3
16641.718,-0.335,-0.008,0.896,-9.03,3.05,3.02,1,3
16641.734,-0.326,-0.025,0.918,-7.54,5.92,1.62,1,3
16641.734,-0.323,-0.026,0.942,-4.36,8.06,-0.21,1,3
16641.75,-0.321,-0.019,0.96,-2.08,8.67,-2.81,1,3
16641.765,-0.316,-0.016,0.974,-1.25,8.15,-5.31,1,3
16641.765,-0.317,-0.011,0.982,-0.37,7.08,-7.23,1,3
16641.781,-0.319,0.006,0.98,0.55,5.74,-8.27,1,3
16641.781,-0.32,0.021,0.97,0.67,4.36,-8.33,1,3
16641.796,-0.32,0.029,0.959,-0.49,3.66,-6.93,1,3
16641.812,-0.322,0.044,0.952,-1.83,3.94,-4.55,1,3
16641.812,-0.33,0.052,0.947,-3.57,4.24,-1.53,1,3
16641.828,-0.33,0.053,0.946,-6.04,4.36,1.89,1,3
16641.843,-0.329,0.048,0.95,-7.93,4.58,4.58,1,3
16641.843,-0.331,0.041,0.95,-8.85,4.67,6.84,1,3
16641.859,-0.33,0.036,0.943,-9.64,4.55,8.51,1,3
16641.875,-0.326,0.03,0.938,-10.47,4.46,9.8,1,3
16641.875,-0.338,0.022,0.942,-10.93,4.49,10.41,1,3
16641.89,-0.353,0.017,0.95,-10.56,4.3,10.93,1,3
16641.89,-0.36,0.016,0.95,-9.77,3.17,11.41,1,3
16641.906,-0.372,0.012,0.947,-8.64,1.89,11.87,1,3
16641.921,-0.373,0.01,0.937,-8.18,0.31,12.85,1,3
16641.921,-0.357,0.007,0.919,-8.73,-0.76,13.98,1,3
16641.937,-0.346,-0.003,0.905,-9.49,-0.31,14.07,1,3
16641.953,-0.348,-0.014,0.903,-10.13,1.34,13.64,1,3
16641.953,-0.359,-0.02,0.916,-10.41,2.69,13.03,1,3
16641.968,-0.359,-0.022,0.923,-9.83,2.93,11.93,1,3
16641.984,-0.354,-0.024,0.918,-8.39,2.84,10.44,1,3
16641.984,-0.348,-0.025,0.911,-7.78,3.11,8.67,1,3
16642.0,-0.35,-0.024,0.919,-7.66,4.21,7.02,1,3
16642.015,-0.358,-0.021,0.926,-6.68,5.34,5.37,1,3
16642.015,-0.372,-0.018,0.931,-5.55,5.71,4.39,1,3
16642.031,-0.378,-0.015,0.94,-5.34,5.19,4.06,1,3
16642.046,-0.366,-0.016,0.942,-5.83,4.0,3.54,1,3
16642.046,-0.357,-0.02,0.935,-5.4,3.36,2.38,1,3
16642.062,-0.356,-0.02,0.932,-4.39,3.3,1.22,1,3
16642.062,-0.367,-0.016,0.931,-3.45,3.42,-0.06,1,3
16642.078,-0.376,-0.014,0.932,-2.84,2.93,-0.64,1,3
16642.093,-0.373,-0.015,0.928,-2.66,2.35,-0.95,1,3
16642.093,-0.368,-0.012,0.929,-2.59,2.14,-1.22,1,3
16642.109,-0.37,-0.015,0.918,-1.53,2.69,-1.71,1,3
16642.125,-0.372,-0.01,0.932,-0.98,3.39,-2.26,1,3
16642.125,-0.373,-0.008,0.935,0.09,2.99,-2.69,1,3
16642.14,-0.374,-0.007,0.918,1.04,2.99,-2.66,1,3
16642.14,-0.377,-0.003,0.924,0.61,3.51,-2.23,1,3
16642.156,-0.375,-0.007,0.928,0.4,3.63,-2.04,1,3
16642.171,-0.37,-0.007,0.929,0.7,3.75,-2.11,1,3
16642.171,-0.377,-0.009,0.935,1.5,3.91,-2.01,1,3
16642.187,-0.38,-0.004,0.939,1.62,3.6,-1.8,1,3
16642.203,-0.378,-0.0,0.945,0.82,2.29,-2.11,1,3
16642.203,-0.381,-0.008,0.941,-0.06,0.85,-2.23,1,3
16642.218,-0.382,-0.004,0.933,-0.09,-0.18,-1.89,1,3
16642.234,-0.373,-0.008,0.911,1.34,-0.64,-1.56,1,3
16642.234,-0.375,-0.005,0.909,1.62,-0.06,-1.43,1,3
16642.25,-0.375,-0.007,0.915,1.25,0.34,-1.5,1,3
16642.265,-0.37,-0.012,0.917,0.98,0.58,-1.37,1,3
16642.265,-0.364,-0.015,0.921,1.25,0.85,-1.31,1,3
16642.281,-0.363,-0.017,0.925,1.95,1.25,-1.71,1,3
16642.281,-0.367,-0.016,0.933,3.08,1.1,-2.47,1,3
16642.296,-0.37,-0.013,0.936,3.05,0.09,-2.47,1,3
16642.312,-0.373,-0.014,0.938,2.96,-0.92,-2.29,1,3
16642.312,-0.366,-0.007,0.939,3.14,-1.8,-2.2,1,3
16642.328,-0.365,-0.002,0.929,3.57,-2.44,-1.74,1,3
16642.343,-0.361,0.002,0.919,3.39,-2.44,-1.25,1,3
16642.343,-0.35,0.008,0.914,2.44,-1.86,-0.95,1,3
16642.359,-0.352,0.005,0.909,1.43,-0.55,-0.89,1,3
16642.359,-0.359,0.001,0.913,0.18,0.67,-0.67,1,3
16642.375,-0.36,-0.003,0.923,-0.67,1.25,-0.37,1,3
16642.39,-0.363,-0.009,0.925,-0.24,1.62,-0.27,1,3
16642.406,-0.361,-0.008,0.931,-0.37,1.65,-0.21,1,3
16642.406,-0.354,-0.01,0.937,-1.1,1.65,-0.67,1,3
16642.421,-0.362,-0.011,0.948,-1.07,1.89,-1.34,1,3
16642.421,-0.377,-0.006,0.951,-0.4,1.37,-1.28,1,3
16642.437,-0.374,-0.001,0.942,-0.49,0.06,-0.43,1,3
16642.453,-0.359,0.004,0.928,-1.68,-0.98,0.09,1,3
16642.453,-0.355,-0.001,0.92,-2.17,-0.67,-0.24,1,3
16642.468,-0.368,-0.001,0.917,-1.53,0.34,-0.52,1,3
16642.484,-0.382,0.003,0.925,-1.01,0.89,0.03,1,3
16642.5,-0.382,-0.001,0.909,-1.1,0.49,0.98,1,3
16642.5,-0.378,0.005,0.918,-2.5,0.61,1.43,1,3
16642.515,-0.389,-0.013,0.918,-3.05,1.04,1.43,1,3
16642.515,-0.378,-0.016,0.919,-3.51,1.01,1.31,1,3
16642.531,-0.377,-0.024,0.922,-2.38,1.46,0.73,1,3
16642.531,-0.383,-0.02,0.918,-1.1,1.68,-0.18,1,3
16642.546,-0.383,-0.016,0.92,-0.58,1.46,-0.52,1,3
16642.562,-0.378,-0.013,0.919,-1.04,0.82,-0.85,1,3
16642.578,-0.38,-0.014,0.919,-1.04,0.7,-1.8,1,3
16642.578,-0.391,-0.016,0.924,-0.09,0.79,-2.47,1,3
16642.593,-0.39,-0.013,0.923,0.7,0.92,-2.75,1,3
16642.593,-0.388,-0.013,0.922,0.79,0.85,-3.2,1,3
16642.609,-0.39,-0.008,0.921,1.01,0.92,-3.51,1,3
16642.625,-0.387,-0.003,0.92,0.55,0.7,-3.3,1,3
16642.625,-0.384,-0.008,0.919,-0.21,0.7,-3.11,1,3
16642.64,-0.385,-0.01,0.915,-0.52,0.92,-2.81,1,3
16642.656,-0.385,-0.01,0.922,-0.55,1.1,-2.23,1,3
16642.656,-0.384,-0.012,0.923,-0.06,0.82,-1.68,1,3
16642.671,-0.38,-0.015,0.92,0.0,0.55,-1.19,1,3
16642.671,-0.384,-0.015,0.925,-0.18,0.52,-1.13,1,3
16642.687,-0.383,-0.015,0.93,-0.06,0.12,-0.98,1,3
16642.703,-0.379,-0.018,0.931,0.15,-0.49,-1.1,1,3
16642.703,-0.374,-0.019,0.924,0.79,-0.7,-1.59,1,3
16642.718,-0.37,-0.015,0.916,0.98,-0.64,-1.8,1,3
16642.734,-0.369,-0.012,0.915,0.64,-0.4,-2.01,1,3
16642.734,-0.375,-0.011,0.926,0.58,0.06,-2.14,1,3
16642.75,-0.38,-0.01,0.931,0.37,-0.15,-1.68,1,3
16642.765,-0.375,-0.008,0.93,0.03,-0.73,-1.4,1,3
16642.765,-0.378,-0.007,0.932,-0.34,-1.01,-1.25,1,3
16642.781,-0.373,-0.007,0.934,-0.43,-1.46,-0.98,1,3
16642.796,-0.375,-0.007,0.929,-0.43,-1.59,-0.7,1,3
16642.796,-0.38,-0.004,0.925,-0.7,-1.65,-0.34,1,3
16642.812,-0.373,-0.003,0.923,-1.28,-1.89,0.18,1,3
16642.812,-0.368,-0.008,0.921,-1.71,-1.71,0.46,1,3
16642.828,-0.371,-0.01,0.918,-1.77,-1.22,0.64,1,3
16642.843,-0.37,-0.01,0.915,-1.92,-0.79,0.76,1,3
16642.843,-0.371,-0.012,0.913,-2.08,0.21,0.55,1,3
16642.859,-0.38,-0.012,0.922,-2.26,1.01,0.34,1,3
16642.875,-0.381,-0.013,0.93,-2.66,0.95,0.55,1,3
16642.875,-0.372,-0.014,0.929,-2.66,0.64,0.73,1,3
16642.89,-0.374,-0.017,0.928,-2.14,0.76,0.15,1,3
16642.89,-0.381,-0.02,0.925,-1.56,0.52,-0.37,1,3
16642.906,-0.38,-0.017,0.922,-1.28,0.18,-0.61,1,3
16642.921,-0.385,-0.016,0.925,-0.67,0.03,-0.82,1,3
16642.921,-0.39,-0.023,0.928,0.06,-0.61,-0.85,1,3
16642.937,-0.385,-0.026,0.918,0.92,-1.37,-0.98,1,3
16642.953,-0.374,-0.028,0.909,1.71,-1.53,-1.74,1,3
16642.953,-0.375,-0.03,0.905,2.01,-0.89,-3.45,1,3
16642.968,-0.382,-0.032,0.911,1.83,-0.46,-4.91,1,3
16642.984,-0.383,-0.032,0.913,2.08,-0.09,-6.23,1,3
16642.984,-0.385,-0.024,0.914,2.62,0.06,-7.39,1,3
16643.0,-0.386,-0.017,0.914,2.93,0.09,-7.93,1,3
16643.015,-0.386,-0.013,0.913,2.87,0.15,-7.69,1,3
16643.015,-0.386,-0.013,0.915,2.35,0.43,-7.29,1,3
16643.031,-0.387,-0.016,0.919,1.95,0.49,-7.05,1,3
16643.031,-0.385,-0.016,0.926,1.98,0.4,-6.9,1,3
16643.046,-0.39,-0.013,0.929,2.5,0.12,-6.99,1,3
16643.062,-0.392,-0.012,0.928,2.96,-0.37,-7.11,1,3
16643.062,-0.389,-0.012,0.921,2.99,-0.85,-6.96,1,3
16643.078,-0.382,-0.013,0.913,2.84,-0.95,-6.84,1,3
16643.093,-0.38,-0.012,0.907,2.75,-0.34,-6.68,1,3
16643.093,-0.377,-0.012,0.907,2.56,0.61,-6.56,1,3
16643.109,-0.377,-0.015,0.909,2.35,1.62,-6.44,1,3
16643.125,-0.378,-0.021,0.916,2.44,2.41,-6.56,1,3
16643.125,-0.381,-0.025,0.93,3.2,2.9,-7.02,1,3
16643.14,-0.384,-0.026,0.942,4.49,2.41,-7.84,1,3
16643.14,-0.382,-0.026,0.941,5.71,1.04,-8.97,1,3
16643.156,-0.378,-0.023,0.94,6.74,-0.06,-10.38,1,3
16643.171,-0.377,-0.019,0.933,8.09,-0.85,-11.84,1,3
16643.171,-0.382,-0.007,0.926,9.19,-1.22,-12.73,1,3
16643.187,-0.383,0.003,0.922,9.64,-1.25,-12.85,1,3
16643.203,-0.383,0.014,0.922,9.52,-1.04,-12.3,1,3
16643.203,-0.395,0.018,0.917,9.06,-0.76,-11.02,1,3
16643.218,-0.4,0.017,0.904,7.51,-0.58,-8.82,1,3
16643.234,-0.397,0.011,0.902,5.04,-0.27,-6.41,1,3
16643.234,-0.396,0.004,0.907,3.2,0.06,-4.58,1,3
16643.25,-0.391,-0.002,0.911,2.5,0.52,-2.96,1,3
16643.265,-0.386,0.002,0.917,2.29,0.85,-1.28,1,3
16643.265,-0.382,0.005,0.921,1.31,0.12,0.67,1,3
16643.281,-0.378,0.005,0.921,0.73,0.0,1.43,1,3
16643.281,-0.378,0.005,0.916,0.03,0.18,1.83,1,3
16643.296,-0.388,-0.008,0.92,-0.49,0.18,2.41,1,3
16643.312,-0.39,-0.015,0.906,-1.22,-1.28,2.93,1,3
16643.312,-0.377,-0.01,0.91,-1.22,-0.18,3.48,1,3
16643.328,-0.379,-0.019,0.929,-2.01,0.27,3.33,1,3
16643.343,-0.373,-0.024,0.904,-1.59,0.46,3.08,1,3
16643.343,-0.372,-0.017,0.919,-0.85,1.95,2.78,1,3
16643.359,-0.38,-0.023,0.927,-1.19,1.65,1.68,1,3
16643.375,-0.385,-0.026,0.928,-1.25,0.95,1.37,1,3
16643.375,-0.381,-0.024,0.932,-0.95,0.15,1.4,1,3
16643.39,-0.379,-0.024,0.923,-0.89,-0.4,0.98,1,3
16643.39,-0.376,-0.021,0.923,-0.82,-0.24,0.49,1,3
16643.406,-0.379,-0.021,0.924,-0.55,0.12,0.0,1,3
16643.421,-0.387,-0.018,0.928,0.12,0.46,-0.27,1,3
16643.421,-0.39,-0.015,0.926,0.58,0.0,0.03,1,3
16643.437,-0.387,-0.013,0.92,0.18,-0.85,0.58,1,3
16643.453,-0.384,-0.012,0.912,-0.24,-1.01,0.95,1,3
16643.453,-0.383,-0.016,0.907,-0.31,-0.58,1.07,1,3
16643.468,-0.384,-0.017,0.903,-0.09,0.18,0.82,1,3
16643.484,-0.396,-0.014,0.909,-0.03,1.1,0.52,1,3
16643.484,-0.403,-0.013,0.918,-0.58,1.19,0.46,1,3
16643.5,-0.404,-0.016,0.919,-0.61,0.76,0.49,1,3
16643.515,-0.4,-0.016,0.923,-0.43,0.49,0.46,1,3
16643.515,-0.398,-0.013,0.923,0.34,0.27,0.15,1,3
16643.531,-0.398,-0.008,0.918,0.52,-0.09,-0.27,1,3
16643.531,-0.395,-0.011,0.913,0.12,-0.52,-0.73,1,3
16643.546,-0.397,-0.011,0.915,0.09,-0.49,-1.1,1,3
16643.562,-0.405,-0.007,0.917,0.61,-0.67,-1.1,1,3
16643.562,-0.398,0.0,0.913,0.31,-1.43,-0.85,1,3
16643.578,-0.391,0.002,0.911,0.03,-1.56,-0.7,1,3
16643.593,-0.388,-0.002,0.91,0.03,-1.07,-0.61,1,3
16643.609,-0.391,0.0,0.913,0.4,-0.49,-0.4,1,3
16643.609,-0.396,-0.0,0.911,0.31,-0.24,-0.18,1,3
16643.625,-0.394,-0.01,0.916,-0.46,-0.49,-0.24,1,3
16643.625,-0.389,-0.017,0.915,-0.34,-0.52,-0.52,1,3
16643.64,-0.387,-0.014,0.913,0.46,-0.24,-1.07,1,3
16643.656,-0.39,-0.014,0.916,1.4,0.06,-1.43,1,3
16643.656,-0.392,-0.011,0.917,1.56,0.09,-1.4,1,3
16643.671,-0.391,-0.007,0.925,1.16,-0.37,-1.71,1,3
16643.687,-0.392,-0.008,0.923,1.16,-0.95,-1.68,1,3
16643.687,-0.387,-0.005,0.915,1.28,-1.01,-1.16,1,3
16643.703,-0.383,-0.003,0.914,1.13,-0.7,-1.1,1,3
16643.703,-0.388,-0.005,0.917,0.79,-0.21,-1.37,1,3
16643.718,-0.396,-0.007,0.92,0.82,-0.06,-1.25,1,3
16643.734,-0.394,-0.009,0.917,0.67,-0.37,-0.61,1,3
16643.734,-0.386,-0.012,0.912,0.12,-0.52,-0.31,1,3
16643.75,-0.385,-0.019,0.911,-0.55,-0.34,-0.79,1,3
16643.765,-0.389,-0.023,0.918,-0.43,0.09,-1.46,1,3
16643.765,-0.393,-0.02,0.922,0.64,0.34,-2.29,1,3
16643.781,-0.396,-0.015,0.919,1.74,0.21,-2.93,1,3
16643.781,-0.4,-0.007,0.921,1.92,-0.09,-3.05,1,3
16643.796,-0.406,-0.003,0.922,1.83,-0.64,-2.62,1,3
16643.812,-0.403,0.001,0.921,1.68,-1.16,-1.89,1,3
16643.812,-0.397,0.004,0.917,1.28,-1.5,-1.07,1,3
16643.828,-0.394,-0.001,0.912,0.98,-1.46,-0.58,1,3
16643.843,-0.392,-0.002,0.91,0.58,-1.01,0.03,1,3
16643.843,-0.392,-0.005,0.911,0.06,-0.52,0.58,1,3
16643.859,-0.393,-0.013,0.913,-0.21,-0.09,0.61,1,3
16643.875,-0.392,-0.016,0.917,-0.15,0.03,0.34,1,3
16643.875,-0.394,-0.017,0.919,0.24,0.0,-0.03,1,3
16643.89,-0.394,-0.02,0.918,0.18,-0.37,-0.55,1,3
16643.906,-0.388,-0.022,0.915,0.31,-0.58,-1.16,1,3
16643.906,-0.39,-0.019,0.912,1.07,-0.27,-2.14,1,3
16643.921,-0.397,-0.017,0.91,1.77,0.27,-2.69,1,3
16643.921,-0.392,-0.014,0.912,1.89,0.46,-2.59,1,3
16643.937,-0.384,-0.014,0.91,1.89,0.7,-3.17,1,3
16643.953,-0.385,-0.01,0.916,2.35,1.46,-4.15,1,3
16643.953,-0.402,-0.003,0.923,3.02,2.04,-4.46,1,3
16643.968,-0.411,0.009,0.93,2.72,1.62,-3.48,1,3
16643.984,-0.415,0.014,0.935,1.5,-0.37,-1.77,1,3
16643.984,-0.401,0.012,0.92,0.09,-1.86,-0.27,1,3
16644.0,-0.389,0.007,0.915,-1.07,-2.23,0.46,1,3
16644.015,-0.393,-0.004,0.916,-0.79,-2.01,0.76,1,3
16644.015,-0.387,-0.004,0.907,-0.73,-1.34,1.04,1,3
16644.031,-0.39,-0.009,0.915,-1.01,-0.73,0.4,1,3
16644.031,-0.39,-0.015,0.912,-0.89,-0.37,-0.49,1,3
16644.046,-0.39,-0.017,0.914,0.09,0.37,-1.31,1,3
16644.062,-0.391,-0.015,0.911,0.79,0.79,-2.01,1,3
16644.062,-0.394,-0.01,0.909,1.19,0.79,-2.56,1,3
16644.078,-0.403,-0.011,0.91,1.56,0.82,-2.66,1,3
16644.093,-0.41,-0.006,0.914,1.62,0.31,-1.98,1,3
16644.109,-0.413,-0.005,0.914,1.01,-0.4,-1.07,1,3
16644.109,-0.402,-0.006,0.915,0.09,-1.04,-0.64,1,3
16644.125,-0.398,-0.007,0.918,-0.27,-1.01,-0.61,1,3
16644.125,-0.398,-0.008,0.921,0.09,-0.79,-0.61,1,3
16644.14,-0.397,-0.008,0.921,0.18,-0.98,-0.95,1,3
16644.14,-0.395,-0.01,0.916,0.49,-1.5,-1.31,1,3
16644.156,-0.396,-0.01,0.909,0.52,-1.71,-1.43,1,3
16644.171,-0.393,-0.012,0.904,0.31,-1.62,-1.59,1,3
16644.171,-0.39,-0.012,0.904,0.18,-1.07,-1.71,1,3
16644.187,-0.395,-0.011,0.91,0.61,-0.34,-1.71,1,3
16644.203,-0.4,-0.006,0.92,0.58,0.03,-1.65,1,3
16644.203,-0.399,-0.006,0.925,0.18,-0.12,-1.31,1,3
16644.218,-0.399,-0.005,0.925,-0.27,-0.73,-0.95,1,3
16644.234,-0.393,-0.002,0.925,-0.34,-1.37,-0.64,1,3
16644.234,-0.391,-0.001,0.921,-0.31,-1.46,-0.55,1,3
16644.25,-0.39,-0.005,0.915,0.03,-1.28,-0.18,1,3
16644.265,-0.387,-0.006,0.914,0.12,-1.1,-0.34,1,3
16644.265,-0.391,-0.006,0.915,0.31,-1.07,-0.43,1,3
16644.281,-0.401,-0.009,0.915,0.49,-1.5,0.0,1,3
16644.281,-0.394,-0.011,0.91,0.37,-1.89,0.18,1,3
16644.296,-0.397,-0.011,0.907,0.27,-1.95,-0.18,1,3
16644.312,-0.398,-0.014,0.907,0.55,-1.77,-0.4,1,3
16644.312,-0.394,-0.012,0.905,0.61,-1.4,-0.43,1,3
16644.328,-0.392,-0.012,0.907,0.67,-0.85,-0.85,1,3
16644.343,-0.401,-0.01,0.914,0.89,-0.49,-1.1,1,3
16644.343,-0.403,-0.006,0.919,0.73,-0.79,-0.67,1,3
16644.359,-0.398,-0.004,0.919,0.34,-1.13,-0.37,1,3
16644.375,-0.4,-0.004,0.924,0.31,-1.22,-0.7,1,3
16644.375,-0.403,-0.004,0.928,0.43,-1.53,-0.67,1,3
16644.39,-0.402,-0.003,0.922,0.58,-1.86,-0.24,1,3
16644.39,-0.398,-0.006,0.914,0.15,-1.86,0.06,1,3
16644.406,-0.396,-0.011,0.917,-0.31,-1.62,0.03,1,3
16644.421,-0.396,-0.015,0.918,0.15,-1.53,-0.03,1,3
16644.437,-0.393,-0.014,0.914,0.79,-1.53,-0.18,1,3
16644.437,-0.388,-0.014,0.912,0.89,-1.22,-0.64,1,3
16644.453,-0.389,-0.014,0.915,0.85,-0.73,-0.95,1,3
16644.453,-0.39,-0.01,0.92,0.67,-0.43,-1.31,1,3
16644.468,-0.394,-0.006,0.921,0.85,-0.09,-1.65,1,3
16644.484,-0.4,-0.004,0.925,1.07,-0.58,-1.22,1,3
16644.484,-0.393,-0.001,0.922,0.55,-1.56,-0.67,1,3
16644.5,-0.388,-0.004,0.916,0.24,-2.04,-0.73,1,3
16644.515,-0.391,-0.007,0.911,0.58,-1.98,-0.4,1,3
16644.515,-0.396,-0.005,0.907,0.95,-1.77,-0.34,1,3
16644.531,-0.399,-0.006,0.904,0.64,-1.77,-0.37,1,3
16644.531,-0.398,-0.009,0.904,0.31,-1.65,-0.4,1,3
16644.546,-0.396,-0.01,0.906,0.58,-1.25,-0.64,1,3
16644.562,-0.394,-0.01,0.907,0.95,-0.7,-1.13,1,3
16644.562,-0.396,-0.007,0.911,1.28,-0.21,-1.8,1,3
16644.578,-0.4,-0.006,0.921,1.65,0.09,-2.2,1,3
16644.593,-0.406,-0.001,0.924,2.32,-0.31,-2.11,1,3
16644.593,-0.405,0.004,0.922,2.41,-1.01,-1.34,1,3
16644.609,-0.399,0.006,0.917,1.68,-1.89,-0.31,1,3
16644.625,-0.393,0.003,0.913,0.7,-2.23,0.55,1,3
16644.625,-0.385,-0.004,0.909,0.15,-1.89,1.25,1,3
16644.64,-0.383,-0.009,0.909,0.18,-1.25,1.25,1,3
16644.656,-0.386,-0.01,0.914,0.18,-0.37,0.98,1,3
16644.656,-0.385,-0.01,0.921,-0.06,-0.03,0.7,1,3
16644.671,-0.391,-0.011,0.929,0.0,-0.03,0.4,1,3
16644.671,-0.392,-0.01,0.927,0.37,-0.52,0.24,1,3
16644.687,-0.394,-0.006,0.92,0.34,-0.98,0.0,1,3
16644.703,-0.398,-0.009,0.915,0.06,-1.22,-0.37,1,3
16644.703,-0.401,-0.01,0.913,0.18,-1.19,-0.21,1,3
16644.718,-0.404,-0.008,0.908,0.24,-0.98,0.09,1,3
16644.734,-0.4,-0.007,0.906,-0.09,-0.79,0.21,1,3
16644.734,-0.395,-0.01,0.91,-0.34,-0.43,0.15,1,3
16644.75,-0.395,-0.01,0.911,0.06,0.03,-0.31,1,3
16644.75,-0.394,-0.005,0.912,0.43,0.4,-0.85,1,3
16644.765,-0.398,-0.002,0.916,0.61,0.46,-1.4,1,3
16644.781,-0.402,0.002,0.923,0.73,0.37,-1.43,1,3
16644.796,-0.407,0.002,0.926,0.95,-0.27,-0.85,1,3
16644.796,-0.402,0.004,0.92,0.55,-1.34,0.15,1,3
16644.812,-0.392,0.003,0.915,0.12,-1.98,0.49,1,3
16644.812,-0.396,0.0,0.912,0.18,-1.83,0.49,1,3
16644.828,-0.396,-0.004,0.909,-0.03,-1.89,1.07,1,3
16644.843,-0.385,-0.007,0.906,-0.46,-1.89,1.43,1,3
16644.843,-0.377,-0.016,0.903,-0.58,-1.46,1.01,1,3
16644.859,-0.38,-0.017,0.907,0.0,-0.61,0.27,1,3
16644.875,-0.385,-0.014,0.907,0.79,0.12,-0.49,1,3
16644.89,-0.389,-0.01,0.907,1.07,0.64,-1.1,1,3
16644.89,-0.391,-0.004,0.918,1.07,1.13,-1.56,1,3
16644.89,-0.405,0.001,0.925,1.43,1.46,-1.46,1,3
16644.906,-0.409,0.005,0.923,1.28,1.1,-0.31,1,3
16644.921,-0.4,0.011,0.929,0.03,0.4,0.82,1,3
16644.921,-0.398,0.006,0.931,-0.98,-0.46,1.01,1,3
16644.937,-0.399,0.003,0.932,-0.89,-0.98,1.01,1,3
16644.953,-0.397,0.01,0.927,-0.73,-1.31,1.1,1,3
16644.968,-0.4,0.014,0.926,-1.5,-1.4,1.19,1,3
16644.968,-0.397,0.006,0.908,-2.11,-1.43,1.37,1,3
16644.984,-0.41,0.004,0.92,-1.8,-0.52,1.86,1,3
16644.984,-0.401,-0.003,0.907,-2.11,-0.67,1.92,1,3
16645.0,-0.401,-0.012,0.913,-1.83,-0.09,1.68,1,3
16645.015,-0.404,-0.012,0.912,-1.8,-0.03,0.98,1,3
16645.015,-0.398,-0.018,0.904,-1.56,-0.79,0.7,1,3
16645.031,-0.396,-0.026,0.914,-0.12,-1.53,0.52,1,3
16645.031,-0.389,-0.008,0.879,-0.18,-2.17,-0.34,1,3
16645.046,-0.398,-0.023,0.903,1.1,-1.1,-0.82,1,3
16645.062,-0.4,-0.013,0.902,1.37,-1.25,-1.34,1,3
16645.078,-0.402,-0.011,0.912,1.98,-1.4,-1.13,1,3
16645.078,-0.403,-0.01,0.897,2.44,-1.43,-0.95,1,3
16645.093,-0.395,-0.008,0.91,1.86,-1.37,-0.61,1,3
16645.093,-0.389,-0.016,0.909,1.53,-0.98,-0.98,1,3
16645.109,-0.394,-0.014,0.917,1.95,-0.09,-1.31,1,3
16645.125,-0.394,-0.009,0.922,2.2,0.4,-1.77,1,3
16645.125,-0.396,-0.005,0.926,1.86,0.73,-2.26,1,3
16645.14,-0.4,-0.001,0.932,1.19,0.98,-2.41,1,3
16645.14,-0.401,0.001,0.937,0.89,1.01,-2.32,1,3
16645.156,-0.403,0.006,0.943,0.79,0.73,-2.41,1,3
16645.171,-0.411,0.01,0.942,1.16,0.09,-2.59,1,3
16645.187,-0.41,0.021,0.935,0.89,-0.73,-1.62,1,3
16645.187,-0.399,0.024,0.927,-0.79,-1.65,-0.27,1,3
16645.203,-0.392,0.017,0.92,-2.04,-1.95,0.61,1,3
16645.203,-0.394,0.009,0.912,-2.04,-1.8,1.22,1,3
16645.218,-0.393,0.004,0.906,-1.68,-1.89,1.65,1,3
16645.234,-0.399,-0.0,0.902,-1.56,-2.01,1.74,1,3
16645.234,-0.402,-0.009,0.901,-1.4,-3.42,2.23,1,3
16645.25,-0.398,-0.016,0.893,-0.79,-3.57,2.01,1,3
16645.265,-0.393,-0.021,0.889,-0.12,-3.42,1.04,1,3
16645.265,-0.392,-0.025,0.892,0.34,-3.11,0.03,1,3
16645.281,-0.39,-0.026,0.893,1.31,-2.62,-0.79,1,3
16645.281,-0.39,-0.023,0.894,2.17,-1.98,-1.53,1,3
16645.296,-0.388,-0.019,0.899,2.53,-1.04,-2.2,1,3
16645.312,-0.399,-0.015,0.915,3.11,0.09,-3.08,1,3
16645.312,-0.406,-0.01,0.93,4.03,0.58,-3.72,1,3
16645.328,-0.408,0.003,0.941,4.15,0.31,-3.78,1,3
16645.343,-0.407,0.014,0.945,3.48,-0.34,-3.66,1,3
16645.343,-0.407,0.018,0.946,2.38,-0.95,-2.96,1,3
16645.359,-0.4,0.021,0.94,1.25,-1.28,-1.98,1,3
16645.375,-0.398,0.023,0.933,0.27,-1.04,-1.31,1,3
16645.375,-0.402,0.02,0.933,-0.79,-0.64,-0.37,1,3
16645.39,-0.396,0.015,0.931,-1.62,-0.92,0.64,1,3
16645.406,-0.389,0.008,0.92,-1.74,-1.19,1.4,1,3
16645.406,-0.386,0.002,0.915,-1.62,-1.16,1.83,1,3
16645.421,-0.388,-0.006,0.906,-1.22,-1.34,2.08,1,3
16645.421,-0.386,-0.013,0.899,-1.01,-1.71,2.38,1,3
16645.437,-0.385,-0.018,0.898,-0.85,-2.08,2.23,1,3
16645.453,-0.383,-0.019,0.898,-0.61,-2.44,2.08,1,3
16645.453,-0.37,-0.018,0.892,-0.52,-2.84,1.74,1,3
16645.468,-0.369,-0.016,0.893,-0.18,-2.23,0.89,1,3
16645.484,-0.377,-0.011,0.898,0.82,-1.19,0.21,1,3
16645.484,-0.386,-0.002,0.903,1.4,-0.46,-0.24,1,3
16645.5,-0.392,0.004,0.908,1.28,0.27,-0.58,1,3
16645.5,-0.398,0.006,0.916,1.04,1.01,-0.85,1,3
16645.515,-0.403,0.011,0.923,1.01,1.86,-0.82,1,3
16645.531,-0.412,0.017,0.933,0.79,2.17,-0.49,1,3
16645.531,-0.42,0.018,0.942,0.06,1.83,0.31,1,3
16645.546,-0.42,0.017,0.945,-0.85,1.28,1.62,1,3
16645.562,-0.415,0.019,0.947,-1.95,0.43,2.99,1,3
16645.562,-0.403,0.016,0.939,-3.11,-0.49,3.54,1,3
16645.578,-0.4,0.009,0.932,-3.6,-0.89,3.63,1,3
16645.593,-0.399,0.003,0.925,-3.3,-0.89,3.57,1,3
16645.593,-0.396,-0.005,0.914,-3.02,-0.92,3.2,1,3
16645.609,-0.395,-0.012,0.906,-2.84,-0.7,2.84,1,3
16645.625,-0.396,-0.02,0.899,-2.32,-0.61,2.41,1,3
16645.625,-0.398,-0.024,0.892,-1.68,-0.58,2.08,1,3
16645.64,-0.395,-0.028,0.886,-1.01,-0.73,1.5,1,3
16645.656,-0.395,-0.029,0.887,-0.12,-0.52,0.46,1,3
16645.656,-0.399,-0.027,0.888,0.92,-0.43,-0.12,1,3
16645.671,-0.394,-0.023,0.889,1.4,-0.79,-0.46,1,3
16645.671,-0.389,-0.019,0.89,1.59,-0.92,-1.31,1,3
16645.687,-0.392,-0.015,0.895,2.32,-0.24,-2.01,1,3
16645.703,-0.397,-0.003,0.903,3.11,0.49,-2.35,1,3
16645.718,-0.4,0.005,0.915,2.99,0.98,-2.5,1,3
16645.718,-0.403,0.009,0.926,2.35,1.01,-2.5,1,3
16645.734,-0.405,0.01,0.935,1.83,0.85,-2.04,1,3
16645.734,-0.405,0.01,0.941,1.62,0.85,-1.71,1,3
16645.75,-0.408,0.017,0.941,1.59,0.89,-1.53,1,3
16645.765,-0.409,0.018,0.943,0.7,0.52,-1.25,1,3
16645.765,-0.406,0.02,0.941,-0.15,0.15,-0.92,1,3
16645.781,-0.405,0.017,0.935,-0.55,0.12,-0.4,1,3
16645.796,-0.398,0.009,0.928,-1.1,-0.06,0.27,1,3
16645.796,-0.388,0.005,0.923,-1.13,0.0,0.12,1,3
16645.812,-0.39,0.002,0.916,-0.85,0.37,-0.21,1,3
16645.812,-0.395,-0.002,0.915,-1.1,0.4,-0.09,1,3
16645.828,-0.394,-0.008,0.913,-1.13,0.06,0.18,1,3
16645.843,-0.39,-0.016,0.909,-0.73,-0.55,0.12,1,3
16645.843,-0.395,-0.021,0.906,0.09,-1.19,-0.34,1,3
16645.859,-0.394,-0.024,0.902,1.01,-2.11,-1.01,1,3
16645.875,-0.393,-0.029,0.896,2.01,-2.59,-2.23,1,3
16645.875,-0.395,-0.038,0.891,3.66,-2.66,-3.97,1,3
16645.89,-0.399,-0.038,0.887,5.68,-2.2,-6.13,1,3
16645.89,-0.398,-0.036,0.887,7.32,-1.8,-8.06,1,3
16645.906,-0.402,-0.026,0.883,8.03,-1.31,-9.8,1,3
16645.921,-0.412,-0.013,0.887,8.03,-0.67,-11.02,1,3
16645.937,-0.42,0.001,0.893,7.81,-0.24,-11.26,1,3
16645.937,-0.425,0.015,0.902,7.9,0.4,-10.9,1,3
16645.953,-0.431,0.022,0.915,7.97,1.22,-10.59,1,3
16645.953,-0.43,0.027,0.926,7.9,1.53,-9.77,1,3
16645.968,-0.426,0.033,0.937,7.35,1.56,-8.64,1,3
16645.984,-0.42,0.035,0.945,6.35,1.04,-7.51,1,3
16645.984,-0.411,0.035,0.941,4.91,0.34,-6.13,1,3
16646.0,-0.402,0.029,0.937,3.51,-0.18,-4.39,1,3
16646.015,-0.393,0.026,0.932,2.32,-0.46,-3.02,1,3
16646.015,-0.391,0.021,0.928,1.34,-0.55,-1.92,1,3
16646.031,-0.39,0.015,0.922,0.95,-0.7,-0.58,1,3
16646.031,-0.386,0.009,0.914,0.49,-0.89,0.55,1,3
16646.046,-0.38,0.004,0.91,-0.18,-1.04,1.25,1,3
16646.062,-0.379,-0.001,0.907,-0.79,-1.28,1.46,1,3
16646.062,-0.376,-0.004,0.902,-1.07,-1.53,1.53,1,3
16646.078,-0.378,-0.004,0.9,-0.64,-1.43,1.46,1,3
16646.093,-0.385,0.0,0.898,-0.06,-1.34,1.37,1,3
16646.093,-0.391,0.005,0.898,-0.03,-1.77,1.56,1,3
16646.109,-0.393,0.006,0.9,-0.31,-2.29,1.98,1,3
16646.125,-0.396,0.007,0.895,-0.55,-2.59,2.17,1,3
16646.125,-0.401,0.008,0.892,-0.61,-2.53,2.11,1,3
16646.14,-0.403,0.008,0.893,-0.58,-1.77,2.01,1,3
16646.156,-0.405,0.01,0.897,-0.27,-0.55,1.59,1,3
16646.156,-0.409,0.009,0.911,0.18,0.61,1.16,1,3
16646.171,-0.411,0.008,0.921,0.46,1.28,0.73,1,3
16646.171,-0.409,0.011,0.926,0.52,1.28,0.55,1,3
16646.187,-0.41,0.014,0.931,0.34,1.19,0.15,1,3
16646.203,-0.416,0.017,0.934,0.43,0.76,-0.03,1,3
16646.203,-0.419,0.021,0.93,0.18,-0.06,-0.06,1,3
16646.218,-0.422,0.024,0.93,-0.73,-1.59,0.98,1,3
16646.234,-0.415,0.021,0.925,-1.07,-2.08,2.08,1,3
16646.234,-0.406,0.016,0.914,-1.5,-2.14,2.62,1,3
16646.25,-0.396,0.009,0.903,-1.68,-1.89,2.44,1,3
16646.265,-0.388,-0.009,0.897,-1.13,-1.43,1.8,1,3
16646.265,-0.392,-0.014,0.895,-0.31,-1.31,0.98,1,3
16646.281,-0.394,-0.016,0.893,0.67,-1.43,0.15,1,3
16646.281,-0.398,-0.017,0.892,1.34,-1.56,-0.61,1,3
16646.296,-0.406,-0.013,0.898,1.95,-1.95,-1.1,1,3
16646.312,-0.405,-0.01,0.895,2.62,-2.5,-1.22,1,3
16646.312,-0.402,-0.007,0.895,2.93,-2.78,-1.4,1,3
16646.328,-0.399,-0.002,0.896,2.87,-2.78,-1.74,1,3
16646.343,-0.394,0.001,0.901,3.02,-2.29,-2.23,1,3
16646.343,-0.395,0.006,0.906,3.6,-1.53,-2.81,1,3
16646.359,-0.399,0.014,0.915,4.15,-0.64,-3.45,1,3
16646.375,-0.404,0.02,0.926,4.15,0.09,-3.75,1,3
16646.375,-0.406,0.024,0.936,3.94,0.58,-3.78,1,3
16646.39,-0.412,0.026,0.938,3.51,0.82,-3.42,1,3
16646.39,-0.418,0.029,0.944,2.66,0.95,-2.87,1,3
16646.406,-0.423,0.03,0.951,1.8,0.34,-1.95,1,3
16646.421,-0.424,0.027,0.95,1.25,-0.92,-0.64,1,3
16646.421,-0.418,0.026,0.941,0.18,-2.53,0.4,1,3
16646.437,-0.409,0.02,0.929,-1.01,-4.15,0.89,1,3
16646.453,-0.403,0.011,0.915,-1.07,-5.16,0.98,1,3
16646.453,-0.398,0.006,0.898,-0.06,-5.43,1.19,1,3
16646.468,-0.397,0.005,0.882,0.49,-4.7,1.07,1,3
16646.484,-0.4,-0.004,0.88,0.49,-3.63,0.67,1,3
16646.484,-0.4,-0.012,0.884,0.82,-2.69,0.09,1,3
16646.5,-0.399,-0.016,0.891,1.86,-1.86,-0.61,1,3
16646.515,-0.401,-0.016,0.899,2.69,-1.4,-1.62,1,3
16646.515,-0.399,-0.018,0.905,3.45,-1.22,-2.84,1,3
16646.531,-0.4,-0.015,0.914,4.33,-1.28,-4.27,1,3
16646.531,-0.396,-0.003,0.906,4.73,-1.86,-5.19,1,3
16646.546,-0.395,0.001,0.91,5.86,-1.71,-5.89,1,3
16646.562,-0.392,0.019,0.914,5.55,-1.53,-6.32,1,3
16646.562,-0.393,0.018,0.902,5.55,-1.34,-5.95,1,3
16646.578,-0.386,0.038,0.909,4.82,0.06,-4.88,1,3
16646.593,-0.383,0.031,0.919,3.85,0.98,-4.24,1,3
16646.609,-0.385,0.032,0.922,3.08,1.56,-3.45,1,3
16646.609,-0.393,0.032,0.933,3.08,2.2,-2.04,1,3
16646.609,-0.392,0.035,0.934,2.14,1.68,-0.76,1,3
16646.625,-0.389,0.033,0.935,0.49,0.92,0.15,1,3
16646.64,-0.378,0.028,0.93,-0.79,0.31,0.79,1,3
16646.64,-0.374,0.03,0.925,-1.28,0.21,1.31,1,3
16646.656,-0.376,0.031,0.91,-1.37,0.37,1.65,1,3
16646.671,-0.385,0.037,0.914,-2.08,0.85,2.72,1,3
16646.687,-0.391,0.033,0.913,-2.87,0.64,3.72,1,3
16646.687,-0.395,0.028,0.908,-3.14,0.49,4.58,1,3
16646.703,-0.397,0.023,0.907,-3.33,0.58,5.13,1,3
16646.703,-0.396,0.017,0.905,-3.72,0.61,5.13,1,3
16646.718,-0.399,0.012,0.908,-4.09,1.04,5.01,1,3
16646.734,-0.401,0.009,0.907,-4.15,1.16,4.7,1,3
16646.734,-0.403,0.011,0.91,-4.0,1.22,4.06,1,3
16646.75,-0.412,0.011,0.913,-3.23,1.19,3.39,1,3
16646.765,-0.413,0.014,0.912,-2.72,0.73,3.08,1,3
16646.765,-0.414,0.015,0.907,-2.56,0.27,2.69,1,3
16646.781,-0.416,0.014,0.904,-2.53,0.09,2.41,1,3
16646.781,-0.42,0.009,0.902,-2.53,0.31,2.29,1,3
16646.796,-0.426,0.005,0.908,-2.26,0.52,2.11,1,3
16646.812,-0.429,0.002,0.912,-1.59,0.46,2.17,1,3
16646.812,-0.423,0.001,0.913,-1.56,0.09,2.01,1,3
16646.828,-0.416,-0.001,0.909,-1.8,-0.27,1.5,1,3
16646.843,-0.411,-0.003,0.909,-1.65,-0.4,0.73,1,3
16646.843,-0.408,-0.004,0.912,-0.89,-0.21,-0.09,1,3
16646.859,-0.407,0.001,0.916,-0.09,-0.03,-0.73,1,3
16646.875,-0.412,0.006,0.919,0.43,-0.18,-1.5,1,3
16646.875,-0.417,0.01,0.917,0.64,-0.58,-1.77,1,3
16646.89,-0.419,0.013,0.915,0.52,-1.19,-1.65,1,3
16646.906,-0.419,0.014,0.913,0.43,-1.86,-1.5,1,3
16646.906,-0.415,0.011,0.903,0.73,-2.01,-1.56,1,3
16646.921,-0.413,0.01,0.9,1.1,-1.83,-1.34,1,3
16646.921,-0.405,0.007,0.903,1.25,-1.92,-1.4,1,3
16646.937,-0.403,0.001,0.907,1.71,-1.71,-1.98,1,3
16646.953,-0.404,-0.0,0.908,2.2,-1.74,-2.5,1,3
16646.953,-0.401,0.001,0.907,2.5,-1.89,-3.14,1,3
16646.968,-0.399,0.007,0.908,2.66,-2.08,-3.88,1,3
16646.984,-0.397,0.011,0.908,2.62,-2.23,-4.12,1,3
16646.984,-0.396,0.017,0.906,2.59,-2.04,-4.0,1,3
16647.0,-0.398,0.024,0.908,2.5,-1.62,-3.69,1,3
16647.015,-0.397,0.026,0.909,2.5,-1.4,-2.96,1,3
16647.015,-0.396,0.029,0.914,1.92,-1.34,-1.98,1,3
16647.031,-0.391,0.027,0.917,1.07,-1.4,-1.34,1,3
16647.031,-0.393,0.027,0.92,0.55,-1.16,-0.95,1,3
16647.046,-0.398,0.027,0.919,0.31,-0.85,-0.12,1,3
16647.062,-0.398,0.027,0.922,-0.55,-0.82,0.73,1,3
16647.062,-0.394,0.023,0.921,-1.65,-0.98,1.13,1,3
16647.078,-0.395,0.018,0.916,-1.92,-0.89,1.31,1,3
16647.093,-0.401,0.016,0.914,-1.86,-0.46,1.4,1,3
16647.093,-0.409,0.013,0.917,-2.01,-0.55,1.62,1,3
16647.109,-0.413,0.012,0.919,-2.08,-1.1,1.62,1,3
16647.125,-0.415,0.011,0.912,-1.8,-1.68,1.8,1,3
16647.125,-0.41,0.01,0.904,-1.89,-2.11,1.83,1,3
16647.14,-0.403,0.008,0.901,-1.53,-1.98,1.5,1,3
16647.14,-0.407,0.004,0.902,-0.7,-1.62,0.92,1,3
16647.156,-0.412,0.003,0.904,0.21,-1.4,0.55,1,3
16647.171,-0.409,0.003,0.903,0.58,-1.28,0.34,1,3
16647.171,-0.402,-0.003,0.902,0.52,-1.16,-0.27,1,3
16647.187,-0.403,-0.007,0.905,0.79,-0.95,-1.13,1,3
16647.203,-0.408,-0.005,0.909,2.11,-0.85,-2.44,1,3
16647.218,-0.403,-0.002,0.91,2.35,-0.95,-3.36,1,3
16647.218,-0.398,-0.002,0.907,2.69,-0.82,-3.88,1,3
16647.234,-0.403,0.005,0.911,2.93,-1.01,-3.97,1,3
16647.234,-0.404,0.019,0.911,2.84,-1.37,-3.63,1,3
16647.25,-0.397,0.024,0.91,2.53,-1.53,-3.36,1,3
16647.265,-0.397,0.026,0.911,2.35,-1.28,-2.99,1,3
16647.265,-0.399,0.03,0.911,2.11,-0.95,-2.59,1,3
16647.281,-0.398,0.031,0.912,1.74,-0.61,-1.74,1,3
16647.281,-0.398,0.029,0.914,1.34,-0.27,-0.95,1,3
16647.296,-0.399,0.025,0.916,0.7,-0.24,-0.24,1,3
16647.312,-0.399,0.019,0.918,0.09,-0.31,0.43,1,3
16647.312,-0.397,0.015,0.918,0.06,-0.7,0.58,1,3
16647.328,-0.394,0.012,0.917,0.09,-0.92,0.46,1,3
16647.343,-0.391,0.012,0.909,-0.18,-1.01,0.15,1,3
16647.343,-0.39,0.011,0.906,-0.37,-0.64,-0.03,1,3
16647.359,-0.394,0.013,0.904,-0.31,-0.03,-0.15,1,3
16647.375,-0.396,0.017,0.907,-0.03,0.43,-0.18,1,3
16647.375,-0.402,0.019,0.909,-0.15,0.7,-0.12,1,3
16647.39,-0.406,0.02,0.91,-0.43,0.79,0.18,1,3
16647.39,-0.407,0.021,0.91,-0.49,0.61,0.64,1,3
16647.406,-0.409,0.02,0.914,-0.7,0.52,1.07,1,3
16647.421,-0.406,0.019,0.914,-0.89,0.12,1.43,1,3
16647.437,-0.404,0.016,0.913,-0.98,-0.37,1.62,1,3
16647.437,-0.408,0.011,0.915,-1.01,-0.98,1.71,1,3
16647.453,-0.407,0.01,0.911,-1.01,-1.46,1.95,1,3
16647.453,-0.407,0.008,0.908,-0.85,-1.65,1.5,1,3
16647.468,-0.409,0.005,0.904,-0.4,-1.16,0.79,1,3
16647.484,-0.411,0.007,0.903,-0.09,-0.21,0.58,1,3
16647.484,-0.407,0.01,0.905,-0.12,0.52,0.4,1,3
16647.5,-0.407,0.01,0.914,0.06,1.01,-0.09,1,3
16647.515,-0.415,0.01,0.919,0.58,1.22,-0.52,1,3
16647.515,-0.416,0.014,0.92,0.82,0.58,-0.34,1,3
16647.531,-0.411,0.017,0.92,0.37,-0.55,-0.31,1,3
16647.531,-0.408,0.017,0.917,0.06,-1.34,-0.34,1,3
16647.546,-0.408,0.018,0.912,-0.03,-1.5,-0.09,1,3
16647.562,-0.407,0.017,0.907,0.0,-1.46,0.03,1,3
16647.562,-0.404,0.016,0.905,0.0,-1.28,0.06,1,3
16647.578,-0.406,0.017,0.909,0.09,-0.82,-0.09,1,3
16647.593,-0.405,0.013,0.91,0.34,-0.61,-0.46,1,3
16647.593,-0.407,0.015,0.909,0.67,-0.52,-0.82,1,3
16647.609,-0.409,0.014,0.905,1.1,-0.67,-0.98,1,3
16647.625,-0.407,0.017,0.904,1.04,-1.13,-0.76,1,3
16647.625,-0.402,0.011,0.904,0.82,-1.31,-0.61,1,3
16647.64,-0.401,0.008,0.906,0.92,-1.07,-0.52,1,3
16647.656,-0.398,0.011,0.909,1.04,-0.76,-0.37,1,3
16647.656,-0.397,0.012,0.915,0.92,-0.34,-0.43,1,3
16647.671,-0.403,0.012,0.921,0.61,-0.37,-1.07,1,3
16647.671,-0.408,0.016,0.917,0.79,-0.55,-1.34,1,3
16647.687,-0.408,0.024,0.912,0.79,-0.92,-1.19,1,3
16647.703,-0.409,0.027,0.907,0.55,-1.19,-1.22,1,3
16647.703,-0.408,0.025,0.904,0.18,-1.1,-0.79,1,3
16647.718,-0.411,0.022,0.905,0.06,-0.76,0.0,1,3
16647.734,-0.413,0.019,0.912,-0.12,-0.52,0.49,1,3
16647.734,-0.412,0.011,0.918,-0.12,-0.92,0.58,1,3
16647.75,-0.409,0.007,0.914,0.12,-1.31,0.49,1,3
16647.765,-0.403,0.007,0.908,0.31,-1.4,0.15,1,3
16647.765,-0.396,0.009,0.906,0.27,-1.19,-0.31,1,3
16647.781,-0.396,0.01,0.904,0.46,-0.67,-0.92,1,3
16647.781,-0.404,0.015,0.904,0.98,0.0,-1.28,1,3
16647.796,-0.407,0.021,0.905,1.04,0.18,-1.22,1,3
16647.812,-0.405,0.019,0.906,0.67,0.12,-0.76,1,3
16647.812,-0.405,0.016,0.91,0.64,0.0,-0.27,1,3
16647.828,-0.408,0.016,0.914,1.07,0.06,-0.03,1,3
16647.843,-0.407,0.017,0.912,1.07,-0.21,-0.03,1,3
16647.843,-0.408,0.017,0.91,0.95,-0.31,-0.27,1,3
16647.859,-0.412,0.019,0.911,0.98,-0.4,-0.52,1,3
16647.875,-0.414,0.021,0.912,0.85,-0.46,-0.43,1,3
16647.875,-0.411,0.02,0.911,0.49,-0.49,-0.15,1,3
16647.89,-0.406,0.019,0.911,0.12,-0.67,-0.09,1,3
16647.89,-0.405,0.017,0.914,0.09,-0.7,0.0,1,3
16647.906,-0.402,0.014,0.912,0.06,-0.76,0.27,1,3
16647.921,-0.401,0.019,0.916,0.37,-0.73,0.18,1,3
16647.921,-0.41,0.016,0.902,0.76,-0.64,0.06,1,3
16647.937,-0.408,0.022,0.911,-0.09,-1.19,0.15,1,3
16647.953,-0.402,0.02,0.903,-0.15,-1.13,0.06,1,3
16647.968,-0.404,0.021,0.905,-0.4,-0.89,0.18,1,3
16647.968,-0.408,0.016,0.905,-0.27,-0.34,0.27,1,3
16647.984,-0.408,0.014,0.905,-0.21,0.0,0.37,1,3
16647.984,-0.403,0.011,0.908,-0.31,0.12,0.12,1,3
16648.0,-0.411,0.01,0.914,0.03,0.21,-0.18,1,3
16648.015,-0.414,0.014,0.917,0.4,-0.27,-0.12,1,3
16648.015,-0.41,0.02,0.913,0.21,-1.1,0.0,1,3
16648.031,-0.406,0.021,0.908,-0.03,-1.53,-0.09,1,3
16648.031,-0.409,0.019,0.904,0.03,-1.34,-0.09,1,3
16648.046,-0.41,0.019,0.907,-0.03,-1.19,0.34,1,3
16648.062,-0.413,0.019,0.908,0.06,-1.16,0.58,1,3
16648.062,-0.413,0.019,0.909,0.21,-1.25,0.58,1,3
16648.078,-0.409,0.017,0.912,-0.06,-1.37,0.85,1,3
16648.093,-0.407,0.017,0.912,-0.46,-1.5,0.79,1,3
16648.093,-0.406,0.014,0.911,-0.34,-1.53,0.61,1,3
16648.109,-0.405,0.015,0.911,-0.21,-1.53,0.43,1,3
16648.125,-0.403,0.015,0.907,-0.18,-1.43,0.18,1,3
16648.125,-0.405,0.014,0.906,-0.24,-1.25,-0.31,1,3
16648.14,-0.408,0.014,0.906,0.06,-1.04,-0.4,1,3
16648.14,-0.411,0.017,0.91,0.46,-1.1,-0.31,1,3
16648.156,-0.414,0.018,0.911,0.4,-1.43,-0.27,1,3
16648.171,-0.411,0.018,0.908,0.24,-1.8,-0.34,1,3
16648.187,-0.406,0.016,0.907,0.15,-1.71,-0.52,1,3
16648.187,-0.405,0.017,0.901,0.67,-1.16,-0.95,1,3
16648.203,-0.403,0.015,0.898,0.76,-0.58,-1.19,1,3
16648.203,-0.404,0.011,0.898,0.95,-0.15,-1.31,1,3
16648.218,-0.415,0.009,0.912,1.19,0.0,-1.43,1,3
16648.234,-0.416,0.011,0.914,1.28,-0.31,-1.4,1,3
16648.234,-0.411,0.017,0.917,1.28,-0.89,-1.5,1,3
16648.25,-0.406,0.019,0.917,1.07,-1.4,-1.34,1,3
16648.265,-0.4,0.022,0.912,0.55,-1.46,-1.22,1,3
16648.265,-0.4,0.024,0.91,0.12,-1.1,-0.98,1,3
16648.281,-0.403,0.028,0.915,-0.24,-0.79,-0.64,1,3
16648.281,-0.403,0.027,0.914,-0.49,-0.64,0.03,1,3
16648.296,-0.399,0.027,0.912,-1.07,-0.82,0.76,1,3
16648.312,-0.392,0.025,0.912,-1.92,-0.76,1.25,1,3
16648.312,-0.394,0.022,0.914,-2.29,-0.34,1.22,1,3
16648.328,-0.397,0.02,0.916,-2.2,-0.31,1.1,1,3
16648.343,-0.401,0.02,0.91,-2.01,-0.43,1.04,1,3
16648.343,-0.404,0.021,0.903,-1.98,-0.64,0.95,1,3
16648.359,-0.407,0.02,0.903,-1.89,-0.34,1.01,1,3
16648.375,-0.41,0.019,0.904,-1.53,-0.18,1.19,1,3
16648.375,-0.412,0.017,0.904,-1.22,-0.24,1.19,1,3
16648.39,-0.412,0.015,0.907,-1.01,-0.4,1.16,1,3
16648.406,-0.411,0.014,0.905,-0.79,-0.64,1.1,1,3
16648.406,-0.413,0.013,0.905,-0.46,-0.7,0.98,1,3
16648.421,-0.42,0.013,0.908,-0.31,-0.64,0.92,1,3
16648.421,-0.424,0.01,0.91,-0.15,-0.79,0.95,1,3
16648.437,-0.425,0.004,0.909,-0.09,-1.13,0.95,1,3
16648.453,-0.421,0.004,0.907,-0.21,-1.34,0.76,1,3
16648.453,-0.409,0.003,0.905,-0.18,-1.19,0.12,1,3
16648.468,-0.408,0.003,0.907,0.49,-0.73,-0.49,1,3
16648.484,-0.406,0.008,0.905,1.04,-0.43,-0.89,1,3
16648.5,-0.409,0.012,0.908,0.85,-0.09,-1.13,1,3
16648.5,-0.413,0.014,0.915,0.76,-0.09,-1.34,1,3
16648.515,-0.417,0.017,0.914,0.89,-0.37,-1.22,1,3
16648.515,-0.412,0.023,0.909,0.85,-0.64,-0.76,1,3
16648.531,-0.407,0.023,0.905,0.49,-0.58,-0.43,1,3
16648.546,-0.405,0.024,0.906,-0.37,-0.37,0.18,1,3
16648.546,-0.401,0.019,0.908,-1.07,-0.15,0.95,1,3
16648.562,-0.394,0.017,0.907,-1.62,0.31,1.43,1,3
16648.562,-0.386,0.014,0.911,-2.29,0.85,1.37,1,3
16648.578,-0.386,0.015,0.915,-2.5,1.62,0.79,1,3
16648.593,-0.389,0.022,0.922,-2.38,2.14,0.21,1,3
16648.593,-0.397,0.028,0.929,-2.47,2.04,0.09,1,3
16648.609,-0.403,0.036,0.928,-2.81,1.46,0.52,1,3
16648.625,-0.403,0.043,0.923,-3.63,0.76,1.25,1,3
16648.625,-0.406,0.044,0.918,-4.27,0.21,2.2,1,3
16648.64,-0.413,0.04,0.918,-4.88,-0.03,3.51,1,3
16648.64,-0.414,0.035,0.913,-5.62,-0.49,4.76,1,3
16648.656,-0.414,0.027,0.908,-6.53,-0.95,5.68,1,3
16648.671,-0.411,0.019,0.903,-7.14,-1.1,6.29,1,3
16648.671,-0.412,0.009,0.899,-6.99,-0.82,6.2,1,3
16648.687,-0.411,0.0,0.9,-6.62,-0.46,5.89,1,3
16648.703,-0.415,-0.005,0.899,-5.8,-0.18,4.88,1,3
16648.718,-0.423,-0.011,0.902,-4.85,-0.18,3.78,1,3
16648.718,-0.427,-0.009,0.903,-4.06,-0.43,2.72,1,3
16648.734,-0.431,-0.007,0.897,-3.42,-1.22,1.98,1,3
16648.734,-0.429,-0.006,0.893,-3.02,-1.86,1.4,1,3
16648.75,-0.426,-0.007,0.891,-2.72,-1.86,1.07,1,3
16648.765,-0.428,-0.01,0.894,-2.35,-1.19,0.98,1,3
16648.765,-0.429,-0.013,0.904,-1.95,-0.49,0.98,1,3
16648.781,-0.428,-0.017,0.915,-1.71,-0.37,0.58,1,3
16648.796,-0.427,-0.018,0.922,-1.28,-0.85,-0.4,1,3
16648.796,-0.421,-0.015,0.919,-0.34,-1.56,-1.71,1,3
16648.812,-0.417,-0.007,0.91,0.82,-2.2,-2.93,1,3
16648.812,-0.418,-0.001,0.905,1.56,-2.35,-3.85,1,3
16648.828,-0.417,0.004,0.906,1.46,-1.74,-4.03,1,3
16648.843,-0.419,0.008,0.909,1.31,-1.43,-3.66,1,3
16648.843,-0.42,0.011,0.912,1.28,-1.43,-3.02,1,3
16648.859,-0.412,0.009,0.913,1.07,-1.56,-2.44,1,3
16648.875,-0.406,0.008,0.915,0.98,-1.71,-2.44,1,3
16648.875,-0.407,0.007,0.917,1.19,-1.71,-2.53,1,3
16648.89,-0.408,0.009,0.916,1.28,-2.01,-2.32,1,3
16648.906,-0.404,0.01,0.911,0.79,-2.44,-2.17,1,3
16648.906,-0.402,0.008,0.908,0.4,-2.53,-2.01,1,3
16648.921,-0.4,0.005,0.905,0.55,-2.17,-1.92,1,3
16648.937,-0.399,0.006,0.904,0.7,-1.65,-1.95,1,3
16648.937,-0.4,0.004,0.907,0.7,-1.5,-1.95,1,3
16648.953,-0.397,0.004,0.903,0.67,-1.46,-2.14,1,3
16648.953,-0.394,0.005,0.902,0.82,-1.4,-2.29,1,3
16648.968,-0.402,0.009,0.902,0.85,-1.37,-2.62,1,3
16648.984,-0.407,0.009,0.902,0.76,-1.34,-2.38,1,3
16648.984,-0.407,0.011,0.9,0.43,-1.1,-1.83,1,3
16649.0,-0.405,0.01,0.904,-0.06,-0.64,-1.53,1,3
16649.015,-0.403,0.01,0.909,-0.67,-0.34,-0.95,1,3
16649.015,-0.398,0.01,0.911,-0.85,-0.27,-0.64,1,3
16649.031,-0.397,0.005,0.911,-0.64,-0.03,-0.82,1,3
16649.031,-0.402,0.003,0.912,-0.4,0.24,-1.37,1,3
16649.046,-0.404,0.007,0.913,-0.18,0.52,-1.83,1,3
16649.062,-0.405,0.009,0.915,-0.21,0.61,-1.89,1,3
16649.062,-0.403,0.012,0.916,-0.55,0.67,-1.68,1,3
16649.078,-0.406,0.016,0.915,-1.16,0.95,-1.01,1,3
16649.093,-0.407,0.015,0.917,-2.04,0.82,0.03,1,3
16649.093,-0.406,0.01,0.921,-2.62,0.4,0.82,1,3
16649.109,-0.411,0.011,0.919,-2.78,-0.06,1.5,1,3
16649.125,-0.412,0.01,0.915,-2.93,-0.7,1.98,1,3
16649.125,-0.41,0.008,0.915,-3.11,-1.53,2.23,1,3
16649.14,-0.411,0.004,0.91,-2.93,-2.14,2.17,1,3
16649.156,-0.412,0.002,0.905,-2.53,-2.14,1.95,1,3
16649.156,-0.415,-0.003,0.902,-2.08,-1.98,1.86,1,3
16649.171,-0.42,-0.003,0.9,-1.62,-2.23,1.37,1,3
16649.171,-0.42,-0.007,0.897,-1.34,-2.14,1.1,1,3
16649.187,-0.419,-0.013,0.892,-0.89,-1.77,0.7,1,3
16649.203,-0.419,-0.014,0.89,-0.34,-1.28,-0.03,1,3
16649.203,-0.418,-0.013,0.888,0.15,-0.95,-0.82,1,3
16649.218,-0.419,-0.009,0.891,0.64,-0.64,-1.4,1,3
16649.234,-0.423,-0.003,0.896,1.16,-0.58,-1.68,1,3
16649.25,-0.423,0.002,0.899,1.1,-0.82,-1.89,1,3
16649.25,-0.419,0.002,0.9,0.85,-1.07,-1.77,1,3
16649.265,-0.415,0.003,0.902,1.07,-1.07,-1.5,1,3
16649.265,-0.414,0.003,0.903,1.13,-0.92,-1.19,1,3
16649.281,-0.41,-0.001,0.906,0.82,-0.76,-1.01,1,3
16649.296,-0.406,-0.001,0.909,0.85,-0.55,-0.95,1,3
16649.296,-0.404,-0.003,0.911,1.16,-0.37,-0.98,1,3
16649.312,-0.4,-0.004,0.912,1.31,-0.15,-1.25,1,3
16649.312,-0.398,-0.006,0.913,1.43,-0.18,-1.59,1,3
16649.328,-0.401,-0.006,0.915,1.4,-0.06,-1.92,1,3
16649.343,-0.402,-0.002,0.916,1.56,-0.06,-2.29,1,3
16649.343,-0.406,0.004,0.919,1.68,-0.37,-2.38,1,3
16649.359,-0.406,0.005,0.918,1.37,-0.73,-2.23,1,3
16649.375,-0.404,0.006,0.912,1.1,-1.07,-1.68,1,3
16649.375,-0.403,0.006,0.905,1.01,-0.98,-1.31,1,3
16649.39,-0.411,0.006,0.908,0.85,-0.52,-0.92,1,3
16649.39,-0.417,0.004,0.909,0.37,-0.58,-0.34,1,3
16649.406,-0.41,0.003,0.906,-0.06,-1.07,0.24,1,3
16649.421,-0.408,-0.002,0.906,-0.15,-1.13,0.06,1,3
16649.421,-0.411,-0.005,0.908,-0.09,-1.04,-0.58,1,3
16649.437,-0.41,-0.003,0.906,0.27,-1.07,-1.04,1,3
16649.453,-0.409,-0.001,0.902,0.95,-1.01,-1.59,1,3
16649.468,-0.412,0.005,0.901,1.31,-0.64,-2.08,1,3
16649.468,-0.424,0.007,0.904,1.71,-0.18,-1.98,1,3
16649.484,-0.423,0.009,0.906,1.53,-0.49,-1.5,1,3
16649.484,-0.414,0.007,0.905,1.31,-0.89,-1.31,1,3
16649.5,-0.409,-0.004,0.905,1.53,-0.73,-1.68,1,3
16649.515,-0.408,-0.01,0.908,2.5,-0.31,-2.78,1,3
16649.515,-0.417,-0.001,0.909,3.05,-0.06,-3.42,1,3
16649.531,-0.418,0.004,0.909,2.17,-0.61,-3.14,1,3
16649.546,-0.409,-0.004,0.905,1.77,-0.82,-3.05,1,3
16649.546,-0.408,-0.004,0.901,2.29,-0.15,-3.27,1,3
16649.562,-0.414,-0.0,0.903,2.32,0.61,-3.39,1,3
16649.562,-0.413,-0.001,0.907,2.14,0.76,-3.48,1,3
16649.578,-0.413,-0.002,0.908,2.17,0.58,-3.51,1,3
16649.593,-0.417,0.002,0.906,2.41,0.46,-3.75,1,3
16649.593,-0.422,0.004,0.907,2.72,0.7,-4.06,1,3
16649.609,-0.419,0.01,0.912,2.78,0.92,-3.88,1,3
16649.625,-0.413,0.012,0.916,2.11,0.79,-3.05,1,3
16649.625,-0.398,-0.002,0.919,1.46,0.76,-2.38,1,3
16649.64,-0.416,0.005,0.912,1.74,0.98,-2.66,1,3
16649.64,-0.423,0.005,0.914,1.28,0.15,-2.5,1,3
16649.656,-0.42,0.01,0.915,0.52,-0.85,-2.29,1,3
16649.671,-0.418,0.005,0.908,0.7,-1.43,-2.23,1,3
16649.687,-0.416,0.01,0.903,1.16,-1.37,-1.8,1,3
16649.687,-0.411,0.015,0.9,0.92,-0.92,-1.56,1,3
16649.703,-0.408,0.011,0.9,0.21,-0.4,-1.43,1,3
16649.703,-0.407,0.007,0.905,0.27,0.12,-1.68,1,3
16649.718,-0.412,0.006,0.906,0.92,0.52,-1.89,1,3
16649.734,-0.414,0.008,0.905,1.22,0.46,-1.89,1,3
16649.734,-0.411,0.003,0.907,0.7,0.18,-1.86,1,3
16649.75,-0.407,-0.001,0.907,0.73,0.12,-2.26,1,3
16649.765,-0.413,-0.003,0.906,1.5,0.31,-2.93,1,3
16649.765,-0.422,0.002,0.911,1.89,0.49,-3.23,1,3
16649.781,-0.421,0.005,0.91,1.46,-0.18,-3.14,1,3
16649.781,-0.419,0.007,0.906,1.16,-0.67,-3.05,1,3
16649.796,-0.422,0.009,0.903,1.13,-0.67,-2.59,1,3
16649.812,-0.418,0.014,0.902,0.64,-0.79,-1.77,1,3
16649.812,-0.413,0.012,0.9,0.18,-0.92,-1.46,1,3
16649.828,-0.412,0.008,0.9,0.06,-0.73,-1.28,1,3
16649.843,-0.415,0.009,0.903,0.24,-0.4,-1.16,1,3
16649.843,-0.416,0.009,0.904,0.52,-0.21,-0.95,1,3
16649.859,-0.418,0.008,0.907,0.49,-0.24,-0.7,1,3
16649.875,-0.421,0.003,0.907,0.52,-0.15,-0.43,1,3
16649.875,-0.421,-0.0,0.905,0.43,-0.15,-0.06,1,3
16649.89,-0.421,-0.001,0.91,0.06,-0.73,-0.24,1,3
16649.89,-0.421,-0.002,0.909,-0.15,-1.34,-0.24,1,3
16649.906,-0.418,-0.004,0.906,-0.06,-1.62,-0.31,1,3
16649.921,-0.418,-0.002,0.903,0.09,-1.65,-0.49,1,3
16649.921,-0.422,0.001,0.902,0.15,-1.34,-0.79,1,3
16649.937,-0.421,0.004,0.904,0.0,-1.22,-0.7,1,3
16649.953,-0.416,0.004,0.902,-0.21,-1.28,-0.55,1,3
16649.953,-0.414,0.005,0.9,-0.12,-0.98,-0.61,1,3
16649.968,-0.417,0.005,0.901,-0.18,-0.4,-0.4,1,3
16649.984,-0.411,0.004,0.901,-0.58,-0.06,-0.21,1,3
16650.0,-0.407,0.003,0.908,-0.7,0.61,-0.15,1,3
16650.0,-0.413,0.003,0.919,-0.27,0.98,-0.24,1,3
16650.015,-0.413,0.006,0.923,-0.15,0.49,0.03,1,3
16650.015,-0.406,0.005,0.918,-0.67,-0.58,0.09,1,3
16650.031,-0.405,0.005,0.913,-0.7,-1.31,-0.37,1,3
16650.046,-0.417,0.008,0.905,-0.21,-1.53,-0.61,1,3
16650.046,-0.422,0.01,0.897,0.0,-1.95,-0.34,1,3
16650.062,-0.42,0.013,0.889,-0.21,-2.11,0.37,1,3
16650.078,-0.42,0.01,0.886,-0.73,-1.5,0.85,1,3
16650.078,-0.421,0.003,0.892,-1.1,-0.79,1.34,1,3
16650.093,-0.417,-0.006,0.899,-1.19,-0.49,1.56,1,3
16650.093,-0.413,-0.012,0.907,-0.73,-0.18,1.01,1,3
16650.109,-0.412,-0.012,0.914,-0.06,-0.46,-0.09,1,3
16650.125,-0.414,-0.008,0.915,0.76,-0.95,-1.5,1,3
16650.125,-0.417,-0.001,0.907,1.37,-1.46,-2.29,1,3
16650.14,-0.42,0.008,0.902,1.77,-1.74,-2.81,1,3
16650.156,-0.426,0.012,0.9,2.14,-2.35,-2.81,1,3
16650.156,-0.429,0.014,0.893,1.65,-2.47,-1.62,1,3
16650.171,-0.426,0.013,0.889,1.37,-2.08,-1.01,1,3
16650.171,-0.423,0.008,0.891,1.22,-1.59,-0.76,1,3
16650.187,-0.421,-0.001,0.902,1.4,-1.16,-0.73,1,3
16650.203,-0.42,-0.005,0.907,1.56,-0.89,-0.79,1,3
16650.203,-0.417,-0.006,0.91,1.5,-0.92,-1.1,1,3
16650.218,-0.416,-0.006,0.91,1.5,-0.82,-1.4,1,3
16650.234,-0.415,-0.003,0.911,2.04,-0.55,-1.37,1,3
16650.234,-0.414,0.001,0.908,2.08,-0.4,-0.89,1,3
16650.25,-0.408,0.007,0.908,1.22,-0.18,-0.58,1,3
16650.265,-0.406,0.005,0.909,0.55,0.15,-0.43,1,3
16650.265,-0.411,0.009,0.913,0.37,0.49,0.0,1,3
16650.281,-0.407,0.017,0.912,-0.43,0.43,0.43,1,3
16650.296,-0.415,0.012,0.913,-0.21,0.76,1.07,1,3
16650.296,-0.409,0.021,0.916,-1.65,0.61,1.89,1,3
16650.312,-0.41,0.013,0.916,-2.59,0.49,2.69,1,3
16650.312,-0.407,0.009,0.912,-3.2,0.73,3.36,1,3
16650.328,-0.408,0.01,0.916,-3.81,1.1,3.6,1,3
16650.343,-0.413,0.006,0.917,-4.06,1.43,3.2,1,3
16650.343,-0.413,0.009,0.919,-4.0,1.5,2.9,1,3
16650.359,-0.411,0.011,0.916,-3.85,1.34,2.81,1,3
16650.375,-0.412,0.013,0.912,-4.12,0.89,2.78,1,3
16650.375,-0.416,0.011,0.91,-3.97,0.46,2.56,1,3
16650.39,-0.419,0.011,0.905,-3.72,0.06,2.59,1,3
16650.406,-0.425,0.011,0.895,-3.6,-0.58,2.62,1,3
16650.406,-0.428,0.008,0.887,-3.6,-0.73,2.41,1,3
16650.421,-0.43,0.005,0.883,-3.85,-0.34,2.35,1,3
16650.421,-0.429,0.003,0.886,-3.91,0.46,2.72,1,3
16650.437,-0.43,-0.004,0.897,-3.69,1.43,2.72,1,3
16650.453,-0.43,-0.009,0.906,-3.51,1.74,2.38,1,3
16650.453,-0.427,-0.012,0.908,-2.99,1.4,1.59,1,3
16650.468,-0.425,-0.013,0.911,-2.29,0.89,0.24,1,3
16650.484,-0.431,-0.009,0.908,-1.22,0.12,-0.89,1,3
16650.484,-0.434,-0.002,0.901,-0.67,-0.61,-1.46,1,3
16650.5,-0.433,-0.001,0.893,-0.67,-1.1,-1.46,1,3
16650.515,-0.433,-0.004,0.889,-0.92,-0.89,-1.16,1,3
16650.515,-0.433,-0.01,0.891,-0.95,-0.43,-0.85,1,3
16650.531,-0.428,-0.014,0.891,-0.79,-0.06,-0.82,1,3
16650.531,-0.422,-0.017,0.894,-0.52,0.34,-1.53,1,3
16650.546,-0.423,-0.018,0.902,0.15,0.58,-2.38,1,3
16650.562,-0.422,-0.012,0.904,0.95,0.55,-3.08,1,3
16650.562,-0.422,-0.009,0.906,1.28,0.37,-3.45,1,3
16650.578,-0.427,-0.005,0.91,1.46,-0.03,-3.45,1,3
16650.593,-0.431,-0.002,0.909,1.37,-0.58,-3.14,1,3
16650.593,-0.429,-0.0,0.905,0.82,-1.37,-2.53,1,3
16650.609,-0.424,-0.0,0.902,0.37,-1.77,-2.01,1,3
16650.625,-0.422,-0.003,0.898,0.06,-1.62,-1.62,1,3
16650.625,-0.422,-0.004,0.895,0.0,-1.07,-1.1,1,3
16650.64,-0.416,-0.005,0.898,-0.37,-0.55,-0.85,1,3
16650.656,-0.414,-0.007,0.903,-0.4,-0.21,-0.76,1,3
16650.656,-0.414,-0.006,0.904,0.0,0.03,-1.19,1,3
16650.671,-0.42,-0.005,0.907,0.46,0.24,-1.4,1,3
16650.671,-0.426,-0.001,0.911,0.55,-0.06,-1.56,1,3
16650.687,-0.429,0.002,0.913,0.21,-0.73,-1.31,1,3
16650.703,-0.427,0.003,0.909,-0.27,-1.43,-0.46,1,3
16650.703,-0.419,0.001,0.901,-0.67,-1.92,0.46,1,3
16650.718,-0.416,0.001,0.9,-1.04,-1.77,0.92,1,3
16650.734,-0.418,-0.004,0.898,-0.98,-1.43,0.89,1,3
16650.734,-0.414,-0.005,0.898,-0.92,-1.19,0.95,1,3
16650.75,-0.411,-0.005,0.897,-0.64,-0.73,0.82,1,3
16650.765,-0.413,-0.007,0.898,-0.37,-0.12,0.64,1,3
16650.765,-0.42,-0.01,0.901,-0.27,0.37,0.55,1,3
16650.781,-0.422,-0.01,0.904,-0.49,0.46,0.7,1,3
16650.781,-0.422,-0.014,0.905,-0.73,0.37,0.43,1,3
16650.796,-0.43,-0.012,0.908,-0.64,0.21,-0.09,1,3
16650.812,-0.439,-0.01,0.909,-0.46,-0.46,-0.21,1,3
16650.828,-0.431,-0.005,0.902,-0.55,-1.46,-0.24,1,3
16650.828,-0.424,-0.004,0.896,-0.4,-1.89,-0.4,1,3
16650.843,-0.425,-0.001,0.892,-0.06,-1.68,-0.61,1,3
16650.843,-0.423,0.003,0.887,0.15,-1.22,-0.46,1,3
16650.859,-0.421,0.003,0.89,0.24,-0.73,0.0,1,3
16650.875,-0.423,0.002,0.894,0.31,-0.21,0.31,1,3
16650.875,-0.425,-0.001,0.899,0.18,0.15,0.55,1,3
16650.89,-0.423,-0.006,0.902,0.03,0.21,0.92,1,3
16650.906,-0.42,-0.012,0.904,0.06,0.24,0.64,1,3
16650.906,-0.425,-0.012,0.909,0.43,0.24,0.03,1,3
16650.921,-0.432,-0.012,0.914,0.76,-0.4,-0.52,1,3
16650.921,-0.427,-0.006,0.908,0.82,-1.59,-0.89,1,3
16650.937,-0.418,-0.006,0.896,0.82,-2.08,-1.07,1,3
16650.953,-0.415,-0.003,0.892,1.01,-1.28,-1.19,1,3
16650.953,-0.426,0.003,0.891,1.1,-0.27,-1.16,1,3
16650.968,-0.429,0.004,0.893,0.58,0.0,-0.43,1,3
16650.984,-0.421,0.0,0.898,-0.21,0.0,0.46,1,3
16650.984,-0.422,-0.006,0.91,-0.31,0.09,0.46,1,3
16651.0,-0.421,0.0,0.902,-1.04,-0.58,0.21,1,3
16651.015,-0.423,-0.011,0.906,0.92,-0.24,-0.06,1,3
16651.015,-0.422,0.004,0.903,0.52,-0.37,-0.52,1,3
16651.031,-0.432,-0.004,0.903,0.55,-0.55,-0.85,1,3
16651.046,-0.436,0.001,0.905,0.43,-0.76,-0.06,1,3
16651.046,-0.424,-0.001,0.895,-0.21,-1.31,0.55,1,3
16651.062,-0.425,-0.008,0.902,-0.61,-0.92,0.46,1,3
16651.062,-0.422,-0.007,0.899,-0.58,-0.76,0.27,1,3
16651.078,-0.43,-0.01,0.906,0.7,-0.09,0.34,1,3
16651.093,-0.416,-0.004,0.901,0.31,-0.46,-0.03,1,3
16651.093,-0.422,-0.007,0.904,0.15,-0.09,-0.43,1,3
16651.109,-0.433,-0.002,0.908,0.24,0.12,-0.58,1,3
16651.125,-0.433,-0.0,0.908,0.58,-0.21,-0.27,1,3
16651.125,-0.427,0.001,0.906,0.61,-0.61,0.03,1,3
16651.14,-0.429,-0.002,0.902,-0.06,-1.13,0.43,1,3
16651.14,-0.433,0.001,0.904,-0.52,-1.86,0.76,1,3
16651.156,-0.427,-0.008,0.903,-0.34,-1.92,0.73,1,3
16651.171,-0.426,-0.01,0.896,-0.06,-1.59,0.09,1,3
16651.171,-0.435,-0.015,0.896,0.37,-1.28,-0.31,1,3
16651.187,-0.427,-0.012,0.892,0.73,-0.92,-0.4,1,3
16651.203,-0.428,-0.013,0.894,0.89,-0.4,-0.7,1,3
16651.203,-0.429,-0.012,0.901,1.04,-0.09,-0.82,1,3
16651.218,-0.422,-0.008,0.906,1.04,-0.24,-0.92,1,3
16651.234,-0.426,-0.002,0.909,1.16,-0.37,-1.31,1,3
16651.234,-0.425,0.002,0.911,1.13,-0.76,-1.59,1,3
16651.25,-0.422,0.007,0.91,0.89,-1.43,-1.34,1,3
16651.265,-0.427,0.01,0.908,0.82,-1.62,-0.98,1,3
16651.265,-0.429,0.011,0.905,0.49,-1.83,-0.09,1,3
16651.281,-0.423,0.007,0.899,-0.61,-2.08,0.7,1,3
16651.281,-0.42,-0.002,0.9,-1.25,-2.01,0.85,1,3
16651.296,-0.416,-0.007,0.897,-0.95,-1.98,0.64,1,3
16651.312,-0.414,-0.009,0.894,0.12,-1.74,-0.03,1,3
16651.312,-0.417,-0.004,0.892,0.76,-1.56,-0.7,1,3
16651.328,-0.419,0.001,0.895,0.7,-1.37,-0.76,1,3
16651.343,-0.427,0.001,0.897,0.43,-1.34,-0.55,1,3
16651.359,-0.428,-0.002,0.898,0.03,-1.37,0.03,1,3
16651.359,-0.427,-0.003,0.897,-0.49,-1.34,0.4,1,3
16651.375,-0.427,-0.002,0.9,-0.82,-1.25,0.18,1,3
16651.375,-0.429,0.002,0.908,-0.85,-1.01,-0.06,1,3
16651.39,-0.431,0.006,0.911,-0.61,-1.25,-0.03,1,3
16651.406,-0.431,0.006,0.907,-0.64,-1.56,0.15,1,3
16651.406,-0.425,0.006,0.908,-1.19,-2.2,0.49,1,3
16651.421,-0.423,0.0,0.905,-1.8,-2.72,1.16,1,3
16651.421,-0.419,-0.003,0.903,-2.08,-2.75,1.74,1,3
16651.437,-0.414,-0.007,0.902,-1.89,-2.26,1.89,1,3
16651.453,-0.417,-0.008,0.906,-1.62,-1.65,1.59,1,3
16651.453,-0.42,-0.009,0.91,-1.56,-1.37,1.5,1,3
16651.468,-0.422,-0.008,0.915,-1.5,-1.62,1.28,1,3
16651.484,-0.426,-0.008,0.914,-1.5,-2.11,1.01,1,3
16651.484,-0.428,-0.01,0.91,-1.31,-2.81,0.67,1,3
16651.5,-0.429,-0.01,0.903,-0.79,-3.36,0.31,1,3
16651.5,-0.433,-0.009,0.897,-0.46,-3.36,0.37,1,3
16651.515,-0.435,-0.013,0.893,-0.34,-3.48,0.46,1,3
16651.531,-0.432,-0.013,0.89,-0.4,-3.45,0.4,1,3
16651.531,-0.428,-0.015,0.889,-0.09,-2.93,0.15,1,3
16651.546,-0.425,-0.018,0.888,0.67,-2.14,-0.49,1,3
16651.562,-0.425,-0.019,0.891,1.37,-1.25,-1.31,1,3
16651.578,-0.427,-0.016,0.897,1.86,-0.92,-2.29,1,3
16651.578,-0.426,-0.013,0.901,2.23,-0.79,-3.11,1,3
16651.593,-0.423,-0.008,0.902,2.38,-0.85,-3.51,1,3
16651.593,-0.423,-0.001,0.902,2.56,-0.85,-3.6,1,3
16651.609,-0.419,0.006,0.903,2.35,-0.89,-3.17,1,3
16651.625,-0.413,0.009,0.905,1.92,-0.92,-2.56,1,3
16651.625,-0.41,0.009,0.906,1.53,-0.82,-1.92,1,3
16651.64,-0.41,0.011,0.907,1.13,-0.7,-1.43,1,3
16651.656,-0.41,0.012,0.907,0.89,-0.76,-0.98,1,3
16651.656,-0.414,0.013,0.907,0.58,-0.67,-0.49,1,3
16651.671,-0.417,0.01,0.907,0.24,-0.52,0.24,1,3
16651.671,-0.413,0.008,0.905,-0.49,-0.4,1.04,1,3
16651.687,-0.409,0.003,0.908,-1.13,-0.03,1.5,1,3
16651.703,-0.409,-0.004,0.915,-1.56,0.4,1.4,1,3
16651.703,-0.41,-0.006,0.918,-1.83,0.43,1.28,1,3
16651.718,-0.412,-0.006,0.919,-1.74,0.06,1.1,1,3
16651.734,-0.419,-0.004,0.916,-1.34,-0.43,0.7,1,3
16651.734,-0.424,0.002,0.913,-1.5,-1.34,0.67,1,3
16651.75,-0.422,0.002,0.904,-1.95,-2.04,0.76,1,3
16651.765,-0.424,0.001,0.897,-1.65,-2.04,0.92,1,3
16651.765,-0.427,0.004,0.89,-1.16,-1.65,1.28,1,3
16651.781,-0.429,0.004,0.885,-1.4,-1.22,1.89,1,3
16651.796,-0.431,-0.004,0.887,-1.92,-0.73,2.23,1,3
16651.796,-0.43,-0.011,0.893,-2.04,-0.31,2.56,1,3
16651.812,-0.429,-0.017,0.895,-1.65,-0.03,2.44,1,3
16651.812,-0.429,-0.023,0.896,-1.22,0.06,1.77,1,3
16651.828,-0.425,-0.025,0.898,-0.73,0.06,0.79,1,3
16651.843,-0.43,-0.022,0.907,-0.24,0.06,-0.12,1,3
16651.843,-0.428,-0.02,0.907,0.43,-0.46,-0.95,1,3
16651.859,-0.424,-0.015,0.904,0.98,-0.79,-1.56,1,3
16651.875,-0.423,-0.005,0.9,1.46,-0.52,-1.98,1,3
16651.875,-0.427,0.004,0.901,1.34,-0.46,-2.04,1,3
16651.89,-0.426,0.007,0.906,0.85,-0.4,-1.62,1,3
16651.89,-0.425,0.008,0.906,0.7,-0.4,-1.04,1,3
16651.906,-0.425,0.005,0.904,0.58,-0.34,-0.4,1,3
16651.921,-0.426,0.0,0.908,-0.18,-0.43,0.21,1,3
16651.921,-0.421,-0.004,0.91,-0.49,-0.79,0.55,1,3
16651.937,-0.421,-0.013,0.907,-0.24,-1.04,0.4,1,3
16651.953,-0.418,-0.015,0.904,0.03,-1.01,0.15,1,3
16651.953,-0.417,-0.014,0.901,0.09,-0.82,-0.55,1,3
16651.968,-0.421,-0.015,0.905,0.18,-0.67,-1.28,1,3
16651.984,-0.429,-0.013,0.903,1.07,-0.55,-1.62,1,3
16651.984,-0.428,-0.004,0.9,1.4,-0.73,-1.59,1,3
16652.0,-0.423,-0.0,0.895,1.01,-0.85,-1.77,1,3
16652.015,-0.423,-0.002,0.898,0.79,-0.55,-1.83,1,3
16652.015,-0.426,0.001,0.895,1.04,0.12,-1.28,1,3
16652.031,-0.42,0.006,0.897,0.76,0.24,-0.43,1,3
16652.031,-0.413,0.001,0.899,0.03,0.03,-0.21,1,3
16652.046,-0.417,-0.004,0.903,-0.09,0.21,-0.21,1,3
16652.062,-0.426,-0.004,0.905,0.37,0.49,-0.15,1,3
16652.062,-0.425,0.002,0.904,0.46,0.12,-0.15,1,3
16652.078,-0.417,0.003,0.903,-0.09,-0.31,0.12,1,3
16652.093,-0.416,-0.0,0.906,-0.76,-0.06,0.79,1,3
16652.109,-0.412,-0.002,0.909,-1.31,0.46,1.37,1,3
16652.109,-0.412,-0.004,0.914,-1.71,0.85,1.53,1,3
16652.125,-0.415,-0.008,0.918,-1.16,0.46,0.79,1,3
16652.125,-0.422,-0.006,0.917,-0.85,-0.18,0.67,1,3
16652.14,-0.428,0.002,0.913,-1.37,-0.73,1.01,1,3
16652.156,-0.427,0.007,0.906,-1.71,-0.98,1.37,1,3
16652.156,-0.438,0.002,0.898,-1.71,-0.82,2.08,1,3
16652.171,-0.434,-0.001,0.894,-2.11,-1.13,2.93,1,3
16652.187,-0.424,-0.008,0.89,-2.47,-1.04,3.36,1,3
16652.187,-0.422,-0.017,0.887,-2.41,-0.55,2.99,1,3
16652.203,-0.425,-0.021,0.89,-1.83,0.09,2.66,1,3
16652.203,-0.424,-0.021,0.896,-1.59,0.24,2.17,1,3
16652.218,-0.421,-0.021,0.898,-1.28,0.03,1.25,1,3
16652.234,-0.425,-0.017,0.901,-0.46,0.06,0.4,1,3
16652.234,-0.427,-0.01,0.899,0.03,-0.34,0.03,1,3
16652.25,-0.427,-0.004,0.898,-0.18,-0.34,-0.18,1,3
16652.265,-0.434,-0.002,0.897,-0.34,-0.06,-0.31,1,3
16652.265,-0.439,-0.003,0.9,-0.31,0.18,0.21,1,3
16652.281,-0.435,-0.0,0.902,-0.4,-0.03,0.92,1,3
16652.281,-0.429,-0.004,0.904,-0.55,-0.46,1.04,1,3
16652.296,-0.428,-0.008,0.904,-0.09,-0.67,0.89,1,3
16652.312,-0.43,-0.007,0.902,0.18,-0.79,0.76,1,3
16652.312,-0.43,-0.006,0.902,-0.06,-1.07,0.52,1,3
16652.328,-0.428,-0.008,0.902,-0.12,-1.04,0.27,1,3
16652.343,-0.428,-0.005,0.899,0.21,-0.98,0.4,1,3
16652.343,-0.424,-0.005,0.897,0.06,-1.1,0.82,1,3
16652.359,-0.417,-0.008,0.895,-0.4,-1.19,0.98,1,3
16652.375,-0.42,-0.01,0.895,-0.12,-0.76,0.67,1,3
16652.375,-0.426,-0.009,0.896,0.31,-0.21,0.58,1,3
16652.39,-0.425,-0.009,0.901,-0.03,-0.06,0.89,1,3
16652.406,-0.424,-0.01,0.903,-0.46,-0.12,0.82,1,3
16652.406,-0.428,-0.01,0.908,-0.43,-0.09,0.64,1,3
16652.421,-0.425,-0.007,0.908,-0.34,-0.37,0.55,1,3
16652.421,-0.418,-0.006,0.905,-0.52,-0.67,0.34,1,3
16652.437,-0.418,-0.006,0.905,-0.7,-0.49,-0.09,1,3
16652.453,-0.425,-0.003,0.906,-0.43,-0.15,-0.4,1,3
16652.453,-0.431,0.003,0.904,-0.34,-0.06,-0.27,1,3
16652.468,-0.431,0.004,0.899,-0.49,-0.4,-0.27,1,3
16652.484,-0.432,0.003,0.899,-0.64,-0.34,-0.12,1,3
16652.484,-0.435,0.005,0.898,-0.73,-0.24,0.49,1,3
16652.5,-0.434,0.001,0.898,-1.1,-0.31,1.25,1,3
16652.5,-0.428,-0.008,0.896,-1.77,-0.64,1.77,1,3
16652.515,-0.421,-0.017,0.894,-1.77,-0.49,1.77,1,3
16652.531,-0.42,-0.019,0.894,-1.37,-0.06,1.4,1,3
16652.546,-0.422,-0.021,0.895,-1.07,0.4,0.55,1,3
16652.546,-0.423,-0.021,0.898,-0.7,0.73,-0.43,1,3
16652.562,-0.428,-0.02,0.901,-0.18,0.98,-1.16,1,3
16652.562,-0.435,-0.016,0.903,0.09,1.04,-1.74,1,3
16652.578,-0.433,-0.014,0.901,0.12,0.67,-1.95,1,3
16652.593,-0.434,-0.011,0.899,0.34,0.58,-2.04,1,3
16652.593,-0.437,-0.014,0.897,0.64,0.52,-2.41,1,3
16652.609,-0.434,-0.021,0.901,1.16,0.21,-3.08,1,3
16652.625,-0.431,-0.011,0.899,2.62,0.18,-4.18,1,3
16652.625,-0.436,-0.003,0.896,2.93,0.12,-4.36,1,3
16652.64,-0.438,0.004,0.898,2.29,-0.03,-3.91,1,3
16652.64,-0.435,0.004,0.898,1.59,-0.21,-3.14,1,3
16652.656,-0.432,0.002,0.897,1.1,-0.21,-2.35,1,3
16652.671,-0.431,0.005,0.897,1.46,0.15,-1.77,1,3
16652.671,-0.431,0.004,0.899,1.07,0.34,-1.1,1,3
16652.687,-0.431,-0.001,0.903,0.31,0.27,-0.49,1,3
16652.703,-0.43,-0.007,0.906,0.15,0.15,0.06,1,3
16652.703,-0.43,-0.007,0.908,-0.24,-0.03,0.52,1,3
16652.718,-0.429,-0.009,0.908,-0.52,-0.55,0.49,1,3
16652.734,-0.43,-0.011,0.906,-0.4,-0.64,0.24,1,3
16652.734,-0.43,-0.01,0.905,-0.15,-0.73,-0.09,1,3
16652.75,-0.434,-0.008,0.903,0.09,-0.89,-0.03,1,3
16652.765,-0.435,-0.005,0.902,-0.24,-0.98,0.03,1,3
16652.765,-0.431,-0.006,0.902,-0.55,-1.28,0.21,1,3
16652.781,-0.429,-0.008,0.901,-0.61,-1.28,0.09,1,3
16652.781,-0.43,-0.006,0.901,-0.43,-1.19,-0.06,1,3
16652.796,-0.436,-0.005,0.899,-0.21,-1.07,-0.12,1,3
16652.812,-0.438,-0.003,0.897,-0.12,-1.22,0.15,1,3
16652.812,-0.437,-0.002,0.892,-0.43,-1.53,0.67,1,3
16652.828,-0.436,-0.008,0.892,-1.1,-1.86,1.04,1,3
16652.843,-0.431,-0.016,0.887,-0.79,-2.38,1.01,1,3
16652.859,-0.431,-0.015,0.882,-0.03,-2.32,0.61,1,3
16652.859,-0.436,-0.017,0.874,0.24,-2.08,0.09,1,3
16652.875,-0.438,-0.016,0.873,0.24,-1.86,-0.27,1,3
16652.875,-0.44,-0.017,0.878,0.79,-1.1,-0.67,1,3
16652.89,-0.439,-0.016,0.88,1.13,-0.27,-0.85,1,3
16652.906,-0.434,-0.015,0.887,1.16,0.4,-1.19,1,3
16652.906,-0.434,-0.016,0.898,1.22,0.92,-2.01,1,3
16652.921,-0.435,-0.011,0.907,1.71,1.04,-2.66,1,3
16652.937,-0.433,-0.003,0.913,2.23,0.46,-3.11,1,3
16652.937,-0.427,0.003,0.908,2.17,-0.34,-3.05,1,3
16652.953,-0.424,0.008,0.907,1.65,-0.7,-2.53,1,3
16652.953,-0.419,0.01,0.906,0.89,-0.58,-1.83,1,3
16652.968,-0.422,0.007,0.908,0.09,-0.15,-0.95,1,3
16652.984,-0.424,0.003,0.911,-0.46,-0.03,-0.03,1,3
16652.984,-0.422,-0.001,0.907,-0.95,-0.18,0.67,1,3
16653.0,-0.416,-0.006,0.906,-1.34,-0.46,0.61,1,3
16653.015,-0.416,-0.009,0.904,-1.19,-0.43,0.24,1,3
16653.015,-0.42,-0.007,0.901,-0.7,-0.24,0.06,1,3
16653.031,-0.424,-0.001,0.898,-0.61,-0.34,0.12,1,3
16653.031,-0.426,0.003,0.897,-0.98,-0.67,0.49,1,3
16653.046,-0.425,0.004,0.895,-1.74,-0.98,1.22,1,3
16653.062,-0.423,0.002,0.895,-2.17,-0.98,1.92,1,3
16653.062,-0.425,0.002,0.898,-2.56,-1.07,2.41,1,3
16653.078,-0.428,0.003,0.897,-3.08,-1.19,2.62,1,3
16653.093,-0.431,0.004,0.898,-3.36,-1.16,2.62,1,3
16653.093,-0.434,0.003,0.896,-3.2,-1.04,2.69,1,3
16653.109,-0.435,0.002,0.891,-2.66,-1.16,3.11,1,3
16653.125,-0.432,0.003,0.888,-2.93,-1.25,3.36,1,3
16653.125,-0.436,0.0,0.888,-3.11,-1.31,3.48,1,3
16653.14,-0.453,-0.009,0.894,-2.96,-1.53,3.63,1,3
16653.156,-0.456,-0.007,0.893,-3.14,-1.83,3.97,1,3
16653.156,-0.455,-0.009,0.892,-3.63,-1.89,4.09,1,3
16653.171,-0.453,-0.016,0.892,-3.81,-1.65,3.94,1,3
16653.171,-0.448,-0.021,0.894,-3.57,-1.13,3.57,1,3
16653.187,-0.447,-0.023,0.9,-3.05,-0.37,2.99,1,3
16653.203,-0.444,-0.024,0.909,-2.93,-0.34,2.44,1,3
16653.203,-0.433,-0.025,0.915,-2.44,-0.85,1.68,1,3
16653.218,-0.428,-0.024,0.914,-1.53,-1.37,1.1,1,3
16653.234,-0.428,-0.023,0.909,-0.95,-1.89,0.89,1,3
16653.234,-0.425,-0.024,0.904,-0.7,-2.47,0.7,1,3
16653.25,-0.428,-0.025,0.901,-0.67,-2.69,0.85,1,3
16653.265,-0.427,-0.028,0.899,-0.76,-2.56,1.31,1,3
16653.265,-0.426,-0.032,0.897,-0.49,-2.14,1.59,1,3
16653.281,-0.431,-0.039,0.899,-0.03,-1.71,1.43,1,3
16653.281,-0.44,-0.042,0.901,0.46,-1.37,0.58,1,3
16653.296,-0.45,-0.046,0.895,1.34,-1.43,-0.76,1,3
16653.312,-0.456,-0.045,0.885,2.62,-1.5,-2.32,1,3
16653.312,-0.457,-0.045,0.87,4.36,-1.25,-4.18,1,3
16653.328,-0.464,-0.038,0.851,6.53,-0.4,-5.95,1,3
16653.343,-0.462,-0.03,0.839,7.57,0.89,-7.14,1,3
16653.343,-0.456,-0.024,0.838,7.29,2.62,-7.48,1,3
16653.359,-0.444,-0.024,0.848,6.1,4.97,-6.74,1,3
16653.375,-0.429,-0.024,0.861,4.49,7.48,-5.31,1,3
16653.39,-0.401,-0.028,0.881,2.75,9.37,-4.76,1,3
16653.39,-0.379,-0.044,0.904,1.74,11.08,-6.07,1,3
16653.39,-0.36,-0.05,0.929,3.57,12.18,-9.67,1,3
16653.406,-0.364,-0.031,0.936,6.74,12.82,-14.07,1,3
16653.421,-0.368,-0.001,0.941,8.3,12.33,-17.55,1,3
16653.437,-0.381,0.028,0.934,8.91,11.75,-19.38,1,3
16653.437,-0.391,0.057,0.927,8.3,11.02,-18.71,1,3
16653.453,-0.403,0.078,0.918,6.5,10.71,-16.14,1,3
16653.453,-0.414,0.101,0.894,3.51,10.44,-11.66,1,3
16653.468,-0.411,0.103,0.907,-2.2,10.47,-6.04,1,3
16653.484,-0.423,0.093,0.917,-6.81,10.71,-0.34,1,3
16653.484,-0.428,0.078,0.924,-10.13,10.32,5.07,1,3
16653.5,-0.429,0.061,0.927,-12.51,9.22,8.51,1,3
16653.515,-0.435,0.042,0.925,-13.25,8.06,9.95,1,3
16653.515,-0.447,0.029,0.915,-13.0,6.87,10.44,1,3
16653.531,-0.458,0.021,0.902,-12.21,5.74,10.83,1,3
16653.546,-0.464,0.016,0.887,-11.81,4.97,11.41,1,3
16653.546,-0.477,0.007,0.871,-12.36,4.55,12.42,1,3
16653.562,-0.481,-0.009,0.86,-13.55,4.43,13.82,1,3
16653.562,-0.48,-0.022,0.849,-15.35,4.79,15.26,1,3
16653.578,-0.467,-0.044,0.871,-16.63,5.43,16.17,1,3
16653.593,-0.429,-0.08,0.914,-12.73,5.58,13.49,1,3
16653.593,-0.451,-0.087,0.918,-6.62,4.33,7.29,1,3
16653.609,-0.463,-0.073,0.895,-3.23,2.66,2.72,1,3
16653.625,-0.451,-0.038,0.885,-1.31,0.92,0.18,1,3
16653.625,-0.461,-0.045,0.873,0.61,0.82,-1.68,1,3
16653.64,-0.462,-0.028,0.866,0.76,0.31,-2.47,1,3
16653.656,-0.464,-0.014,0.859,0.92,0.52,-2.2,1,3
16653.656,-0.466,-0.007,0.855,-0.31,1.34,-1.28,1,3
16653.671,-0.476,-0.007,0.865,-2.11,2.53,0.03,1,3
16653.671,-0.483,-0.01,0.875,-3.23,3.23,1.31,1,3
16653.687,-0.485,-0.008,0.883,-4.09,3.42,2.5,1,3
16653.703,-0.485,-0.014,0.892,-4.43,3.27,3.02,1,3
16653.703,-0.488,-0.019,0.897,-3.88,2.99,2.78,1,3
16653.718,-0.499,-0.025,0.901,-2.69,2.35,2.47,1,3
16653.734,-0.503,-0.027,0.896,-1.53,1.25,2.5,1,3
16653.734,-0.5,-0.029,0.884,-1.16,0.21,2.53,1,3
16653.75,-0.493,-0.031,0.873,-1.68,-0.34,2.66,1,3
16653.765,-0.491,-0.032,0.865,-2.23,0.15,2.38,1,3
16653.765,-0.49,-0.029,0.86,-2.41,1.22,2.2,1,3
16653.781,-0.486,-0.026,0.861,-2.75,2.62,2.32,1,3
16653.796,-0.485,-0.023,0.871,-3.2,3.6,2.62,1,3
16653.796,-0.48,-0.023,0.882,-3.36,3.78,2.84,1,3
16653.812,-0.478,-0.02,0.892,-2.69,3.17,2.78,1,3
16653.812,-0.474,-0.021,0.896,-1.59,2.11,2.44,1,3
16653.828,-0.481,-0.021,0.894,-0.15,0.76,1.83,1,3
16653.843,-0.486,-0.022,0.888,1.16,-0.89,1.04,1,3
16653.843,-0.483,-0.021,0.87,2.23,-2.35,0.79,1,3
16653.859,-0.478,-0.02,0.856,2.9,-2.59,0.76,1,3
16653.875,-0.48,-0.019,0.851,2.81,-1.74,0.82,1,3
16653.875,-0.487,-0.021,0.85,2.47,-0.64,1.46,1,3
16653.89,-0.493,-0.023,0.852,1.89,0.37,2.08,1,3
16653.906,-0.491,-0.024,0.859,1.19,1.04,2.56,1,3
16653.906,-0.49,-0.026,0.867,0.76,1.62,2.75,1,3
16653.921,-0.495,-0.03,0.876,0.55,2.14,2.81,1,3
16653.937,-0.502,-0.028,0.885,0.52,1.71,2.87,1,3
16653.937,-0.501,-0.028,0.885,0.64,0.55,3.11,1,3
16653.953,-0.496,-0.028,0.88,0.92,-0.37,3.33,1,3
16653.953,-0.49,-0.026,0.873,1.01,-0.67,3.69,1,3
16653.968,-0.489,-0.025,0.873,0.31,-0.58,4.36,1,3
16653.984,-0.483,-0.026,0.874,-0.95,-0.61,5.37,1,3
16653.984,-0.476,-0.031,0.878,-2.26,-0.7,6.23,1,3
16654.0,-0.472,-0.038,0.883,-2.9,-0.82,6.62,1,3
16654.015,-0.466,-0.043,0.882,-2.87,-1.37,6.56,1,3
16654.015,-0.46,-0.047,0.884,-1.8,-2.2,5.4,1,3
16654.031,-0.461,-0.05,0.887,0.15,-2.87,3.97,1,3
16654.031,-0.462,-0.051,0.885,2.14,-3.72,2.66,1,3
16654.046,-0.47,-0.044,0.879,3.17,-4.7,1.71,1,3
16654.062,-0.472,-0.041,0.875,3.48,-5.77,1.28,1,3
16654.062,-0.474,-0.041,0.871,3.2,-6.78,1.31,1,3
16654.078,-0.475,-0.041,0.862,2.84,-7.17,1.04,1,3
16654.093,-0.483,-0.043,0.859,3.36,-6.87,0.27,1,3
16654.109,-0.49,-0.039,0.856,3.42,-6.93,0.27,1,3
16654.109,-0.49,-0.034,0.85,2.96,-6.29,0.24,1,3
16654.125,-0.49,-0.031,0.845,2.23,-5.46,0.31,1,3
16654.125,-0.492,-0.026,0.849,1.43,-4.76,0.61,1,3
16654.14,-0.491,-0.026,0.854,1.01,-3.85,1.07,1,3
16654.156,-0.491,-0.023,0.858,0.82,-2.9,1.43,1,3
16654.156,-0.494,-0.02,0.865,0.55,-2.59,1.83,1,3
16654.171,-0.492,-0.018,0.868,0.21,-2.96,2.26,1,3
16654.187,-0.489,-0.02,0.866,0.06,-3.57,2.75,1,3
16654.187,-0.484,-0.019,0.864,-0.03,-3.69,2.93,1,3
16654.203,-0.482,-0.014,0.866,-0.18,-3.54,2.84,1,3
16654.203,-0.484,-0.016,0.866,-0.55,-3.45,2.72,1,3
16654.218,-0.481,-0.018,0.868,-0.4,-3.42,2.5,1,3
16654.234,-0.481,-0.016,0.87,0.21,-3.11,2.14,1,3
16654.234,-0.482,-0.015,0.872,1.31,-2.96,1.68,1,3
16654.25,-0.483,-0.015,0.872,2.69,-2.81,1.07,1,3
16654.265,-0.484,-0.016,0.867,3.78,-2.56,0.46,1,3
16654.265,-0.486,-0.011,0.865,4.06,-2.38,-0.03,1,3
16654.281,-0.488,-0.011,0.867,3.97,-2.26,-0.34,1,3
16654.296,-0.488,-0.015,0.863,3.75,-2.26,-0.34,1,3
16654.296,-0.489,-0.015,0.886,3.69,-3.11,-0.55,1,3
16654.312,-0.475,-0.011,0.824,3.78,-3.08,-1.07,1,3
16654.312,-0.47,-0.01,0.875,2.87,-1.83,-1.1,1,3
16654.328,-0.469,-0.02,0.842,3.78,-2.23,-1.77,1,3
16654.343,-0.46,-0.002,0.864,3.6,-1.25,-1.59,1,3
16654.343,-0.463,-0.008,0.88,3.66,-0.7,-1.68,1,3
16654.359,-0.458,-0.012,0.878,3.88,-1.19,-1.56,1,3
16654.375,-0.45,0.007,0.917,3.23,-1.53,-2.04,1,3
16654.375,-0.448,-0.015,0.92,4.18,-3.11,-2.9,1,3
16654.39,-0.416,0.006,0.907,4.82,-4.36,-3.33,1,3
16654.406,-0.429,-0.005,0.93,8.24,-3.75,-4.67,1,3
16654.406,-0.414,0.008,0.927,8.0,-6.01,-6.38,1,3
16654.421,-0.417,-0.001,0.917,9.31,-7.51,-7.45,1,3
16654.421,-0.425,0.002,0.906,11.35,-7.84,-7.87,1,3
16654.437,-0.422,0.011,0.894,11.51,-8.12,-8.09,1,3
16654.453,-0.431,0.007,0.885,11.11,-8.03,-7.87,1,3
16654.453,-0.438,0.006,0.879,10.22,-7.32,-6.65,1,3
16654.468,-0.441,0.005,0.881,9.28,-7.02,-5.43,1,3
16654.484,-0.443,0.002,0.885,8.7,-6.87,-4.58,1,3
16654.484,-0.445,0.004,0.886,8.3,-6.9,-3.97,1,3
16654.5,-0.443,-0.0,0.88,8.09,-7.42,-3.39,1,3
16654.515,-0.443,0.009,0.877,7.9,-7.78,-2.84,1,3
16654.515,-0.439,0.009,0.87,7.32,-8.61,-2.23,1,3
16654.531,-0.437,0.014,0.874,6.87,-9.4,-1.31,1,3
16654.546,-0.433,0.01,0.849,6.87,-9.49,0.0,1,3
16654.546,-0.43,0.012,0.864,6.01,-8.45,1.25,1,3
16654.562,-0.429,-0.004,0.858,6.04,-7.54,1.4,1,3
16654.562,-0.434,0.003,0.876,6.44,-5.89,0.95,1,3
16654.578,-0.435,-0.008,0.877,8.18,-4.61,-0.06,1,3
16654.593,-0.437,-0.011,0.902,10.19,-3.66,-1.8,1,3
16654.593,-0.455,-0.004,0.885,14.1,-2.62,-3.88,1,3
16654.609,-0.452,-0.01,0.902,15.47,-3.2,-6.13,1,3
16654.625,-0.46,-0.018,0.899,18.19,-3.88,-8.82,1,3
16654.625,-0.457,-0.017,0.896,20.94,-4.76,-11.23,1,3
16654.64,-0.458,-0.017,0.879,23.32,-5.16,-13.76,1,3
16654.656,-0.456,-0.01,0.882,24.93,-5.04,-15.96,1,3
16654.656,-0.46,0.002,0.878,26.4,-4.7,-17.46,1,3
16654.671,-0.465,0.02,0.876,27.25,-4.15,-17.37,1,3
16654.687,-0.446,0.034,0.883,26.7,-4.0,-15.87,1,3
16654.687,-0.436,0.045,0.888,26.12,-3.14,-14.5,1,3
16654.703,-0.424,0.053,0.907,25.15,-2.66,-13.43,1,3
16654.718,-0.422,0.063,0.917,24.9,-2.5,-12.42,1,3
16654.718,-0.419,0.074,0.927,24.57,-3.05,-11.35,1,3
16654.734,-0.417,0.089,0.927,24.41,-3.85,-10.28,1,3
16654.734,-0.42,0.101,0.92,23.8,-4.61,-8.42,1,3
16654.75,-0.422,0.111,0.908,22.13,-5.68,-5.43,1,3
16654.765,-0.418,0.115,0.903,19.99,-6.2,-2.38,1,3
16654.765,-0.421,0.114,0.89,18.86,-5.98,0.61,1,3
16654.781,-0.417,0.11,0.886,17.94,-5.95,3.36,1,3
16654.781,-0.421,0.1,0.884,18.04,-5.62,5.34,1,3
16654.796,-0.423,0.093,0.883,18.95,-5.28,6.9,1,3
16654.812,-0.425,0.09,0.881,20.17,-5.1,8.0,1,3
16654.828,-0.43,0.082,0.884,21.45,-4.94,8.73,1,3
16654.828,-0.437,0.076,0.887,23.1,-5.01,9.28,1,3
16654.843,-0.449,0.067,0.889,25.45,-5.01,9.4,1,3
16654.843,-0.466,0.064,0.893,27.62,-5.68,9.58,1,3
16654.859,-0.467,0.057,0.902,28.75,-7.26,9.52,1,3
16654.875,-0.463,0.052,0.903,30.49,-8.61,8.48,1,3
16654.875,-0.464,0.055,0.898,33.23,-9.03,7.6,1,3
16654.89,-0.456,0.061,0.892,35.28,-9.25,6.5,1,3
16654.89,-0.457,0.066,0.901,36.96,-8.55,4.58,1,3
16654.906,-0.469,0.085,0.902,38.79,-7.69,2.56,1,3
16654.921,-0.467,0.101,0.914,39.0,-7.51,0.85,1,3
16654.937,-0.479,0.119,0.923,39.55,-8.27,-0.92,1,3
16654.937,-0.486,0.153,0.926,39.25,-10.62,-1.68,1,3
16654.953,-0.479,0.169,0.916,37.63,-13.79,-1.16,1,3
16654.953,-0.465,0.188,0.904,36.5,-16.17,0.27,1,3
16654.968,-0.441,0.193,0.892,35.74,-17.43,1.59,1,3
16654.984,-0.418,0.194,0.877,34.09,-16.97,1.92,1,3
16654.984,-0.409,0.193,0.878,31.98,-15.53,1.65,1,3
16655.0,-0.403,0.182,0.889,30.46,-14.47,0.95,1,3
16655.015,-0.395,0.183,0.883,29.79,-13.95,-0.4,1,3
16655.015,-0.393,0.181,0.881,29.36,-12.94,-1.68,1,3
16655.031,-0.389,0.179,0.88,29.11,-11.99,-3.3,1,3
16655.031,-0.391,0.19,0.879,28.9,-10.74,-4.58,1,3
16655.046,-0.386,0.195,0.88,27.89,-9.74,-5.46,1,3
16655.062,-0.374,0.2,0.879,26.55,-8.48,-6.16,1,3
16655.062,-0.367,0.206,0.878,23.41,-5.86,-7.66,1,3
16655.078,-0.369,0.217,0.881,21.61,-4.73,-8.45,1,3
16655.093,-0.366,0.225,0.882,19.71,-3.6,-8.88,1,3
16655.093,-0.363,0.235,0.881,17.73,-2.2,-9.67,1,3
16655.109,-0.362,0.252,0.878,16.14,-0.49,-10.13,1,3
16655.125,-0.367,0.264,0.88,14.44,1.46,-10.22,1,3
16655.125,-0.375,0.274,0.883,11.9,2.66,-10.01,1,3
16655.14,-0.371,0.277,0.884,8.91,3.23,-9.25,1,3
16655.14,-0.368,0.279,0.884,6.29,3.94,-8.21,1,3
16655.156,-0.375,0.279,0.888,3.81,4.91,-6.84,1,3
16655.171,-0.381,0.281,0.896,1.07,5.68,-5.1,1,3
16655.171,-0.39,0.281,0.906,-2.2,5.86,-3.3,1,3
16655.187,-0.394,0.282,0.91,-5.77,5.22,-1.43,1,3
16655.203,-0.402,0.279,0.91,-9.19,4.79,0.92,1,3
16655.218,-0.402,0.276,0.91,-12.79,4.61,3.78,1,3
16655.218,-0.403,0.266,0.91,-16.21,4.82,6.1,1,3
16655.234,-0.411,0.262,0.918,-19.5,5.13,7.75,1,3
16655.234,-0.412,0.251,0.93,-23.35,4.91,8.7,1,3
16655.25,-0.437,0.229,0.921,-29.36,3.6,9.89,1,3
16655.265,-0.406,0.163,0.957,-38.0,0.27,11.14,1,3
16655.265,-0.404,0.15,0.96,-34.97,-0.82,8.91,1,3
16655.281,-0.397,0.144,0.933,-29.6,-1.22,6.5,1,3
16655.281,-0.393,0.15,0.937,-26.7,-1.01,3.23,1,3
16655.296,-0.402,0.15,0.92,-24.2,-1.5,0.55,1,3
16655.312,-0.392,0.151,0.914,-24.2,-3.27,-0.79,1,3
16655.328,-0.398,0.156,0.912,-25.09,-5.04,-1.22,1,3
16655.328,-0.397,0.157,0.902,-26.37,-7.48,0.31,1,3
16655.343,-0.38,0.15,0.894,-28.47,-10.1,2.69,1,3
16655.343,-0.367,0.135,0.892,-29.82,-12.02,4.49,1,3
16655.359,-0.36,0.126,0.879,-28.99,-13.06,5.98,1,3
16655.375,-0.355,0.121,0.875,-29.18,-13.37,6.96,1,3
16655.375,-0.362,0.111,0.885,-30.06,-14.37,6.84,1,3
16655.39,-0.363,0.1,0.889,-29.18,-15.99,6.68,1,3
16655.406,-0.362,0.104,0.887,-26.34,-17.64,6.32,1,3
16655.406,-0.362,0.109,0.881,-23.74,-18.98,6.04,1,3
16655.421,-0.36,0.114,0.872,-23.13,-20.78,6.16,1,3
16655.421,-0.351,0.117,0.866,-24.17,-22.34,6.99,1,3
16655.437,-0.351,0.117,0.866,-25.91,-23.01,7.75,1,3
16655.453,-0.358,0.11,0.871,-26.7,-23.16,8.61,1,3
16655.453,-0.36,0.103,0.87,-26.43,-23.26,9.49,1,3
16655.468,-0.354,0.1,0.867,-25.88,-22.92,9.4,1,3
16655.484,-0.355,0.101,0.863,-24.99,-21.85,8.18,1,3
16655.484,-0.355,0.097,0.859,-24.11,-20.63,6.47,1,3
16655.5,-0.355,0.093,0.858,-22.74,-18.89,4.52,1,3
16655.515,-0.357,0.094,0.863,-20.87,-16.94,2.11,1,3
16655.515,-0.361,0.09,0.87,-19.41,-15.17,-0.82,1,3
16655.531,-0.372,0.099,0.874,-17.64,-13.28,-3.66,1,3
16655.531,-0.376,0.107,0.877,-16.97,-11.47,-5.71,1,3
16655.546,-0.382,0.119,0.886,-17.52,-9.43,-6.59,1,3
16655.562,-0.383,0.122,0.894,-19.07,-7.48,-6.59,1,3
16655.578,-0.381,0.121,0.905,-20.57,-5.43,-5.71,1,3
16655.578,-0.382,0.122,0.92,-21.7,-3.75,-4.76,1,3
16655.593,-0.388,0.121,0.938,-22.95,-2.78,-4.21,1,3
16655.593,-0.391,0.114,0.964,-23.96,-2.72,-3.78,1,3
16655.609,-0.392,0.114,0.981,-24.48,-4.0,-3.69,1,3
16655.625,-0.389,0.106,0.983,-23.8,-5.31,-4.7,1,3
16655.625,-0.403,0.105,0.982,-21.42,-5.01,-7.81,1,3
16655.64,-0.414,0.104,0.976,-16.69,-3.6,-12.57,1,3
16655.656,-0.419,0.128,0.97,-10.86,-1.98,-16.63,1,3
16655.656,-0.419,0.161,0.964,-7.63,-0.76,-17.76,1,3
16655.671,-0.394,0.177,0.967,-9.58,0.24,-14.83,1,3
16655.687,-0.361,0.177,0.989,-15.66,1.22,-7.6,1,3
16655.687,-0.349,0.17,0.997,-21.82,2.01,1.28,1,3
16655.703,-0.34,0.107,1.017,-26.37,0.98,8.85,1,3
16655.703,-0.332,0.095,1.076,-34.73,-5.71,11.63,1,3
16655.718,-0.289,0.038,1.02,-30.98,-14.8,10.96,1,3
16655.734,-0.254,0.026,0.972,-21.76,-20.29,6.62,1,3
16655.734,-0.234,0.04,0.935,-11.84,-22.74,0.09,1,3
16655.75,-0.251,0.054,0.893,-3.57,-22.0,-5.83,1,3
16655.765,-0.282,0.083,0.877,0.18,-19.59,-8.55,1,3
16655.765,-0.311,0.091,0.88,0.37,-17.46,-7.54,1,3
16655.781,-0.346,0.099,0.894,-1.77,-16.05,-4.12,1,3
16655.781,-0.38,0.093,0.9,-5.01,-15.41,-0.21,1,3
16655.796,-0.397,0.077,0.907,-8.55,-15.29,2.66,1,3
16655.812,-0.388,0.065,0.904,-10.07,-14.25,4.88,1,3
16655.812,-0.37,0.063,0.889,-9.74,-11.44,6.99,1,3
16655.828,-0.346,0.056,0.887,-10.41,-6.96,8.91,1,3
16655.843,-0.346,0.045,0.9,-11.72,-1.19,9.8,1,3
16655.843,-0.36,0.033,0.922,-12.7,3.33,9.95,1,3
16655.859,-0.357,0.019,0.941,-12.42,4.94,9.09,1,3
16655.875,-0.355,0.002,0.958,-9.28,4.0,7.17,1,3
16655.875,-0.339,0.003,0.931,-4.7,2.35,3.94,1,3
16655.89,-0.331,0.003,0.941,0.0,2.29,0.4,1,3
16655.906,-0.332,0.001,0.926,4.49,2.53,-3.2,1,3
16655.906,-0.327,0.015,0.909,6.78,3.63,-5.95,1,3
16655.921,-0.315,-0.003,0.893,9.64,6.5,-7.69,1,3
16655.921,-0.313,0.006,0.905,10.44,10.53,-8.97,1,3
16655.937,-0.305,-0.011,0.886,11.26,14.71,-10.19,1,3
16655.953,-0.307,0.012,0.889,11.17,20.14,-11.05,1,3
16655.968,-0.313,0.01,0.884,13.92,26.31,-10.44,1,3
16655.968,-0.335,0.007,0.88,14.04,31.46,-9.55,1,3
16655.984,-0.328,0.012,0.888,11.29,34.61,-7.78,1,3
16655.984,-0.326,-0.009,0.897,8.91,37.02,-5.86,1,3
16656.0,-0.332,-0.034,0.931,4.85,37.23,-4.64,1,3
16656.015,-0.339,-0.055,0.985,2.04,34.24,-4.94,1,3
16656.015,-0.346,-0.07,1.012,2.69,28.47,-5.98,1,3
16656.031,-0.335,-0.063,1.004,3.81,22.0,-7.66,1,3
16656.031,-0.323,-0.045,0.972,4.15,17.18,-9.37,1,3
16656.046,-0.323,-0.027,0.95,2.81,14.4,-10.68,1,3
16656.062,-0.325,-0.014,0.945,-1.77,13.03,-11.72,1,3
16656.078,-0.343,-0.001,0.942,-2.17,13.34,-11.17,1,3
16656.078,-0.357,0.016,0.949,-1.01,13.37,-10.8,1,3
16656.093,-0.4,0.053,0.963,0.76,12.09,-9.61,1,3
16656.093,-0.411,0.073,0.962,1.01,10.01,-7.2,1,3
16656.109,-0.424,0.088,0.965,-0.98,7.14,-3.72,1,3
16656.125,-0.419,0.083,0.96,-3.66,3.69,0.64,1,3
16656.125,-0.414,0.081,0.946,-6.65,1.62,4.91,1,3
16656.14,-0.409,0.061,0.932,-8.88,0.4,8.45,1,3
16656.156,-0.404,0.046,0.93,-9.92,-0.55,10.22,1,3
16656.156,-0.4,0.029,0.919,-9.34,-1.92,10.22,1,3
16656.171,-0.396,0.021,0.903,-7.29,-2.5,8.88,1,3
16656.171,-0.4,0.023,0.896,-4.7,-2.35,7.08,1,3
16656.187,-0.406,0.021,0.884,-1.8,-2.08,5.28,1,3
16656.203,-0.419,0.031,0.888,-0.09,-1.89,4.27,1,3
16656.203,-0.425,0.034,0.884,0.21,-2.32,3.75,1,3
16656.218,-0.435,0.028,0.879,0.21,-2.29,3.66,1,3
16656.234,-0.444,0.035,0.885,-0.46,-1.92,3.85,1,3
16656.234,-0.447,0.03,0.871,-1.34,-2.01,4.06,1,3
16656.25,-0.438,0.027,0.869,-1.86,-1.25,4.39,1,3
16656.265,-0.434,0.03,0.869,-2.96,-0.06,4.55,1,3
16656.265,-0.427,0.026,0.864,-3.42,1.43,4.03,1,3
16656.281,-0.434,0.027,0.876,-2.53,3.91,3.6,1,3
16656.281,-0.436,0.032,0.891,-1.8,5.19,3.14,1,3
16656.296,-0.436,0.033,0.903,-0.61,5.71,2.59,1,3
16656.312,-0.433,0.026,0.917,0.34,5.37,2.04,1,3
16656.312,-0.425,0.016,0.916,2.26,4.3,1.19,1,3
16656.328,-0.411,0.007,0.911,4.67,3.91,-0.31,1,3
16656.343,-0.401,-0.009,0.92,7.29,3.81,-2.41,1,3
16656.343,-0.391,-0.022,0.923,10.93,3.51,-5.1,1,3
16656.359,-0.386,-0.027,0.915,15.56,3.11,-8.24,1,3
16656.375,-0.376,-0.031,0.907,20.51,2.53,-12.05,1,3
16656.375,-0.369,-0.035,0.897,25.79,2.5,-16.6,1,3
16656.39,-0.371,-0.035,0.891,30.43,2.62,-21.55,1,3
16656.406,-0.377,-0.032,0.883,32.62,2.62,-26.31,1,3
16656.406,-0.376,-0.033,0.888,32.65,2.56,-30.03,1,3
16656.421,-0.384,-0.024,0.877,33.42,3.81,-32.69,1,3
16656.421,-0.397,-0.004,0.882,32.9,5.43,-33.39,1,3
16656.437,-0.398,0.009,0.893,30.27,6.13,-33.11,1,3
16656.453,-0.401,0.015,0.905,27.38,6.35,-32.44,1,3
16656.453,-0.396,0.005,0.93,24.69,5.71,-31.25,1,3
16656.468,-0.387,0.003,0.945,23.32,4.79,-30.3,1,3
16656.484,-0.378,0.011,0.949,23.16,3.88,-29.73,1,3
16656.5,-0.372,0.02,0.947,23.47,3.14,-29.79,1,3
16656.5,-0.374,0.042,0.935,23.56,2.75,-30.27,1,3
16656.515,-0.376,0.057,0.932,22.89,2.66,-30.67,1,3
16656.515,-0.385,0.08,0.923,22.19,3.14,-30.0,1,3
16656.531,-0.391,0.106,0.91,20.97,3.69,-27.74,1,3
16656.531,-0.397,0.116,0.909,18.19,3.72,-24.51,1,3
16656.546,-0.406,0.131,0.915,15.02,3.42,-20.36,1,3
16656.562,-0.404,0.135,0.905,12.12,2.2,-15.41,1,3
16656.562,-0.404,0.138,0.909,8.61,0.49,-10.9,1,3
16656.578,-0.401,0.127,0.899,5.62,-1.1,-7.29,1,3
16656.593,-0.4,0.119,0.899,3.63,-2.11,-4.27,1,3
16656.593,-0.4,0.11,0.893,3.33,-2.32,-2.35,1,3
16656.609,-0.406,0.105,0.886,3.2,-1.5,-0.85,1,3
16656.625,-0.414,0.098,0.899,2.75,-0.67,0.03,1,3
16656.625,-0.42,0.087,0.902,2.99,-0.76,0.24,1,3
16656.64,-0.425,0.083,0.903,4.09,-1.04,0.58,1,3
16656.656,-0.425,0.082,0.902,4.46,-1.62,0.55,1,3
16656.656,-0.424,0.077,0.902,4.18,-1.8,-0.09,1,3
16656.671,-0.427,0.073,0.907,4.36,-1.34,-0.73,1,3
16656.671,-0.436,0.071,0.913,5.04,-0.85,-1.43,1,3
16656.687,-0.444,0.071,0.913,5.62,-0.95,-1.92,1,3
16656.703,-0.448,0.073,0.909,5.89,-1.56,-2.11,1,3
16656.703,-0.445,0.073,0.905,5.86,-2.78,-2.44,1,3
16656.718,-0.441,0.07,0.892,6.68,-4.03,-2.84,1,3
16656.734,-0.441,0.07,0.878,8.18,-4.09,-2.72,1,3
16656.734,-0.439,0.068,0.874,9.16,-3.48,-2.01,1,3
16656.75,-0.433,0.06,0.877,9.55,-3.08,-1.65,1,3
16656.765,-0.429,0.046,0.857,11.08,-3.51,-1.8,1,3
16656.765,-0.431,0.045,0.871,13.43,-3.39,-2.56,1,3
16656.781,-0.427,0.036,0.866,16.27,-3.02,-3.85,1,3
16656.781,-0.424,0.044,0.876,18.4,-1.59,-5.07,1,3
16656.796,-0.42,0.03,0.894,20.2,0.24,-6.1,1,3
16656.812,-0.414,0.032,0.906,21.85,2.62,-8.33,1,3
16656.812,-0.403,0.037,0.927,22.89,4.36,-10.38,1,3
16656.828,-0.398,0.056,0.928,22.16,4.64,-11.35,1,3
16656.843,-0.384,0.076,0.924,19.99,3.85,-11.35,1,3
16656.859,-0.373,0.093,0.914,18.34,3.48,-10.86,1,3
16656.859,-0.376,0.121,0.902,16.75,4.61,-9.52,1,3
16656.875,-0.385,0.145,0.889,14.25,6.16,-7.54,1,3
16656.875,-0.383,0.16,0.894,10.59,7.45,-4.94,1,3
16656.89,-0.386,0.174,0.895,7.26,8.61,-1.92,1,3
16656.906,-0.384,0.185,0.901,3.85,9.28,1.43,1,3
16656.906,-0.379,0.191,0.903,0.7,9.43,5.25,1,3
16656.921,-0.379,0.194,0.902,-2.66,9.64,9.09,1,3
16656.921,-0.385,0.195,0.912,-6.04,9.55,12.76,1,3
16656.937,-0.385,0.193,0.893,-9.52,9.22,16.24,1,3
16656.953,-0.387,0.195,0.912,-13.95,9.0,20.14,1,3
16656.953,-0.39,0.176,0.909,-17.12,7.97,23.29,1,3
16656.968,-0.397,0.17,0.911,-19.32,7.32,25.67,1,3
16656.984,-0.405,0.158,0.909,-20.63,6.44,27.44,1,3
16656.984,-0.411,0.148,0.901,-21.82,5.68,28.47,1,3
16657.0,-0.419,0.137,0.9,-22.1,5.19,28.93,1,3
16657.015,-0.426,0.125,0.897,-21.33,4.7,28.84,1,3
16657.015,-0.437,0.121,0.889,-20.08,4.3,28.75,1,3
16657.031,-0.451,0.115,0.884,-19.1,3.75,28.44,1,3
16657.031,-0.464,0.107,0.877,-17.52,2.23,28.11,1,3
16657.046,-0.476,0.098,0.873,-17.06,1.31,28.2,1,3
16657.062,-0.485,0.088,0.874,-16.66,0.03,27.95,1,3
16657.062,-0.479,0.072,0.878,-14.65,-0.98,26.28,1,3
16657.078,-0.46,0.03,0.885,-11.75,-2.2,21.94,1,3
16657.093,-0.464,0.015,0.876,-7.75,-2.41,17.06,1,3
16657.093,-0.457,0.027,0.874,-3.57,-2.32,12.24,1,3
16657.109,-0.472,0.032,0.864,0.82,-1.25,7.2,1,3
16657.125,-0.485,0.041,0.861,2.62,-0.7,3.6,1,3
16657.125,-0.489,0.054,0.852,3.57,-0.46,1.98,1,3
16657.14,-0.482,0.065,0.848,3.91,0.06,2.32,1,3
16657.14,-0.472,0.071,0.847,3.88,1.59,2.84,1,3
16657.156,-0.463,0.066,0.86,3.94,3.39,2.32,1,3
16657.171,-0.454,0.059,0.881,4.97,4.91,0.92,1,3
16657.171,-0.451,0.065,0.899,6.74,5.98,-1.16,1,3
16657.187,-0.459,0.077,0.909,7.93,6.74,-3.63,1,3
16657.203,-0.464,0.089,0.92,8.18,6.62,-6.01,1,3
16657.203,-0.456,0.104,0.923,8.15,5.55,-7.51,1,3
16657.218,-0.441,0.114,0.916,8.21,4.15,-8.45,1,3
16657.234,-0.422,0.126,0.899,8.67,2.9,-9.19,1,3
16657.234,-0.412,0.145,0.882,8.91,1.77,-9.13,1,3
16657.25,-0.419,0.155,0.872,8.88,1.01,-8.0,1,3
16657.265,-0.433,0.164,0.86,8.24,0.12,-5.46,1,3
16657.281,-0.444,0.165,0.851,7.23,-0.64,-2.01,1,3
16657.281,-0.457,0.152,0.86,6.16,-0.92,1.31,1,3
16657.281,-0.472,0.132,0.875,4.82,-0.37,3.39,1,3
16657.296,-0.478,0.107,0.888,4.43,0.4,3.78,1,3
16657.312,-0.48,0.093,0.902,5.16,0.76,2.35,1,3
16657.312,-0.486,0.086,0.908,6.04,1.07,-0.31,1,3
16657.328,-0.494,0.086,0.909,6.59,1.34,-3.45,1,3
16657.343,-0.497,0.088,0.905,7.2,1.98,-6.9,1,3
16657.359,-0.497,0.099,0.89,8.45,2.59,-10.32,1,3
16657.359,-0.477,0.104,0.876,10.07,2.2,-13.31,1,3
16657.375,-0.446,0.113,0.861,12.67,1.53,-15.44,1,3
16657.375,-0.424,0.12,0.855,14.62,1.01,-16.02,1,3
16657.39,-0.415,0.129,0.859,14.47,-0.18,-14.71,1,3
16657.406,-0.391,0.094,0.842,16.05,-0.82,-11.66,1,3
16657.406,-0.394,0.111,0.855,15.5,0.03,-8.58,1,3
16657.421,-0.375,0.078,0.863,13.64,-0.12,-6.16,1,3
16657.421,-0.379,0.059,0.876,12.51,0.76,-5.46,1,3
16657.437,-0.373,0.052,0.881,12.6,1.13,-6.47,1,3
16657.453,-0.38,0.042,0.878,13.67,1.53,-9.46,1,3
16657.453,-0.382,0.044,0.87,14.92,0.98,-14.56,1,3
16657.468,-0.382,0.051,0.864,16.97,0.03,-21.03,1,3
16657.484,-0.381,0.053,0.854,21.27,-1.31,-28.32,1,3
16657.484,-0.4,0.068,0.829,26.98,-1.98,-35.62,1,3
16657.5,-0.44,0.089,0.803,33.66,-1.74,-43.37,1,3
16657.515,-0.479,0.112,0.779,41.41,-0.82,-51.09,1,3
16657.515,-0.499,0.124,0.768,50.26,1.16,-57.13,1,3
16657.531,-0.511,0.15,0.77,58.63,3.39,-61.16,1,3
16657.546,-0.532,0.149,0.801,66.13,7.17,-61.43,1,3
16657.546,-0.536,0.126,0.847,71.2,10.9,-57.47,1,3
16657.562,-0.55,0.135,0.909,74.37,12.97,-51.82,1,3
16657.562,-0.551,0.137,0.936,74.83,13.46,-44.01,1,3
16657.578,-0.531,0.177,0.96,66.5,8.76,-38.0,1,3
16657.593,-0.52,0.209,0.984,56.34,1.74,-35.49,1,3
16657.593,-0.491,0.234,0.933,48.83,-5.58,-34.49,1,3
16657.609,-0.486,0.305,0.883,42.6,-8.61,-32.75,1,3
16657.625,-0.484,0.361,0.851,35.22,-8.79,-28.96,1,3
16657.625,-0.487,0.382,0.838,29.05,-6.62,-22.58,1,3
16657.64,-0.489,0.405,0.842,23.1,-3.75,-13.67,1,3
16657.656,-0.485,0.384,0.867,17.4,-1.95,-4.24,1,3
16657.656,-0.477,0.354,0.904,10.99,-2.38,4.09,1,3
16657.671,-0.474,0.321,0.912,4.58,-4.76,10.5,1,3
16657.671,-0.477,0.294,0.895,-1.13,-7.51,15.41,1,3
16657.687,-0.469,0.269,0.868,-5.95,-9.61,20.02,1,3
16657.703,-0.47,0.241,0.844,-9.4,-9.64,23.8,1,3
16657.703,-0.485,0.218,0.82,-10.44,-7.81,24.9,1,3
16657.718,-0.484,0.172,0.813,-8.88,-5.71,23.41,1,3
16657.734,-0.473,0.139,0.816,-4.67,-3.81,20.57,1,3
16657.734,-0.451,0.11,0.815,0.79,-3.05,16.75,1,3
16657.75,-0.418,0.084,0.819,6.71,-3.69,13.03,1,3
16657.765,-0.396,0.062,0.818,12.88,-4.46,9.8,1,3
16657.765,-0.391,0.053,0.813,18.22,-4.49,7.32,1,3
16657.781,-0.402,0.055,0.811,21.27,-3.94,4.39,1,3
16657.781,-0.424,0.069,0.812,24.11,-2.93,-0.15,1,3
16657.796,-0.459,0.09,0.806,29.21,-1.59,-6.68,1,3
16657.812,-0.468,0.131,0.794,34.91,0.46,-13.95,1,3
16657.812,-0.468,0.173,0.81,41.6,3.33,-21.45,1,3
16657.828,-0.47,0.225,0.811,46.63,6.71,-28.5,1,3
16657.843,-0.473,0.271,0.829,48.86,10.28,-33.78,1,3
16657.859,-0.487,0.312,0.841,48.71,13.37,-37.42,1,3
16657.859,-0.51,0.355,0.853,43.67,13.98,-40.53,1,3
16657.875,-0.598,0.343,0.88,35.95,13.98,-40.77,1,3
16657.875,-0.482,0.37,0.906,30.76,11.84,-35.46,1,3
16657.89,-0.51,0.44,0.855,28.05,9.22,-36.71,1,3
16657.906,-0.498,0.365,0.852,16.42,7.17,-35.28,1,3
16657.906,-0.479,0.362,0.857,7.51,7.23,-31.71,1,3
16657.921,-0.471,0.361,0.829,4.24,8.36,-27.71,1,3
16657.921,-0.467,0.357,0.821,-0.12,10.01,-23.8,1,3
16657.937,-0.457,0.338,0.836,-4.61,11.14,-18.31,1,3
16657.953,-0.442,0.325,0.844,-7.63,11.78,-11.02,1,3
16657.953,-0.427,0.322,0.851,-11.47,11.57,-2.69,1,3
16657.968,-0.422,0.315,0.844,-16.94,10.44,5.34,1,3
16657.984,-0.42,0.298,0.839,-21.91,9.0,13.4,1,3
16658.0,-0.413,0.301,0.816,-24.81,7.66,21.7,1,3
16658.0,-0.428,0.301,0.791,-26.34,8.03,30.7,1,3
16658.015,-0.452,0.288,0.782,-27.53,9.52,38.91,1,3
16658.015,-0.485,0.265,0.786,-27.16,11.9,45.08,1,3
16658.031,-0.524,0.252,0.788,-22.16,16.72,49.41,1,3
16658.046,-0.546,0.238,0.798,-19.93,18.49,46.72,1,3
16658.046,-0.568,0.238,0.808,-20.26,18.98,41.05,1,3
16658.062,-0.609,0.233,0.858,-22.68,17.49,33.81,1,3
16658.078,-0.61,0.223,0.876,-24.29,13.49,26.8,1,3
16658.078,-0.595,0.22,0.88,-24.87,9.13,20.94,1,3
16658.093,-0.582,0.222,0.868,-25.94,5.07,15.87,1,3
16658.093,-0.559,0.214,0.859,-26.67,0.79,11.51,1,3
16658.109,-0.543,0.208,0.838,-25.61,-2.53,8.03,1,3
16658.125,-0.522,0.197,0.813,-23.22,-5.04,5.49,1,3
16658.14,-0.502,0.186,0.794,-19.44,-6.35,3.27,1,3
16658.14,-0.487,0.169,0.783,-14.59,-6.47,0.92,1,3
16658.156,-0.48,0.151,0.78,-9.25,-5.49,-1.4,1,3
16658.156,-0.477,0.145,0.787,-4.33,-4.06,-2.96,1,3
16658.171,-0.463,0.138,0.791,-0.52,-3.51,-3.78,1,3
16658.171,-0.443,0.134,0.807,1.59,-3.3,-4.21,1,3
16658.187,-0.435,0.138,0.821,3.14,-2.96,-4.61,1,3
16658.203,-0.44,0.154,0.826,4.15,-2.69,-5.31,1,3
16658.203,-0.446,0.176,0.828,4.97,-2.78,-5.62,1,3
16658.218,-0.459,0.207,0.831,6.04,-3.27,-5.37,1,3
16658.234,-0.475,0.236,0.828,7.02,-3.81,-4.3,1,3
16658.234,-0.49,0.263,0.824,7.42,-3.75,-2.47,1,3
16658.25,-0.502,0.287,0.825,6.87,-3.17,-0.46,1,3
16658.265,-0.515,0.305,0.835,5.62,-2.5,1.83,1,3
16658.265,-0.518,0.311,0.846,3.63,-2.35,4.39,1,3
16658.281,-0.511,0.307,0.857,1.13,-2.81,6.96,1,3
16658.281,-0.505,0.297,0.864,-1.65,-3.36,8.42,1,3
16658.296,-0.502,0.287,0.87,-3.88,-4.36,8.91,1,3
16658.312,-0.503,0.282,0.871,-5.55,-6.32,8.27,1,3
16658.312,-0.509,0.273,0.857,-6.59,-8.45,7.14,1,3
16658.328,-0.519,0.266,0.844,-7.81,-10.28,6.78,1,3
16658.343,-0.523,0.254,0.841,-8.88,-11.54,7.42,1,3
16658.343,-0.528,0.236,0.833,-9.13,-12.42,7.72,1,3
16658.359,-0.525,0.219,0.823,-8.61,-12.6,6.78,1,3
16658.375,-0.506,0.203,0.815,-7.57,-12.6,4.91,1,3
16658.375,-0.488,0.197,0.816,-6.16,-12.54,3.33,1,3
16658.39,-0.477,0.189,0.812,-4.73,-12.33,1.95,1,3
16658.406,-0.472,0.178,0.814,-3.2,-12.09,1.19,1,3
16658.406,-0.466,0.166,0.831,-0.98,-11.78,0.76,1,3
16658.421,-0.464,0.161,0.838,2.41,-13.31,-0.67,1,3
16658.421,-0.448,0.179,0.817,5.68,-14.4,-2.69,1,3
16658.437,-0.447,0.185,0.821,8.45,-15.63,-3.57,1,3
16658.453,-0.444,0.206,0.779,8.82,-16.21,-3.81,1,3
16658.468,-0.456,0.213,0.789,8.21,-13.76,-1.1,1,3
16658.468,-0.476,0.212,0.784,8.0,-11.11,2.26,1,3
16658.484,-0.487,0.217,0.791,6.99,-8.15,5.83,1,3
16658.484,-0.491,0.218,0.803,5.28,-5.37,8.94,1,3
16658.5,-0.498,0.214,0.818,3.85,-2.53,10.77,1,3
16658.515,-0.504,0.219,0.844,2.59,-0.43,12.12,1,3
16658.531,-0.502,0.23,0.863,0.98,0.4,12.57,1,3
16658.531,-0.511,0.247,0.868,-1.13,0.46,12.48,1,3
16658.531,-0.519,0.263,0.87,-4.58,-0.4,12.48,1,3
16658.546,-0.518,0.278,0.87,-8.76,-1.56,12.91,1,3
16658.562,-0.51,0.289,0.869,-12.09,-2.23,13.28,1,3
16658.578,-0.504,0.295,0.867,-14.8,-2.29,13.12,1,3
16658.578,-0.498,0.297,0.868,-17.85,-2.17,12.79,1,3
16658.593,-0.492,0.291,0.867,-21.03,-2.08,12.09,1,3
16658.593,-0.489,0.274,0.868,-22.98,-2.01,11.08,1,3
16658.609,-0.486,0.263,0.863,-24.32,-1.98,9.77,1,3
16658.625,-0.486,0.241,0.851,-24.54,-1.83,7.97,1,3
16658.64,-0.482,0.223,0.842,-23.68,-1.16,5.92,1,3
16658.64,-0.487,0.203,0.834,-22.03,-0.82,3.88,1,3
16658.656,-0.491,0.185,0.824,-19.75,-0.95,2.2,1,3
16658.656,-0.492,0.172,0.82,-17.73,-1.86,1.16,1,3
16658.671,-0.485,0.165,0.827,-15.44,-2.78,1.13,1,3
16658.687,-0.475,0.157,0.833,-12.33,-3.54,1.86,1,3
16658.687,-0.461,0.154,0.832,-10.99,-5.46,2.9,1,3
16658.703,-0.442,0.151,0.838,-10.35,-6.62,3.45,1,3
16658.703,-0.43,0.155,0.839,-9.37,-7.05,2.81,1,3
16658.718,-0.436,0.161,0.843,-7.87,-6.65,1.62,1,3
16658.734,-0.448,0.174,0.839,-6.1,-6.1,0.89,1,3
16658.734,-0.458,0.189,0.837,-5.43,-5.28,0.46,1,3
16658.75,-0.461,0.199,0.834,-6.07,-3.94,0.49,1,3
16658.765,-0.458,0.208,0.845,-7.6,-2.44,1.31,1,3
16658.765,-0.452,0.205,0.858,-8.82,-1.37,2.35,1,3
16658.781,-0.447,0.213,0.856,-10.25,-0.43,3.05,1,3
16658.781,-0.46,0.203,0.881,-10.99,0.03,4.3,1,3
16658.796,-0.468,0.203,0.863,-11.51,-0.49,4.64,1,3
16658.812,-0.472,0.21,0.867,-12.12,-0.4,5.8,1,3
16658.828,-0.467,0.197,0.859,-12.3,-0.92,5.62,1,3
16658.828,-0.469,0.182,0.861,-10.77,-0.24,5.22,1,3
16658.843,-0.461,0.175,0.859,-7.26,0.64,4.46,1,3
16658.843,-0.455,0.178,0.858,-4.64,1.37,3.27,1,3
16658.859,-0.454,0.169,0.866,-3.6,2.08,1.92,1,3
16658.875,-0.454,0.169,0.878,-3.2,1.98,1.31,1,3
16658.875,-0.453,0.173,0.88,-2.84,0.79,0.61,1,3
16658.89,-0.454,0.173,0.879,-2.5,-0.7,-0.09,1,3
16658.906,-0.445,0.18,0.869,-2.35,-2.08,0.12,1,3
16658.906,-0.431,0.187,0.855,-2.44,-2.72,0.46,1,3
16658.921,-0.425,0.19,0.842,-2.72,-2.11,0.49,1,3
16658.921,-0.424,0.191,0.835,-2.99,-0.82,0.37,1,3
16658.937,-0.426,0.195,0.827,-2.62,0.7,0.52,1,3
16658.953,-0.424,0.194,0.824,-2.41,2.26,0.49,1,3
16658.968,-0.422,0.191,0.823,-2.08,4.0,0.18,1,3
16658.968,-0.425,0.189,0.829,-1.4,6.07,-0.46,1,3
16658.984,-0.431,0.185,0.84,-0.27,8.0,-1.22,1,3
16658.984,-0.439,0.182,0.854,1.04,9.16,-1.77,1,3
16659.0,-0.441,0.18,0.864,2.81,9.37,-2.2,1,3
16659.015,-0.442,0.184,0.867,4.85,8.88,-3.39,1,3
16659.015,-0.45,0.19,0.865,5.22,8.3,-3.91,1,3
16659.031,-0.46,0.191,0.868,5.4,7.81,-4.06,1,3
16659.046,-0.462,0.208,0.87,4.7,7.23,-3.66,1,3
16659.046,-0.463,0.21,0.873,3.17,6.71,-2.84,1,3
16659.062,-0.461,0.218,0.875,1.4,6.23,-1.8,1,3
16659.062,-0.469,0.219,0.874,-0.55,5.89,-0.21,1,3
16659.078,-0.47,0.22,0.876,-2.14,5.07,1.37,1,3
16659.093,-0.475,0.221,0.874,-3.6,4.24,2.78,1,3
16659.093,-0.478,0.216,0.87,-5.22,3.27,4.0,1,3
16659.109,-0.48,0.21,0.864,-5.86,2.59,4.91,1,3
16659.125,-0.482,0.204,0.855,-6.26,2.26,5.58,1,3
16659.125,-0.48,0.194,0.849,-6.71,2.08,5.8,1,3
16659.14,-0.479,0.182,0.848,-6.56,2.41,5.62,1,3
16659.14,-0.481,0.175,0.846,-6.1,2.93,5.16,1,3
16659.156,-0.486,0.17,0.843,-5.52,3.17,4.27,1,3
16659.171,-0.493,0.162,0.84,-4.76,3.02,3.23,1,3
16659.171,-0.491,0.156,0.838,-4.03,2.9,1.98,1,3
16659.187,-0.481,0.154,0.841,-2.93,2.75,0.49,1,3
16659.203,-0.473,0.156,0.839,-1.62,2.93,-1.22,1,3
16659.203,-0.474,0.157,0.84,-0.52,3.36,-2.75,1,3
16659.218,-0.475,0.16,0.842,0.21,3.33,-3.81,1,3
16659.234,-0.476,0.167,0.84,0.64,3.05,-4.97,1,3
16659.234,-0.477,0.177,0.838,0.58,2.87,-6.16,1,3
16659.25,-0.474,0.182,0.842,0.64,3.02,-6.9,1,3
16659.265,-0.474,0.191,0.839,0.92,3.51,-7.17,1,3
16659.265,-0.479,0.197,0.839,0.76,4.24,-7.26,1,3
16659.281,-0.478,0.192,0.845,1.22,4.49,-7.9,1,3
16659.281,-0.487,0.208,0.845,1.65,5.01,-7.93,1,3
16659.296,-0.494,0.21,0.85,0.73,4.76,-6.87,1,3
16659.312,-0.495,0.219,0.846,-0.27,4.55,-5.04,1,3
16659.312,-0.494,0.211,0.849,-2.23,4.18,-3.02,1,3
16659.328,-0.489,0.209,0.851,-4.06,3.51,-1.46,1,3
16659.343,-0.48,0.198,0.847,-5.86,3.05,0.0,1,3
16659.343,-0.471,0.188,0.846,-6.84,3.17,1.16,1,3
16659.359,-0.471,0.179,0.847,-7.17,3.85,1.53,1,3
16659.375,-0.471,0.17,0.849,-7.45,3.97,1.46,1,3
16659.375,-0.462,0.162,0.844,-7.63,3.78,0.98,1,3
16659.39,-0.457,0.158,0.838,-7.29,3.85,-0.06,1,3
16659.406,-0.463,0.157,0.829,-6.41,4.27,-1.59,1,3
16659.406,-0.48,0.165,0.828,-5.31,5.68,-2.56,1,3
16659.421,-0.501,0.174,0.828,-4.7,7.29,-3.36,1,3
16659.421,-0.511,0.181,0.838,-5.16,8.94,-3.48,1,3
16659.437,-0.519,0.189,0.858,-5.98,10.65,-2.84,1,3
16659.453,-0.526,0.192,0.879,-7.45,11.51,-2.01,1,3
16659.453,-0.524,0.186,0.903,-9.34,10.62,-1.68,1,3
16659.468,-0.531,0.189,0.915,-11.08,8.73,-0.98,1,3
16659.484,-0.53,0.187,0.907,-12.39,5.4,0.55,1,3
16659.484,-0.527,0.182,0.886,-12.88,2.04,2.08,1,3
16659.5,-0.523,0.177,0.865,-12.82,-0.64,3.39,1,3
16659.515,-0.514,0.167,0.846,-12.48,-2.2,5.1,1,3
16659.515,-0.504,0.155,0.828,-12.3,-2.69,6.29,1,3
16659.531,-0.509,0.148,0.815,-11.81,-1.77,6.62,1,3
16659.531,-0.518,0.141,0.813,-11.93,-0.79,6.59,1,3
16659.546,-0.518,0.135,0.813,-12.18,0.03,6.62,1,3
16659.562,-0.514,0.128,0.815,-11.87,1.01,6.44,1,3
16659.562,-0.512,0.122,0.82,-11.29,1.89,6.07,1,3
16659.578,-0.506,0.116,0.83,-11.02,2.62,5.25,1,3
16659.593,-0.503,0.11,0.837,-10.68,3.08,3.85,1,3
16659.593,-0.503,0.108,0.842,-9.64,2.72,1.68,1,3
16659.609,-0.5,0.112,0.845,-8.3,2.04,-0.24,1,3
16659.625,-0.489,0.121,0.839,-6.81,1.65,-1.92,1,3
16659.625,-0.493,0.131,0.835,-6.04,2.08,-3.66,1,3
16659.64,-0.501,0.141,0.835,-5.71,2.5,-5.07,1,3
16659.656,-0.501,0.151,0.837,-5.31,2.78,-5.89,1,3
16659.656,-0.503,0.156,0.839,-4.61,3.02,-6.41,1,3
16659.671,-0.504,0.15,0.846,-3.05,2.84,-7.17,1,3
16659.671,-0.509,0.163,0.843,-1.13,2.5,-7.6,1,3
16659.687,-0.517,0.164,0.842,-1.13,1.83,-6.93,1,3
16659.703,-0.526,0.174,0.834,-1.83,1.07,-5.71,1,3
16659.703,-0.535,0.165,0.834,-3.27,0.12,-4.06,1,3
16659.718,-0.531,0.154,0.835,-4.15,-0.73,-2.62,1,3
16659.734,-0.532,0.149,0.831,-4.58,-0.95,-1.31,1,3
16659.75,-0.528,0.137,0.831,-4.85,-1.22,-0.46,1,3
16659.75,-0.524,0.126,0.83,-4.64,-1.5,-0.09,1,3
16659.765,-0.52,0.116,0.827,-4.12,-1.56,-0.34,1,3
16659.765,-0.507,0.108,0.821,-3.05,-1.34,-0.64,1,3
16659.781,-0.497,0.104,0.82,-2.01,-0.43,-0.92,1,3
16659.781,-0.498,0.1,0.824,-1.5,1.04,-1.71,1,3
16659.796,-0.515,0.097,0.83,-1.4,2.23,-2.81,1,3
16659.812,-0.519,0.087,0.843,-1.07,2.47,-4.12,1,3
16659.828,-0.512,0.093,0.849,-0.12,2.41,-5.19,1,3
16659.828,-0.504,0.097,0.849,0.18,2.41,-5.74,1,3
16659.843,-0.499,0.105,0.853,-0.09,2.81,-6.35,1,3
16659.843,-0.502,0.111,0.854,-0.85,3.17,-6.74,1,3
16659.859,-0.499,0.117,0.858,-1.83,3.05,-6.81,1,3
16659.875,-0.497,0.118,0.861,-2.14,3.11,-7.29,1,3
16659.875,-0.495,0.121,0.861,-1.71,2.87,-8.09,1,3
16659.89,-0.5,0.13,0.856,-1.25,2.47,-8.33,1,3
16659.89,-0.505,0.137,0.849,-0.98,1.98,-8.12,1,3
16659.906,-0.506,0.144,0.841,-0.7,1.71,-7.63,1,3
16659.921,-0.513,0.149,0.832,-0.98,1.8,-6.71,1,3
16659.921,-0.509,0.147,0.829,-2.17,2.26,-5.28,1,3
16659.937,-0.505,0.149,0.836,-3.39,2.87,-3.51,1,3
16659.953,-0.5,0.142,0.844,-4.85,2.99,-1.8,1,3
16659.953,-0.504,0.131,0.851,-5.86,2.53,-0.67,1,3
16659.968,-0.509,0.121,0.853,-6.16,1.68,-0.49,1,3
16659.984,-0.51,0.115,0.848,-5.71,0.55,-1.13,1,3
16659.984,-0.514,0.111,0.839,-2.41,0.27,-3.02,1,3
16660.0,-0.516,0.114,0.832,-1.43,1.4,-3.42,1,3
16660.015,-0.521,0.116,0.828,-1.31,2.32,-3.42,1,3
16660.015,-0.53,0.118,0.832,-1.56,2.66,-2.99,1,3
16660.031,-0.536,0.115,0.84,-1.71,2.38,-2.5,1,3
16660.046,-0.534,0.112,0.842,-1.86,2.17,-1.92,1,3
16660.046,-0.53,0.106,0.845,-1.74,1.89,-1.56,1,3
16660.062,-0.526,0.1,0.851,-1.62,1.56,-1.25,1,3
16660.062,-0.522,0.096,0.867,0.46,1.28,-1.62,1,3
16660.078,-0.524,0.115,0.86,4.3,0.46,-2.56,1,3
16660.093,-0.528,0.121,0.847,4.61,-0.49,-2.81,1,3
16660.093,-0.529,0.126,0.846,3.11,-1.25,-2.56,1,3
16660.109,-0.535,0.129,0.837,2.26,-1.22,-1.92,1,3
16660.125,-0.535,0.128,0.838,1.92,-0.82,-0.67,1,3
16660.125,-0.54,0.137,0.832,1.95,-0.12,0.43,1,3
16660.14,-0.542,0.138,0.829,1.16,0.4,1.59,1,3
16660.156,-0.544,0.14,0.828,-0.12,0.7,2.44,1,3
16660.156,-0.54,0.141,0.825,-1.5,0.82,3.63,1,3
16660.171,-0.537,0.141,0.82,-2.96,0.95,5.25,1,3
16660.171,-0.537,0.141,0.818,-4.58,1.37,6.78,1,3
16660.187,-0.534,0.14,0.819,-6.53,1.62,8.09,1,3
16660.203,-0.531,0.136,0.818,-8.24,1.86,9.0,1,3
16660.203,-0.529,0.133,0.822,-9.46,2.47,9.64,1,3
16660.218,-0.533,0.134,0.823,-10.28,2.81,10.35,1,3
16660.234,-0.533,0.128,0.822,-11.11,3.11,10.86,1,3
16660.234,-0.519,0.117,0.827,-10.35,3.3,10.07,1,3
16660.25,-0.521,0.133,0.817,-8.76,3.81,9.61,1,3
16660.265,-0.511,0.136,0.817,-8.39,3.14,10.38,1,3
16660.265,-0.506,0.143,0.808,-8.79,2.53,11.87,1,3
16660.281,-0.5,0.137,0.804,-10.22,1.8,13.28,1,3
16660.296,-0.51,0.137,0.804,-12.21,1.8,14.56,1,3
16660.296,-0.52,0.124,0.815,-14.16,1.5,15.87,1,3
16660.312,-0.523,0.115,0.821,-15.02,1.19,16.36,1,3
16660.312,-0.528,0.11,0.825,-15.41,1.1,16.3,1,3
16660.328,-0.53,0.105,0.831,-15.72,1.01,16.05,1,3
16660.343,-0.533,0.101,0.835,-15.96,1.34,15.32,1,3
16660.359,-0.539,0.104,0.844,-16.11,1.53,14.16,1,3
16660.359,-0.547,0.096,0.853,-16.85,0.73,12.97,1,3
16660.375,-0.542,0.092,0.859,-16.66,-0.52,12.33,1,3
16660.375,-0.533,0.101,0.856,-16.05,-1.4,11.87,1,3
16660.39,-0.528,0.099,0.855,-15.78,-1.92,11.08,1,3
16660.406,-0.528,0.1,0.861,-15.41,-2.38,10.28,1,3
16660.406,-0.526,0.102,0.859,-15.14,-3.05,9.52,1,3
16660.421,-0.526,0.096,0.859,-14.34,-3.57,8.61,1,3
16660.437,-0.527,0.102,0.861,-13.28,-4.09,7.42,1,3
16660.437,-0.525,0.098,0.869,-12.24,-5.04,6.23,1,3
16660.453,-0.536,0.103,0.876,-10.71,-5.92,5.31,1,3
16660.468,-0.542,0.105,0.876,-10.01,-8.06,4.79,1,3
16660.468,-0.546,0.11,0.88,-10.32,-11.29,4.43,1,3
16660.484,-0.542,0.108,0.875,-10.68,-15.08,4.3,1,3
16660.484,-0.538,0.107,0.858,-11.14,-18.46,4.43,1,3
16660.5,-0.534,0.112,0.857,-12.12,-21.18,5.22,1,3
16660.515,-0.521,0.113,0.837,-13.06,-23.01,5.8,1,3
16660.515,-0.532,0.115,0.834,-14.83,-23.35,6.99,1,3
16660.531,-0.545,0.115,0.843,-18.07,-24.78,9.28,1,3
16660.546,-0.528,0.115,0.849,-22.43,-27.19,11.96,1,3
16660.546,-0.525,0.109,0.852,-26.58,-28.69,13.79,1,3
16660.562,-0.55,0.115,0.865,-32.87,-31.77,14.65,1,3
16660.562,-0.559,0.097,0.886,-39.49,-38.24,15.56,1,3
16660.578,-0.555,0.091,0.947,-51.33,-46.94,16.14,1,3
16660.593,-0.515,0.062,0.925,-58.9,-55.73,16.85,1,3
16660.593,-0.489,0.04,0.902,-59.3,-58.35,19.44,1,3
16660.609,-0.464,0.025,0.883,-54.29,-56.37,23.87,1,3
16660.625,-0.449,0.018,0.867,-48.83,-52.55,26.73,1,3
16660.64,-0.459,0.011,0.855,-45.23,-48.34,28.63,1,3
16660.64,-0.476,0.015,0.853,-44.1,-44.71,30.46,1,3
16660.656,-0.475,0.013,0.872,-45.84,-42.79,33.27,1,3
16660.656,-0.462,-0.002,0.894,-49.84,-42.66,36.84,1,3
16660.671,-0.455,-0.009,0.912,-53.62,-43.21,41.23,1,3
16660.687,-0.449,-0.033,0.917,-54.51,-43.31,46.33,1,3
16660.687,-0.435,-0.051,0.912,-54.29,-43.37,50.36,1,3
16660.703,-0.419,-0.069,0.915,-53.56,-43.55,51.33,1,3
16660.718,-0.387,-0.092,0.91,-50.87,-43.86,49.78,1,3
16660.718,-0.351,-0.097,0.91,-46.42,-41.93,45.63,1,3
16660.734,-0.338,-0.101,0.921,-39.86,-38.79,38.85,1,3
16660.734,-0.349,-0.105,0.939,-31.92,-35.68,31.5,1,3
16660.75,-0.379,-0.102,0.95,-24.29,-34.42,25.27,1,3
16660.765,-0.395,-0.097,0.931,-17.82,-35.19,21.36,1,3
16660.765,-0.391,-0.085,0.916,-14.8,-36.07,19.71,1,3
16660.781,-0.383,-0.058,0.912,-16.08,-37.11,20.2,1,3
16660.796,-0.365,-0.062,0.896,-17.15,-37.6,22.1,1,3
16660.796,-0.35,-0.053,0.9,-18.28,-36.41,24.66,1,3
16660.812,-0.331,-0.05,0.917,-19.44,-35.22,26.22,1,3
16660.812,-0.327,-0.059,0.94,-16.85,-34.46,26.06,1,3
16660.828,-0.315,-0.066,0.934,-11.26,-34.73,24.9,1,3
16660.843,-0.304,-0.067,0.923,-6.04,-34.67,22.37,1,3
16660.843,-0.315,-0.067,0.914,-3.08,-34.15,19.32,1,3
16660.859,-0.311,-0.061,0.913,-1.65,-33.72,18.04,1,3
16660.875,-0.293,-0.049,0.897,-2.5,-32.11,17.55,1,3
16660.89,-0.281,-0.045,0.901,-4.97,-29.63,18.4,1,3
16660.89,-0.269,-0.046,0.904,-6.59,-27.01,19.78,1,3
16660.906,-0.26,-0.048,0.902,-6.29,-23.71,20.54,1,3
16660.906,-0.251,-0.049,0.913,-5.34,-20.42,19.32,1,3
16660.921,-0.248,-0.052,0.931,-3.2,-17.55,16.57,1,3
16660.921,-0.25,-0.053,0.95,0.46,-15.69,13.15,1,3
16660.937,-0.246,-0.043,0.963,3.48,-14.47,9.43,1,3
16660.953,-0.233,-0.037,0.976,5.98,-13.76,5.43,1,3
16660.953,-0.225,-0.025,0.991,8.85,-13.34,1.46,1,3
16660.968,-0.229,-0.018,1.009,12.91,-13.12,-2.93,1,3
16660.984,-0.231,-0.012,1.008,19.5,-15.14,-11.02,1,3
16660.984,-0.238,0.002,0.995,20.57,-16.08,-14.5,1,3
16661.0,-0.231,0.011,0.978,20.69,-15.56,-17.3,1,3
16661.015,-0.218,0.032,0.938,20.02,-13.46,-18.95,1,3
16661.015,-0.217,0.036,0.933,18.52,-10.41,-19.04,1,3
16661.031,-0.222,0.041,0.948,17.58,-7.35,-18.46,1,3
16661.031,-0.234,0.042,0.954,18.37,-5.31,-17.06,1,3
16661.046,-0.24,0.053,0.957,18.07,-4.64,-15.05,1,3
16661.062,-0.235,0.057,0.976,16.51,-5.25,-13.03,1,3
16661.062,-0.226,0.052,0.96,15.81,-6.32,-11.29,1,3
16661.078,-0.214,0.06,0.95,14.89,-6.59,-9.55,1,3
16661.093,-0.217,0.058,0.955,14.59,-5.83,-7.93,1,3
16661.093,-0.209,0.063,0.946,13.86,-5.31,-5.58,1,3
16661.109,-0.219,0.065,0.943,13.52,-4.82,-2.93,1,3
16661.125,-0.234,0.066,0.94,13.28,-3.97,0.15,1,3
16661.125,-0.222,0.066,0.934,11.26,-3.57,3.72,1,3
16661.14,-0.211,0.063,0.921,7.93,-3.11,6.38,1,3
16661.156,-0.205,0.054,0.917,5.31,-1.8,8.21,1,3
16661.156,-0.202,0.049,0.924,4.79,0.49,9.61,1,3
16661.171,-0.205,0.051,0.934,4.21,2.44,10.41,1,3
16661.187,-0.209,0.048,0.955,2.59,3.17,10.47,1,3
16661.187,-0.211,0.032,0.965,2.35,2.81,10.8,1,3
16661.203,-0.216,0.029,0.961,2.96,2.59,11.02,1,3
16661.203,-0.218,0.026,0.97,2.23,2.08,10.83,1,3
16661.218,-0.209,0.012,0.974,1.25,1.37,10.16,1,3
16661.234,-0.205,0.002,0.963,1.95,1.22,9.06,1,3
16661.234,-0.207,0.002,0.973,2.75,1.37,7.2,1,3
16661.25,-0.223,0.001,1.005,4.24,0.46,4.79,1,3
16661.25,-0.228,-0.006,1.01,7.35,-2.08,3.05,1,3
16661.265,-0.227,-0.001,0.998,9.09,-4.49,0.98,1,3
16661.281,-0.212,-0.014,0.984,9.64,-6.38,-2.01,1,3
16661.281,-0.216,-0.013,0.968,10.5,-6.41,-6.16,1,3
16661.296,-0.232,-0.006,0.974,11.32,-5.22,-10.65,1,3
16661.312,-0.264,0.002,1.001,11.99,-4.46,-14.31,1,3
16661.312,-0.286,0.008,1.011,14.53,-5.19,-15.9,1,3
16661.328,-0.298,0.018,1.007,17.76,-6.47,-15.05,1,3
16661.343,-0.297,0.027,0.992,18.46,-8.03,-12.76,1,3
16661.343,-0.284,0.027,0.978,16.94,-9.0,-10.01,1,3
16661.359,-0.265,0.023,0.963,15.35,-9.31,-7.51,1,3
16661.375,-0.253,0.026,0.956,14.19,-8.7,-5.86,1,3
16661.375,-0.251,0.032,0.952,13.64,-7.69,-4.85,1,3
16661.39,-0.256,0.036,0.957,12.7,-6.84,-4.21,1,3
16661.406,-0.263,0.038,0.962,11.69,-6.23,-3.42,1,3
16661.406,-0.265,0.036,0.96,10.22,-6.1,-2.66,1,3
16661.421,-0.265,0.031,0.96,9.0,-5.92,-2.14,1,3
16661.421,-0.271,0.026,0.961,8.97,-5.55,-1.92,1,3
16661.437,-0.274,0.029,0.957,9.4,-5.31,-2.41,1,3
16661.453,-0.273,0.034,0.952,9.61,-4.94,-3.11,1,3
16661.453,-0.277,0.039,0.954,9.43,-4.36,-3.91,1,3
16661.468,-0.278,0.044,0.951,9.49,-3.81,-4.06,1,3
16661.484,-0.272,0.052,0.94,9.55,-3.05,-3.78,1,3
16661.5,-0.272,0.055,0.929,9.16,-1.53,-3.66,1,3
16661.5,-0.28,0.059,0.941,8.45,0.06,-3.33,1,3
16661.515,-0.284,0.07,0.951,7.69,0.61,-2.78,1,3
16661.515,-0.285,0.076,0.951,7.17,0.61,-2.38,1,3
16661.531,-0.289,0.08,0.95,6.62,0.4,-1.74,1,3
16661.546,-0.284,0.084,0.941,5.46,-0.12,-1.19,1,3
16661.546,-0.279,0.085,0.93,4.36,0.0,-0.73,1,3
16661.562,-0.282,0.088,0.927,4.03,1.01,0.0,1,3
16661.578,-0.275,0.096,0.919,3.42,2.11,1.31,1,3
16661.578,-0.261,0.098,0.911,1.98,3.33,2.08,1,3
16661.593,-0.258,0.094,0.908,1.1,5.19,2.17,1,3
16661.593,-0.266,0.097,0.91,1.43,7.75,2.29,1,3
16661.609,-0.275,0.101,0.915,1.43,9.74,2.59,1,3
16661.625,-0.281,0.103,0.922,0.34,11.08,2.9,1,3
16661.625,-0.286,0.102,0.932,-0.76,12.05,3.48,1,3
16661.64,-0.294,0.097,0.939,-1.01,13.12,4.33,1,3
16661.656,-0.289,0.104,0.948,-1.95,13.55,5.19,1,3
16661.656,-0.285,0.106,0.963,-2.08,13.31,5.34,1,3
16661.671,-0.281,0.104,0.967,-1.01,12.54,5.58,1,3
16661.687,-0.274,0.112,0.96,-0.49,11.78,5.89,1,3
16661.687,-0.27,0.118,0.956,-1.19,10.9,5.83,1,3
16661.703,-0.268,0.112,0.958,-2.23,10.07,5.92,1,3
16661.703,-0.269,0.114,0.956,-2.53,10.01,6.44,1,3
16661.718,-0.266,0.117,0.95,-2.87,10.47,7.17,1,3
16661.734,-0.263,0.114,0.949,-3.45,11.75,7.93,1,3
16661.734,-0.27,0.112,0.954,-4.09,13.12,8.97,1,3
16661.75,-0.279,0.108,0.968,-4.67,14.22,10.35,1,3
16661.765,-0.282,0.102,0.98,-5.4,14.07,11.54,1,3
16661.765,-0.282,0.092,0.987,-6.65,12.85,12.09,1,3
16661.781,-0.279,0.081,0.986,-7.32,11.41,11.75,1,3
16661.796,-0.276,0.073,0.981,-6.87,10.32,10.93,1,3
16661.796,-0.278,0.072,0.981,-5.74,9.58,10.35,1,3
16661.812,-0.284,0.073,0.977,-4.97,8.94,9.55,1,3
16661.812,-0.291,0.073,0.979,-4.06,8.64,9.06,1,3
16661.828,-0.292,0.079,0.977,-4.3,8.09,8.91,1,3
16661.843,-0.288,0.071,0.972,-5.49,7.54,8.73,1,3
16661.843,-0.285,0.065,0.971,-6.44,7.05,8.58,1,3
16661.859,-0.276,0.061,0.967,-6.5,6.71,8.12,1,3
16661.875,-0.269,0.061,0.965,-5.92,6.9,7.51,1,3
16661.875,-0.276,0.063,0.967,-5.01,7.39,6.56,1,3
16661.89,-0.286,0.065,0.968,-4.39,7.23,5.86,1,3
16661.89,-0.284,0.066,0.968,-4.52,6.35,5.62,1,3
16661.906,-0.285,0.065,0.965,-4.49,5.68,4.97,1,3
16661.921,-0.283,0.063,0.963,-4.39,5.25,4.3,1,3
16661.937,-0.285,0.061,0.962,-4.27,5.31,3.45,1,3
16661.937,-0.289,0.06,0.963,-4.55,5.22,2.04,1,3
16661.953,-0.295,0.055,0.966,-4.15,5.49,0.73,1,3
16661.953,-0.297,0.06,0.972,-1.5,5.46,-0.49,1,3
16661.968,-0.299,0.067,0.972,-0.79,5.01,-1.1,1,3
16661.984,-0.304,0.073,0.971,-0.76,4.06,-1.56,1,3
16661.984,-0.307,0.073,0.976,-1.04,2.78,-1.77,1,3
16662.0,-0.307,0.073,0.965,-1.1,1.77,-1.28,1,3
16662.015,-0.301,0.074,0.955,-1.56,1.16,-0.46,1,3
16662.015,-0.295,0.07,0.949,-2.23,1.22,0.12,1,3
16662.031,-0.294,0.067,0.946,-2.11,2.08,0.37,1,3
16662.031,-0.296,0.07,0.944,-1.74,3.08,0.85,1,3
16662.046,-0.297,0.066,0.943,-1.89,3.88,1.43,1,3
16662.062,-0.299,0.062,0.949,-2.66,4.46,1.95,1,3
16662.062,-0.308,0.054,0.955,-3.17,4.85,2.32,1,3
16662.078,-0.31,0.054,0.958,-3.66,4.49,2.66,1,3
16662.093,-0.307,0.052,0.951,-4.55,3.78,2.93,1,3
16662.109,-0.304,0.048,0.948,-5.74,3.14,3.08,1,3
16662.109,-0.297,0.042,0.949,-6.68,2.78,2.75,1,3
16662.125,-0.292,0.037,0.944,-6.32,3.02,2.08,1,3
16662.125,-0.296,0.035,0.947,-5.07,3.91,1.37,1,3
16662.14,-0.295,0.038,0.953,-3.94,4.7,0.4,1,3
16662.156,-0.3,0.04,0.956,-3.08,5.04,-0.61,1,3
16662.156,-0.302,0.042,0.957,-2.32,5.4,-1.56,1,3
16662.171,-0.305,0.044,0.957,-1.4,5.62,-2.29,1,3
16662.171,-0.31,0.046,0.949,-0.46,5.95,-2.53,1,3
16662.187,-0.311,0.05,0.946,-0.49,6.13,-2.44,1,3
16662.203,-0.317,0.051,0.949,-0.89,6.38,-2.38,1,3
16662.203,-0.328,0.054,0.951,-1.1,6.23,-1.86,1,3
16662.218,-0.328,0.059,0.95,-2.5,5.19,-1.31,1,3
16662.234,-0.322,0.058,0.951,-5.34,3.57,-1.16,1,3
16662.234,-0.322,0.046,0.955,-6.99,2.23,-1.43,1,3
16662.25,-0.326,0.046,0.952,-6.59,1.4,-1.77,1,3
16662.265,-0.324,0.047,0.945,-5.52,0.67,-2.01,1,3
16662.265,-0.319,0.05,0.936,-4.88,0.37,-2.41,1,3
16662.281,-0.314,0.052,0.927,-4.52,0.55,-2.81,1,3
16662.296,-0.312,0.054,0.926,-4.09,1.07,-3.3,1,3
16662.296,-0.318,0.055,0.921,-3.6,1.71,-3.69,1,3
16662.312,-0.32,0.055,0.917,-3.51,2.01,-4.06,1,3
16662.328,-0.325,0.054,0.923,-3.72,1.74,-4.88,1,3
16662.328,-0.322,0.055,0.915,-3.88,1.37,-5.8,1,3
16662.343,-0.327,0.056,0.917,-3.14,1.95,-6.71,1,3
16662.343,-0.331,0.062,0.915,-2.23,2.44,-7.51,1,3
16662.359,-0.334,0.066,0.921,-1.16,3.33,-7.6,1,3
16662.375,-0.328,0.073,0.92,-0.09,3.75,-7.66,1,3
16662.375,-0.329,0.077,0.924,0.73,4.12,-7.42,1,3
16662.39,-0.333,0.085,0.927,0.55,4.15,-7.05,1,3
16662.406,-0.334,0.082,0.928,-0.18,3.36,-6.5,1,3
16662.406,-0.324,0.076,0.925,-0.4,2.2,-5.98,1,3
16662.421,-0.321,0.071,0.922,0.12,1.56,-5.62,1,3
16662.421,-0.313,0.072,0.918,1.07,0.98,-5.49,1,3
16662.437,-0.311,0.069,0.911,2.14,0.79,-5.74,1,3
16662.453,-0.324,0.07,0.903,3.33,0.92,-6.23,1,3
16662.453,-0.338,0.07,0.895,4.33,1.22,-6.62,1,3
16662.468,-0.339,0.07,0.897,4.21,1.95,-6.59,1,3
16662.484,-0.34,0.065,0.899,3.45,2.99,-6.29,1,3
16662.484,-0.343,0.059,0.909,3.66,3.91,-5.62,1,3
16662.5,-0.34,0.053,0.923,3.69,4.36,-5.43,1,3
16662.515,-0.341,0.036,0.926,4.18,4.85,-6.13,1,3
16662.515,-0.345,0.023,0.939,5.83,5.37,-7.45,1,3
16662.531,-0.347,0.018,0.948,7.57,5.43,-9.22,1,3
16662.546,-0.346,0.011,0.955,9.0,5.55,-11.57,1,3
16662.562,-0.348,0.003,0.966,10.62,5.71,-13.64,1,3
16662.578,-0.353,0.004,0.968,12.36,5.62,-14.95,1,3
16662.578,-0.356,0.006,0.968,13.06,5.19,-15.56,1,3
16662.593,-0.353,0.0,0.967,12.3,4.76,-15.75,1,3
16662.593,-0.355,0.004,0.974,10.68,4.82,-15.32,1,3
16662.609,-0.373,0.012,0.986,8.79,5.25,-13.67,1,3
16662.625,-0.375,0.017,0.989,5.62,5.34,-10.38,1,3
16662.64,-0.36,0.012,0.997,0.92,5.4,-6.04,1,3
16662.64,-0.35,-0.0,1.009,-3.88,5.22,-2.04,1,3
16662.656,-0.348,-0.023,1.019,-7.17,4.12,0.7,1,3
16662.671,-0.339,-0.045,1.021,-9.16,2.08,1.59,1,3
16662.687,-0.327,-0.056,1.02,-9.74,-0.12,0.67,1,3
16662.687,-0.318,-0.064,1.006,-8.97,-1.92,-1.34,1,3
16662.703,-0.309,-0.063,0.994,-8.09,-3.42,-3.66,1,3
16662.703,-0.309,-0.055,0.984,-7.17,-4.06,-6.5,1,3
16662.703,-0.313,-0.046,0.981,-6.01,-4.82,-9.55,1,3
16662.718,-0.317,-0.03,0.974,-4.88,-5.65,-12.18,1,3
16662.718,-0.328,-0.013,0.965,-3.91,-6.65,-14.28,1,3
16662.734,-0.335,0.006,0.95,-3.75,-8.0,-15.47,1,3
16662.734,-0.328,0.021,0.93,-4.27,-9.03,-15.69,1,3
16662.75,-0.321,0.029,0.914,-4.94,-9.4,-15.72,1,3
16662.765,-0.325,0.039,0.905,-5.4,-9.03,-15.38,1,3
16662.765,-0.328,0.044,0.901,-5.65,-8.48,-14.53,1,3
16662.781,-0.33,0.048,0.896,-5.98,-7.87,-13.52,1,3
16662.796,-0.335,0.048,0.892,-6.07,-7.57,-12.6,1,3
16662.796,-0.34,0.043,0.895,-6.59,-7.39,-12.05,1,3
16662.812,-0.347,0.037,0.897,-7.11,-6.9,-12.02,1,3
16662.812,-0.359,0.034,0.903,-6.81,-5.95,-12.7,1,3
16662.828,-0.369,0.032,0.907,-6.01,-5.31,-13.28,1,3
16662.843,-0.368,0.04,0.913,-6.1,-5.07,-12.94,1,3
16662.859,-0.362,0.043,0.92,-6.99,-4.36,-11.96,1,3
16662.859,-0.356,0.039,0.924,-8.48,-3.75,-11.29,1,3
16662.875,-0.346,0.04,0.935,-9.89,-3.48,-10.71,1,3
16662.875,-0.34,0.037,0.942,-10.96,-3.33,-9.67,1,3
16662.89,-0.334,0.031,0.944,-11.78,-3.33,-8.7,1,3
16662.906,-0.332,0.022,0.949,-11.87,-3.45,-7.9,1,3
16662.906,-0.34,0.016,0.952,-11.32,-3.48,-7.57,1,3
16662.921,-0.353,0.01,0.956,-11.05,-3.6,-7.23,1,3
16662.921,-0.367,0.003,0.962,-11.26,-3.97,-6.04,1,3
16662.937,-0.381,-0.003,0.956,-17.27,-3.05,0.49,1,3
16662.953,-0.388,-0.007,0.945,-24.54,-1.59,4.7,1,3
16662.968,-0.383,-0.016,0.939,-32.53,0.49,9.49,1,3
16662.968,-0.365,-0.025,0.946,-40.07,2.93,14.65,1,3
16662.984,-0.34,-0.056,0.975,-46.33,4.58,19.04,1,3
16662.984,-0.338,-0.083,0.999,-50.23,5.77,21.94,1,3
16663.0,-0.332,-0.115,1.015,-52.13,5.68,23.35,1,3
16663.015,-0.324,-0.145,1.035,-52.28,4.85,23.32,1,3
16663.015,-0.325,-0.172,1.049,-51.48,3.57,21.61,1,3
16663.031,-0.341,-0.203,1.055,-49.62,1.65,18.28,1,3
16663.031,-0.352,-0.231,1.052,-46.66,-0.43,13.98,1,3
16663.046,-0.349,-0.248,1.037,-43.61,-1.68,8.7,1,3
16663.062,-0.348,-0.248,1.024,-41.99,-1.8,2.99,1,3
16663.062,-0.347,-0.247,1.02,-41.63,-0.85,-2.01,1,3
16663.078,-0.341,-0.241,1.026,-42.54,0.43,-5.04,1,3
16663.093,-0.334,-0.23,1.037,-44.59,0.92,-6.38,1,3
16663.093,-0.332,-0.229,1.055,-47.43,0.34,-6.9,1,3
16663.109,-0.336,-0.234,1.064,-50.14,-1.43,-6.62,1,3
16663.125,-0.337,-0.24,1.061,-52.86,-3.51,-6.44,1,3
16663.125,-0.33,-0.246,1.067,-55.39,-4.79,-6.93,1,3
16663.14,-0.325,-0.252,1.07,-57.34,-5.04,-7.75,1,3
16663.14,-0.324,-0.258,1.078,-58.5,-4.76,-8.18,1,3
16663.156,-0.321,-0.267,1.086,-59.54,-5.04,-8.24,1,3
16663.171,-0.328,-0.281,1.096,-60.64,-6.23,-8.48,1,3
16663.187,-0.333,-0.29,1.098,-61.62,-8.36,-8.85,1,3
16663.187,-0.33,-0.297,1.095,-62.41,-11.38,-10.1,1,3
16663.203,-0.326,-0.311,1.088,-61.77,-14.19,-12.82,1,3
16663.203,-0.315,-0.32,1.078,-59.33,-16.3,-16.27,1,3
16663.218,-0.312,-0.314,1.073,-56.15,-17.64,-20.23,1,3
16663.234,-0.316,-0.313,1.07,-53.13,-18.95,-23.8,1,3
16663.234,-0.313,-0.316,1.068,-51.42,-20.81,-25.73,1,3
16663.25,-0.308,-0.313,1.067,-50.97,-23.32,-27.01,1,3
16663.265,-0.317,-0.318,1.054,-50.72,-25.91,-27.77,1,3
16663.265,-0.319,-0.321,1.03,-50.94,-28.66,-27.47,1,3
16663.281,-0.315,-0.321,1.005,-52.13,-31.07,-26.31,1,3
16663.296,-0.302,-0.322,0.982,-54.81,-32.62,-24.54,1,3
16663.296,-0.293,-0.33,0.97,-58.05,-32.47,-21.94,1,3
16663.312,-0.28,-0.345,0.967,-62.23,-32.01,-18.56,1,3
16663.312,-0.274,-0.365,0.969,-65.49,-31.34,-15.26,1,3
16663.328,-0.266,-0.391,0.97,-67.32,-30.49,-13.03,1,3
16663.343,-0.252,-0.408,0.975,-68.15,-29.76,-11.9,1,3
16663.343,-0.24,-0.421,0.984,-67.93,-29.85,-12.33,1,3
16663.359,-0.229,-0.431,0.982,-66.71,-30.76,-12.85,1,3
16663.375,-0.236,-0.435,0.98,-65.28,-31.71,-13.67,1,3
16663.39,-0.24,-0.447,0.963,-65.49,-33.17,-13.95,1,3
16663.39,-0.24,-0.47,0.954,-67.2,-34.94,-13.7,1,3
16663.406,-0.231,-0.488,0.931,-68.7,-36.35,-13.46,1,3
16663.406,-0.222,-0.513,0.916,-68.12,-36.19,-13.73,1,3
16663.421,-0.206,-0.533,0.902,-66.56,-34.91,-15.17,1,3
16663.421,-0.216,-0.543,0.891,-63.97,-32.96,-18.1,1,3
16663.437,-0.224,-0.558,0.874,-62.47,-31.46,-20.81,1,3
16663.453,-0.232,-0.56,0.868,-62.26,-29.48,-22.92,1,3
16663.468,-0.235,-0.563,0.859,-62.99,-27.41,-24.35,1,3
16663.468,-0.241,-0.567,0.873,-65.55,-26.25,-24.84,1,3
16663.484,-0.245,-0.571,0.888,-67.23,-26.86,-25.76,1,3
16663.484,-0.23,-0.583,0.887,-65.4,-28.23,-26.49,1,3
16663.5,-0.214,-0.563,0.878,-62.81,-29.24,-27.5,1,3
16663.515,-0.205,-0.543,0.856,-61.25,-30.21,-28.5,1,3
16663.515,-0.199,-0.525,0.837,-61.98,-30.27,-27.71,1,3
16663.531,-0.199,-0.516,0.821,-64.21,-29.45,-25.09,1,3
16663.546,-0.201,-0.511,0.81,-66.9,-28.02,-21.27,1,3
16663.546,-0.201,-0.509,0.805,-69.98,-26.83,-17.24,1,3
16663.562,-0.192,-0.514,0.813,-72.73,-25.94,-13.7,1,3
16663.562,-0.191,-0.528,0.81,-74.16,-25.09,-10.56,1,3
16663.578,-0.175,-0.551,0.8,-74.34,-24.96,-8.3,1,3
16663.593,-0.165,-0.578,0.79,-73.03,-24.48,-7.32,1,3
16663.593,-0.163,-0.607,0.773,-70.93,-23.59,-8.09,1,3
16663.609,-0.151,-0.621,0.767,-69.43,-22.4,-9.83,1,3
16663.625,-0.148,-0.63,0.756,-66.23,-21.12,-12.82,1,3
16663.64,-0.143,-0.635,0.748,-62.23,-20.23,-15.96,1,3
16663.64,-0.147,-0.62,0.745,-59.3,-19.87,-18.71,1,3
16663.656,-0.16,-0.61,0.73,-57.77,-19.9,-19.68,1,3
16663.656,-0.148,-0.605,0.72,-58.66,-20.29,-18.28,1,3
16663.671,-0.131,-0.611,0.709,-60.09,-19.99,-16.51,1,3
16663.671,-0.128,-0.628,0.699,-59.85,-18.77,-14.59,1,3
16663.687,-0.124,-0.638,0.691,-59.88,-17.06,-12.09,1,3
16663.703,-0.118,-0.654,0.689,-60.79,-15.87,-10.5,1,3
16663.718,-0.113,-0.682,0.682,-60.55,-15.26,-10.13,1,3
16663.718,-0.106,-0.694,0.676,-58.87,-13.82,-10.83,1,3
16663.734,-0.111,-0.697,0.673,-56.49,-11.6,-12.15,1,3
16663.734,-0.104,-0.701,0.67,-54.99,-10.25,-12.94,1,3
16663.75,-0.091,-0.704,0.678,-54.54,-9.58,-13.58,1,3
16663.765,-0.085,-0.714,0.681,-53.22,-9.49,-14.86,1,3
16663.765,-0.084,-0.719,0.68,-50.87,-9.43,-16.11,1,3
16663.781,-0.094,-0.713,0.669,-49.81,-10.83,-17.46,1,3
16663.796,-0.065,-0.701,0.683,-51.03,-13.37,-18.86,1,3
16663.796,-0.085,-0.709,0.669,-47.33,-11.05,-18.68,1,3
16663.812,-0.066,-0.694,0.66,-44.47,-11.99,-18.07,1,3
16663.812,-0.052,-0.696,0.648,-42.79,-11.41,-16.21,1,3
16663.828,-0.043,-0.713,0.637,-42.36,-11.63,-14.19,1,3
16663.843,-0.046,-0.724,0.62,-43.95,-11.26,-12.33,1,3
16663.843,-0.032,-0.754,0.612,-45.75,-10.35,-10.86,1,3
16663.859,-0.022,-0.78,0.613,-46.08,-8.06,-10.07,1,3
16663.875,-0.011,-0.798,0.62,-44.89,-5.83,-10.77,1,3
16663.875,-0.005,-0.82,0.637,-43.4,-4.73,-11.69,1,3
16663.89,-0.005,-0.842,0.64,-41.23,-5.4,-12.85,1,3
16663.906,-0.007,-0.844,0.638,-40.35,-6.78,-15.05,1,3
16663.906,-0.001,-0.847,0.632,-39.58,-8.61,-18.19,1,3
16663.921,0.015,-0.838,0.622,-38.36,-9.98,-20.66,1,3
16663.937,0.016,-0.82,0.611,-37.54,-10.8,-22.4,1,3
16663.937,0.003,-0.817,0.604,-39.74,-11.17,-20.66,1,3
16663.953,-0.003,-0.817,0.602,-42.15,-11.9,-18.86,1,3
16663.968,0.006,-0.855,0.589,-43.37,-12.73,-17.64,1,3
16663.968,0.009,-0.857,0.583,-43.03,-12.63,-17.49,1,3
16663.984,0.01,-0.86,0.576,-41.51,-12.24,-17.79,1,3
16663.984,0.011,-0.857,0.573,-41.02,-11.41,-17.52,1,3
16664.0,0.014,-0.863,0.571,-41.44,-10.5,-17.79,1,3
16664.015,0.026,-0.899,0.561,-41.17,-10.38,-18.56,1,3
16664.015,0.035,-0.918,0.551,-39.67,-9.7,-18.98,1,3
16664.031,0.042,-0.916,0.545,-38.58,-8.79,-21.3,1,3
16664.046,0.032,-0.906,0.538,-37.81,-7.63,-25.3,1,3
16664.046,0.017,-0.895,0.537,-36.81,-7.45,-29.3,1,3
16664.062,0.016,-0.879,0.538,-34.64,-8.64,-31.22,1,3
16664.062,0.028,-0.87,0.529,-31.98,-10.44,-29.79,1,3
16664.078,0.043,-0.875,0.512,-31.4,-11.32,-25.15,1,3
16664.093,0.053,-0.886,0.501,-35.07,-11.72,-19.93,1,3
16664.093,0.077,-0.923,0.478,-39.61,-11.57,-15.29,1,3
16664.109,0.075,-0.951,0.494,-42.63,-10.62,-11.78,1,3
16664.125,0.079,-0.982,0.48,-44.59,-10.47,-10.04,1,3
16664.14,0.085,-1.01,0.469,-46.08,-9.4,-9.89,1,3
16664.14,0.089,-1.02,0.463,-47.24,-7.93,-12.57,1,3
16664.14,0.09,-1.032,0.467,-47.15,-6.47,-17.15,1,3
16664.156,0.089,-1.024,0.483,-45.05,-5.62,-22.83,1,3
16664.171,0.093,-0.998,0.5,-41.96,-6.5,-28.57,1,3
16664.187,0.089,-0.983,0.498,-38.94,-8.27,-32.72,1,3
16664.187,0.093,-0.964,0.479,-37.72,-10.77,-34.76,1,3
16664.203,0.095,-0.94,0.455,-38.58,-12.91,-35.31,1,3
16664.203,0.099,-0.938,0.444,-41.29,-13.46,-34.3,1,3
16664.218,0.123,-0.941,0.424,-43.52,-13.03,-32.56,1,3
16664.234,0.132,-0.94,0.409,-44.22,-11.84,-31.07,1,3
16664.234,0.139,-0.948,0.399,-44.8,-10.71,-30.06,1,3
16664.25,0.148,-0.961,0.391,-45.56,-9.49,-29.36,1,3
16664.265,0.147,-0.967,0.398,-46.82,-8.33,-28.17,1,3
16664.265,0.156,-0.993,0.399,-48.8,-8.06,-27.13,1,3
16664.281,0.162,-1.006,0.413,-50.08,-8.09,-27.28,1,3
16664.296,0.154,-1.009,0.428,-49.32,-9.03,-29.36,1,3
16664.296,0.153,-1.006,0.43,-47.73,-11.44,-31.4,1,3
16664.312,0.156,-0.983,0.419,-47.4,-14.4,-33.27,1,3
16664.312,0.165,-0.966,0.405,-47.79,-16.51,-34.85,1,3
16664.328,0.173,-0.955,0.384,-47.58,-17.09,-35.43,1,3
16664.343,0.175,-0.939,0.361,-47.43,-17.21,-35.0,1,3
16664.359,0.183,-0.94,0.344,-47.79,-17.12,-33.75,1,3
16664.359,0.192,-0.941,0.326,-49.13,-16.11,-32.38,1,3
16664.375,0.204,-0.946,0.32,-50.54,-14.86,-31.92,1,3
16664.375,0.203,-0.946,0.325,-51.33,-13.25,-31.74,1,3
16664.39,0.2,-0.941,0.327,-51.91,-12.82,-31.22,1,3
16664.406,0.194,-0.931,0.333,-53.32,-13.76,-30.34,1,3
16664.406,0.199,-0.924,0.338,-54.26,-16.33,-29.76,1,3
16664.421,0.198,-0.925,0.325,-53.35,-18.37,-28.63,1,3
16664.437,0.212,-0.918,0.307,-52.28,-20.72,-26.8,1,3
16664.437,0.229,-0.914,0.285,-52.4,-22.4,-25.21,1,3
16664.453,0.23,-0.927,0.262,-53.5,-22.92,-23.87,1,3
16664.453,0.228,-0.946,0.24,-54.57,-22.4,-22.22,1,3
16664.468,0.237,-0.956,0.222,-55.85,-21.64,-21.09,1,3
16664.484,0.254,-0.963,0.21,-56.7,-20.54,-20.72,1,3
16664.484,0.259,-0.975,0.21,-57.16,-18.98,-20.81,1,3
16664.5,0.265,-0.977,0.222,-57.37,-18.16,-22.22,1,3
16664.515,0.27,-0.986,0.224,-56.67,-18.56,-24.14,1,3
16664.515,0.267,-0.984,0.219,-55.33,-19.68,-26.55,1,3
16664.531,0.269,-0.982,0.207,-53.56,-21.15,-29.05,1,3
16664.546,0.279,-0.97,0.183,-51.67,-22.28,-31.13,1,3
16664.546,0.284,-0.944,0.168,-50.75,-22.74,-32.56,1,3
16664.562,0.283,-0.929,0.162,-50.6,-22.89,-33.02,1,3
16664.562,0.282,-0.92,0.156,-51.06,-23.32,-31.89,1,3
16664.578,0.284,-0.922,0.144,-51.79,-24.23,-29.79,1,3
16664.593,0.287,-0.933,0.129,-52.28,-25.09,-27.31,1,3
16664.593,0.294,-0.94,0.113,-53.71,-25.42,-25.79,1,3
16664.609,0.3,-0.945,0.099,-54.69,-25.61,-26.28,1,3
16664.625,0.313,-0.957,0.079,-53.74,-25.33,-27.38,1,3
16664.64,0.319,-0.951,0.076,-52.28,-24.66,-28.99,1,3
16664.64,0.318,-0.942,0.066,-50.97,-23.74,-30.85,1,3
16664.656,0.322,-0.932,0.061,-50.33,-23.32,-32.35,1,3
16664.656,0.333,-0.923,0.054,-49.53,-23.5,-32.78,1,3
16664.671,0.338,-0.915,0.054,-49.29,-23.9,-32.32,1,3
16664.687,0.341,-0.916,0.054,-49.17,-24.51,-31.86,1,3
16664.687,0.337,-0.927,0.052,-48.62,-25.57,-31.92,1,3
16664.703,0.336,-0.928,0.037,-48.04,-27.1,-32.2,1,3
16664.718,0.344,-0.92,0.018,-47.91,-28.99,-33.11,1,3
16664.718,0.352,-0.92,-0.003,-47.24,-30.4,-34.3,1,3
16664.734,0.362,-0.915,-0.029,-45.69,-31.01,-35.04,1,3
16664.734,0.367,-0.905,-0.055,-44.5,-30.64,-34.76,1,3
16664.75,0.359,-0.893,-0.072,-45.53,-29.51,-33.48,1,3
16664.765,0.351,-0.895,-0.079,-47.98,-28.6,-31.46,1,3
16664.765,0.357,-0.906,-0.09,-50.57,-27.34,-29.11,1,3
16664.781,0.37,-0.913,-0.079,-52.13,-26.73,-27.74,1,3
16664.796,0.375,-0.921,-0.093,-51.97,-26.06,-26.92,1,3
16664.796,0.38,-0.925,-0.089,-51.73,-25.3,-27.16,1,3
16664.812,0.389,-0.923,-0.097,-50.57,-25.76,-29.15,1,3
16664.812,0.378,-0.911,-0.093,-48.77,-26.12,-30.76,1,3
16664.828,0.369,-0.898,-0.108,-48.95,-26.89,-31.01,1,3
16664.843,0.371,-0.895,-0.118,-49.35,-28.41,-30.7,1,3
16664.843,0.364,-0.885,-0.141,-49.81,-29.39,-29.45,1,3
16664.859,0.369,-0.878,-0.161,-51.3,-30.18,-27.71,1,3
16664.875,0.383,-0.878,-0.187,-52.1,-30.88,-26.37,1,3
16664.875,0.378,-0.871,-0.21,-52.74,-30.24,-25.3,1,3
16664.89,0.37,-0.857,-0.227,-53.65,-28.72,-25.3,1,3
16664.906,0.373,-0.844,-0.232,-53.83,-27.47,-25.91,1,3
16664.906,0.385,-0.831,-0.236,-52.25,-25.18,-24.84,1,3
16664.921,0.392,-0.816,-0.236,-52.43,-24.87,-22.74,1,3
16664.921,0.396,-0.809,-0.243,-53.71,-25.36,-20.75,1,3
16664.937,0.404,-0.818,-0.236,-53.65,-25.97,-20.45,1,3
16664.953,0.39,-0.831,-0.245,-53.01,-27.04,-20.66,1,3
16664.953,0.412,-0.829,-0.256,-52.46,-28.38,-21.61,1,3
16664.968,0.428,-0.83,-0.27,-51.0,-28.66,-23.47,1,3
16664.984,0.436,-0.82,-0.283,-49.53,-28.93,-26.12,1,3
16664.984,0.446,-0.805,-0.299,-47.7,-29.42,-28.66,1,3
16665.0,0.449,-0.782,-0.311,-45.59,-29.6,-31.04,1,3
16665.015,0.448,-0.757,-0.33,-43.58,-29.42,-32.04,1,3
16665.015,0.444,-0.724,-0.346,-43.37,-29.18,-30.34,1,3
16665.031,0.456,-0.704,-0.363,-45.17,-29.6,-26.09,1,3
16665.046,0.47,-0.703,-0.367,-48.19,-30.15,-20.42,1,3
16665.046,0.469,-0.711,-0.37,-49.87,-29.39,-14.98,1,3
16665.062,0.469,-0.724,-0.365,-51.55,-28.75,-11.08,1,3
16665.078,0.477,-0.738,-0.356,-52.13,-29.27,-10.13,1,3
16665.078,0.474,-0.743,-0.356,-50.81,-30.09,-10.5,1,3
16665.093,0.466,-0.735,-0.356,-50.36,-31.19,-10.47,1,3
16665.093,0.462,-0.745,-0.357,-49.75,-33.08,-11.32,1,3
16665.109,0.459,-0.753,-0.367,-48.04,-34.79,-12.39,1,3
16665.125,0.455,-0.748,-0.383,-46.69,-36.1,-14.16,1,3
16665.125,0.453,-0.749,-0.396,-45.11,-37.35,-16.88,1,3
16665.14,0.462,-0.743,-0.412,-42.73,-38.45,-20.33,1,3
16665.156,0.467,-0.722,-0.425,-41.02,-38.61,-23.19,1,3
16665.156,0.466,-0.702,-0.434,-40.5,-38.51,-25.82,1,3
16665.171,0.458,-0.691,-0.436,-40.1,-38.7,-27.44,1,3
16665.171,0.431,-0.671,-0.433,-39.55,-39.22,-27.95,1,3
16665.187,0.422,-0.66,-0.438,-38.88,-41.17,-27.86,1,3
16665.203,0.423,-0.657,-0.444,-37.35,-43.28,-26.73,1,3
16665.203,0.439,-0.659,-0.469,-36.23,-45.11,-24.6,1,3
16665.218,0.459,-0.656,-0.502,-36.32,-46.63,-23.59,1,3
16665.234,0.467,-0.663,-0.523,-37.39,-46.51,-24.26,1,3
16665.234,0.466,-0.666,-0.527,-38.21,-44.83,-24.57,1,3
16665.25,0.454,-0.653,-0.526,-39.09,-42.76,-24.99,1,3
16665.265,0.436,-0.646,-0.519,-38.88,-41.81,-25.91,1,3
16665.265,0.421,-0.639,-0.53,-37.39,-42.05,-26.7,1,3
16665.281,0.442,-0.638,-0.527,-37.11,-43.37,-25.91,1,3
16665.296,0.447,-0.626,-0.531,-35.16,-43.18,-26.06,1,3
16665.296,0.438,-0.627,-0.535,-33.66,-43.64,-26.76,1,3
16665.312,0.454,-0.626,-0.531,-32.59,-45.63,-27.92,1,3
16665.328,0.457,-0.624,-0.54,-29.85,-46.91,-31.01,1,3
16665.328,0.436,-0.613,-0.555,-29.02,-47.91,-32.2,1,3
16665.343,0.413,-0.591,-0.581,-29.66,-48.95,-34.36,1,3
16665.359,0.418,-0.588,-0.601,-31.01,-50.51,-35.86,1,3
16665.359,0.417,-0.563,-0.626,-30.7,-50.54,-37.23,1,3
16665.375,0.432,-0.564,-0.63,-30.27,-47.55,-37.17,1,3
16665.375,0.441,-0.562,-0.635,-27.07,-42.24,-35.13,1,3
16665.39,0.417,-0.519,-0.657,-22.68,-42.57,-39.58,1,3
16665.406,0.433,-0.544,-0.644,-24.11,-42.48,-43.21,1,3
16665.406,0.406,-0.533,-0.625,-25.42,-41.29,-44.4,1,3
16665.421,0.402,-0.52,-0.62,-23.9,-42.73,-44.56,1,3
16665.437,0.405,-0.508,-0.621,-22.03,-43.73,-44.5,1,3
16665.437,0.412,-0.5,-0.628,-20.75,-45.05,-43.95,1,3
16665.453,0.417,-0.495,-0.64,-19.62,-46.36,-44.04,1,3
16665.453,0.417,-0.491,-0.64,-18.19,-47.43,-44.62,1,3
16665.468,0.409,-0.485,-0.645,-16.45,-48.04,-44.92,1,3
16665.484,0.398,-0.458,-0.662,-15.26,-48.89,-44.95,1,3
16665.484,0.404,-0.439,-0.678,-15.63,-50.2,-44.31,1,3
16665.5,0.4,-0.424,-0.695,-17.27,-50.39,-42.39,1,3
16665.515,0.393,-0.421,-0.704,-18.86,-50.11,-39.64,1,3
16665.515,0.386,-0.419,-0.708,-19.68,-49.65,-36.93,1,3
16665.531,0.388,-0.415,-0.708,-19.5,-49.68,-34.97,1,3
16665.546,0.391,-0.406,-0.711,-17.85,-49.13,-33.6,1,3
16665.546,0.392,-0.4,-0.716,-15.84,-49.81,-33.17,1,3
16665.562,0.39,-0.393,-0.714,-13.49,-50.08,-32.87,1,3
16665.562,0.367,-0.391,-0.718,-11.69,-49.5,-32.65,1,3
16665.578,0.343,-0.386,-0.726,-10.44,-49.96,-32.65,1,3
16665.593,0.33,-0.375,-0.725,-9.49,-50.39,-32.72,1,3
16665.593,0.312,-0.364,-0.723,-8.88,-49.07,-33.23,1,3
16665.609,0.311,-0.349,-0.697,-9.0,-46.54,-35.0,1,3
16665.625,0.328,-0.356,-0.678,-7.54,-43.76,-38.48,1,3
16665.625,0.367,-0.371,-0.669,-1.19,-45.08,-44.74,1,3
16665.64,0.427,-0.358,-0.65,11.44,-50.05,-55.09,1,3
16665.656,0.47,-0.332,-0.621,26.98,-53.77,-65.1,1,3
16665.656,0.386,-0.271,-0.618,35.34,-55.02,-66.13,1,3
16665.671,0.309,-0.252,-0.619,34.03,-61.19,-59.85,1,3
16665.687,0.289,-0.299,-0.658,29.39,-69.77,-48.59,1,3
16665.687,0.299,-0.338,-0.742,22.13,-75.69,-35.07,1,3
16665.703,0.328,-0.387,-0.818,15.14,-77.49,-24.93,1,3
16665.718,0.339,-0.436,-0.881,11.47,-76.36,-19.93,1,3
16665.718,0.322,-0.436,-0.914,9.19,-71.14,-17.79,1,3
16665.734,0.297,-0.428,-0.918,7.54,-64.09,-18.07,1,3
16665.734,0.278,-0.416,-0.922,7.51,-59.66,-18.74,1,3
16665.75,0.249,-0.398,-0.899,8.45,-56.7,-16.91,1,3
16665.765,0.229,-0.395,-0.885,9.4,-54.72,-12.63,1,3
16665.765,0.224,-0.397,-0.86,7.35,-52.03,-5.22,1,3
16665.781,0.23,-0.417,-0.844,1.74,-50.17,2.08,1,3
16665.781,0.239,-0.46,-0.821,-3.05,-49.99,6.78,1,3
16665.796,0.256,-0.501,-0.808,-3.94,-50.87,8.21,1,3
16665.812,0.261,-0.531,-0.808,-1.5,-51.91,6.29,1,3
16665.828,0.258,-0.553,-0.806,2.2,-53.13,1.56,1,3
16665.828,0.23,-0.57,-0.832,5.95,-54.41,-4.18,1,3
16665.843,0.181,-0.58,-0.865,7.75,-56.12,-11.17,1,3
16665.843,0.125,-0.572,-0.904,9.74,-56.4,-19.81,1,3
16665.859,0.081,-0.544,-0.965,11.02,-55.24,-26.09,1,3
16665.875,0.089,-0.508,-1.021,9.89,-52.8,-28.84,1,3
16665.875,0.112,-0.457,-1.057,8.76,-47.58,-29.6,1,3
16665.89,0.134,-0.409,-1.049,7.14,-29.69,-29.6,1,3
16665.906,0.155,-0.365,-1.006,7.45,-20.72,-24.48,1,3
16665.906,0.154,-0.334,-0.92,6.38,-16.97,-16.94,1,3
16665.921,0.153,-0.32,-0.84,4.58,-19.04,-9.49,1,3
16665.921,0.145,-0.365,-0.754,2.69,-24.81,-3.39,1,3
16665.937,0.152,-0.388,-0.763,1.65,-32.11,0.06,1,3
16665.953,0.156,-0.416,-0.805,2.75,-38.42,1.13,1,3
16665.953,0.147,-0.423,-0.855,5.07,-41.99,0.76,1,3
16665.968,0.124,-0.424,-0.903,7.9,-42.24,-0.27,1,3
16665.984,0.101,-0.428,-0.937,9.13,-40.38,-0.58,1,3
16665.984,0.089,-0.432,-0.958,9.86,-37.81,0.43,1,3
16666.0,0.092,-0.444,-0.962,9.28,-34.3,3.3,1,3
16666.015,0.085,-0.454,-0.952,7.11,-29.54,6.47,1,3
16666.015,0.079,-0.48,-0.933,4.49,-25.94,9.06,1,3
16666.031,0.096,-0.507,-0.901,2.59,-23.9,10.93,1,3
16666.046,0.107,-0.526,-0.872,2.04,-22.89,10.56,1,3
16666.046,0.114,-0.55,-0.846,3.3,-23.13,7.84,1,3
16666.062,0.116,-0.56,-0.821,4.97,-23.83,4.43,1,3
16666.062,0.102,-0.564,-0.819,7.45,-25.91,0.03,1,3
16666.078,0.096,-0.575,-0.83,10.07,-29.02,-4.33,1,3
16666.093,0.097,-0.563,-0.854,10.77,-32.01,-8.45,1,3
16666.093,0.089,-0.557,-0.886,11.26,-33.6,-12.3,1,3
16666.109,0.073,-0.547,-0.915,11.2,-33.05,-14.22,1,3
16666.125,0.063,-0.528,-0.939,10.44,-30.52,-14.83,1,3
16666.14,0.065,-0.516,-0.942,9.67,-26.86,-14.95,1,3
16666.14,0.07,-0.507,-0.927,8.18,-22.43,-12.63,1,3
16666.156,0.065,-0.498,-0.905,6.01,-19.38,-9.77,1,3
16666.156,0.054,-0.503,-0.879,4.27,-18.46,-7.45,1,3
16666.171,0.045,-0.509,-0.864,2.96,-19.01,-6.16,1,3
16666.187,0.042,-0.514,-0.857,3.3,-19.84,-5.46,1,3
16666.187,0.043,-0.509,-0.862,4.67,-20.6,-5.22,1,3
16666.203,0.047,-0.49,-0.873,5.31,-21.36,-4.94,1,3
16666.203,0.046,-0.481,-0.88,4.67,-21.45,-3.97,1,3
16666.218,0.043,-0.476,-0.882,4.03,-20.84,-2.41,1,3
16666.234,0.042,-0.483,-0.883,4.06,-19.93,-0.89,1,3
16666.25,0.039,-0.492,-0.885,4.24,-18.71,1.25,1,3
16666.25,0.035,-0.494,-0.895,3.54,-17.55,3.27,1,3
16666.25,0.028,-0.501,-0.902,2.08,-17.12,4.15,1,3
16666.265,0.01,-0.501,-0.902,1.07,-16.54,4.15,1,3
16666.281,0.0,-0.501,-0.891,1.37,-15.84,4.76,1,3
16666.296,-0.001,-0.503,-0.898,2.04,-14.77,6.38,1,3
16666.296,0.009,-0.512,-0.915,1.77,-14.1,7.48,1,3
16666.312,0.02,-0.53,-0.922,1.16,-12.79,7.2,1,3
16666.312,0.026,-0.538,-0.924,0.92,-10.53,5.86,1,3
16666.328,0.02,-0.537,-0.914,1.07,-7.72,4.03,1,3
16666.343,0.0,-0.532,-0.892,1.53,-4.94,1.95,1,3
16666.343,-0.0,-0.532,-0.876,1.46,-3.57,1.28,1,3
16666.359,0.014,-0.526,-0.862,0.4,-3.51,1.62,1,3
16666.375,0.011,-0.528,-0.851,-0.18,-4.06,1.53,1,3
16666.375,0.016,-0.533,-0.842,0.37,-5.58,0.98,1,3
16666.39,0.017,-0.52,-0.846,1.89,-6.84,0.4,1,3
16666.39,0.002,-0.506,-0.86,2.84,-7.35,0.52,1,3
16666.406,0.011,-0.507,-0.875,1.74,-7.78,1.83,1,3
16666.421,0.03,-0.51,-0.89,0.18,-7.14,3.23,1,3
16666.437,0.038,-0.516,-0.898,-0.27,-5.71,3.42,1,3
16666.437,0.042,-0.518,-0.896,0.37,-4.52,2.23,1,3
16666.453,0.043,-0.51,-0.897,1.77,-3.33,0.85,1,3
16666.453,0.034,-0.504,-0.89,2.53,-2.53,0.58,1,3
16666.468,0.029,-0.505,-0.878,1.86,-1.77,1.04,1,3
16666.484,0.022,-0.511,-0.866,0.92,-1.56,1.71,1,3
16666.484,0.011,-0.52,-0.868,0.37,-1.59,2.66,1,3
16666.5,0.026,-0.517,-0.873,0.03,-1.89,3.05,1,3
16666.515,0.036,-0.51,-0.88,-0.03,-1.89,2.56,1,3
16666.515,0.042,-0.512,-0.883,0.34,-1.25,2.01,1,3
16666.531,0.042,-0.512,-0.873,1.95,-0.03,2.08,1,3
16666.531,0.031,-0.51,-0.873,2.35,0.82,3.69,1,3
16666.546,0.022,-0.518,-0.876,0.89,0.7,5.25,1,3
16666.562,0.031,-0.532,-0.872,-0.67,0.24,5.65,1,3
16666.562,0.04,-0.533,-0.879,-0.34,0.73,5.52,1,3
16666.578,0.052,-0.525,-0.884,-0.49,2.11,5.83,1,3
16666.593,0.061,-0.527,-0.873,-1.34,3.69,5.65,1,3
16666.593,0.054,-0.534,-0.859,-1.68,5.31,5.49,1,3
16666.609,0.051,-0.541,-0.849,-2.32,5.71,5.71,1,3
16666.625,0.063,-0.548,-0.833,-2.44,5.4,5.65,1,3
16666.625,0.065,-0.555,-0.825,-2.29,4.76,5.04,1,3
16666.64,0.064,-0.562,-0.822,-1.8,3.33,3.66,1,3
16666.656,0.066,-0.568,-0.828,-0.89,1.77,1.62,1,3
16666.656,0.065,-0.568,-0.84,0.52,0.82,-0.61,1,3
16666.671,0.068,-0.564,-0.851,1.62,0.37,-2.47,1,3
16666.671,0.064,-0.554,-0.862,2.01,0.76,-3.75,1,3
16666.687,0.066,-0.552,-0.867,1.8,1.34,-4.85,1,3
16666.703,0.071,-0.546,-0.865,1.77,2.08,-5.86,1,3
16666.703,0.064,-0.538,-0.868,1.68,3.05,-6.74,1,3
16666.718,0.065,-0.53,-0.866,0.98,3.6,-7.23,1,3
16666.734,0.061,-0.515,-0.856,0.31,3.78,-8.3,1,3
16666.75,0.061,-0.504,-0.844,0.79,3.81,-8.94,1,3
16666.75,0.062,-0.496,-0.837,1.77,4.0,-7.75,1,3
16666.765,0.06,-0.487,-0.838,1.74,4.03,-4.94,1,3
16666.765,0.067,-0.489,-0.837,-0.4,3.39,-2.62,1,3
16666.781,0.083,-0.506,-0.835,-2.2,2.56,-1.53,1,3
16666.796,0.088,-0.517,-0.833,-1.62,2.41,-1.59,1,3
16666.796,0.082,-0.519,-0.832,0.27,2.26,-2.75,1,3
16666.812,0.078,-0.516,-0.829,1.77,1.5,-4.18,1,3
16666.828,0.073,-0.514,-0.841,2.35,0.64,-4.64,1,3
16666.828,0.075,-0.519,-0.858,1.56,-0.46,-4.33,1,3
16666.843,0.089,-0.527,-0.875,0.67,-1.46,-4.58,1,3
16666.843,0.097,-0.527,-0.887,1.28,-1.56,-5.83,1,3
16666.859,0.092,-0.52,-0.898,3.02,-0.43,-7.29,1,3
16666.875,0.084,-0.509,-0.898,3.91,1.01,-7.72,1,3
16666.875,0.076,-0.501,-0.895,1.28,2.87,-5.49,1,3
16666.89,0.082,-0.506,-0.886,0.4,3.88,-4.15,1,3
16666.906,0.097,-0.509,-0.87,0.24,5.4,-2.87,1,3
16666.906,0.099,-0.506,-0.835,-0.7,5.92,-2.32,1,3
16666.921,0.098,-0.515,-0.814,-1.04,5.13,-2.14,1,3
16666.921,0.101,-0.518,-0.803,-0.03,3.69,-2.26,1,3
16666.937,0.108,-0.521,-0.807,1.13,1.28,-2.47,1,3
16666.953,0.114,-0.525,-0.821,1.68,-0.7,-2.59,1,3
16666.953,0.111,-0.525,-0.84,1.53,-1.8,-2.69,1,3
16666.968,0.112,-0.534,-0.855,0.95,-2.38,-2.87,1,3
16666.984,0.114,-0.54,-0.863,0.82,-2.08,-3.36,1,3
16666.984,0.108,-0.537,-0.863,1.56,-0.98,-4.06,1,3
16667.0,0.103,-0.536,-0.86,1.8,0.06,-4.39,1,3
16667.015,0.101,-0.536,-0.849,1.37,0.76,-4.09,1,3
16667.015,0.097,-0.541,-0.846,-0.03,0.92,-3.23,1,3
16667.031,0.099,-0.552,-0.838,-1.92,0.55,-2.44,1,3
16667.046,0.107,-0.559,-0.849,-2.78,0.09,-2.62,1,3
16667.046,0.095,-0.561,-0.821,-1.56,-0.15,-3.66,1,3
16667.062,0.104,-0.556,-0.832,0.03,-1.37,-4.94,1,3
16667.062,0.1,-0.54,-0.827,0.64,-2.41,-6.81,1,3
16667.078,0.103,-0.542,-0.838,1.13,-3.57,-8.7,1,3
16667.093,0.108,-0.534,-0.854,0.89,-3.97,-9.46,1,3
16667.093,0.106,-0.535,-0.865,1.5,-3.51,-9.83,1,3
16667.109,0.102,-0.523,-0.872,1.04,-3.14,-10.19,1,3
16667.125,0.094,-0.516,-0.872,0.85,-2.44,-9.92,1,3
16667.125,0.089,-0.504,-0.865,0.55,-1.53,-9.09,1,3
16667.14,0.078,-0.498,-0.863,0.31,-0.98,-7.42,1,3
16667.156,0.083,-0.494,-0.858,-0.46,-1.25,-5.58,1,3
16667.156,0.087,-0.498,-0.859,-0.7,-1.5,-4.39,1,3
16667.171,0.089,-0.505,-0.86,-0.98,-1.59,-2.84,1,3
16667.171,0.089,-0.518,-0.861,-1.68,-1.5,-1.74,1,3
16667.187,0.083,-0.532,-0.863,-2.14,-1.59,-1.83,1,3
16667.203,0.08,-0.542,-0.86,-2.17,-1.71,-2.38,1,3
16667.203,0.085,-0.541,-0.868,-1.56,-1.74,-3.48,1,3
16667.218,0.083,-0.538,-0.878,-0.89,-1.4,-4.85,1,3
16667.234,0.087,-0.537,-0.886,-0.61,-0.89,-5.83,1,3
16667.234,0.088,-0.53,-0.893,-0.18,0.24,-6.78,1,3
16667.25,0.089,-0.523,-0.891,0.18,1.8,-7.32,1,3
16667.265,0.087,-0.517,-0.883,0.03,3.2,-7.02,1,3
16667.265,0.081,-0.513,-0.878,-0.82,3.97,-5.95,1,3
16667.281,0.091,-0.515,-0.867,-1.83,3.91,-5.22,1,3
16667.296,0.098,-0.516,-0.858,-2.38,3.88,-5.34,1,3
16667.296,0.096,-0.512,-0.854,-1.77,4.09,-6.2,1,3
16667.312,0.104,-0.501,-0.85,-1.04,4.15,-6.56,1,3
16667.312,0.114,-0.493,-0.841,-0.52,3.91,-6.07,1,3
16667.328,0.122,-0.49,-0.854,-0.58,4.27,-4.73,1,3
16667.343,0.114,-0.489,-0.837,-1.89,4.03,-3.69,1,3
16667.343,0.115,-0.505,-0.85,-2.17,3.02,-3.3,1,3
16667.359,0.12,-0.506,-0.854,-2.08,2.9,-2.56,1,3
16667.375,0.126,-0.507,-0.87,-1.98,3.54,-2.35,1,3
16667.375,0.133,-0.503,-0.872,-2.32,4.76,-2.78,1,3
16667.39,0.137,-0.498,-0.862,-2.29,5.86,-3.14,1,3
16667.406,0.139,-0.494,-0.846,-1.71,6.5,-3.48,1,3
16667.406,0.137,-0.49,-0.836,-0.98,6.59,-3.23,1,3
16667.421,0.138,-0.491,-0.832,-1.07,5.55,-2.53,1,3
16667.421,0.15,-0.497,-0.829,-1.86,4.27,-1.77,1,3
16667.437,0.152,-0.509,-0.833,-2.26,3.3,-1.74,1,3
16667.453,0.15,-0.512,-0.831,-2.04,2.66,-2.41,1,3
16667.453,0.142,-0.504,-0.829,-0.98,1.98,-3.6,1,3
16667.468,0.149,-0.495,-0.832,0.55,1.07,-4.64,1,3
16667.484,0.145,-0.481,-0.839,1.43,0.58,-5.13,1,3
16667.5,0.142,-0.477,-0.847,1.31,0.34,-4.55,1,3
16667.5,0.149,-0.482,-0.85,0.58,0.18,-2.59,1,3
