timestamp,ax,ay,az,gx,gy,gz,orient_label,motion_label
18415.89,0.4,-0.514,0.788,2.38,0.79,-4.27,3,4
18415.89,0.394,-0.503,0.795,1.71,1.01,-3.69,3,4
18415.906,0.391,-0.501,0.797,0.55,0.58,-2.66,3,4
18415.906,0.393,-0.503,0.8,-1.01,-0.27,-1.4,3,4
18415.921,0.395,-0.506,0.799,-1.77,-0.64,-0.64,3,4
18415.937,0.393,-0.507,0.796,-1.92,-0.98,-0.49,3,4
18415.937,0.398,-0.509,0.794,-1.83,-1.22,-0.52,3,4
18415.953,0.402,-0.508,0.788,-1.01,-0.79,-0.79,3,4
18415.968,0.405,-0.504,0.783,-0.43,0.4,-1.37,3,4
18415.968,0.403,-0.499,0.789,-0.03,1.71,-2.01,3,4
18415.984,0.397,-0.495,0.793,0.21,2.59,-2.69,3,4
18416.0,0.396,-0.491,0.796,0.92,2.56,-3.14,3,4
18416.0,0.394,-0.486,0.798,1.92,2.35,-3.36,3,4
18416.015,0.389,-0.482,0.799,2.75,2.2,-3.57,3,4
18416.015,0.384,-0.472,0.801,2.59,1.28,-3.3,3,4
18416.031,0.38,-0.471,0.798,2.32,-0.15,-2.47,3,4
18416.046,0.378,-0.474,0.795,1.86,-1.28,-1.16,3,4
18416.062,0.379,-0.474,0.787,1.56,-2.66,-0.24,3,4
18416.078,0.379,-0.474,0.779,2.47,-3.05,-0.31,3,4
18416.078,0.388,-0.472,0.772,3.6,-3.17,-0.27,3,4
18416.093,0.393,-0.467,0.767,4.27,-2.32,-0.15,3,4
18416.109,0.389,-0.464,0.764,4.33,-0.89,-0.18,3,4
18416.109,0.383,-0.467,0.768,3.69,0.4,-0.06,3,4
18416.125,0.381,-0.468,0.777,3.11,1.13,0.03,3,4
18416.125,0.379,-0.47,0.777,2.78,1.1,0.06,3,4
18416.14,0.38,-0.472,0.782,2.72,0.82,0.09,3,4
18416.156,0.379,-0.474,0.782,2.87,0.55,-0.18,3,4
18416.156,0.38,-0.475,0.784,3.51,0.55,-0.79,3,4
18416.171,0.377,-0.475,0.789,4.64,0.85,-1.4,3,4
18416.187,0.372,-0.47,0.794,6.1,1.28,-2.29,3,4
18416.187,0.365,-0.46,0.802,7.75,1.53,-3.11,3,4
18416.203,0.357,-0.449,0.812,11.11,1.04,-4.7,3,4
18416.218,0.351,-0.439,0.817,13.49,0.89,-5.77,3,4
18416.234,0.328,-0.397,0.842,19.68,1.31,-7.48,3,4
18416.25,0.315,-0.374,0.861,23.5,2.29,-8.51,3,4
18416.25,0.313,-0.353,0.852,28.23,3.63,-10.1,3,4
18416.265,0.313,-0.314,0.865,32.99,6.5,-13.0,3,4
18416.265,0.265,-0.322,0.876,39.09,10.99,-17.12,3,4
18416.281,0.219,-0.324,0.883,44.25,13.61,-20.11,3,4
18416.296,0.206,-0.274,0.902,50.87,14.98,-23.87,3,4
18416.296,0.163,-0.247,0.903,60.34,16.57,-29.79,3,4
18416.312,0.118,-0.217,0.908,68.82,15.14,-36.16,3,4
18416.328,0.076,-0.196,0.903,76.3,9.74,-41.11,3,4
18416.343,0.063,-0.16,0.889,82.52,0.55,-44.4,3,4
18416.343,0.056,-0.107,0.869,86.43,-9.0,-46.78,3,4
18416.359,0.045,-0.07,0.85,86.92,-18.19,-48.13,3,4
18416.359,0.038,-0.061,0.836,84.02,-26.34,-48.16,3,4
18416.375,0.027,-0.062,0.832,79.53,-32.78,-48.4,3,4
18416.375,0.014,-0.077,0.819,75.78,-37.87,-48.92,3,4
18416.406,0.002,-0.122,0.79,72.79,-44.77,-52.22,3,4
18416.421,0.024,-0.131,0.774,72.21,-48.59,-54.57,3,4
18416.421,0.046,-0.137,0.751,71.9,-52.83,-58.35,3,4
18416.437,0.072,-0.151,0.726,72.18,-56.37,-63.26,3,4
18416.437,0.097,-0.169,0.707,72.88,-59.08,-69.06,3,4
18416.453,0.117,-0.18,0.692,74.01,-61.1,-75.75,3,4
18416.468,0.12,-0.186,0.687,74.83,-61.92,-83.71,3,4
18416.468,0.11,-0.189,0.697,73.43,-63.45,-92.78,3,4
18416.484,0.119,-0.205,0.71,72.36,-65.68,-101.32,3,4
18416.5,0.155,-0.245,0.691,75.99,-68.58,-107.82,3,4
18416.5,0.217,-0.271,0.642,84.11,-70.68,-111.91,3,4
18416.515,0.293,-0.27,0.589,93.14,-69.22,-114.75,3,4
18416.531,0.37,-0.269,0.531,99.83,-64.79,-118.66,3,4
18416.546,0.417,-0.262,0.493,101.17,-55.42,-125.25,3,4
18416.546,0.443,-0.245,0.491,96.38,-40.83,-134.92,3,4
18416.562,0.436,-0.238,0.515,87.77,-21.73,-148.23,3,4
18416.562,0.386,-0.254,0.562,80.48,-2.04,-164.07,3,4
18416.578,0.334,-0.274,0.627,77.58,14.28,-180.15,3,4
18416.578,0.309,-0.278,0.692,80.57,24.99,-194.83,3,4
18416.593,0.29,-0.25,0.753,87.47,29.88,-208.14,3,4
18416.609,0.285,-0.189,0.808,93.11,30.09,-221.99,3,4
18416.609,0.289,-0.114,0.853,93.94,27.07,-237.1,3,4
18416.625,0.28,-0.053,0.877,89.36,22.8,-252.97,3,4
18416.64,0.256,0.002,0.896,79.9,18.77,-268.9,3,4
18416.64,0.223,0.057,0.922,69.98,17.27,-284.37,3,4
18416.656,0.181,0.111,0.949,62.62,18.71,-299.14,3,4
18416.671,0.135,0.161,0.977,59.27,21.76,-313.0,3,4
18416.671,0.085,0.227,1.007,59.05,24.32,-325.36,3,4
18416.687,0.062,0.304,1.026,60.37,22.8,-334.24,3,4
18416.687,0.033,0.412,1.052,61.43,19.04,-339.85,3,4
18416.703,0.001,0.538,1.075,61.19,14.01,-343.39,3,4
18416.718,-0.013,0.669,1.104,58.5,7.66,-343.97,3,4
18416.734,-0.078,0.883,1.133,47.7,-6.32,-333.54,3,4
18416.75,-0.095,0.952,1.116,41.57,-14.89,-321.24,3,4
18416.75,-0.076,1.012,1.07,35.19,-24.54,-304.91,3,4
18416.765,-0.043,1.05,1.005,27.04,-34.58,-287.15,3,4
18416.781,0.007,1.069,0.921,16.66,-44.8,-269.23,3,4
18416.781,0.067,1.101,0.841,3.36,-52.67,-251.35,3,4
18416.796,0.113,1.124,0.776,-11.63,-55.42,-234.23,3,4
18416.812,0.152,1.098,0.736,-26.03,-55.12,-218.02,3,4
18416.812,0.178,1.047,0.702,-36.9,-52.46,-202.06,3,4
18416.828,0.179,1.014,0.662,-44.19,-49.2,-186.74,3,4
18416.828,0.168,0.977,0.624,-49.01,-47.67,-173.19,3,4
18416.843,0.171,0.933,0.587,-52.0,-48.46,-160.74,3,4
18416.843,0.183,0.912,0.535,-52.03,-50.05,-147.83,3,4
18416.859,0.184,0.928,0.484,-49.81,-49.78,-133.92,3,4
18416.875,0.174,0.948,0.458,-49.26,-47.12,-119.33,3,4
18416.875,0.156,0.972,0.457,-55.91,-44.19,-103.58,3,4
18416.906,0.159,0.975,0.476,-88.32,-41.72,-67.57,3,4
18416.921,0.194,0.914,0.491,-102.24,-39.61,-49.04,3,4
18416.921,0.219,0.853,0.477,-105.96,-33.14,-30.85,3,4
18416.937,0.202,0.878,0.483,-103.85,-22.86,-13.28,3,4
18416.937,0.223,0.822,0.487,-96.41,-12.24,7.14,3,4
18416.953,0.212,0.713,0.487,-88.26,0.12,23.29,3,4
18416.968,0.232,0.714,0.55,-97.57,10.01,30.18,3,4
18416.968,0.276,0.742,0.611,-109.16,22.0,35.04,3,4
18416.984,0.209,0.686,0.724,-108.49,37.48,39.31,3,4
18417.0,0.162,0.618,0.877,-106.3,44.47,42.7,3,4
18417.0,0.139,0.62,1.041,-101.2,45.93,44.56,3,4
18417.015,0.087,0.626,1.134,-84.6,43.03,46.85,3,4
18417.031,0.022,0.616,1.168,-63.45,34.27,52.1,3,4
18417.031,0.007,0.618,1.18,-51.79,22.83,56.52,3,4
18417.046,0.021,0.644,1.165,-49.56,12.24,60.46,3,4
18417.046,0.018,0.647,1.145,-50.02,4.64,67.69,3,4
18417.062,0.025,0.628,1.137,-52.61,0.24,77.73,3,4
18417.078,0.023,0.611,1.183,-56.03,-2.69,87.77,3,4
18417.078,0.007,0.581,1.272,-54.41,-6.16,95.34,3,4
18417.093,-0.042,0.562,1.381,-43.49,-12.21,103.18,3,4
18417.109,-0.09,0.567,1.45,-25.36,-23.53,115.15,3,4
18417.109,-0.112,0.595,1.417,-10.47,-40.31,128.54,3,4
18417.125,-0.077,0.593,1.313,-7.69,-59.45,138.07,3,4
18417.125,-0.024,0.539,1.183,-13.95,-73.58,142.74,3,4
18417.14,0.042,0.462,1.046,-21.61,-78.59,143.83,3,4
18417.156,0.114,0.387,0.937,-24.96,-73.73,141.21,3,4
18417.156,0.167,0.33,0.901,-21.24,-60.55,135.04,3,4
18417.171,0.161,0.302,0.9,-10.04,-45.11,127.6,3,4
18417.187,0.159,0.297,0.876,9.77,-22.31,119.02,3,4
18417.187,0.18,0.325,0.858,2.23,-16.11,113.56,3,4
18417.203,0.232,0.372,0.907,-11.14,-12.33,104.19,3,4
18417.218,0.28,0.379,0.966,-19.93,-9.46,92.96,3,4
18417.218,0.328,0.335,1.092,-18.22,-8.09,82.16,3,4
18417.234,0.341,0.352,1.104,-10.16,-7.9,72.66,3,4
18417.25,0.345,0.343,1.079,-1.95,-8.45,63.23,3,4
18417.25,0.35,0.339,1.028,2.23,-8.64,54.35,3,4
18417.265,0.36,0.317,0.954,2.69,-6.87,45.63,3,4
18417.281,0.388,0.266,0.861,2.17,-0.79,36.35,3,4
18417.281,0.393,0.263,0.867,3.69,11.17,26.76,3,4
18417.296,0.261,0.329,1.024,11.17,21.27,17.43,3,4
18417.296,0.193,0.39,1.117,22.98,18.77,19.2,3,4
18417.312,0.223,0.436,1.104,24.54,7.45,26.25,3,4
18417.328,0.29,0.435,1.034,14.77,-3.27,29.76,3,4
18417.328,0.318,0.371,0.971,3.78,-6.78,29.02,3,4
18417.343,0.313,0.327,0.956,-0.24,-4.94,26.7,3,4
18417.359,0.286,0.338,0.988,1.07,-2.5,23.22,3,4
18417.359,0.26,0.331,1.004,4.94,-3.05,19.35,3,4
18417.375,0.253,0.327,0.999,8.51,-5.77,15.5,3,4
18417.375,0.253,0.308,0.969,12.27,-8.24,11.51,3,4
18417.39,0.248,0.29,0.919,17.03,-8.33,8.12,3,4
18417.406,0.241,0.296,0.869,20.94,-6.16,5.46,3,4
18417.406,0.235,0.295,0.839,21.79,-2.66,2.99,3,4
18417.421,0.209,0.297,0.858,19.29,1.68,0.98,3,4
18417.437,0.153,0.321,0.898,17.09,4.3,0.7,3,4
18417.437,0.134,0.332,0.916,14.25,2.5,4.12,3,4
18417.453,0.158,0.337,0.912,8.97,-0.43,9.74,3,4
18417.468,0.184,0.312,0.895,3.36,-1.68,13.61,3,4
18417.468,0.193,0.268,0.898,0.27,0.18,15.5,3,4
18417.484,0.204,0.253,0.919,1.46,4.67,17.27,3,4
18417.5,0.201,0.269,0.949,6.16,9.52,18.98,3,4
18417.5,0.17,0.286,0.974,9.19,11.57,19.93,3,4
18417.515,0.168,0.294,0.986,5.52,9.0,20.84,3,4
18417.515,0.195,0.293,1.002,-1.34,4.64,20.84,3,4
18417.531,0.207,0.267,1.015,-3.75,1.65,20.39,3,4
18417.546,0.201,0.252,1.021,-0.37,-0.55,21.06,3,4
18417.546,0.2,0.273,1.014,4.91,-3.48,22.16,3,4
18417.562,0.21,0.3,0.954,8.45,-6.26,23.44,3,4
18417.578,0.226,0.31,0.916,7.48,-6.13,24.81,3,4
18417.578,0.219,0.307,0.904,6.87,-3.33,26.37,3,4
18417.593,0.219,0.331,0.899,9.16,0.31,30.79,3,4
18417.609,0.199,0.338,0.928,10.93,2.69,35.68,3,4
18417.609,0.175,0.333,0.939,10.47,2.08,40.83,3,4
18417.625,0.181,0.334,0.937,7.87,-0.46,48.4,3,4
18417.625,0.199,0.322,0.929,4.49,-2.93,55.42,3,4
18417.64,0.23,0.293,0.912,0.37,-4.36,59.91,3,4
18417.656,0.266,0.259,0.893,-2.04,-3.94,59.69,3,4
18417.671,0.301,0.241,0.892,-2.29,-1.28,54.45,3,4
18417.671,0.288,0.224,0.914,0.06,2.32,45.01,3,4
18417.687,0.286,0.218,0.932,5.46,4.88,36.59,3,4
18417.687,0.268,0.23,0.961,12.18,6.93,30.18,3,4
18417.703,0.244,0.244,0.957,17.7,6.62,26.03,3,4
18417.718,0.252,0.262,0.949,21.33,6.01,24.96,3,4
18417.718,0.249,0.279,0.958,24.29,6.53,24.29,3,4
18417.734,0.24,0.291,0.931,26.06,6.47,25.54,3,4
18417.734,0.257,0.306,0.891,24.54,6.01,26.8,3,4
18417.75,0.268,0.307,0.868,20.39,6.9,24.29,3,4
18417.765,0.265,0.3,0.848,16.36,8.24,18.98,3,4
18417.765,0.26,0.29,0.863,15.11,10.47,13.89,3,4
18417.781,0.223,0.309,0.904,15.87,12.33,10.07,3,4
18417.796,0.203,0.333,0.932,16.88,11.41,10.44,3,4
18417.812,0.19,0.355,0.953,18.16,8.94,14.16,3,4
18417.812,0.193,0.374,0.917,16.79,5.01,20.2,3,4
18417.828,0.226,0.355,0.882,11.35,2.78,25.67,3,4
18417.828,0.245,0.314,0.87,6.16,3.72,27.8,3,4
18417.843,0.257,0.297,0.881,3.91,5.98,27.44,3,4
18417.859,0.261,0.259,0.887,6.35,8.55,24.48,3,4
18417.859,0.263,0.24,0.903,8.97,10.47,18.65,3,4
18417.875,0.273,0.237,0.92,9.8,10.8,11.17,3,4
18417.875,0.283,0.236,0.946,9.86,10.99,3.66,3,4
18417.89,0.279,0.247,0.967,12.02,11.96,-1.86,3,4
18417.906,0.273,0.263,0.978,15.47,12.7,-4.85,3,4
18417.906,0.248,0.296,0.996,18.83,11.6,-7.72,3,4
18417.921,0.213,0.331,0.976,21.88,9.28,-8.51,3,4
18417.937,0.21,0.351,0.922,21.61,5.89,-7.17,3,4
18417.937,0.221,0.351,0.885,19.35,4.06,-6.44,3,4
18417.953,0.214,0.343,0.869,17.03,4.82,-6.65,3,4
18417.968,0.2,0.339,0.873,13.34,5.68,-6.26,3,4
18417.968,0.201,0.341,0.907,10.16,5.68,-4.97,3,4
18417.984,0.207,0.337,0.929,8.64,4.15,-3.3,3,4
18417.984,0.226,0.339,0.933,8.7,2.29,-2.29,3,4
18418.0,0.233,0.328,0.92,9.25,0.55,-2.41,3,4
18418.015,0.238,0.331,0.912,8.61,-0.79,-3.23,3,4
18418.015,0.238,0.34,0.914,8.64,-1.43,-4.43,3,4
18418.031,0.234,0.342,0.889,8.7,-2.17,-5.16,3,4
18418.046,0.233,0.346,0.88,5.62,-1.89,-5.62,3,4
18418.046,0.229,0.337,0.893,2.23,-1.5,-6.74,3,4
18418.062,0.231,0.35,0.899,0.7,-1.43,-7.23,3,4
18418.078,0.233,0.362,0.916,-1.01,-1.59,-8.3,3,4
18418.093,0.229,0.347,0.913,-2.23,-2.93,-8.45,3,4
18418.109,0.241,0.339,0.901,-0.79,-2.2,-7.08,3,4
18418.109,0.241,0.328,0.891,0.31,-0.82,-7.11,3,4
18418.125,0.236,0.324,0.896,1.01,0.76,-7.42,3,4
18418.125,0.231,0.315,0.914,2.11,1.74,-8.27,3,4
18418.14,0.227,0.319,0.921,4.64,2.04,-8.85,3,4
18418.156,0.237,0.324,0.93,7.78,2.5,-8.64,3,4
18418.171,0.223,0.336,0.95,11.32,2.9,-8.85,3,4
18418.171,0.208,0.344,0.928,12.63,0.09,-8.55,3,4
18418.187,0.215,0.352,0.913,10.38,-1.19,-9.43,3,4
18418.187,0.213,0.361,0.908,9.0,-1.83,-9.7,3,4
18418.203,0.213,0.366,0.887,7.9,-1.74,-9.7,3,4
18418.203,0.208,0.379,0.896,6.93,-1.25,-9.25,3,4
18418.218,0.202,0.392,0.901,6.2,-0.64,-7.48,3,4
18418.234,0.203,0.385,0.902,5.31,-0.46,-5.13,3,4
18418.25,0.206,0.365,0.891,4.88,-0.52,-3.48,3,4
18418.265,0.218,0.345,0.899,4.36,0.85,-3.05,3,4
18418.265,0.22,0.34,0.909,5.46,0.89,-4.36,3,4
18418.281,0.219,0.36,0.919,7.2,0.92,-5.77,3,4
18418.296,0.215,0.377,0.908,8.58,0.31,-6.59,3,4
18418.296,0.22,0.378,0.899,8.3,-0.43,-7.51,3,4
18418.312,0.209,0.388,0.887,8.21,-1.01,-9.46,3,4
18418.328,0.203,0.4,0.882,8.03,-0.52,-9.67,3,4
18418.328,0.203,0.397,0.883,7.9,-0.21,-9.4,3,4
18418.343,0.202,0.393,0.906,7.93,-0.79,-9.98,3,4
18418.359,0.189,0.388,0.93,8.45,-2.96,-11.32,3,4
18418.359,0.212,0.378,0.914,8.09,-7.2,-13.03,3,4
18418.375,0.26,0.368,0.903,6.5,-11.66,-18.77,3,4
18418.39,0.274,0.358,0.904,7.51,-14.47,-28.84,3,4
18418.39,0.269,0.391,0.92,10.96,-14.22,-36.19,3,4
18418.406,0.245,0.455,0.938,12.6,-14.53,-39.12,3,4
18418.406,0.32,0.495,0.909,9.34,-14.47,-35.62,3,4
18418.437,0.264,0.526,0.956,6.68,4.55,-19.44,3,4
18418.437,0.255,0.553,0.943,-1.16,11.26,-7.69,3,4
18418.453,0.208,0.525,0.907,-12.51,17.85,3.42,3,4
18418.468,0.114,0.509,0.927,-25.88,21.73,12.82,3,4
18418.468,0.026,0.419,0.941,-39.86,14.47,22.16,3,4
18418.484,0.061,0.27,0.926,-49.81,-3.85,27.92,3,4
18418.484,0.036,0.098,1.107,-42.15,-21.09,22.1,3,4
18418.5,0.166,0.064,1.183,-9.86,-48.74,11.9,3,4
18418.515,0.327,0.179,1.003,17.55,-67.42,-3.78,3,4
18418.531,0.38,0.174,0.871,23.29,-69.8,-28.11,3,4
18418.531,0.386,0.216,0.772,20.6,-64.03,-46.39,3,4
18418.546,0.413,0.261,0.728,14.74,-52.0,-57.01,3,4
18418.546,0.413,0.274,0.694,9.34,-36.99,-65.77,3,4
18418.562,0.386,0.296,0.643,2.84,-19.04,-72.24,3,4
18418.578,0.35,0.297,0.583,-8.3,1.25,-77.58,3,4
18418.578,0.323,0.28,0.569,-21.3,22.71,-82.52,3,4
18418.609,0.145,0.296,0.717,-30.3,61.92,-85.91,3,4
18418.609,0.009,0.325,0.841,-25.97,69.86,-80.39,3,4
18418.625,-0.087,0.399,0.967,-18.4,66.99,-68.18,3,4
18418.625,-0.119,0.434,1.013,-9.31,54.32,-54.14,3,4
18418.64,-0.098,0.461,0.994,-6.59,37.93,-42.27,3,4
18418.656,-0.056,0.507,0.984,-10.5,22.98,-32.99,3,4
18418.656,-0.037,0.517,0.974,-15.08,10.47,-26.52,3,4
18418.671,-0.081,0.535,0.992,-16.08,0.18,-19.29,3,4
18418.687,-0.006,0.558,1.006,-8.15,-9.8,-3.14,3,4
18418.703,0.113,0.544,0.929,-1.98,-15.87,8.3,3,4
18418.703,0.126,0.538,0.906,-2.2,-14.34,9.89,3,4
18418.718,0.131,0.499,0.912,-1.53,-12.57,12.15,3,4
18418.718,0.14,0.449,0.914,-0.82,-11.44,14.59,3,4
18418.734,0.137,0.418,0.93,-2.14,-11.11,14.83,3,4
18418.75,0.143,0.393,0.932,-3.02,-12.18,15.35,3,4
18418.75,0.164,0.378,0.911,-3.78,-12.91,16.21,3,4
18418.765,0.208,0.325,0.894,-7.66,-10.28,14.1,3,4
18418.781,0.218,0.307,0.907,-7.84,-6.53,10.86,3,4
18418.796,0.213,0.308,0.925,-4.91,-2.53,6.74,3,4
18418.812,0.202,0.316,0.933,-2.44,-0.06,3.11,3,4
18418.812,0.199,0.332,0.956,-1.77,1.16,0.24,3,4
18418.828,0.186,0.351,0.973,-0.79,0.82,-1.95,3,4
18418.828,0.178,0.36,0.964,-0.24,-1.01,-2.62,3,4
18418.843,0.177,0.379,0.961,-1.22,-3.33,-2.08,3,4
18418.843,0.16,0.392,0.969,-1.8,-5.49,-1.07,3,4
18418.859,0.159,0.384,0.947,-1.95,-8.0,1.59,3,4
18418.875,0.171,0.399,0.922,-3.23,-8.64,5.34,3,4
18418.875,0.169,0.395,0.9,-5.74,-7.14,7.9,3,4
18418.89,0.175,0.393,0.877,-11.08,-4.97,9.95,3,4
18418.906,0.182,0.38,0.866,-16.79,-1.34,11.44,3,4
18418.906,0.18,0.35,0.861,-20.45,2.72,11.47,3,4
18418.921,0.184,0.317,0.862,-21.76,6.01,9.8,3,4
18418.937,0.183,0.283,0.871,-18.43,10.74,2.26,3,4
18418.953,0.19,0.279,0.875,-16.85,11.9,-1.25,3,4
18418.968,0.203,0.282,0.895,-15.59,12.97,-4.64,3,4
18418.968,0.193,0.29,0.919,-11.72,14.16,-8.0,3,4
18418.984,0.178,0.315,0.942,-6.13,14.68,-9.09,3,4
18418.984,0.179,0.345,0.96,-0.89,14.16,-7.97,3,4
18419.0,0.182,0.352,0.952,3.2,12.97,-6.41,3,4
18419.015,0.186,0.348,0.943,4.12,11.96,-5.25,3,4
18419.015,0.189,0.341,0.942,3.48,11.29,-4.91,3,4
18419.031,0.186,0.313,0.933,4.24,11.2,-5.4,3,4
18419.046,0.161,0.302,0.93,3.97,10.47,-7.29,3,4
18419.062,0.167,0.311,0.923,1.86,9.06,-8.61,3,4
18419.062,0.161,0.307,0.919,1.16,9.09,-9.49,3,4
18419.078,0.148,0.302,0.925,-0.03,9.43,-10.47,3,4
18419.078,0.134,0.314,0.939,-0.89,9.0,-10.65,3,4
18419.093,0.124,0.316,0.944,-0.4,7.48,-10.16,3,4
18419.109,0.123,0.323,0.937,1.04,3.72,-8.42,3,4
18419.125,0.123,0.329,0.93,1.59,2.29,-8.24,3,4
18419.125,0.128,0.33,0.919,2.04,1.07,-9.06,3,4
18419.14,0.125,0.328,0.911,2.44,0.31,-10.35,3,4
18419.156,0.124,0.335,0.907,3.78,0.55,-11.35,3,4
18419.156,0.115,0.345,0.907,4.27,0.79,-11.54,3,4
18419.171,0.109,0.343,0.907,3.36,1.04,-11.05,3,4
18419.187,0.117,0.349,0.906,2.78,2.11,-10.59,3,4
18419.187,0.097,0.356,0.931,3.27,2.69,-9.31,3,4
18419.203,0.102,0.362,0.935,3.51,2.29,-6.96,3,4
18419.218,0.106,0.367,0.935,2.72,1.92,-5.1,3,4
18419.218,0.115,0.371,0.941,0.85,1.68,-3.88,3,4
18419.234,0.112,0.376,0.952,-0.34,1.19,-3.51,3,4
18419.25,0.109,0.37,0.949,0.03,0.21,-2.66,3,4
18419.25,0.111,0.371,0.945,0.06,-0.85,-1.4,3,4
18419.265,0.102,0.383,0.948,0.52,-1.53,-0.64,3,4
18419.281,0.104,0.37,0.91,1.13,-3.81,1.22,3,4
18419.296,0.117,0.356,0.894,-0.4,-3.72,1.1,3,4
18419.296,0.129,0.338,0.889,-1.46,-2.41,0.12,3,4
18419.312,0.129,0.325,0.9,-1.1,-0.21,-0.73,3,4
18419.328,0.121,0.315,0.921,-0.06,1.56,-1.8,3,4
18419.328,0.12,0.312,0.932,0.95,1.65,-3.39,3,4
18419.343,0.128,0.313,0.937,2.01,0.64,-4.94,3,4
18419.359,0.134,0.325,0.944,3.57,0.06,-6.96,3,4
18419.359,0.128,0.334,0.941,5.95,0.09,-8.45,3,4
18419.375,0.122,0.352,0.939,8.0,0.15,-8.67,3,4
18419.39,0.117,0.369,0.931,8.45,0.24,-8.67,3,4
18419.39,0.113,0.377,0.94,7.17,-0.21,-8.48,3,4
18419.406,0.114,0.381,0.948,5.89,-1.1,-7.84,3,4
18419.421,0.119,0.388,0.952,5.22,-2.38,-6.78,3,4
18419.421,0.12,0.385,0.924,3.66,-3.75,-5.22,3,4
18419.437,0.139,0.361,0.882,-1.01,-4.49,-4.97,3,4
18419.437,0.144,0.34,0.843,-6.68,-3.97,-8.24,3,4
18419.453,0.119,0.313,0.827,-10.04,-2.26,-12.63,3,4
18419.468,0.111,0.276,0.796,-9.52,-0.34,-17.0,3,4
18419.468,0.098,0.291,0.823,-7.87,2.93,-23.77,3,4
18419.484,0.056,0.337,0.907,-1.95,5.52,-29.6,3,4
18419.484,0.048,0.385,0.899,6.62,5.8,-31.04,3,4
18419.5,0.071,0.465,0.939,8.94,7.97,-26.92,3,4
18419.515,0.123,0.486,0.962,7.2,12.21,-19.07,3,4
18419.531,0.157,0.498,0.992,-1.04,18.65,-9.89,3,4
18419.531,0.161,0.462,1.044,-12.05,25.64,-0.85,3,4
18419.546,0.184,0.416,1.103,-23.96,30.76,6.44,3,4
18419.546,0.211,0.442,1.168,-34.61,35.25,9.89,3,4
18419.562,0.198,0.489,1.204,-41.47,37.69,10.5,3,4
18419.578,0.091,0.5,1.157,-46.27,36.74,10.77,3,4
18419.578,-0.004,0.465,1.122,-51.88,27.62,14.07,3,4
18419.593,-0.056,0.379,1.016,-54.35,10.8,16.17,3,4
18419.609,-0.137,0.332,0.993,-51.82,-8.61,13.98,3,4
18419.609,-0.223,0.249,1.051,-29.79,-29.15,13.12,3,4
18419.625,-0.091,0.249,1.014,4.09,-51.76,20.02,3,4
18419.625,0.172,0.33,0.852,23.99,-61.53,24.17,3,4
18419.64,0.221,0.364,0.775,23.35,-52.58,15.47,3,4
18419.656,0.188,0.324,0.791,19.38,-37.45,10.77,3,4
18419.656,0.173,0.294,0.827,17.82,-26.4,10.86,3,4
18419.671,0.168,0.288,0.835,16.33,-19.71,10.8,3,4
18419.687,0.176,0.279,0.832,11.75,-14.16,10.53,3,4
18419.687,0.166,0.24,0.828,7.42,-8.18,8.91,3,4
18419.703,0.151,0.202,0.822,5.37,-3.27,6.35,3,4
18419.718,0.136,0.184,0.804,5.01,0.85,3.81,3,4
18419.718,0.127,0.183,0.791,4.21,4.46,0.21,3,4
18419.734,0.112,0.169,0.798,3.14,7.35,-5.16,3,4
18419.734,0.089,0.158,0.817,3.02,9.03,-10.8,3,4
18419.75,0.066,0.164,0.833,3.72,9.0,-15.41,3,4
18419.765,0.048,0.174,0.854,4.64,7.81,-18.71,3,4
18419.765,0.034,0.194,0.887,5.74,5.83,-20.05,3,4
18419.781,0.039,0.213,0.919,7.72,2.29,-18.95,3,4
18419.796,0.06,0.231,0.936,9.43,-1.16,-16.72,3,4
18419.796,0.097,0.233,0.905,8.48,-3.3,-16.14,3,4
18419.812,0.131,0.244,0.901,4.12,-2.04,-17.94,3,4
18419.828,0.14,0.263,0.91,0.37,1.22,-20.63,3,4
18419.828,0.155,0.263,0.901,-2.14,4.85,-23.77,3,4
18419.843,0.164,0.266,0.896,-4.61,9.25,-27.86,3,4
18419.859,0.157,0.265,0.877,-6.1,14.53,-33.14,3,4
18419.859,0.158,0.266,0.863,-7.42,20.36,-38.12,3,4
18419.875,0.13,0.272,0.921,-6.93,27.59,-42.88,3,4
18419.875,-0.064,0.375,1.147,4.33,29.24,-44.16,3,4
18419.89,-0.016,0.451,1.183,26.37,13.86,-28.32,3,4
18419.906,0.147,0.509,1.048,28.08,-2.23,-18.49,3,4
18419.921,0.125,0.541,1.023,15.63,-4.0,-19.78,3,4
18419.921,0.115,0.504,1.008,6.99,-4.27,-15.47,3,4
18419.937,0.14,0.474,0.966,-0.06,-5.1,-10.1,3,4
18419.937,0.121,0.445,0.944,-7.42,-3.94,-9.8,3,4
18419.953,0.101,0.397,0.939,-12.33,-2.87,-10.35,3,4
18419.968,0.089,0.36,0.939,-12.82,-2.93,-12.15,3,4
18419.968,0.073,0.334,0.934,-8.3,-2.75,-14.77,3,4
18419.984,0.063,0.319,0.919,-1.92,-2.41,-16.3,3,4
18419.984,0.063,0.308,0.905,3.11,-1.56,-18.22,3,4
18420.0,0.051,0.317,0.912,6.07,-0.12,-20.05,3,4
18420.015,0.035,0.333,0.918,7.93,0.49,-19.65,3,4
18420.031,0.028,0.346,0.921,7.87,0.12,-17.0,3,4
18420.031,0.016,0.359,0.926,6.53,-0.43,-13.49,3,4
18420.046,0.013,0.362,0.921,4.49,-1.37,-8.82,3,4
18420.046,0.017,0.363,0.919,1.16,-2.2,-4.06,3,4
18420.062,0.017,0.354,0.925,-1.77,-2.69,-0.43,3,4
18420.078,0.023,0.326,0.925,-3.02,-3.69,2.14,3,4
18420.078,0.034,0.308,0.921,-3.39,-4.49,2.81,3,4
18420.093,0.045,0.296,0.923,-2.81,-5.1,1.53,3,4
18420.109,0.059,0.283,0.926,-1.28,-5.68,-1.46,3,4
18420.109,0.063,0.288,0.937,1.92,-5.4,-4.73,3,4
18420.125,0.065,0.298,0.94,6.93,-4.67,-7.14,3,4
18420.125,0.06,0.32,0.943,11.44,-3.85,-9.03,3,4
18420.14,0.059,0.354,0.943,12.76,-1.74,-9.13,3,4
18420.156,0.087,0.367,0.886,7.48,1.98,-9.67,3,4
18420.171,0.082,0.394,0.937,6.38,3.45,-8.91,3,4
18420.171,0.066,0.393,0.929,2.2,0.46,-6.32,3,4
18420.187,0.07,0.385,0.93,-1.13,-0.09,-7.11,3,4
18420.187,0.075,0.348,0.915,-0.73,0.34,-8.48,3,4
18420.203,0.082,0.338,0.925,1.43,1.13,-10.47,3,4
18420.218,0.068,0.348,0.94,6.62,2.29,-12.48,3,4
18420.218,0.054,0.36,0.943,12.24,2.14,-13.34,3,4
18420.234,0.046,0.389,0.954,15.56,1.01,-12.88,3,4
18420.234,0.045,0.41,0.947,17.55,-0.27,-10.83,3,4
18420.25,0.045,0.42,0.934,16.63,-1.25,-7.78,3,4
18420.265,0.047,0.414,0.933,13.52,-1.95,-4.97,3,4
18420.265,0.042,0.395,0.937,10.16,-2.84,-2.96,3,4
18420.281,0.032,0.373,0.957,7.35,-4.24,-1.16,3,4
18420.296,0.012,0.354,0.993,7.87,-7.29,0.89,3,4
18420.296,0.0,0.338,0.997,12.94,-12.79,3.2,3,4
18420.312,-0.003,0.336,0.986,19.65,-18.95,5.55,3,4
18420.328,-0.004,0.348,0.981,25.09,-25.09,7.63,3,4
18420.343,0.01,0.357,0.929,27.25,-31.25,8.55,3,4
18420.343,0.05,0.373,1.016,22.83,-36.9,8.09,3,4
18420.343,0.057,0.37,1.03,22.74,-44.65,6.68,3,4
18420.359,0.106,0.405,0.941,20.2,-50.6,8.73,3,4
18420.375,0.128,0.418,0.915,14.68,-50.11,9.43,3,4
18420.39,0.122,0.383,0.893,13.52,-47.36,9.92,3,4
18420.39,0.134,0.379,0.878,11.75,-45.41,11.32,3,4
18420.406,0.125,0.399,0.864,10.41,-43.09,11.05,3,4
18420.406,0.125,0.39,0.848,9.25,-41.08,11.38,3,4
18420.421,0.151,0.383,0.841,6.84,-39.55,10.99,3,4
18420.437,0.168,0.384,0.837,6.44,-36.56,8.88,3,4
18420.437,0.182,0.379,0.82,8.88,-31.92,7.11,3,4
18420.453,0.198,0.385,0.802,10.86,-25.91,5.28,3,4
18420.468,0.191,0.4,0.803,12.18,-18.95,2.62,3,4
18420.468,0.173,0.409,0.81,12.85,-12.91,0.73,3,4
18420.484,0.159,0.423,0.817,11.54,-8.82,0.12,3,4
18420.484,0.156,0.433,0.819,8.39,-5.92,0.4,3,4
18420.5,0.157,0.436,0.83,4.49,-3.63,0.55,3,4
18420.515,0.151,0.429,0.843,1.74,-2.38,1.19,3,4
18420.515,0.15,0.424,0.85,0.43,-1.5,2.99,3,4
18420.531,0.169,0.42,0.841,-0.06,0.0,5.13,3,4
18420.546,0.195,0.413,0.83,-0.76,2.69,5.8,3,4
18420.562,0.212,0.393,0.819,-2.38,6.81,4.39,3,4
18420.562,0.224,0.374,0.807,-4.7,12.15,1.25,3,4
18420.578,0.225,0.368,0.812,-6.5,18.71,-2.84,3,4
18420.578,0.216,0.362,0.824,-7.35,25.27,-6.96,3,4
18420.593,0.197,0.357,0.853,-7.69,30.98,-11.38,3,4
18420.609,0.164,0.348,0.882,-6.01,34.61,-16.11,3,4
18420.609,0.056,0.387,1.016,-2.78,34.52,-19.71,3,4
18420.625,-0.022,0.403,1.188,4.94,21.79,-16.17,3,4
18420.625,0.121,0.398,1.109,8.58,-1.43,-10.01,3,4
18420.64,0.204,0.434,1.005,3.54,-11.75,-11.84,3,4
18420.656,0.22,0.42,0.948,-0.12,-11.69,-14.86,3,4
18420.656,0.217,0.397,0.887,-2.04,-8.09,-16.11,3,4
18420.671,0.193,0.398,0.866,-4.12,-2.62,-16.88,3,4
18420.687,0.162,0.396,0.866,-5.74,2.38,-16.6,3,4
18420.687,0.147,0.383,0.874,-8.36,4.39,-16.57,3,4
18420.703,0.14,0.366,0.876,-9.77,5.1,-17.76,3,4
18420.718,0.134,0.359,0.88,-8.91,6.01,-19.47,3,4
18420.718,0.125,0.36,0.893,-5.43,6.65,-21.24,3,4
18420.734,0.108,0.367,0.904,-0.4,6.9,-22.34,3,4
18420.734,0.096,0.38,0.908,3.36,5.74,-22.34,3,4
18420.75,0.094,0.402,0.907,4.61,3.48,-21.49,3,4
18420.765,0.098,0.42,0.907,3.72,1.1,-20.39,3,4
18420.781,0.1,0.43,0.908,1.86,-1.22,-19.38,3,4
18420.781,0.104,0.43,0.907,-0.4,-3.54,-17.85,3,4
18420.796,0.108,0.429,0.908,-2.41,-5.34,-16.88,3,4
18420.796,0.105,0.425,0.908,-3.39,-7.08,-16.63,3,4
18420.812,0.101,0.421,0.9,-2.56,-8.58,-17.3,3,4
18420.828,0.101,0.426,0.9,-0.7,-9.95,-18.68,3,4
18420.843,0.096,0.428,0.898,3.42,-10.9,-19.99,3,4
18420.843,0.091,0.436,0.892,8.58,-11.51,-20.2,3,4
18420.859,0.089,0.452,0.888,11.9,-11.87,-19.53,3,4
18420.859,0.083,0.459,0.885,12.91,-12.12,-18.59,3,4
18420.875,0.079,0.457,0.889,11.35,-12.39,-17.64,3,4
18420.875,0.072,0.455,0.894,9.19,-13.03,-15.93,3,4
18420.89,0.073,0.447,0.886,6.78,-13.79,-13.31,3,4
18420.906,0.082,0.448,0.873,2.81,-14.28,-11.02,3,4
18420.906,0.087,0.436,0.863,-1.31,-13.58,-9.67,3,4
18420.921,0.09,0.412,0.87,-4.58,-12.21,-8.85,3,4
18420.937,0.091,0.389,0.888,-5.25,-10.74,-8.39,3,4
18420.937,0.091,0.378,0.901,-3.39,-9.77,-8.73,3,4
18420.953,0.091,0.379,0.908,-0.89,-9.74,-9.8,3,4
18420.968,0.092,0.386,0.907,1.37,-10.38,-11.05,3,4
18420.968,0.095,0.398,0.9,2.26,-10.8,-11.69,3,4
18420.984,0.104,0.404,0.897,2.26,-10.96,-11.38,3,4
18421.0,0.11,0.411,0.893,2.11,-10.59,-10.86,3,4
18421.0,0.116,0.42,0.894,1.83,-9.49,-10.16,3,4
18421.015,0.119,0.423,0.9,1.68,-8.21,-9.31,3,4
18421.015,0.119,0.427,0.906,1.16,-7.42,-8.67,3,4
18421.031,0.12,0.429,0.919,0.0,-7.35,-8.3,3,4
18421.046,0.118,0.434,0.925,-0.06,-7.93,-7.9,3,4
18421.046,0.12,0.434,0.912,-0.09,-8.88,-7.39,3,4
18421.062,0.121,0.432,0.898,-1.01,-9.0,-7.02,3,4
18421.078,0.125,0.429,0.89,-2.53,-8.58,-7.08,3,4
18421.078,0.122,0.427,0.888,-3.27,-8.06,-7.32,3,4
18421.093,0.117,0.423,0.881,-3.05,-7.35,-7.54,3,4
18421.109,0.118,0.422,0.879,-3.78,-6.53,-7.51,3,4
18421.109,0.118,0.424,0.887,-4.7,-5.83,-7.45,3,4
18421.125,0.111,0.423,0.892,-2.75,-4.91,-7.11,3,4
18421.125,0.107,0.427,0.888,-2.78,-4.85,-7.23,3,4
18421.14,0.114,0.433,0.893,-1.46,-4.85,-7.87,3,4
18421.156,0.109,0.435,0.898,0.76,-4.85,-7.48,3,4
18421.156,0.102,0.448,0.888,2.41,-5.07,-6.59,3,4
18421.171,0.105,0.449,0.879,1.19,-5.04,-5.8,3,4
18421.187,0.111,0.445,0.88,-1.59,-5.01,-5.8,3,4
18421.203,0.118,0.435,0.885,-3.11,-4.49,-5.74,3,4
18421.203,0.119,0.426,0.886,-3.94,-3.39,-5.13,3,4
18421.218,0.123,0.416,0.894,-4.58,-2.69,-4.61,3,4
18421.218,0.128,0.409,0.9,-4.21,-2.23,-4.36,3,4
18421.234,0.13,0.402,0.899,-3.14,-1.65,-4.43,3,4
18421.234,0.13,0.396,0.901,-1.98,-0.7,-4.76,3,4
18421.25,0.121,0.393,0.908,-0.49,0.0,-5.34,3,4
18421.265,0.114,0.394,0.909,0.7,-0.03,-5.74,3,4
18421.281,0.119,0.398,0.908,0.85,-0.61,-5.74,3,4
18421.281,0.125,0.401,0.903,0.46,-0.89,-5.71,3,4
18421.296,0.124,0.404,0.903,-0.37,-0.95,-6.13,3,4
18421.296,0.125,0.407,0.905,-1.1,-1.07,-6.38,3,4
18421.312,0.129,0.407,0.904,-1.98,-1.5,-6.2,3,4
18421.328,0.128,0.407,0.91,-3.66,-1.74,-5.83,3,4
18421.343,0.127,0.399,0.904,-3.2,-1.98,-5.92,3,4
18421.343,0.128,0.397,0.905,-1.43,-1.83,-6.47,3,4
18421.359,0.12,0.398,0.898,1.5,-1.43,-7.08,3,4
18421.375,0.107,0.405,0.893,3.85,-1.68,-7.9,3,4
18421.375,0.103,0.418,0.888,4.33,-2.81,-8.82,3,4
18421.39,0.109,0.423,0.877,3.66,-4.3,-9.67,3,4
18421.406,0.107,0.422,0.876,2.75,-4.91,-10.13,3,4
18421.421,0.108,0.425,0.882,1.92,-4.76,-9.74,3,4
18421.421,0.114,0.431,0.889,1.71,-4.36,-8.3,3,4
18421.437,0.116,0.434,0.885,1.89,-3.85,-6.99,3,4
18421.437,0.119,0.433,0.887,0.95,-3.36,-5.92,3,4
18421.453,0.124,0.432,0.886,0.37,-3.05,-4.88,3,4
18421.468,0.125,0.432,0.885,1.01,-2.35,-4.27,3,4
18421.468,0.119,0.436,0.884,2.69,-1.56,-3.66,3,4
18421.484,0.114,0.44,0.88,3.3,-1.1,-2.99,3,4
18421.5,0.11,0.431,0.879,2.93,-1.13,-2.84,3,4
18421.515,0.108,0.425,0.882,3.2,-1.28,-2.66,3,4
18421.515,0.117,0.425,0.89,2.99,-1.5,-2.23,3,4
18421.531,0.123,0.418,0.896,3.2,-1.19,-2.04,3,4
18421.546,0.122,0.412,0.9,3.02,-1.01,-1.89,3,4
18421.546,0.121,0.408,0.904,2.17,-1.34,-1.68,3,4
18421.562,0.125,0.41,0.906,0.92,-2.04,-2.14,3,4
18421.578,0.123,0.413,0.908,-0.12,-2.41,-2.5,3,4
18421.578,0.124,0.412,0.903,-0.31,-2.59,-2.14,3,4
18421.593,0.124,0.419,0.902,0.03,-2.38,-1.74,3,4
18421.593,0.122,0.421,0.904,0.67,-1.98,-1.89,3,4
18421.609,0.113,0.427,0.901,1.37,-1.86,-2.14,3,4
18421.625,0.109,0.429,0.9,1.74,-2.11,-2.29,3,4
18421.625,0.11,0.426,0.89,2.23,-2.5,-2.14,3,4
18421.64,0.106,0.423,0.88,3.11,-2.2,-2.32,3,4
18421.656,0.099,0.422,0.876,4.18,-1.56,-2.38,3,4
18421.656,0.092,0.424,0.866,4.27,-1.31,-1.74,3,4
18421.671,0.092,0.427,0.865,1.95,-1.83,-1.31,3,4
18421.687,0.098,0.42,0.869,-0.18,-2.5,-1.16,3,4
18421.687,0.109,0.407,0.873,0.09,-2.26,-0.92,3,4
18421.703,0.112,0.406,0.879,2.2,-1.4,-1.13,3,4
18421.718,0.118,0.416,0.883,4.33,-0.7,-1.83,3,4
18421.718,0.126,0.436,0.891,5.34,0.31,-2.56,3,4
18421.734,0.12,0.452,0.896,5.62,1.16,-2.9,3,4
18421.734,0.103,0.463,0.902,4.46,1.34,-1.98,3,4
18421.75,0.099,0.469,0.907,1.5,0.03,-0.79,3,4
18421.765,0.104,0.465,0.898,-1.56,-1.74,0.43,3,4
18421.765,0.107,0.447,0.885,-2.99,-2.38,1.22,3,4
18421.781,0.101,0.43,0.879,-2.69,-2.26,1.04,3,4
18421.796,0.096,0.424,0.875,-1.46,-2.47,0.34,3,4
18421.796,0.098,0.423,0.867,-0.12,-2.78,-0.61,3,4
18421.812,0.099,0.426,0.87,1.34,-2.23,-1.56,3,4
18421.828,0.096,0.429,0.874,2.59,-1.28,-1.83,3,4
18421.828,0.096,0.438,0.89,2.87,-0.52,-1.62,3,4
18421.843,0.098,0.448,0.912,2.96,-0.12,-1.43,3,4
18421.843,0.109,0.459,0.942,2.66,-0.95,-1.01,3,4
18421.859,0.134,0.462,0.953,2.14,-2.66,-0.34,3,4
18421.875,0.148,0.457,0.953,3.05,-3.88,0.15,3,4
18421.89,0.15,0.442,0.933,5.37,-4.61,0.79,3,4
18421.89,0.156,0.437,0.91,6.96,-5.25,1.25,3,4
18421.906,0.163,0.442,0.879,8.18,-4.64,1.62,3,4
18421.906,0.153,0.439,0.858,8.15,-2.93,1.04,3,4
18421.921,0.136,0.429,0.86,6.78,-1.28,0.18,3,4
18421.937,0.125,0.428,0.867,5.49,-0.64,-0.7,3,4
18421.953,0.121,0.426,0.869,4.73,-0.92,-1.37,3,4
18421.953,0.119,0.423,0.87,4.49,-1.4,-2.17,3,4
18421.968,0.12,0.423,0.87,4.09,-1.8,-2.87,3,4
18421.968,0.124,0.417,0.867,3.88,-1.74,-3.23,3,4
18421.984,0.124,0.416,0.867,3.54,-1.19,-3.45,3,4
18422.0,0.116,0.419,0.873,2.78,-0.67,-3.42,3,4
18422.0,0.111,0.42,0.874,1.37,-0.55,-2.99,3,4
18422.015,0.105,0.422,0.871,-0.67,-0.79,-2.04,3,4
18422.031,0.106,0.416,0.869,-2.9,-0.76,-1.16,3,4
18422.031,0.107,0.414,0.874,-4.67,-0.43,-0.64,3,4
18422.046,0.108,0.413,0.878,-5.25,-0.37,-0.37,3,4
18422.046,0.108,0.412,0.881,-5.1,-0.03,-0.27,3,4
18422.062,0.107,0.413,0.891,-4.61,0.24,-0.4,3,4
18422.078,0.105,0.425,0.903,-3.54,0.24,-0.31,3,4
18422.078,0.106,0.436,0.907,-1.68,-0.12,0.18,3,4
18422.093,0.112,0.441,0.897,0.06,-0.79,1.13,3,4
18422.109,0.12,0.441,0.894,0.21,-1.37,1.92,3,4
18422.109,0.123,0.438,0.892,-1.46,-2.26,0.95,3,4
18422.125,0.123,0.431,0.888,-1.95,-2.81,-0.18,3,4
18422.125,0.125,0.426,0.886,-1.37,-2.93,-1.56,3,4
18422.14,0.122,0.424,0.886,-0.37,-2.87,-2.72,3,4
18422.156,0.118,0.43,0.887,-0.03,-3.2,-3.69,3,4
18422.156,0.118,0.436,0.886,-0.46,-3.78,-4.49,3,4
18422.171,0.121,0.437,0.881,-1.07,-4.03,-4.85,3,4
18422.187,0.121,0.436,0.875,-0.58,-2.84,-4.61,3,4
18422.203,0.114,0.445,0.88,-0.61,-2.01,-4.36,3,4
18422.218,0.104,0.45,0.889,-0.82,-1.77,-4.03,3,4
18422.218,0.1,0.447,0.898,-0.95,-2.41,-3.33,3,4
18422.234,0.102,0.444,0.905,-0.73,-3.69,-2.87,3,4
18422.25,0.104,0.449,0.9,-0.24,-5.13,-2.96,3,4
18422.25,0.116,0.448,0.885,0.18,-6.56,-3.23,3,4
18422.265,0.122,0.438,0.873,0.55,-6.78,-4.27,3,4
18422.265,0.118,0.436,0.869,1.25,-6.26,-5.19,3,4
18422.281,0.119,0.443,0.864,2.2,-5.89,-5.68,3,4
18422.296,0.119,0.448,0.861,2.75,-5.4,-5.83,3,4
18422.296,0.116,0.453,0.862,2.75,-4.79,-5.4,3,4
18422.312,0.111,0.454,0.863,2.62,-4.09,-4.58,3,4
18422.328,0.111,0.457,0.867,2.08,-3.51,-4.0,3,4
18422.328,0.111,0.459,0.874,1.95,-3.02,-3.6,3,4
18422.343,0.112,0.461,0.873,2.01,-2.84,-3.2,3,4
18422.359,0.109,0.454,0.87,2.69,-2.35,-2.66,3,4
18422.375,0.109,0.45,0.866,3.08,-2.26,-2.38,3,4
18422.375,0.113,0.449,0.859,3.51,-1.95,-1.95,3,4
18422.39,0.112,0.449,0.856,3.45,-1.53,-1.34,3,4
18422.406,0.11,0.447,0.861,2.9,-0.79,-0.58,3,4
18422.406,0.112,0.446,0.868,2.2,-0.52,0.12,3,4
18422.421,0.115,0.444,0.873,1.28,-0.58,0.58,3,4
18422.437,0.122,0.441,0.878,0.64,-0.64,0.64,3,4
18422.437,0.127,0.44,0.88,1.19,-0.49,0.27,3,4
18422.453,0.125,0.445,0.881,2.32,-0.21,-0.06,3,4
18422.468,0.125,0.45,0.887,3.23,-0.15,-0.46,3,4
18422.468,0.128,0.454,0.886,3.81,-0.43,-0.85,3,4
18422.484,0.127,0.452,0.882,4.21,-0.73,-1.16,3,4
18422.484,0.12,0.445,0.879,4.39,-1.01,-1.34,3,4
18422.5,0.112,0.441,0.872,3.33,-0.95,-1.16,3,4
18422.515,0.11,0.446,0.869,1.13,-1.04,-0.79,3,4
18422.515,0.11,0.444,0.863,-0.61,-1.25,-0.79,3,4
18422.531,0.11,0.439,0.858,-0.61,-1.25,-0.85,3,4
18422.546,0.112,0.445,0.859,0.46,-1.22,-1.25,3,4
18422.546,0.11,0.451,0.859,1.98,-1.1,-1.68,3,4
18422.562,0.114,0.462,0.857,2.41,-1.04,-1.59,3,4
18422.578,0.115,0.466,0.864,1.77,-0.49,-1.13,3,4
18422.578,0.12,0.459,0.879,1.07,0.37,-0.31,3,4
18422.593,0.124,0.455,0.891,0.58,0.76,0.52,3,4
18422.609,0.125,0.447,0.901,0.31,0.43,0.85,3,4
18422.609,0.124,0.445,0.905,-0.09,-0.15,0.73,3,4
18422.625,0.125,0.441,0.904,-0.06,-0.95,0.21,3,4
18422.625,0.126,0.436,0.894,0.55,-1.46,0.0,3,4
18422.64,0.125,0.438,0.885,1.34,-1.22,-0.18,3,4
18422.656,0.119,0.445,0.886,1.83,-0.64,-0.27,3,4
18422.656,0.116,0.442,0.877,2.2,-0.27,-0.18,3,4
18422.671,0.113,0.444,0.876,1.92,0.0,0.03,3,4
18422.687,0.114,0.448,0.878,0.89,0.0,0.15,3,4
18422.703,0.116,0.449,0.877,0.4,0.06,0.12,3,4
18422.703,0.116,0.448,0.875,0.76,0.18,0.12,3,4
18422.718,0.115,0.449,0.873,1.13,0.15,0.09,3,4
18422.718,0.115,0.452,0.873,1.37,0.06,-0.09,3,4
18422.734,0.109,0.451,0.871,1.4,0.03,-0.55,3,4
18422.734,0.11,0.453,0.874,1.37,-0.12,-0.85,3,4
18422.75,0.112,0.456,0.876,1.22,0.06,-0.67,3,4
18422.765,0.115,0.455,0.879,1.28,0.15,-0.21,3,4
18422.781,0.119,0.456,0.882,1.4,0.09,0.34,3,4
18422.781,0.125,0.456,0.88,1.59,0.46,0.73,3,4
18422.796,0.125,0.457,0.878,1.13,0.73,1.13,3,4
18422.796,0.124,0.453,0.879,0.12,0.76,1.19,3,4
18422.812,0.12,0.446,0.885,-1.1,0.64,1.07,3,4
18422.828,0.121,0.443,0.886,-1.37,0.37,1.19,3,4
18422.828,0.12,0.434,0.881,-0.64,0.06,1.04,3,4
18422.843,0.117,0.431,0.875,0.64,0.18,0.76,3,4
18422.859,0.117,0.436,0.874,1.28,0.21,0.4,3,4
18422.859,0.112,0.439,0.876,1.77,-0.03,-0.24,3,4
18422.875,0.111,0.444,0.878,2.17,-0.61,-0.55,3,4
18422.875,0.114,0.456,0.877,1.86,-1.22,-0.4,3,4
18422.89,0.121,0.456,0.877,1.43,-1.53,-0.12,3,4
18422.906,0.122,0.455,0.876,1.22,-0.95,0.27,3,4
18422.906,0.118,0.459,0.877,0.52,-0.31,0.76,3,4
18422.921,0.116,0.459,0.875,-0.46,-0.15,1.01,3,4
18422.937,0.117,0.455,0.872,-0.98,-0.37,1.25,3,4
18422.937,0.119,0.451,0.869,-0.89,-0.55,1.4,3,4
18422.953,0.119,0.453,0.866,-0.21,-0.61,1.28,3,4
18422.968,0.118,0.449,0.863,0.24,-0.46,0.98,3,4
18422.968,0.116,0.449,0.868,-0.31,-0.46,0.27,3,4
18422.984,0.117,0.451,0.876,-0.79,-1.01,-0.03,3,4
18423.0,0.12,0.449,0.876,-0.09,-1.19,-0.31,3,4
18423.0,0.12,0.45,0.877,0.73,-1.16,-0.46,3,4
18423.015,0.116,0.452,0.882,0.7,-1.43,-0.67,3,4
18423.015,0.121,0.45,0.878,0.18,-2.23,-1.01,3,4
18423.031,0.13,0.45,0.879,0.03,-2.59,-1.25,3,4
18423.046,0.125,0.462,0.885,1.65,-1.89,-1.74,3,4
18423.062,0.122,0.469,0.886,1.28,-2.08,-1.19,3,4
18423.078,0.122,0.466,0.881,0.31,-2.2,-0.73,3,4
18423.078,0.121,0.457,0.876,-0.31,-2.35,-0.49,3,4
18423.093,0.117,0.453,0.877,-0.67,-2.93,-0.7,3,4
18423.109,0.12,0.45,0.874,0.15,-2.38,-1.04,3,4
18423.109,0.119,0.446,0.876,0.85,-1.89,-1.16,3,4
18423.125,0.119,0.45,0.879,1.07,-1.59,-1.46,3,4
18423.125,0.117,0.452,0.873,1.13,-1.07,-1.92,3,4
18423.14,0.104,0.455,0.879,1.74,-0.73,-1.89,3,4
18423.156,0.096,0.456,0.879,2.08,-1.22,-1.68,3,4
18423.156,0.099,0.456,0.871,1.5,-2.44,-1.5,3,4
18423.171,0.104,0.45,0.863,1.16,-2.69,-1.04,3,4
18423.187,0.104,0.449,0.862,1.04,-2.04,-0.67,3,4
18423.187,0.105,0.452,0.868,0.67,-1.5,-0.37,3,4
18423.203,0.107,0.452,0.873,0.4,-1.34,-0.15,3,4
18423.218,0.108,0.453,0.876,0.31,-1.13,0.03,3,4
18423.218,0.11,0.456,0.877,0.12,-1.19,0.12,3,4
18423.234,0.116,0.457,0.877,-0.15,-1.28,-0.03,3,4
18423.234,0.113,0.453,0.874,0.27,-0.85,-0.43,3,4
18423.25,0.112,0.45,0.872,0.73,-0.27,-0.58,3,4
18423.265,0.112,0.454,0.873,0.76,0.03,-0.46,3,4
18423.265,0.11,0.454,0.874,0.49,0.15,-0.52,3,4
18423.281,0.11,0.454,0.873,-0.06,0.24,-0.4,3,4
18423.296,0.111,0.455,0.873,-0.55,0.15,-0.18,3,4
18423.312,0.114,0.455,0.872,-0.49,-0.09,0.24,3,4
18423.312,0.117,0.457,0.875,-0.46,-0.18,0.49,3,4
18423.328,0.119,0.456,0.877,-0.7,-0.55,0.37,3,4
18423.328,0.125,0.453,0.878,-0.55,-0.73,0.18,3,4
18423.343,0.125,0.45,0.879,0.18,-0.64,-0.31,3,4
18423.359,0.12,0.452,0.878,1.07,-0.67,-0.89,3,4
18423.359,0.12,0.456,0.876,1.19,-0.89,-1.43,3,4
18423.375,0.121,0.457,0.873,1.13,-1.07,-1.59,3,4
18423.375,0.117,0.458,0.871,1.25,-0.98,-1.65,3,4
18423.39,0.116,0.458,0.872,1.16,-1.1,-1.5,3,4
18423.406,0.121,0.456,0.872,1.13,-1.22,-1.37,3,4
18423.406,0.121,0.459,0.875,1.28,-1.1,-0.98,3,4
18423.421,0.12,0.46,0.875,1.22,-0.92,-0.7,3,4
18423.437,0.122,0.461,0.877,0.31,-1.16,-0.4,3,4
18423.437,0.123,0.459,0.873,-0.64,-1.5,-0.21,3,4
18423.453,0.121,0.45,0.87,-0.76,-1.37,-0.15,3,4
18423.468,0.12,0.443,0.874,-0.06,-0.98,-0.46,3,4
18423.468,0.112,0.441,0.875,1.04,-1.07,-0.98,3,4
18423.484,0.112,0.448,0.876,1.37,-1.65,-1.59,3,4
18423.5,0.12,0.453,0.872,1.4,-2.01,-1.89,3,4
18423.5,0.12,0.453,0.872,1.43,-1.68,-1.98,3,4
18423.515,0.119,0.457,0.876,1.53,-1.16,-1.8,3,4
18423.531,0.116,0.458,0.874,1.71,-1.1,-1.43,3,4
18423.531,0.115,0.453,0.874,1.37,-1.25,-1.07,3,4
18423.546,0.112,0.451,0.872,1.34,-1.28,-1.01,3,4
18423.546,0.109,0.453,0.874,1.59,-1.31,-1.16,3,4
18423.562,0.11,0.453,0.874,1.74,-1.56,-1.28,3,4
18423.578,0.112,0.457,0.875,1.37,-1.86,-1.25,3,4
18423.578,0.115,0.46,0.876,1.28,-1.95,-1.22,3,4
18423.593,0.118,0.462,0.871,1.43,-2.08,-0.95,3,4
18423.609,0.121,0.471,0.872,0.98,-1.98,-0.67,3,4
18423.609,0.124,0.471,0.87,0.06,-1.86,-0.18,3,4
18423.625,0.129,0.471,0.872,-1.07,-1.59,0.31,3,4
18423.625,0.127,0.468,0.879,-1.68,-1.13,0.82,3,4
18423.64,0.126,0.459,0.882,-1.92,-0.92,1.01,3,4
18423.656,0.126,0.449,0.88,-1.37,-1.28,0.76,3,4
18423.656,0.125,0.443,0.88,-0.43,-1.53,0.24,3,4
18423.671,0.124,0.446,0.885,1.1,-1.59,-0.12,3,4
18423.687,0.122,0.45,0.883,2.23,-1.92,-0.55,3,4
18423.687,0.12,0.456,0.881,2.62,-2.32,-0.61,3,4
18423.703,0.114,0.462,0.883,2.53,-2.75,-0.18,3,4
18423.718,0.107,0.466,0.885,2.17,-3.88,0.64,3,4
18423.718,0.101,0.469,0.888,2.38,-5.31,1.71,3,4
18423.734,0.081,0.47,0.901,3.97,-6.96,2.84,3,4
18423.75,0.054,0.491,0.939,7.54,-11.32,4.58,3,4
18423.75,0.031,0.493,0.952,14.95,-19.26,7.32,3,4
18423.765,0.046,0.488,0.93,20.97,-27.65,11.29,3,4
18423.765,0.081,0.489,1.008,19.47,-37.14,13.18,3,4
18423.781,0.111,0.494,0.974,18.62,-48.89,11.29,3,4
18423.796,0.172,0.546,0.902,17.18,-54.45,13.67,3,4
18423.796,0.212,0.514,0.839,16.48,-52.74,15.5,3,4
18423.812,0.231,0.494,0.801,11.87,-48.55,14.47,3,4
18423.828,0.251,0.493,0.768,7.45,-41.44,14.01,3,4
18423.828,0.222,0.456,0.75,6.2,-32.23,12.54,3,4
18423.843,0.212,0.458,0.774,2.93,-25.48,11.38,3,4
18423.859,0.206,0.462,0.787,3.72,-19.75,11.96,3,4
18423.859,0.195,0.456,0.795,5.16,-15.05,11.99,3,4
18423.875,0.203,0.463,0.801,4.36,-12.12,11.32,3,4
18423.89,0.216,0.458,0.797,3.17,-9.22,9.8,3,4
18423.89,0.22,0.447,0.785,1.19,-5.62,6.99,3,4
18423.906,0.222,0.44,0.775,-1.74,-1.25,3.54,3,4
18423.906,0.214,0.43,0.777,-4.12,3.57,0.34,3,4
18423.921,0.2,0.425,0.788,-5.55,7.69,-2.59,3,4
18423.937,0.189,0.429,0.799,-6.47,10.86,-4.91,3,4
18423.937,0.17,0.432,0.822,-6.26,13.0,-6.87,3,4
18423.953,0.148,0.437,0.85,-4.58,13.28,-8.15,3,4
18423.968,0.143,0.446,0.871,-2.35,11.2,-8.33,3,4
18423.968,0.153,0.464,0.882,-0.31,8.39,-8.21,3,4
18423.984,0.161,0.471,0.878,1.37,5.89,-8.18,3,4
18423.984,0.174,0.477,0.867,2.41,4.36,-7.78,3,4
18424.0,0.187,0.488,0.851,2.44,4.09,-7.26,3,4
18424.015,0.195,0.491,0.845,1.86,5.58,-6.74,3,4
18424.031,0.179,0.494,0.853,0.61,7.51,-6.5,3,4
18424.031,0.164,0.494,0.87,-0.55,7.54,-5.55,3,4
18424.046,0.16,0.494,0.881,-0.92,6.2,-4.24,3,4
18424.046,0.157,0.492,0.883,-0.06,4.3,-3.6,3,4
18424.062,0.162,0.488,0.883,1.28,1.74,-3.05,3,4
18424.078,0.165,0.488,0.876,3.11,-0.52,-3.11,3,4
18424.078,0.167,0.496,0.868,3.91,-3.88,-3.08,3,4
18424.093,0.179,0.505,0.861,3.2,-4.24,-2.75,3,4
18424.109,0.19,0.502,0.851,2.81,-3.27,-2.59,3,4
18424.109,0.19,0.498,0.849,3.05,-1.86,-2.35,3,4
18424.125,0.182,0.504,0.859,3.6,-1.04,-1.98,3,4
18424.125,0.177,0.508,0.869,3.85,-1.34,-1.83,3,4
18424.14,0.177,0.505,0.867,4.39,-2.23,-1.71,3,4
18424.156,0.177,0.504,0.867,5.01,-3.27,-1.8,3,4
18424.156,0.181,0.506,0.866,5.52,-4.18,-2.04,3,4
18424.171,0.177,0.508,0.871,6.1,-4.43,-2.2,3,4
18424.187,0.175,0.508,0.878,6.44,-5.01,-1.95,3,4
18424.187,0.172,0.509,0.883,6.35,-5.65,-1.4,3,4
18424.203,0.167,0.51,0.89,5.74,-6.16,-0.85,3,4
18424.218,0.165,0.51,0.897,5.01,-6.81,-0.49,3,4
18424.218,0.162,0.511,0.904,4.46,-7.51,-0.55,3,4
18424.234,0.161,0.515,0.913,4.61,-8.15,-1.1,3,4
18424.25,0.154,0.518,0.92,5.62,-9.55,-2.23,3,4
18424.25,0.15,0.519,0.921,7.75,-11.14,-3.6,3,4
18424.265,0.145,0.519,0.916,10.77,-12.97,-4.97,3,4
18424.265,0.146,0.527,0.902,13.89,-14.98,-6.5,3,4
18424.281,0.148,0.535,0.892,16.66,-16.82,-8.73,3,4
18424.296,0.148,0.541,0.882,19.32,-18.22,-11.14,3,4
18424.296,0.14,0.554,0.876,21.64,-19.71,-13.46,3,4
18424.312,0.14,0.56,0.868,23.44,-21.85,-15.32,3,4
18424.328,0.144,0.567,0.86,25.51,-24.05,-17.3,3,4
18424.328,0.143,0.576,0.854,28.29,-25.48,-19.14,3,4
18424.343,0.142,0.587,0.845,31.07,-26.18,-20.14,3,4
18424.359,0.137,0.599,0.834,33.05,-26.52,-20.75,3,4
18424.359,0.133,0.608,0.821,33.36,-26.8,-21.09,3,4
18424.375,0.125,0.61,0.815,32.75,-27.04,-21.52,3,4
18424.375,0.11,0.603,0.807,33.05,-27.41,-21.94,3,4
18424.39,0.102,0.6,0.801,33.88,-28.32,-22.1,3,4
18424.406,0.104,0.6,0.791,35.13,-29.54,-22.25,3,4
18424.421,0.109,0.599,0.777,36.29,-30.09,-22.77,3,4
18424.421,0.105,0.596,0.768,37.26,-29.91,-23.8,3,4
18424.437,0.107,0.601,0.765,38.42,-29.15,-24.63,3,4
18424.437,0.105,0.6,0.756,39.43,-28.26,-25.33,3,4
18424.453,0.104,0.591,0.746,39.74,-27.38,-26.06,3,4
18424.453,0.099,0.583,0.737,39.55,-25.85,-26.89,3,4
18424.468,0.089,0.573,0.733,39.06,-24.32,-27.92,3,4
18424.484,0.079,0.564,0.729,38.45,-23.22,-28.9,3,4
18424.5,0.07,0.552,0.722,37.87,-22.22,-30.18,3,4
18424.5,0.059,0.534,0.718,37.2,-21.45,-32.5,3,4
18424.515,0.051,0.517,0.711,37.26,-21.27,-35.37,3,4
18424.515,0.042,0.508,0.706,37.11,-21.49,-39.49,3,4
18424.531,0.03,0.494,0.7,36.56,-22.71,-45.26,3,4
18424.546,0.025,0.472,0.683,36.29,-24.38,-51.88,3,4
18424.546,0.02,0.456,0.663,36.16,-26.25,-59.27,3,4
18424.562,0.018,0.442,0.646,36.53,-28.05,-67.08,3,4
18424.578,0.026,0.439,0.623,36.71,-29.08,-74.31,3,4
18424.578,0.032,0.447,0.6,35.55,-28.96,-81.0,3,4
18424.593,0.042,0.455,0.577,32.9,-28.11,-86.7,3,4
18424.609,0.069,0.468,0.547,27.19,-25.73,-91.16,3,4
18424.609,0.109,0.483,0.531,19.07,-20.23,-95.86,3,4
18424.625,0.135,0.486,0.549,10.62,-12.42,-102.27,3,4
18424.625,0.113,0.46,0.611,7.26,-4.18,-110.08,3,4
18424.64,0.079,0.415,0.655,13.55,1.34,-117.53,3,4
18424.656,0.049,0.366,0.657,28.11,4.18,-125.92,3,4
18424.656,0.017,0.328,0.637,46.45,6.01,-137.06,3,4
18424.671,-0.008,0.295,0.607,64.15,6.53,-151.68,3,4
18424.687,-0.027,0.276,0.567,79.17,6.2,-170.96,3,4
18424.703,-0.045,0.277,0.537,91.01,6.71,-194.34,3,4
18424.703,-0.056,0.307,0.538,101.69,9.7,-220.04,3,4
18424.718,-0.089,0.337,0.538,114.81,15.26,-247.44,3,4
18424.718,-0.161,0.336,0.517,130.53,21.82,-273.78,3,4
18424.734,-0.241,0.343,0.482,147.07,28.78,-296.27,3,4
18424.75,-0.314,0.362,0.429,161.84,36.32,-315.2,3,4
18424.75,-0.424,0.342,0.373,172.52,43.03,-329.57,3,4
18424.765,-0.436,0.375,0.34,181.37,51.15,-339.03,3,4
18424.765,-0.544,0.414,0.278,189.67,60.0,-354.38,3,4
18424.781,-0.614,0.363,0.23,191.14,64.33,-361.52,3,4
18424.796,-0.658,0.379,0.192,187.93,66.41,-362.5,3,4
18424.796,-0.691,0.455,0.177,185.16,72.94,-363.6,3,4
18424.812,-0.761,0.463,0.16,182.41,85.57,-361.89,3,4
18424.828,-0.841,0.452,0.128,176.21,93.75,-355.39,3,4
18424.828,-0.887,0.462,0.113,167.06,98.67,-345.26,3,4
18424.843,-0.934,0.468,0.098,158.36,101.93,-333.54,3,4
18424.843,-0.991,0.475,0.072,149.36,102.18,-320.54,3,4
18424.859,-1.045,0.508,0.06,138.22,100.65,-307.54,3,4
18424.875,-1.102,0.54,0.058,126.38,97.02,-295.45,3,4
18424.875,-1.158,0.581,0.079,113.99,86.73,-280.4,3,4
18424.89,-1.206,0.646,0.102,104.92,72.82,-262.86,3,4
18424.906,-1.242,0.676,0.096,97.48,54.11,-238.47,3,4
18424.906,-1.252,0.702,0.085,88.35,30.58,-208.56,3,4
18424.921,-1.241,0.719,0.081,79.74,6.68,-178.81,3,4
18424.937,-1.228,0.711,0.078,73.12,-15.75,-151.28,3,4
18424.953,-1.201,0.685,0.068,67.51,-34.85,-126.99,3,4
18424.953,-1.165,0.656,0.059,63.05,-48.83,-107.52,3,4
18424.968,-1.13,0.628,0.048,60.06,-57.62,-93.57,3,4
18424.968,-1.108,0.613,0.038,57.77,-61.8,-83.62,3,4
18424.984,-1.087,0.628,0.041,56.12,-60.98,-76.51,3,4
18424.984,-1.061,0.632,0.041,55.15,-57.62,-70.38,3,4
18425.0,-1.043,0.619,0.049,55.24,-51.79,-63.17,3,4
18425.015,-1.026,0.606,0.06,56.4,-43.92,-54.38,3,4
18425.031,-1.014,0.586,0.073,58.75,-35.13,-44.98,3,4
18425.031,-1.012,0.567,0.091,61.95,-25.64,-35.74,3,4
18425.046,-1.008,0.553,0.11,63.94,-17.61,-28.2,3,4
18425.046,-1.005,0.527,0.121,64.58,-11.81,-21.73,3,4
18425.062,-1.009,0.512,0.137,62.69,-6.5,-11.84,3,4
18425.078,-1.013,0.504,0.16,60.18,-9.7,-7.78,3,4
18425.078,-1.008,0.497,0.176,55.39,-14.25,-3.97,3,4
18425.093,-1.003,0.512,0.175,44.98,-18.98,-1.04,3,4
18425.109,-0.986,0.599,0.141,26.15,-25.15,2.01,3,4
18425.109,-0.972,0.591,0.134,0.61,-30.4,5.31,3,4
18425.125,-0.947,0.562,0.132,-26.37,-33.27,9.06,3,4
18425.14,-0.923,0.527,0.131,-50.54,-35.04,13.03,3,4
18425.14,-0.887,0.484,0.136,-70.28,-36.56,16.94,3,4
18425.156,-0.852,0.433,0.145,-84.08,-37.69,19.93,3,4
18425.156,-0.829,0.387,0.162,-90.55,-38.39,22.1,3,4
18425.171,-0.821,0.357,0.186,-90.24,-39.77,24.66,3,4
18425.187,-0.833,0.357,0.215,-86.0,-44.37,28.75,3,4
18425.203,-0.859,0.371,0.235,-81.7,-53.53,35.77,3,4
18425.203,-0.861,0.395,0.246,-82.77,-65.43,45.29,3,4
18425.218,-0.831,0.41,0.243,-90.79,-77.7,53.68,3,4
18425.218,-0.789,0.408,0.237,-104.13,-86.03,58.69,3,4
18425.234,-0.752,0.391,0.231,-120.91,-89.36,59.69,3,4
18425.25,-0.747,0.366,0.249,-137.52,-89.21,58.2,3,4
18425.25,-0.762,0.326,0.268,-149.85,-89.3,56.76,3,4
18425.265,-0.782,0.301,0.305,-157.66,-91.65,56.06,3,4
18425.265,-0.818,0.297,0.348,-161.99,-98.18,56.7,3,4
18425.281,-0.829,0.284,0.368,-163.12,-107.79,58.2,3,4
18425.296,-0.825,0.259,0.376,-162.27,-114.69,58.69,3,4
18425.312,-0.808,0.23,0.378,-158.85,-114.23,56.95,3,4
18425.312,-0.769,0.204,0.372,-153.08,-106.23,53.74,3,4
18425.328,-0.773,0.141,0.351,-146.55,-93.72,51.42,3,4
18425.328,-0.693,0.224,0.402,-139.13,-65.71,42.91,3,4
18425.343,-0.838,0.159,0.414,-130.56,-60.91,35.22,3,4
18425.359,-0.813,0.097,0.456,-119.3,-54.9,34.61,3,4
18425.359,-0.827,0.154,0.464,-103.61,-47.76,30.15,3,4
18425.375,-0.833,0.16,0.455,-87.95,-41.41,23.74,3,4
18425.375,-0.857,0.158,0.444,-75.56,-32.56,18.25,3,4
18425.39,-0.867,0.191,0.447,-66.35,-23.07,13.43,3,4
18425.406,-0.866,0.205,0.452,-59.21,-12.6,9.46,3,4
18425.406,-0.864,0.207,0.441,-54.38,-0.37,6.87,3,4
18425.421,-0.846,0.207,0.438,-51.36,13.52,4.7,3,4
18425.437,-0.843,0.199,0.443,-47.82,28.26,1.62,3,4
18425.437,-0.859,0.185,0.468,-42.85,41.9,-1.56,3,4
18425.453,-0.887,0.173,0.507,-36.53,52.52,-4.06,3,4
18425.468,-0.917,0.176,0.544,-29.94,59.11,-5.74,3,4
18425.468,-0.939,0.188,0.566,-24.75,61.4,-6.65,3,4
18425.484,-0.951,0.2,0.575,-23.38,61.89,-6.16,3,4
18425.5,-0.944,0.217,0.571,-27.83,61.01,-5.1,3,4
18425.5,-0.935,0.216,0.565,-36.96,60.18,-4.61,3,4
18425.515,-0.934,0.198,0.563,-48.19,60.61,-4.67,3,4
18425.515,-0.932,0.173,0.573,-58.75,61.86,-5.34,3,4
18425.531,-0.926,0.134,0.572,-64.49,64.18,-6.38,3,4
18425.546,-0.913,0.106,0.563,-64.79,68.03,-7.6,3,4
18425.562,-0.895,0.096,0.554,-60.43,73.89,-9.61,3,4
18425.562,-0.862,0.088,0.54,-51.91,81.61,-13.64,3,4
18425.578,-0.85,0.077,0.52,-40.47,91.89,-19.75,3,4
18425.578,-0.948,0.092,0.585,-26.03,102.3,-25.57,3,4
18425.593,-1.113,0.185,0.754,0.15,103.95,-20.11,3,4
18425.593,-0.952,0.214,0.735,26.52,82.06,-2.53,3,4
18425.609,-0.978,0.278,0.67,37.2,65.1,0.55,3,4
18425.625,-1.036,0.293,0.705,40.07,52.52,5.98,3,4
18425.64,-0.948,0.403,0.685,25.97,28.57,9.55,3,4
18425.64,-0.871,0.331,0.589,17.21,16.02,9.09,3,4
18425.656,-0.889,0.284,0.512,5.71,9.7,4.61,3,4
18425.656,-0.853,0.31,0.502,-11.29,6.35,0.55,3,4
18425.671,-0.881,0.282,0.488,-18.43,5.65,-4.09,3,4
18425.687,-0.906,0.255,0.495,-18.34,5.71,-3.02,3,4
18425.703,-0.918,0.281,0.513,-14.56,5.49,0.79,3,4
18425.703,-0.939,0.282,0.495,-7.51,3.91,5.01,3,4
18425.718,-0.918,0.265,0.48,-3.39,-0.34,8.39,3,4
18425.718,-0.897,0.265,0.462,-1.19,-3.57,8.18,3,4
18425.734,-0.884,0.273,0.444,0.95,-4.24,6.41,3,4
18425.734,-0.892,0.287,0.438,1.22,-4.43,3.75,3,4
18425.75,-0.911,0.286,0.431,0.76,-5.25,2.56,3,4
18425.765,-0.903,0.275,0.441,0.49,-5.13,3.69,3,4
18425.765,-0.906,0.265,0.469,1.89,-2.72,5.37,3,4
18425.781,-0.92,0.268,0.509,3.39,-1.68,7.84,3,4
18425.796,-0.928,0.3,0.555,5.71,-3.57,10.93,3,4
18425.796,-0.92,0.348,0.598,11.99,-4.79,15.84,3,4
18425.812,-0.935,0.4,0.646,19.62,-3.69,20.42,3,4
18425.828,-0.98,0.42,0.697,28.38,-6.41,24.14,3,4
18425.828,-1.002,0.43,0.735,41.69,-13.98,29.66,3,4
18425.843,-1.008,0.459,0.762,60.03,-21.52,35.19,3,4
18425.859,-1.026,0.503,0.772,81.58,-28.14,39.25,3,4
18425.859,-1.06,0.597,0.772,101.78,-34.21,43.37,3,4
18425.875,-1.089,0.721,0.764,115.24,-40.38,49.17,3,4
18425.875,-1.094,0.805,0.759,120.4,-46.14,58.05,3,4
18425.89,-1.098,0.843,0.738,119.88,-50.84,69.34,3,4
18425.906,-1.099,0.894,0.707,116.09,-55.36,80.81,3,4
18425.906,-1.082,0.936,0.694,110.54,-58.26,90.91,3,4
18425.921,-1.073,0.962,0.681,103.7,-58.6,99.98,3,4
18425.937,-1.075,0.99,0.641,94.18,-58.75,110.9,3,4
18425.937,-1.08,1.026,0.595,80.87,-61.22,123.39,3,4
18425.953,-1.068,1.058,0.549,63.97,-64.91,135.72,3,4
18425.968,-1.053,1.049,0.512,45.38,-71.11,147.5,3,4
18425.968,-1.034,1.005,0.474,30.0,-78.86,158.94,3,4
18425.984,-0.998,0.955,0.421,19.99,-85.6,169.71,3,4
18426.0,-0.941,0.907,0.362,13.89,-89.21,177.62,3,4
18426.0,-0.889,0.85,0.303,9.89,-91.01,182.35,3,4
18426.015,-0.846,0.823,0.242,5.22,-91.71,184.94,3,4
18426.015,-0.817,0.839,0.197,-2.9,-90.24,186.53,3,4
18426.031,-0.789,0.797,0.149,-13.21,-89.72,188.73,3,4
18426.046,-0.748,0.731,0.108,-22.89,-89.82,192.3,3,4
18426.046,-0.704,0.694,0.083,-30.7,-82.28,196.2,3,4
18426.062,-0.67,0.683,0.076,-26.4,-75.05,195.41,3,4
18426.078,-0.655,0.669,0.082,-13.76,-67.35,195.59,3,4
18426.078,-0.631,0.621,0.07,4.21,-57.04,198.58,3,4
18426.093,-0.614,0.622,0.035,22.55,-45.01,203.59,3,4
18426.109,-0.619,0.605,-0.016,38.85,-33.45,208.23,3,4
18426.109,-0.646,0.581,-0.077,50.42,-24.99,211.37,3,4
18426.125,-0.663,0.56,-0.142,57.59,-20.69,213.23,3,4
18426.125,-0.657,0.567,-0.195,58.96,-16.79,213.72,3,4
18426.14,-0.651,0.574,-0.226,55.42,-10.16,211.55,3,4
18426.156,-0.657,0.543,-0.247,49.65,0.09,209.11,3,4
18426.156,-0.642,0.515,-0.249,43.73,15.02,208.5,3,4
18426.171,-0.629,0.498,-0.233,39.34,34.67,208.69,3,4
18426.187,-0.64,0.462,-0.221,38.45,56.61,210.52,3,4
18426.187,-0.661,0.41,-0.212,40.25,79.35,214.33,3,4
18426.203,-0.666,0.382,-0.18,43.43,102.66,217.44,3,4
18426.218,-0.674,0.358,-0.146,49.13,126.1,216.59,3,4
18426.218,-0.706,0.32,-0.119,56.31,147.47,211.71,3,4
18426.234,-0.727,0.284,-0.084,64.0,165.41,204.6,3,4
18426.25,-0.733,0.26,-0.048,72.57,179.94,196.75,3,4
18426.25,-0.741,0.236,-0.017,83.04,192.48,188.6,3,4
18426.265,-0.735,0.225,0.005,93.08,204.32,179.51,3,4
18426.281,-0.708,0.236,0.021,99.7,215.0,168.22,3,4
18426.281,-0.673,0.264,0.04,101.87,224.46,154.03,3,4
18426.296,-0.644,0.288,0.07,99.83,231.64,138.07,3,4
18426.312,-0.621,0.289,0.105,95.28,234.23,123.69,3,4
18426.312,-0.671,0.295,0.125,90.24,230.48,112.67,3,4
18426.328,-0.75,0.303,0.098,83.41,216.74,103.03,3,4
18426.328,-0.66,0.389,0.127,67.32,198.25,93.78,3,4
18426.343,-0.644,0.579,0.197,42.02,189.43,79.68,3,4
18426.359,-0.634,0.77,0.227,12.82,198.43,55.91,3,4
18426.359,-0.763,0.898,0.24,-25.42,182.62,30.43,3,4
18426.375,-0.728,0.859,0.349,-65.0,179.24,25.79,3,4
18426.375,-0.692,0.815,0.438,-95.71,181.95,35.68,3,4
18426.39,-0.617,0.748,0.552,-108.4,186.38,49.78,3,4
18426.406,-0.615,0.824,0.701,-106.85,205.66,65.4,3,4
18426.406,-0.539,1.233,0.838,-105.69,226.51,59.85,3,4
18426.421,-0.584,1.477,0.914,-120.67,256.57,37.6,3,4
18426.437,-0.722,1.568,0.98,-155.03,290.54,18.92,3,4
18426.437,-0.745,1.64,1.072,-188.97,322.21,14.71,3,4
18426.453,-0.833,1.645,1.104,-206.76,340.65,19.84,3,4
18426.468,-0.988,1.538,1.112,-216.44,339.73,38.0,3,4
18426.468,-0.945,1.338,1.066,-225.96,313.85,71.78,3,4
18426.484,-0.773,1.182,1.087,-227.7,276.8,95.68,3,4
18426.5,-0.605,1.118,1.146,-204.6,242.04,93.11,3,4
18426.5,-0.499,1.122,1.143,-165.2,215.98,73.85,3,4
18426.515,-0.505,1.119,1.118,-127.54,206.61,56.52,3,4
18426.531,-0.605,1.046,1.119,-97.93,209.51,44.98,3,4
18426.531,-0.703,0.939,1.121,-70.8,213.14,34.67,3,4
18426.546,-0.737,0.878,1.158,-39.83,218.27,25.61,3,4
18426.546,-0.727,0.861,1.17,-3.51,228.64,17.18,3,4
18426.562,-0.751,0.897,1.135,29.24,226.17,8.55,3,4
18426.578,-0.912,0.945,1.026,58.44,205.88,0.58,3,4
18426.578,-0.982,0.845,0.899,84.29,163.15,4.12,3,4
18426.593,-0.857,0.767,0.802,106.14,109.5,17.49,3,4
18426.609,-0.735,0.808,0.726,123.11,60.46,33.94,3,4
18426.609,-0.618,0.801,0.677,129.7,18.83,52.64,3,4
18426.625,-0.518,0.719,0.631,121.8,-11.08,72.39,3,4
18426.64,-0.425,0.615,0.612,101.44,-27.86,89.63,3,4
18426.64,-0.347,0.532,0.615,74.07,-33.88,99.15,3,4
18426.656,-0.274,0.443,0.62,44.13,-31.5,101.63,3,4
18426.656,-0.225,0.361,0.632,15.29,-23.68,95.4,3,4
18426.671,-0.199,0.307,0.647,-10.62,-14.04,83.01,3,4
18426.687,-0.171,0.278,0.661,-34.61,-6.32,68.91,3,4
18426.687,-0.153,0.238,0.681,-56.89,-2.26,54.87,3,4
18426.703,-0.137,0.177,0.712,-75.35,-2.66,42.63,3,4
18426.718,-0.116,0.118,0.753,-87.1,-7.6,33.91,3,4
18426.718,-0.077,0.061,0.782,-89.94,-17.15,27.89,3,4
18426.734,-0.027,0.023,0.804,-83.53,-28.75,21.36,3,4
18426.734,0.033,0.002,0.816,-68.85,-40.25,14.8,3,4
18426.75,0.078,0.016,0.814,-48.95,-51.48,8.51,3,4
18426.765,0.101,0.054,0.795,-27.89,-63.36,2.26,3,4
18426.765,0.116,0.109,0.751,-8.91,-76.94,-5.28,3,4
18426.781,0.117,0.173,0.688,6.26,-91.62,-13.09,3,4
18426.796,0.127,0.237,0.622,17.09,-105.53,-19.17,3,4
18426.812,0.15,0.324,0.567,22.8,-117.56,-25.06,3,4
18426.812,0.176,0.425,0.52,24.23,-128.39,-33.27,3,4
18426.828,0.202,0.517,0.469,22.58,-138.16,-43.34,3,4
18426.828,0.219,0.602,0.418,18.65,-145.45,-54.02,3,4
18426.843,0.213,0.679,0.372,14.62,-149.24,-64.12,3,4
18426.859,0.201,0.748,0.338,12.82,-148.44,-72.02,3,4
18426.859,0.184,0.801,0.312,14.92,-144.26,-75.84,3,4
18426.875,0.201,0.882,0.293,20.33,-132.54,-76.94,3,4
18426.875,0.19,0.929,0.27,25.61,-117.34,-72.45,3,4
18426.89,0.237,1.001,0.259,28.57,-97.26,-67.48,3,4
18426.906,0.24,1.026,0.25,27.13,-74.74,-62.44,3,4
18426.921,0.254,1.014,0.252,21.09,-53.47,-55.79,3,4
18426.921,0.249,1.008,0.273,12.21,-32.17,-50.57,3,4
18426.937,0.233,0.993,0.302,4.06,-14.62,-43.18,3,4
18426.937,0.219,0.991,0.325,-0.31,0.64,-36.41,3,4
18426.953,0.18,0.983,0.349,-0.64,14.01,-29.24,3,4
18426.968,0.167,0.979,0.38,1.95,24.2,-21.7,3,4
18426.968,0.158,0.984,0.415,5.77,33.3,-14.28,3,4
18426.984,0.135,0.992,0.436,9.61,41.38,-7.9,3,4
18427.0,0.092,0.991,0.448,12.24,47.94,-2.38,3,4
18427.0,0.05,1.005,0.464,12.36,54.11,1.8,3,4
18427.015,0.012,1.01,0.476,9.22,58.75,4.91,3,4
18427.015,-0.013,0.996,0.487,2.5,61.4,7.35,3,4
18427.031,-0.025,0.97,0.503,-14.16,63.23,10.71,3,4
18427.046,-0.035,0.937,0.523,-19.68,62.65,11.99,3,4
18427.062,-0.046,0.895,0.54,-22.1,60.82,13.49,3,4
18427.062,-0.051,0.852,0.557,-21.12,57.83,15.99,3,4
18427.078,-0.069,0.779,0.586,-16.24,53.22,19.2,3,4
18427.078,-0.083,0.754,0.59,-8.33,47.09,21.94,3,4
18427.093,-0.087,0.736,0.585,1.1,40.71,22.8,3,4
18427.109,-0.091,0.717,0.574,10.35,35.31,22.64,3,4
18427.109,-0.104,0.707,0.563,18.25,31.68,21.33,3,4
18427.125,-0.114,0.71,0.552,24.45,28.84,19.14,3,4
18427.14,-0.12,0.703,0.538,29.21,26.18,16.6,3,4
18427.14,-0.126,0.691,0.525,32.78,23.83,14.5,3,4
18427.156,-0.142,0.696,0.514,35.68,21.7,11.96,3,4
18427.156,-0.151,0.701,0.496,37.45,18.98,8.61,3,4
18427.171,-0.164,0.684,0.48,37.9,15.87,5.25,3,4
18427.187,-0.191,0.694,0.47,37.45,12.57,1.71,3,4
18427.187,-0.202,0.704,0.461,35.52,8.64,-1.13,3,4
18427.203,-0.219,0.702,0.455,32.2,3.69,-3.42,3,4
18427.218,-0.231,0.692,0.449,28.53,-1.71,-4.03,3,4
18427.218,-0.266,0.705,0.44,25.85,-6.23,-5.83,3,4
18427.234,-0.28,0.714,0.433,23.77,-10.56,-8.94,3,4
18427.25,-0.289,0.714,0.427,21.76,-14.83,-12.02,3,4
18427.25,-0.303,0.731,0.424,19.71,-18.49,-15.59,3,4
18427.265,-0.305,0.737,0.415,17.61,-22.95,-18.37,3,4
18427.281,-0.301,0.736,0.405,15.5,-27.62,-20.05,3,4
18427.281,-0.311,0.745,0.401,13.55,-32.32,-20.72,3,4
18427.296,-0.329,0.754,0.392,11.05,-37.6,-20.33,3,4
18427.296,-0.347,0.755,0.377,7.17,-43.43,-19.47,3,4
18427.312,-0.36,0.749,0.374,3.39,-48.65,-18.37,3,4
18427.328,-0.358,0.742,0.372,0.85,-51.76,-17.49,3,4
18427.328,-0.342,0.748,0.376,-2.04,-51.76,-17.88,3,4
18427.343,-0.321,0.773,0.383,-5.16,-48.13,-20.23,3,4
18427.359,-0.281,0.815,0.392,-9.34,-40.74,-24.99,3,4
18427.359,-0.246,0.881,0.412,-14.8,-30.24,-32.75,3,4
18427.375,-0.237,0.945,0.453,-21.67,-16.63,-40.16,3,4
18427.375,-0.25,0.968,0.477,-30.58,-8.03,-42.27,3,4
18427.39,-0.226,0.984,0.528,-37.14,-0.18,-41.47,3,4
18427.406,-0.199,1.019,0.583,-37.93,10.01,-40.04,3,4
18427.406,-0.2,1.046,0.614,-35.74,17.33,-38.67,3,4
18427.421,-0.167,1.078,0.647,-33.08,23.74,-38.0,3,4
18427.437,-0.148,1.133,0.673,-29.94,31.83,-39.77,3,4
18427.453,-0.146,1.185,0.686,-27.1,39.86,-42.73,3,4
18427.453,-0.17,1.222,0.695,-26.18,47.09,-44.28,3,4
18427.468,-0.229,1.215,0.719,-27.56,52.4,-40.86,3,4
18427.468,-0.251,1.179,0.753,-28.05,52.64,-31.22,3,4
18427.484,-0.244,1.156,0.766,-23.99,47.4,-20.63,3,4
18427.5,-0.256,1.104,0.753,-16.45,39.37,-11.41,3,4
18427.5,-0.243,1.043,0.736,-8.88,29.66,-4.12,3,4
18427.515,-0.239,0.992,0.714,-0.27,21.3,0.46,3,4
18427.515,-0.244,0.935,0.682,8.27,13.98,4.18,3,4
18427.531,-0.239,0.892,0.644,15.93,7.26,7.17,3,4
18427.546,-0.241,0.852,0.609,23.1,1.71,9.31,3,4
18427.546,-0.233,0.829,0.574,29.11,-2.47,11.2,3,4
18427.562,-0.24,0.801,0.538,32.9,-4.94,12.57,3,4
18427.578,-0.235,0.774,0.513,34.52,-7.11,13.55,3,4
18427.578,-0.225,0.759,0.494,35.49,-8.33,13.31,3,4
18427.593,-0.222,0.757,0.472,35.68,-9.06,11.54,3,4
18427.609,-0.233,0.752,0.454,33.6,-9.46,9.25,3,4
18427.609,-0.229,0.754,0.443,29.63,-9.89,7.2,3,4
18427.625,-0.227,0.768,0.433,25.09,-10.38,4.43,3,4
18427.64,-0.227,0.78,0.418,19.41,-10.38,0.76,3,4
18427.64,-0.223,0.793,0.408,12.76,-10.1,-3.36,3,4
18427.656,-0.231,0.809,0.407,5.58,-9.16,-7.32,3,4
18427.656,-0.242,0.822,0.41,-1.62,-8.48,-10.44,3,4
18427.671,-0.251,0.831,0.416,-7.54,-8.36,-12.12,3,4
18427.687,-0.259,0.835,0.425,-11.38,-8.58,-12.48,3,4
18427.703,-0.265,0.839,0.429,-12.85,-9.06,-12.57,3,4
18427.703,-0.269,0.844,0.434,-12.3,-9.52,-12.18,3,4
18427.718,-0.276,0.842,0.439,-10.28,-10.01,-11.29,3,4
18427.718,-0.279,0.834,0.439,-7.05,-10.1,-9.98,3,4
18427.734,-0.278,0.827,0.44,-2.81,-9.77,-8.76,3,4
18427.75,-0.278,0.821,0.441,1.89,-9.28,-7.72,3,4
18427.75,-0.279,0.821,0.435,6.26,-8.09,-6.38,3,4
18427.765,-0.277,0.817,0.428,9.49,-6.87,-5.1,3,4
18427.765,-0.274,0.813,0.422,11.14,-5.16,-4.36,3,4
18427.781,-0.271,0.811,0.416,10.99,-2.78,-4.49,3,4
18427.796,-0.274,0.81,0.415,9.31,0.09,-5.37,3,4
18427.796,-0.278,0.809,0.417,6.35,2.56,-5.8,3,4
18427.812,-0.276,0.809,0.424,2.62,4.67,-5.71,3,4
18427.828,-0.276,0.813,0.433,-0.79,6.26,-5.8,3,4
18427.828,-0.278,0.809,0.441,-3.6,7.2,-5.83,3,4
18427.843,-0.273,0.806,0.452,-5.68,7.32,-5.8,3,4
18427.859,-0.272,0.808,0.459,-6.5,7.32,-6.29,3,4
18427.859,-0.267,0.81,0.464,-6.41,7.11,-7.32,3,4
18427.875,-0.267,0.818,0.468,-6.04,7.32,-8.61,3,4
18427.875,-0.275,0.828,0.472,-5.86,7.66,-9.28,3,4
18427.89,-0.273,0.838,0.474,-5.98,7.35,-8.67,3,4
18427.906,-0.274,0.842,0.477,-6.04,7.26,-7.84,3,4
18427.906,-0.272,0.845,0.479,-6.13,7.05,-7.42,3,4
18427.921,-0.269,0.845,0.481,-6.29,6.68,-7.26,3,4
18427.937,-0.27,0.845,0.482,-6.07,6.2,-7.17,3,4
18427.937,-0.272,0.841,0.48,-5.4,5.43,-6.78,3,4
18427.953,-0.274,0.838,0.479,-4.55,4.67,-6.56,3,4
18427.968,-0.276,0.841,0.475,-3.63,3.91,-6.04,3,4
18427.968,-0.276,0.839,0.472,-2.59,2.93,-4.82,3,4
18427.984,-0.275,0.828,0.472,-1.71,2.62,-3.11,3,4
18427.984,-0.275,0.826,0.467,-0.64,1.89,-2.11,3,4
18428.0,-0.271,0.822,0.462,0.24,1.13,-1.8,3,4
18428.015,-0.27,0.819,0.459,0.92,1.19,-1.46,3,4
18428.031,-0.271,0.82,0.458,0.79,1.46,-1.89,3,4
18428.031,-0.272,0.821,0.457,0.21,2.2,-1.43,3,4
18428.046,-0.28,0.814,0.456,-0.82,2.23,-0.67,3,4
18428.046,-0.275,0.798,0.462,-0.98,1.92,-0.43,3,4
18428.062,-0.276,0.793,0.459,-0.43,2.26,-1.22,3,4
18428.078,-0.28,0.793,0.46,-0.18,2.66,-2.14,3,4
18428.078,-0.285,0.793,0.463,-0.12,2.72,-2.44,3,4
18428.093,-0.285,0.791,0.463,0.18,2.56,-2.26,3,4
18428.109,-0.281,0.796,0.464,0.55,2.2,-2.66,3,4
18428.109,-0.282,0.8,0.462,0.55,2.5,-3.54,3,4
18428.125,-0.289,0.802,0.46,-0.15,3.05,-4.49,3,4
18428.14,-0.291,0.801,0.464,-1.25,3.6,-5.1,3,4
18428.14,-0.289,0.81,0.466,-2.11,3.94,-5.8,3,4
18428.156,-0.293,0.816,0.467,-2.75,4.43,-6.29,3,4
18428.156,-0.298,0.818,0.468,-3.45,4.39,-6.41,3,4
18428.171,-0.3,0.818,0.472,-3.66,3.85,-6.13,3,4
18428.187,-0.301,0.82,0.474,-3.2,3.27,-5.83,3,4
18428.203,-0.303,0.823,0.471,-2.5,2.59,-5.74,3,4
18428.203,-0.304,0.826,0.468,-2.32,2.26,-5.65,3,4
18428.218,-0.306,0.829,0.469,-2.53,2.11,-5.37,3,4
18428.218,-0.307,0.832,0.47,-2.9,1.95,-4.76,3,4
18428.234,-0.306,0.827,0.472,-3.23,1.59,-4.0,3,4
18428.25,-0.303,0.822,0.471,-3.27,1.31,-3.39,3,4
18428.25,-0.301,0.82,0.472,-2.66,0.92,-3.17,3,4
18428.265,-0.302,0.82,0.471,-1.83,0.46,-2.87,3,4
18428.281,-0.304,0.816,0.468,-0.95,-0.03,-2.29,3,4
18428.281,-0.3,0.814,0.464,-0.4,-0.34,-1.86,3,4
18428.296,-0.298,0.813,0.459,0.09,-0.31,-1.77,3,4
18428.296,-0.301,0.81,0.457,0.03,-0.06,-1.86,3,4
18428.312,-0.3,0.807,0.458,-0.46,0.24,-1.5,3,4
18428.328,-0.299,0.804,0.46,-0.76,0.61,-1.16,3,4
18428.328,-0.299,0.798,0.463,-0.89,1.04,-1.22,3,4
18428.343,-0.3,0.797,0.464,-0.98,1.34,-1.31,3,4
18428.359,-0.302,0.797,0.465,-1.1,1.56,-1.43,3,4
18428.359,-0.302,0.794,0.466,-1.25,1.65,-1.68,3,4
18428.375,-0.302,0.792,0.467,-1.25,1.86,-2.11,3,4
18428.375,-0.304,0.797,0.468,-1.5,2.14,-2.75,3,4
18428.39,-0.306,0.799,0.466,-1.98,2.26,-3.05,3,4
18428.406,-0.308,0.798,0.467,-2.47,2.29,-3.05,3,4
18428.406,-0.307,0.796,0.468,-2.75,2.14,-3.17,3,4
18428.421,-0.31,0.796,0.469,-2.69,2.01,-3.39,3,4
18428.437,-0.311,0.794,0.469,-2.41,1.95,-3.36,3,4
18428.437,-0.309,0.795,0.47,-2.26,1.89,-3.23,3,4
18428.453,-0.31,0.795,0.468,-1.98,2.17,-3.33,3,4
18428.468,-0.313,0.796,0.468,-1.8,2.53,-3.6,3,4
18428.468,-0.314,0.802,0.47,-1.95,2.78,-3.75,3,4
18428.484,-0.317,0.804,0.47,-2.32,2.87,-3.94,3,4
18428.5,-0.32,0.805,0.472,-2.69,2.81,-3.75,3,4
18428.5,-0.321,0.803,0.475,-2.84,2.62,-3.45,3,4
18428.515,-0.319,0.803,0.475,-2.75,2.17,-3.51,3,4
18428.515,-0.32,0.803,0.474,-2.23,1.95,-3.6,3,4
18428.531,-0.323,0.803,0.471,-1.71,1.65,-3.42,3,4
18428.546,-0.321,0.802,0.473,-1.34,1.4,-2.84,3,4
18428.546,-0.319,0.802,0.471,-1.04,1.22,-2.66,3,4
18428.562,-0.321,0.805,0.469,-1.04,1.28,-2.72,3,4
18428.578,-0.319,0.802,0.469,-1.37,1.53,-2.69,3,4
18428.578,-0.318,0.802,0.469,-1.74,1.53,-2.75,3,4
18428.593,-0.317,0.798,0.468,-1.8,1.65,-2.78,3,4
18428.593,-0.316,0.8,0.466,-1.83,1.83,-2.93,3,4
18428.609,-0.318,0.803,0.468,-1.86,2.08,-3.02,3,4
18428.625,-0.319,0.801,0.47,-1.83,2.14,-2.47,3,4
18428.64,-0.321,0.798,0.473,-1.68,2.2,-1.89,3,4
18428.64,-0.321,0.802,0.476,-1.25,1.95,-1.56,3,4
18428.656,-0.32,0.801,0.476,-1.01,1.59,-1.25,3,4
18428.656,-0.323,0.802,0.479,-0.58,1.13,-1.13,3,4
18428.671,-0.323,0.805,0.477,-0.4,0.58,-1.01,3,4
18428.687,-0.323,0.805,0.476,-0.34,0.12,-0.89,3,4
18428.687,-0.322,0.808,0.475,-0.4,-0.09,-0.7,3,4
18428.703,-0.322,0.801,0.476,-0.49,-0.24,-0.27,3,4
18428.718,-0.321,0.796,0.476,-0.55,-0.34,-0.03,3,4
18428.734,-0.319,0.795,0.475,-0.15,-0.21,-0.06,3,4
18428.734,-0.32,0.789,0.471,0.31,0.09,-0.18,3,4
18428.75,-0.32,0.787,0.469,0.55,0.27,-0.37,3,4
18428.75,-0.318,0.787,0.469,0.67,0.37,-0.58,3,4
18428.765,-0.32,0.793,0.468,0.85,0.73,-1.1,3,4
18428.765,-0.329,0.792,0.465,0.15,1.07,-1.31,3,4
18428.781,-0.324,0.79,0.468,-0.61,0.82,-0.92,3,4
18428.796,-0.327,0.797,0.47,-0.76,0.52,-1.04,3,4
18428.812,-0.329,0.795,0.47,-0.79,0.46,-0.85,3,4
18428.812,-0.326,0.797,0.47,-0.89,0.18,-0.79,3,4
18428.828,-0.333,0.797,0.469,-0.58,0.49,-0.92,3,4
18428.828,-0.333,0.798,0.471,-0.55,0.37,-0.79,3,4
18428.843,-0.332,0.801,0.475,-0.18,0.15,-0.52,3,4
18428.859,-0.334,0.799,0.473,0.06,0.15,-0.31,3,4
18428.859,-0.33,0.8,0.47,0.24,-0.15,-0.18,3,4
18428.875,-0.331,0.801,0.47,0.4,-0.09,-0.46,3,4
18428.875,-0.332,0.802,0.47,0.0,-0.09,-0.34,3,4
18428.89,-0.331,0.798,0.47,-0.18,-0.31,0.09,3,4
18428.906,-0.328,0.795,0.468,-0.06,-0.79,0.55,3,4
18428.906,-0.329,0.789,0.467,0.27,-0.92,0.52,3,4
18428.921,-0.327,0.79,0.467,0.55,-0.92,0.46,3,4
18428.937,-0.326,0.787,0.464,0.73,-0.7,0.31,3,4
18428.953,-0.327,0.783,0.465,0.79,-0.37,0.27,3,4
18428.953,-0.323,0.788,0.467,0.43,0.0,-0.18,3,4
18428.968,-0.324,0.79,0.466,0.0,0.52,-0.58,3,4
18428.968,-0.324,0.79,0.47,-0.52,0.7,-0.73,3,4
18428.984,-0.324,0.793,0.47,-0.76,0.46,-0.73,3,4
18428.984,-0.328,0.792,0.47,-0.79,0.18,-0.64,3,4
18429.0,-0.325,0.789,0.473,-0.64,-0.24,-0.52,3,4
18429.015,-0.321,0.792,0.472,-0.37,0.06,-0.95,3,4
18429.031,-0.325,0.795,0.473,-0.52,0.24,-1.16,3,4
18429.031,-0.324,0.798,0.474,-0.52,0.37,-1.16,3,4
18429.046,-0.325,0.798,0.474,-0.46,0.37,-1.01,3,4
18429.046,-0.326,0.799,0.473,-0.06,0.0,-0.73,3,4
18429.062,-0.327,0.796,0.471,0.18,-0.31,-0.52,3,4
18429.078,-0.327,0.795,0.471,0.34,-0.67,-0.34,3,4
18429.078,-0.328,0.795,0.47,0.67,-0.82,-0.46,3,4
18429.093,-0.329,0.796,0.466,0.73,-0.79,-0.46,3,4
18429.109,-0.329,0.795,0.463,0.52,-0.79,-0.43,3,4
18429.109,-0.327,0.794,0.463,0.18,-0.49,-0.58,3,4
18429.125,-0.328,0.796,0.464,-0.09,0.12,-0.92,3,4
18429.125,-0.329,0.791,0.464,-0.24,0.52,-0.95,3,4
18429.14,-0.329,0.788,0.464,-0.24,0.76,-0.76,3,4
18429.156,-0.33,0.786,0.465,-0.09,0.7,-0.92,3,4
18429.156,-0.33,0.787,0.467,0.12,0.64,-1.04,3,4
18429.171,-0.332,0.788,0.466,0.06,0.67,-0.92,3,4
18429.187,-0.332,0.789,0.466,0.0,0.49,-0.82,3,4
18429.187,-0.332,0.791,0.466,-0.12,0.49,-0.7,3,4
18429.203,-0.33,0.789,0.466,-0.46,0.61,-0.98,3,4
18429.203,-0.331,0.791,0.468,-0.85,0.58,-1.22,3,4
18429.218,-0.329,0.793,0.467,-0.95,0.76,-1.43,3,4
18429.234,-0.328,0.797,0.47,-1.04,1.34,-1.77,3,4
18429.25,-0.332,0.799,0.468,-1.53,1.68,-2.04,3,4
18429.25,-0.329,0.799,0.47,-1.89,1.59,-1.74,3,4
18429.265,-0.331,0.797,0.471,-1.83,1.4,-1.28,3,4
18429.265,-0.33,0.792,0.47,-1.62,0.79,-0.67,3,4
18429.281,-0.326,0.794,0.469,-1.19,0.06,-0.37,3,4
18429.296,-0.327,0.788,0.464,-0.73,-0.12,-0.15,3,4
18429.296,-0.326,0.787,0.463,-0.64,0.09,-0.43,3,4
18429.312,-0.33,0.778,0.46,-0.79,0.64,-0.82,3,4
18429.328,-0.328,0.776,0.462,-1.31,1.22,-1.13,3,4
18429.328,-0.325,0.78,0.462,-1.56,1.8,-1.71,3,4
18429.343,-0.326,0.781,0.46,-1.77,2.38,-2.56,3,4
18429.359,-0.333,0.778,0.463,-2.35,2.9,-2.99,3,4
18429.359,-0.338,0.776,0.466,-2.9,3.02,-3.11,3,4
18429.375,-0.337,0.777,0.47,-2.78,2.72,-3.17,3,4
18429.39,-0.339,0.78,0.47,-2.32,2.53,-3.6,3,4
18429.39,-0.342,0.78,0.47,-2.29,2.56,-3.91,3,4
18429.406,-0.347,0.781,0.47,-2.26,2.44,-4.33,3,4
18429.406,-0.349,0.783,0.476,-2.23,2.35,-4.33,3,4
18429.421,-0.352,0.79,0.476,-2.14,2.23,-4.46,3,4
18429.437,-0.358,0.788,0.476,-2.44,2.35,-4.52,3,4
18429.437,-0.358,0.788,0.481,-2.81,2.29,-4.43,3,4
18429.453,-0.354,0.795,0.481,-2.69,2.08,-4.82,3,4
18429.468,-0.358,0.797,0.478,-2.66,2.11,-5.52,3,4
18429.468,-0.361,0.797,0.478,-3.02,1.98,-5.58,3,4
18429.484,-0.361,0.797,0.479,-3.45,1.95,-5.49,3,4
18429.484,-0.361,0.794,0.476,-3.39,2.08,-5.4,3,4
18429.5,-0.36,0.791,0.474,-3.3,2.08,-5.22,3,4
18429.515,-0.358,0.788,0.472,-3.02,2.08,-4.82,3,4
18429.515,-0.357,0.784,0.472,-2.44,2.26,-4.39,3,4
18429.531,-0.357,0.783,0.473,-1.74,2.99,-4.0,3,4
18429.546,-0.353,0.782,0.473,-1.25,3.75,-3.63,3,4
18429.562,-0.349,0.785,0.475,-1.01,4.64,-3.39,3,4
18429.562,-0.347,0.786,0.475,-0.79,5.71,-3.78,3,4
18429.578,-0.349,0.79,0.479,-1.04,7.02,-4.09,3,4
18429.578,-0.351,0.795,0.485,-2.17,8.55,-4.21,3,4
18429.593,-0.354,0.801,0.488,-3.51,10.04,-4.3,3,4
18429.609,-0.362,0.803,0.495,-5.19,11.66,-4.55,3,4
18429.609,-0.365,0.805,0.504,-6.53,12.88,-4.64,3,4
18429.625,-0.369,0.815,0.507,-8.09,14.04,-5.07,3,4
18429.64,-0.375,0.825,0.513,-10.01,14.95,-5.62,3,4
18429.64,-0.379,0.84,0.517,-12.67,15.69,-6.41,3,4
18429.656,-0.389,0.85,0.522,-15.96,16.24,-6.81,3,4
18429.671,-0.401,0.859,0.529,-19.81,16.39,-6.32,3,4
18429.671,-0.394,0.865,0.538,-23.41,15.47,-5.04,3,4
18429.687,-0.392,0.861,0.55,-25.88,13.76,-3.33,3,4
18429.687,-0.389,0.848,0.558,-26.18,11.35,-0.98,3,4
18429.703,-0.382,0.834,0.559,-24.14,8.7,1.46,3,4
18429.718,-0.364,0.821,0.556,-20.14,6.71,4.06,3,4
18429.734,-0.346,0.812,0.555,-14.89,5.46,6.04,3,4
18429.734,-0.335,0.813,0.546,-10.07,4.85,7.32,3,4
18429.734,-0.328,0.805,0.531,-5.95,4.67,8.67,3,4
18429.75,-0.32,0.794,0.521,-3.11,4.21,10.22,3,4
18429.765,-0.31,0.791,0.511,-1.43,3.85,11.87,3,4
18429.781,-0.3,0.784,0.5,-0.46,3.75,13.09,3,4
18429.781,-0.293,0.776,0.494,-0.37,3.51,14.07,3,4
18429.796,-0.289,0.769,0.489,-0.55,2.87,14.68,3,4
18429.796,-0.288,0.758,0.486,-0.7,2.32,15.47,3,4
18429.812,-0.286,0.745,0.489,-0.61,1.95,17.09,3,4
18429.828,-0.285,0.732,0.492,0.12,1.98,18.46,3,4
18429.843,-0.282,0.715,0.494,1.34,2.2,19.35,3,4
18429.843,-0.277,0.706,0.5,3.02,2.44,19.56,3,4
18429.859,-0.265,0.713,0.5,4.49,2.9,18.62,3,4
18429.859,-0.266,0.714,0.498,4.79,3.91,16.33,3,4
18429.875,-0.28,0.698,0.495,3.14,5.28,14.65,3,4
18429.89,-0.259,0.71,0.502,0.27,5.92,12.73,3,4
18429.89,-0.261,0.735,0.502,-2.59,7.39,8.61,3,4
18429.906,-0.271,0.725,0.504,-7.05,8.27,5.8,3,4
18429.906,-0.268,0.717,0.518,-11.9,8.0,5.01,3,4
18429.921,-0.263,0.72,0.536,-13.73,6.93,4.55,3,4
18429.937,-0.245,0.736,0.537,-13.25,6.16,2.35,3,4
18429.937,-0.257,0.753,0.533,-13.52,6.44,-1.34,3,4
18429.953,-0.262,0.747,0.536,-15.47,6.1,-3.33,3,4
18429.968,-0.255,0.758,0.545,-16.14,5.86,-4.43,3,4
18429.968,-0.267,0.776,0.544,-16.11,6.59,-6.04,3,4
18429.984,-0.265,0.783,0.539,-19.87,7.17,-9.67,3,4
18430.0,-0.281,0.773,0.544,-20.66,5.77,-9.95,3,4
18430.0,-0.285,0.765,0.556,-19.78,4.64,-11.11,3,4
18430.015,-0.292,0.776,0.558,-18.25,2.69,-11.57,3,4
18430.015,-0.308,0.759,0.559,-17.79,0.67,-11.57,3,4
18430.031,-0.311,0.749,0.559,-15.5,-2.23,-10.96,3,4
18430.046,-0.315,0.757,0.562,-13.25,-3.91,-10.65,3,4
18430.046,-0.313,0.751,0.555,-11.2,-6.26,-10.35,3,4
18430.062,-0.316,0.755,0.551,-10.07,-7.87,-10.41,3,4
18430.078,-0.323,0.758,0.544,-9.09,-9.25,-10.65,3,4
18430.078,-0.325,0.763,0.534,-9.0,-10.13,-11.29,3,4
18430.093,-0.329,0.766,0.528,-9.31,-11.2,-11.93,3,4
18430.109,-0.329,0.778,0.523,-10.25,-11.66,-12.36,3,4
18430.109,-0.341,0.782,0.513,-11.6,-11.87,-12.33,3,4
18430.125,-0.354,0.779,0.505,-13.37,-12.02,-11.26,3,4
18430.125,-0.364,0.772,0.501,-14.89,-11.84,-9.7,3,4
18430.14,-0.379,0.752,0.493,-15.53,-12.48,-8.03,3,4
18430.156,-0.389,0.725,0.489,-14.86,-13.28,-5.68,3,4
18430.156,-0.395,0.697,0.485,-11.81,-14.56,-2.26,3,4
18430.171,-0.393,0.684,0.479,-6.47,-15.29,0.67,3,4
18430.187,-0.389,0.672,0.462,-0.37,-14.71,2.53,3,4
18430.187,-0.388,0.661,0.443,4.61,-12.88,3.54,3,4
18430.203,-0.397,0.654,0.427,7.48,-9.92,3.81,3,4
18430.218,-0.404,0.652,0.42,6.87,-6.1,4.03,3,4
18430.218,-0.411,0.643,0.417,3.36,-1.56,4.15,3,4
18430.234,-0.419,0.627,0.421,-1.31,2.38,5.1,3,4
18430.234,-0.438,0.591,0.431,-5.37,5.07,6.9,3,4
18430.25,-0.442,0.559,0.441,-7.51,6.1,8.55,3,4
18430.265,-0.449,0.533,0.452,-6.9,7.63,8.73,3,4
18430.265,-0.441,0.529,0.46,-4.67,9.28,7.35,3,4
18430.281,-0.464,0.538,0.47,-2.66,12.21,5.07,3,4
18430.296,-0.472,0.535,0.484,-2.32,14.53,4.0,3,4
18430.296,-0.484,0.538,0.499,-2.5,16.63,2.9,3,4
18430.312,-0.497,0.544,0.516,-2.47,18.16,1.89,3,4
18430.328,-0.504,0.545,0.531,-3.51,18.34,1.01,3,4
18430.328,-0.507,0.547,0.542,-5.65,18.86,0.31,3,4
18430.343,-0.5,0.548,0.554,-8.33,19.44,-1.71,3,4
18430.343,-0.495,0.551,0.569,-10.28,20.36,-5.49,3,4
18430.359,-0.505,0.56,0.582,-11.72,21.85,-10.35,3,4
18430.375,-0.501,0.573,0.591,-13.52,22.28,-14.98,3,4
18430.39,-0.515,0.579,0.604,-15.14,22.64,-19.29,3,4
18430.39,-0.517,0.592,0.619,-16.6,21.91,-21.82,3,4
18430.406,-0.506,0.616,0.626,-17.82,20.69,-23.74,3,4
18430.406,-0.511,0.62,0.632,-18.59,19.71,-25.73,3,4
18430.421,-0.488,0.611,0.659,-19.07,18.98,-27.04,3,4
18430.437,-0.434,0.628,0.763,-13.89,18.74,-31.1,3,4
18430.437,-0.415,0.603,0.924,7.39,18.56,-39.89,3,4
18430.453,-0.445,0.581,1.027,41.63,17.0,-47.64,3,4
18430.468,-0.516,0.685,0.973,71.2,13.28,-47.91,3,4
18430.468,-0.556,0.817,0.828,82.28,3.63,-40.19,3,4
18430.484,-0.529,0.902,0.711,71.32,-11.75,-30.61,3,4
18430.5,-0.479,0.891,0.641,47.94,-26.73,-25.7,3,4
18430.5,-0.455,0.823,0.583,21.79,-36.99,-27.31,3,4
18430.515,-0.439,0.773,0.543,-2.17,-41.72,-31.86,3,4
18430.515,-0.428,0.74,0.506,-21.64,-41.81,-36.56,3,4
18430.531,-0.404,0.713,0.483,-39.77,-36.65,-39.37,3,4
18430.546,-0.39,0.7,0.488,-53.38,-25.76,-45.2,3,4
18430.562,-0.44,0.643,0.496,-59.97,-19.1,-49.78,3,4
18430.562,-0.437,0.643,0.543,-59.42,-13.95,-52.77,3,4
18430.578,-0.469,0.665,0.584,-50.54,-8.58,-51.42,3,4
18430.578,-0.519,0.665,0.609,-37.63,-9.03,-46.57,3,4
18430.593,-0.535,0.683,0.647,-23.01,-14.31,-38.85,3,4
18430.609,-0.538,0.703,0.665,-6.38,-19.75,-30.3,3,4
18430.609,-0.536,0.723,0.662,9.16,-24.69,-24.41,3,4
18430.625,-0.534,0.734,0.641,20.2,-29.76,-20.2,3,4
18430.64,-0.535,0.727,0.617,26.25,-35.1,-17.27,3,4
18430.64,-0.54,0.72,0.585,28.87,-40.56,-15.59,3,4
18430.656,-0.524,0.703,0.562,29.79,-46.05,-14.68,3,4
18430.656,-0.517,0.7,0.545,30.58,-49.56,-15.17,3,4
18430.671,-0.511,0.698,0.525,31.71,-51.42,-15.66,3,4
18430.687,-0.494,0.698,0.519,32.65,-52.4,-16.33,3,4
18430.687,-0.501,0.7,0.516,35.13,-52.19,-17.09,3,4
18430.703,-0.516,0.703,0.512,39.31,-53.1,-15.78,3,4
18430.718,-0.515,0.7,0.496,44.04,-56.03,-11.75,3,4
18430.718,-0.49,0.703,0.467,48.04,-57.83,-6.65,3,4
18430.734,-0.471,0.712,0.439,50.11,-56.95,-2.56,3,4
18430.75,-0.463,0.714,0.405,48.04,-54.72,0.21,3,4
18430.75,-0.464,0.702,0.382,42.02,-52.0,1.71,3,4
18430.765,-0.457,0.67,0.365,33.6,-48.98,2.35,3,4
18430.765,-0.433,0.658,0.359,24.54,-46.33,1.19,3,4
18430.781,-0.411,0.654,0.359,16.17,-42.42,-2.75,3,4
18430.796,-0.392,0.662,0.366,8.33,-37.08,-6.99,3,4
18430.796,-0.369,0.69,0.386,1.43,-29.45,-10.83,3,4
18430.812,-0.36,0.721,0.414,-3.57,-20.23,-12.85,3,4
18430.828,-0.352,0.75,0.435,-7.75,-10.25,-13.12,3,4
18430.828,-0.334,0.76,0.469,-10.96,0.27,-11.99,3,4
18430.843,-0.34,0.785,0.499,-13.34,8.15,-11.2,3,4
18430.859,-0.339,0.786,0.53,-15.56,16.17,-8.7,3,4
18430.859,-0.337,0.811,0.551,-18.4,20.75,-6.04,3,4
18430.875,-0.332,0.807,0.573,-21.21,25.27,-3.02,3,4
18430.875,-0.332,0.81,0.589,-23.71,28.41,-0.31,3,4
18430.89,-0.348,0.801,0.612,-25.15,31.25,2.29,3,4
18430.906,-0.351,0.781,0.632,-24.93,33.33,6.41,3,4
18430.906,-0.362,0.778,0.638,-22.61,33.17,9.95,3,4
18430.921,-0.381,0.747,0.642,-20.11,31.65,13.7,3,4
18430.937,-0.37,0.715,0.644,-18.07,29.21,17.67,3,4
18430.937,-0.381,0.692,0.632,-16.11,24.99,19.23,3,4
18430.953,-0.378,0.653,0.623,-14.89,20.36,19.96,3,4
18430.968,-0.374,0.636,0.607,-14.34,16.27,18.56,3,4
18430.968,-0.38,0.626,0.583,-16.97,10.65,12.67,3,4
18430.984,-0.391,0.603,0.571,-18.92,9.4,10.38,3,4
18431.0,-0.398,0.591,0.565,-19.53,8.39,8.21,3,4
18431.0,-0.406,0.584,0.557,-18.77,7.84,6.65,3,4
18431.015,-0.396,0.59,0.551,-15.59,7.48,4.94,3,4
18431.015,-0.407,0.598,0.546,-10.71,7.78,2.08,3,4
18431.031,-0.409,0.613,0.543,-5.19,9.95,0.46,3,4
18431.046,-0.415,0.632,0.547,0.27,11.93,-0.52,3,4
18431.062,-0.408,0.667,0.543,5.07,13.31,-0.34,3,4
18431.062,-0.42,0.679,0.538,7.14,14.95,0.34,3,4
18431.078,-0.412,0.685,0.534,6.35,16.51,2.44,3,4
18431.078,-0.411,0.69,0.531,4.46,15.96,3.45,3,4
18431.093,-0.404,0.673,0.526,2.47,15.47,4.18,3,4
18431.109,-0.396,0.673,0.522,0.98,15.78,4.27,3,4
18431.109,-0.4,0.675,0.52,-0.09,17.15,3.88,3,4
18431.125,-0.379,0.683,0.516,-1.86,20.72,4.49,3,4
18431.125,-0.393,0.704,0.514,-3.72,24.51,3.23,3,4
18431.14,-0.399,0.692,0.523,-6.81,28.96,4.39,3,4
18431.156,-0.397,0.717,0.528,-10.77,32.84,5.49,3,4
18431.171,-0.422,0.713,0.535,-14.25,35.74,5.4,3,4
18431.171,-0.436,0.697,0.551,-17.27,36.62,7.11,3,4
18431.187,-0.445,0.687,0.567,-18.56,35.55,9.37,3,4
18431.187,-0.454,0.664,0.575,-17.24,34.18,10.96,3,4
18431.203,-0.447,0.659,0.584,-14.83,33.27,12.33,3,4
18431.218,-0.456,0.684,0.582,-12.05,31.71,11.29,3,4
18431.218,-0.495,0.665,0.586,-10.44,30.55,10.86,3,4
18431.234,-0.489,0.654,0.601,-10.44,28.35,12.67,3,4
18431.25,-0.495,0.668,0.605,-8.55,24.81,12.39,3,4
18431.25,-0.509,0.65,0.611,-5.95,21.42,11.6,3,4
18431.265,-0.511,0.638,0.629,-3.81,19.14,11.66,3,4
18431.265,-0.521,0.637,0.651,-0.09,17.03,12.39,3,4
18431.281,-0.535,0.636,0.675,4.97,13.58,13.7,3,4
18431.296,-0.555,0.634,0.684,9.43,9.06,15.32,3,4
18431.312,-0.56,0.628,0.686,11.51,3.27,16.94,3,4
18431.312,-0.566,0.643,0.689,11.2,-2.41,16.97,3,4
18431.328,-0.568,0.651,0.689,9.09,-7.54,16.57,3,4
18431.328,-0.566,0.662,0.691,4.97,-11.84,15.99,3,4
18431.343,-0.554,0.694,0.694,-0.49,-15.66,14.07,3,4
18431.359,-0.59,0.7,0.698,-6.87,-18.92,11.41,3,4
18431.359,-0.608,0.691,0.716,-14.68,-22.95,11.41,3,4
18431.375,-0.637,0.698,0.718,-19.53,-27.83,12.05,3,4
18431.375,-0.663,0.701,0.707,-20.26,-34.97,13.82,3,4
18431.39,-0.673,0.706,0.677,-17.79,-44.47,16.02,3,4
18431.406,-0.669,0.709,0.636,-12.6,-52.31,18.28,3,4
18431.406,-0.641,0.745,0.597,-6.71,-56.73,19.23,3,4
18431.421,-0.602,0.773,0.564,-1.16,-57.01,19.14,3,4
18431.437,-0.573,0.778,0.546,2.99,-54.02,19.9,3,4
18431.437,-0.533,0.783,0.55,6.23,-50.75,22.37,3,4
18431.453,-0.485,0.766,0.56,9.77,-47.52,25.85,3,4
18431.468,-0.442,0.742,0.572,12.67,-45.32,27.62,3,4
18431.468,-0.412,0.732,0.577,14.83,-45.11,27.95,3,4
18431.484,-0.399,0.71,0.562,18.37,-46.75,28.14,3,4
18431.484,-0.394,0.678,0.546,23.77,-50.02,29.36,3,4
18431.5,-0.404,0.647,0.528,30.4,-54.32,30.64,3,4
18431.515,-0.362,0.6,0.507,39.06,-59.39,31.74,3,4
18431.515,-0.303,0.595,0.478,48.98,-61.92,30.43,3,4
18431.531,-0.297,0.601,0.444,58.53,-59.42,27.83,3,4
18431.546,-0.271,0.615,0.423,64.3,-55.97,25.85,3,4
18431.562,-0.242,0.64,0.407,66.38,-50.51,23.5,3,4
18431.562,-0.234,0.662,0.392,65.4,-44.28,20.57,3,4
18431.578,-0.222,0.677,0.385,60.76,-38.15,18.71,3,4
18431.578,-0.211,0.705,0.381,52.89,-33.57,18.19,3,4
18431.593,-0.185,0.704,0.382,43.89,-28.08,17.91,3,4
18431.609,-0.17,0.714,0.379,34.15,-24.81,16.05,3,4
18431.609,-0.147,0.707,0.384,25.39,-19.04,13.34,3,4
18431.625,-0.135,0.713,0.39,16.6,-13.79,10.38,3,4
18431.625,-0.114,0.716,0.392,8.64,-7.48,7.11,3,4
18431.64,-0.103,0.713,0.396,1.8,0.76,3.91,3,4
18431.656,-0.107,0.716,0.411,-3.91,9.46,0.89,3,4
18431.656,-0.117,0.729,0.426,-7.93,17.09,-1.62,3,4
18431.671,-0.135,0.728,0.444,-10.71,24.9,-2.96,3,4
18431.687,-0.162,0.744,0.464,-12.63,30.67,-3.39,3,4
18431.687,-0.188,0.743,0.489,-13.43,35.04,-2.5,3,4
18431.703,-0.213,0.75,0.504,-13.82,36.5,-1.01,3,4
18431.718,-0.233,0.744,0.517,-13.95,36.68,0.82,3,4
18431.718,-0.256,0.727,0.531,-13.4,35.55,1.77,3,4
18431.734,-0.265,0.703,0.565,-10.86,34.03,1.5,3,4
18431.75,-0.287,0.69,0.59,-2.29,34.09,-0.76,3,4
18431.75,-0.325,0.713,0.585,9.64,34.39,-2.93,3,4
18431.765,-0.349,0.726,0.58,20.02,34.15,-3.94,3,4
18431.765,-0.365,0.729,0.575,28.81,34.0,-4.64,3,4
18431.781,-0.383,0.738,0.556,35.68,33.78,-5.89,3,4
18431.796,-0.402,0.748,0.539,39.77,33.33,-7.42,3,4
18431.812,-0.417,0.755,0.521,40.71,31.5,-8.55,3,4
18431.812,-0.427,0.76,0.507,39.64,28.32,-9.37,3,4
18431.828,-0.439,0.766,0.487,36.81,23.83,-10.35,3,4
18431.828,-0.434,0.772,0.464,30.0,18.31,-11.96,3,4
18431.843,-0.428,0.78,0.446,21.45,13.86,-14.71,3,4
18431.859,-0.428,0.792,0.43,12.33,12.57,-17.09,3,4
18431.859,-0.418,0.805,0.42,3.66,12.63,-19.1,3,4
18431.875,-0.422,0.816,0.424,-3.27,13.95,-21.36,3,4
18431.89,-0.427,0.828,0.434,-7.72,16.11,-22.06,3,4
18431.89,-0.431,0.851,0.436,-9.7,17.12,-21.39,3,4
18431.906,-0.436,0.852,0.441,-10.68,16.82,-19.71,3,4
18431.906,-0.432,0.86,0.447,-10.68,15.9,-16.69,3,4
18431.921,-0.432,0.876,0.455,-9.7,13.67,-14.31,3,4
18431.937,-0.419,0.87,0.454,-8.97,11.72,-11.05,3,4
18431.937,-0.396,0.888,0.451,-9.43,10.1,-8.97,3,4
18431.953,-0.387,0.885,0.449,-12.7,12.18,-7.17,3,4
18431.968,-0.388,0.872,0.449,-15.59,14.4,-5.37,3,4
18431.968,-0.391,0.847,0.459,-16.57,16.17,-3.57,3,4
18431.984,-0.392,0.827,0.473,-15.11,16.57,-2.29,3,4
18431.984,-0.406,0.797,0.488,-13.15,15.5,-1.34,3,4
18432.0,-0.428,0.779,0.497,-11.32,14.1,0.61,3,4
18432.015,-0.422,0.76,0.497,-9.92,10.62,3.81,3,4
18432.015,-0.413,0.749,0.497,-8.67,6.78,4.76,3,4
18432.031,-0.416,0.725,0.494,-8.03,4.33,3.51,3,4
18432.046,-0.412,0.715,0.485,-8.58,2.56,1.31,3,4
18432.046,-0.415,0.703,0.48,-8.82,1.74,-0.89,3,4
18432.062,-0.416,0.689,0.471,-8.64,1.46,-2.81,3,4
18432.078,-0.412,0.687,0.463,-8.21,1.74,-5.25,3,4
18432.078,-0.411,0.692,0.453,-7.75,2.75,-8.21,3,4
18432.093,-0.417,0.694,0.446,-7.9,4.18,-10.77,3,4
18432.109,-0.417,0.699,0.443,-8.58,5.62,-12.63,3,4
18432.109,-0.42,0.709,0.442,-8.42,6.87,-14.01,3,4
18432.125,-0.426,0.719,0.443,-7.39,7.75,-14.53,3,4
18432.125,-0.429,0.733,0.443,-5.86,8.3,-14.07,3,4
18432.14,-0.435,0.746,0.447,-4.03,8.58,-12.7,3,4
18432.156,-0.441,0.753,0.452,-1.74,8.39,-10.32,3,4
18432.171,-0.443,0.759,0.457,0.55,8.45,-7.57,3,4
18432.171,-0.444,0.763,0.463,3.36,8.91,-5.07,3,4
18432.187,-0.447,0.771,0.467,5.74,9.61,-3.3,3,4
18432.187,-0.449,0.775,0.473,7.54,10.16,-2.17,3,4
18432.203,-0.455,0.784,0.478,8.55,10.35,-1.74,3,4
18432.218,-0.465,0.787,0.483,8.45,10.5,-1.37,3,4
18432.218,-0.465,0.798,0.486,7.26,10.04,-0.73,3,4
18432.234,-0.478,0.793,0.49,5.1,9.8,-0.21,3,4
18432.234,-0.473,0.788,0.501,2.47,8.97,0.79,3,4
18432.25,-0.486,0.796,0.512,0.82,7.51,1.46,3,4
18432.265,-0.488,0.78,0.522,-0.03,5.71,4.12,3,4
18432.281,-0.476,0.779,0.531,0.09,2.53,6.53,3,4
18432.281,-0.47,0.757,0.533,1.71,-0.18,8.03,3,4
18432.296,-0.456,0.744,0.53,3.51,-2.62,8.24,3,4
18432.312,-0.44,0.748,0.521,4.79,-4.67,6.81,3,4
18432.312,-0.44,0.74,0.51,4.85,-6.2,4.52,3,4
18432.328,-0.437,0.732,0.504,3.27,-7.26,3.14,3,4
18432.328,-0.43,0.728,0.504,1.59,-8.12,2.59,3,4
18432.343,-0.419,0.726,0.504,0.61,-8.82,2.41,3,4
18432.359,-0.41,0.728,0.502,0.46,-9.19,1.59,3,4
18432.359,-0.41,0.728,0.502,0.67,-9.34,0.79,3,4
18432.375,-0.408,0.737,0.503,0.73,-9.86,0.61,3,4
18432.375,-0.409,0.738,0.505,0.92,-10.16,0.89,3,4
18432.39,-0.408,0.738,0.511,1.19,-10.41,1.19,3,4
18432.406,-0.412,0.741,0.516,1.4,-10.32,0.95,3,4
18432.406,-0.416,0.743,0.521,0.95,-10.13,0.58,3,4
18432.421,-0.422,0.741,0.527,0.0,-10.28,0.24,3,4
18432.437,-0.426,0.735,0.532,-0.85,-11.08,0.37,3,4
18432.437,-0.43,0.728,0.535,-1.34,-12.33,0.52,3,4
18432.453,-0.435,0.724,0.534,-1.46,-13.79,0.52,3,4
18432.468,-0.439,0.72,0.529,-1.22,-15.5,0.61,3,4
18432.468,-0.439,0.716,0.526,-0.82,-17.09,0.61,3,4
18432.484,-0.435,0.709,0.522,-0.27,-18.65,0.24,3,4
18432.5,-0.433,0.708,0.518,0.82,-19.71,-0.55,3,4
18432.5,-0.426,0.712,0.513,2.5,-19.96,-2.01,3,4
18432.515,-0.424,0.723,0.504,4.06,-20.02,-3.69,3,4
18432.515,-0.417,0.731,0.499,5.22,-19.96,-4.43,3,4
18432.531,-0.409,0.735,0.495,5.89,-20.08,-4.55,3,4
18432.546,-0.396,0.737,0.489,6.81,-20.05,-4.55,3,4
18432.562,-0.39,0.734,0.483,7.87,-19.93,-4.79,3,4
18432.562,-0.374,0.74,0.476,8.7,-19.29,-4.91,3,4
18432.578,-0.359,0.755,0.467,8.7,-18.1,-5.83,3,4
18432.578,-0.361,0.766,0.452,7.08,-16.45,-6.9,3,4
18432.593,-0.35,0.772,0.446,1.62,-13.92,-6.38,3,4
18432.609,-0.349,0.771,0.454,-4.76,-12.3,-5.77,3,4
18432.609,-0.347,0.749,0.473,-8.18,-11.57,-5.04,3,4
18432.625,-0.345,0.741,0.483,-8.12,-11.32,-4.21,3,4
18432.625,-0.338,0.736,0.494,-5.37,-11.57,-3.69,3,4
18432.64,-0.338,0.732,0.5,-0.76,-11.23,-3.05,3,4
18432.656,-0.335,0.741,0.503,4.64,-10.86,-2.35,3,4
18432.656,-0.334,0.749,0.5,9.25,-10.53,-1.86,3,4
18432.671,-0.335,0.758,0.493,11.57,-10.22,-1.71,3,4
18432.687,-0.341,0.764,0.495,11.02,-9.83,-1.43,3,4
18432.687,-0.345,0.762,0.493,8.76,-9.8,-0.76,3,4
18432.703,-0.347,0.746,0.5,5.55,-9.95,-0.27,3,4
18432.718,-0.331,0.748,0.501,3.02,-9.89,-0.34,3,4
18432.718,-0.347,0.739,0.498,1.37,-9.52,-2.11,3,4
18432.734,-0.349,0.716,0.503,-0.21,-8.58,-2.08,3,4
18432.734,-0.35,0.718,0.512,0.18,-8.21,-2.14,3,4
18432.75,-0.346,0.714,0.513,2.53,-7.78,-2.23,3,4
18432.765,-0.351,0.719,0.511,4.88,-7.42,-2.81,3,4
18432.765,-0.357,0.721,0.512,6.23,-7.23,-3.05,3,4
18432.781,-0.363,0.722,0.515,6.84,-7.08,-3.08,3,4
18432.796,-0.358,0.723,0.519,7.2,-6.81,-2.69,3,4
18432.796,-0.359,0.733,0.521,6.81,-6.56,-3.48,3,4
18432.812,-0.358,0.734,0.522,5.65,-5.58,-4.55,3,4
18432.828,-0.362,0.746,0.526,3.88,-4.52,-5.95,3,4
18432.828,-0.373,0.741,0.534,1.83,-3.48,-6.9,3,4
18432.843,-0.371,0.743,0.542,0.55,-3.27,-6.99,3,4
18432.859,-0.376,0.749,0.548,0.37,-3.42,-7.26,3,4
18432.859,-0.384,0.751,0.552,0.7,-3.97,-7.23,3,4
18432.875,-0.381,0.755,0.556,1.07,-4.94,-6.2,3,4
18432.89,-0.375,0.766,0.557,1.86,-6.5,-5.25,3,4
18432.89,-0.37,0.775,0.551,2.47,-7.69,-4.97,3,4
18432.906,-0.365,0.781,0.545,1.77,-8.88,-4.58,3,4
18432.906,-0.359,0.779,0.543,0.37,-10.01,-3.97,3,4
18432.921,-0.349,0.771,0.536,-0.98,-10.83,-3.23,3,4
18432.937,-0.34,0.766,0.531,-1.83,-11.35,-2.53,3,4
18432.937,-0.333,0.758,0.526,-1.4,-10.53,-2.38,3,4
18432.953,-0.327,0.752,0.52,-0.58,-9.67,-2.56,3,4
18432.968,-0.327,0.747,0.514,-0.37,-8.12,-2.29,3,4
18432.968,-0.329,0.746,0.511,-0.73,-6.44,-1.83,3,4
18432.984,-0.333,0.738,0.516,-0.82,-5.31,-1.62,3,4
18433.0,-0.347,0.733,0.53,-0.43,-5.22,-1.53,3,4
18433.0,-0.357,0.727,0.536,1.13,-6.26,-0.67,3,4
18433.015,-0.36,0.723,0.537,3.23,-8.24,0.73,3,4
18433.031,-0.36,0.711,0.534,5.68,-9.77,2.01,3,4
18433.031,-0.357,0.702,0.53,7.14,-10.38,2.75,3,4
18433.046,-0.356,0.695,0.528,7.75,-10.41,2.5,3,4
18433.046,-0.359,0.684,0.526,7.87,-9.98,1.74,3,4
18433.062,-0.356,0.68,0.528,7.78,-9.4,0.18,3,4
18433.078,-0.362,0.691,0.526,7.63,-8.55,-2.72,3,4
18433.078,-0.382,0.694,0.524,6.9,-6.87,-5.55,3,4
18433.093,-0.395,0.701,0.532,5.95,-5.92,-6.96,3,4
18433.109,-0.404,0.707,0.537,6.07,-6.13,-7.54,3,4
18433.109,-0.403,0.707,0.532,7.14,-7.42,-7.6,3,4
18433.125,-0.393,0.726,0.517,8.0,-8.94,-8.55,3,4
18433.125,-0.4,0.729,0.499,6.26,-9.28,-9.7,3,4
18433.14,-0.4,0.72,0.498,1.71,-9.09,-9.95,3,4
18433.156,-0.395,0.723,0.505,-0.95,-9.03,-10.62,3,4
18433.171,-0.398,0.73,0.498,-0.92,-8.24,-11.32,3,4
18433.171,-0.396,0.73,0.497,-0.49,-7.39,-11.17,3,4
18433.187,-0.396,0.729,0.499,0.79,-6.35,-10.1,3,4
18433.187,-0.389,0.719,0.502,2.29,-5.1,-8.42,3,4
18433.203,-0.373,0.725,0.502,3.02,-3.94,-8.0,3,4
18433.218,-0.37,0.743,0.498,2.99,-2.66,-9.92,3,4
18433.218,-0.381,0.757,0.5,2.62,-1.62,-12.27,3,4
18433.234,-0.394,0.763,0.506,2.14,-1.28,-11.81,3,4
18433.25,-0.395,0.755,0.516,2.35,-1.83,-8.64,3,4
18433.25,-0.381,0.746,0.516,3.05,-2.9,-6.13,3,4
18433.265,-0.372,0.744,0.51,3.54,-3.51,-6.5,3,4
18433.265,-0.378,0.752,0.508,3.78,-4.0,-8.48,3,4
18433.281,-0.392,0.758,0.51,4.49,-4.3,-9.49,3,4
18433.296,-0.396,0.765,0.514,5.62,-4.15,-8.88,3,4
18433.312,-0.394,0.777,0.514,6.81,-3.3,-8.18,3,4
18433.312,-0.396,0.789,0.511,7.17,-2.81,-8.36,3,4
18433.328,-0.407,0.787,0.512,6.81,-3.23,-8.36,3,4
18433.328,-0.407,0.787,0.518,6.38,-5.1,-7.29,3,4
18433.343,-0.403,0.78,0.51,6.96,-7.72,-6.1,3,4
18433.359,-0.401,0.765,0.496,7.72,-10.04,-5.13,3,4
18433.359,-0.396,0.764,0.483,7.66,-11.78,-4.76,3,4
18433.375,-0.389,0.758,0.47,7.72,-12.79,-4.85,3,4
18433.375,-0.388,0.748,0.459,7.84,-12.7,-5.16,3,4
18433.39,-0.385,0.745,0.446,7.6,-11.84,-5.49,3,4
18433.406,-0.381,0.744,0.441,6.99,-10.8,-6.1,3,4
18433.406,-0.375,0.739,0.437,6.23,-9.31,-6.56,3,4
18433.421,-0.372,0.736,0.435,5.49,-7.35,-7.02,3,4
18433.437,-0.375,0.743,0.44,4.97,-5.16,-7.81,3,4
18433.437,-0.374,0.749,0.447,4.49,-3.11,-8.61,3,4
18433.453,-0.385,0.766,0.454,4.12,-0.64,-9.37,3,4
18433.468,-0.404,0.769,0.467,3.69,0.49,-9.8,3,4
18433.468,-0.414,0.773,0.482,3.69,0.31,-8.42,3,4
18433.484,-0.413,0.775,0.493,4.33,-0.92,-6.26,3,4
18433.5,-0.403,0.779,0.502,5.04,-1.83,-5.43,3,4
18433.5,-0.407,0.783,0.51,5.55,-2.23,-5.89,3,4
18433.515,-0.412,0.785,0.519,5.71,-2.59,-5.86,3,4
18433.515,-0.411,0.789,0.524,5.8,-3.27,-5.49,3,4
18433.531,-0.417,0.785,0.526,5.89,-4.09,-4.91,3,4
18433.546,-0.418,0.782,0.526,5.52,-5.4,-4.18,3,4
18433.546,-0.412,0.777,0.524,5.04,-7.08,-3.72,3,4
18433.562,-0.414,0.768,0.521,4.82,-8.82,-3.57,3,4
18433.578,-0.411,0.762,0.513,4.82,-10.93,-3.14,3,4
18433.578,-0.401,0.756,0.506,5.16,-12.63,-2.59,3,4
18433.593,-0.385,0.754,0.492,5.46,-14.16,-2.53,3,4
18433.609,-0.378,0.753,0.481,5.13,-14.62,-3.14,3,4
18433.609,-0.371,0.757,0.472,4.3,-13.61,-3.75,3,4
18433.625,-0.367,0.766,0.466,3.42,-12.76,-4.79,3,4
18433.64,-0.374,0.764,0.463,2.87,-11.63,-5.16,3,4
18433.64,-0.378,0.762,0.458,2.32,-11.44,-4.64,3,4
18433.656,-0.377,0.762,0.455,1.8,-11.78,-4.03,3,4
18433.656,-0.385,0.756,0.447,1.77,-11.38,-3.97,3,4
18433.671,-0.386,0.76,0.446,1.16,-10.8,-4.24,3,4
18433.687,-0.385,0.766,0.444,1.04,-10.04,-4.88,3,4
18433.687,-0.385,0.766,0.446,0.79,-9.03,-5.19,3,4
18433.703,-0.375,0.774,0.449,0.09,-8.12,-5.19,3,4
18433.718,-0.369,0.785,0.452,-0.43,-6.78,-5.43,3,4
18433.718,-0.368,0.793,0.454,-1.04,-4.91,-5.98,3,4
18433.734,-0.376,0.803,0.462,-1.56,-3.6,-5.95,3,4
18433.734,-0.389,0.802,0.466,-1.62,-3.14,-5.13,3,4
18433.75,-0.395,0.797,0.467,-1.13,-3.94,-3.42,3,4
18433.765,-0.395,0.79,0.467,0.0,-5.19,-1.74,3,4
18433.781,-0.39,0.787,0.46,1.37,-6.04,-0.55,3,4
18433.781,-0.382,0.784,0.453,2.23,-6.04,0.21,3,4
18433.796,-0.376,0.785,0.45,2.62,-5.07,0.21,3,4
18433.796,-0.376,0.785,0.445,2.69,-3.51,-0.15,3,4
18433.812,-0.381,0.782,0.441,1.92,-1.95,-0.15,3,4
18433.828,-0.381,0.781,0.443,0.92,-0.98,0.03,3,4
18433.828,-0.38,0.778,0.444,0.34,-0.67,0.27,3,4
18433.843,-0.376,0.782,0.447,0.09,-0.73,0.43,3,4
18433.859,-0.372,0.781,0.446,-0.18,-0.85,0.89,3,4
18433.859,-0.371,0.785,0.449,-0.18,-0.61,1.16,3,4
18433.875,-0.377,0.783,0.45,-0.12,-0.31,1.89,3,4
18433.875,-0.371,0.786,0.452,-0.27,-0.15,2.84,3,4
18433.89,-0.374,0.786,0.459,0.06,0.0,3.2,3,4
18433.906,-0.373,0.788,0.459,0.27,0.27,3.57,3,4
18433.906,-0.374,0.793,0.464,0.12,0.7,4.03,3,4
18433.921,-0.373,0.787,0.469,-0.49,1.65,5.68,3,4
18433.937,-0.369,0.787,0.48,-0.89,2.01,6.1,3,4
18433.937,-0.363,0.788,0.485,-1.65,2.23,6.26,3,4
18433.953,-0.359,0.786,0.494,-2.35,2.2,6.35,3,4
18433.968,-0.355,0.784,0.507,-3.14,1.68,6.65,3,4
18433.968,-0.354,0.776,0.513,-3.54,1.07,7.05,3,4
18433.984,-0.355,0.767,0.515,-3.51,0.49,7.45,3,4
18434.0,-0.357,0.755,0.517,-2.5,-0.31,7.72,3,4
18434.0,-0.361,0.746,0.517,-0.82,-1.16,7.97,3,4
18434.015,-0.365,0.737,0.513,1.07,-2.17,7.93,3,4
18434.015,-0.369,0.73,0.507,3.08,-2.81,7.72,3,4
18434.031,-0.37,0.726,0.497,4.36,-3.11,7.26,3,4
18434.046,-0.368,0.725,0.49,4.58,-2.78,6.47,3,4
18434.046,-0.37,0.725,0.481,4.12,-2.04,5.22,3,4
18434.062,-0.367,0.73,0.47,2.29,-1.01,3.94,3,4
18434.078,-0.366,0.734,0.467,-0.55,0.43,2.5,3,4
18434.078,-0.365,0.733,0.465,-3.3,1.98,1.01,3,4
18434.093,-0.365,0.74,0.466,-5.83,3.75,-0.21,3,4
18434.109,-0.366,0.751,0.47,-8.15,5.55,-1.28,3,4
18434.109,-0.368,0.756,0.479,-9.49,7.05,-1.71,3,4
18434.125,-0.373,0.758,0.484,-9.43,8.06,-1.83,3,4
18434.125,-0.377,0.76,0.49,-8.48,8.42,-1.56,3,4
18434.14,-0.383,0.758,0.49,-6.71,8.09,-0.73,3,4
18434.156,-0.386,0.755,0.492,-4.91,7.32,0.31,3,4
18434.156,-0.386,0.752,0.49,-2.9,6.56,1.4,3,4
18434.171,-0.384,0.749,0.489,-1.65,6.07,2.08,3,4
18434.187,-0.383,0.747,0.488,-1.34,6.16,1.95,3,4
18434.187,-0.383,0.746,0.487,-1.68,6.84,1.46,3,4
18434.203,-0.386,0.74,0.487,-2.81,7.51,1.1,3,4
18434.218,-0.39,0.731,0.493,-4.27,8.21,0.73,3,4
18434.218,-0.389,0.728,0.497,-5.37,8.39,0.37,3,4
18434.234,-0.393,0.723,0.503,-6.16,8.76,-0.27,3,4
18434.25,-0.391,0.719,0.512,-6.81,8.91,-0.55,3,4
18434.25,-0.389,0.722,0.517,-6.87,9.03,-1.25,3,4
18434.265,-0.392,0.728,0.522,-6.74,9.03,-2.23,3,4
18434.265,-0.403,0.727,0.528,-6.74,8.82,-2.72,3,4
18434.281,-0.403,0.728,0.534,-6.68,8.09,-2.29,3,4
18434.296,-0.402,0.728,0.537,-5.74,7.17,-2.23,3,4
18434.312,-0.406,0.724,0.537,-4.55,6.38,-2.53,3,4
18434.312,-0.4,0.727,0.536,-3.54,5.55,-2.84,3,4
18434.328,-0.4,0.731,0.533,-2.41,4.94,-3.66,3,4
18434.328,-0.395,0.737,0.524,-1.86,4.21,-4.43,3,4
18434.343,-0.395,0.742,0.518,-2.17,3.6,-5.16,3,4
18434.359,-0.395,0.744,0.511,-2.96,3.23,-5.62,3,4
18434.359,-0.396,0.745,0.505,-3.72,2.59,-5.62,3,4
18434.375,-0.396,0.744,0.499,-3.88,2.38,-5.52,3,4
18434.39,-0.395,0.746,0.496,-3.23,1.98,-5.19,3,4
18434.39,-0.394,0.75,0.491,-2.04,1.95,-4.21,3,4
18434.406,-0.393,0.751,0.486,-0.76,2.04,-3.27,3,4
18434.406,-0.39,0.758,0.48,0.12,2.47,-2.84,3,4
18434.421,-0.393,0.763,0.475,0.27,3.14,-2.75,3,4
18434.437,-0.395,0.767,0.473,-0.31,4.15,-2.47,3,4
18434.437,-0.397,0.768,0.474,-1.4,5.25,-2.2,3,4
18434.453,-0.401,0.762,0.477,-2.44,5.89,-1.43,3,4
18434.468,-0.4,0.759,0.482,-3.08,6.26,-0.61,3,4
18434.468,-0.399,0.757,0.485,-3.14,6.53,0.43,3,4
18434.484,-0.402,0.754,0.492,-2.81,6.87,1.13,3,4
18434.5,-0.409,0.749,0.5,-2.44,7.14,1.53,3,4
18434.5,-0.413,0.741,0.506,-2.14,6.96,2.2,3,4
18434.515,-0.415,0.732,0.512,-1.68,6.38,2.56,3,4
18434.531,-0.418,0.731,0.513,-1.16,5.62,2.5,3,4
18434.531,-0.418,0.73,0.514,-1.1,4.94,2.23,3,4
18434.546,-0.418,0.73,0.513,-1.5,4.76,1.56,3,4
18434.546,-0.418,0.728,0.513,-2.08,4.88,0.98,3,4
18434.562,-0.423,0.724,0.517,-2.87,4.94,0.46,3,4
18434.578,-0.422,0.722,0.522,-3.6,4.88,0.21,3,4
18434.578,-0.422,0.721,0.524,-3.94,4.49,-0.15,3,4
18434.593,-0.426,0.716,0.526,-3.91,3.85,-0.46,3,4
18434.609,-0.425,0.717,0.525,-3.66,3.14,-0.58,3,4
18434.609,-0.42,0.719,0.524,-2.99,2.41,-1.01,3,4
18434.625,-0.42,0.717,0.519,-2.53,2.01,-1.71,3,4
18434.625,-0.422,0.718,0.518,-2.47,1.53,-2.35,3,4
18434.64,-0.423,0.723,0.514,-2.62,0.98,-2.72,3,4
18434.656,-0.425,0.722,0.509,-2.78,0.31,-2.75,3,4
18434.656,-0.425,0.721,0.508,-2.99,-0.24,-2.87,3,4
18434.671,-0.425,0.723,0.505,-3.02,-0.55,-2.93,3,4
18434.687,-0.427,0.724,0.502,-2.81,-0.64,-2.99,3,4
18434.687,-0.428,0.725,0.503,-2.14,-0.61,-2.9,3,4
18434.703,-0.424,0.727,0.501,-1.31,-0.76,-2.69,3,4
18434.718,-0.425,0.732,0.499,-0.67,-0.79,-2.44,3,4
18434.718,-0.422,0.733,0.499,-0.34,-0.64,-2.17,3,4
18434.734,-0.422,0.738,0.501,-0.09,-0.52,-1.89,3,4
18434.75,-0.421,0.74,0.502,0.09,-0.58,-1.04,3,4
18434.75,-0.415,0.745,0.505,0.31,-0.4,-0.52,3,4
18434.765,-0.412,0.747,0.504,0.58,-0.21,-0.15,3,4
18434.765,-0.412,0.75,0.502,0.55,0.06,0.15,3,4
18434.781,-0.413,0.748,0.501,0.52,0.37,0.7,3,4
18434.796,-0.415,0.746,0.504,1.04,0.37,1.59,3,4
18434.796,-0.417,0.742,0.503,1.89,0.24,2.75,3,4
18434.812,-0.416,0.737,0.502,2.81,-0.03,3.63,3,4
18434.828,-0.415,0.734,0.5,3.63,-0.31,4.12,3,4
18434.843,-0.413,0.729,0.496,4.0,-0.4,4.21,3,4
18434.843,-0.41,0.725,0.493,3.66,-0.31,4.03,3,4
18434.843,-0.407,0.722,0.489,2.62,0.03,3.36,3,4
18434.859,-0.406,0.716,0.488,0.98,0.92,2.53,3,4
18434.875,-0.404,0.713,0.493,-0.7,1.71,1.74,3,4
18434.89,-0.407,0.705,0.499,-1.89,2.47,0.92,3,4
18434.89,-0.409,0.701,0.502,-2.5,3.05,-0.12,3,4
18434.906,-0.415,0.699,0.507,-2.66,3.33,-1.22,3,4
18434.906,-0.417,0.698,0.51,-2.17,2.59,-2.9,3,4
18434.921,-0.422,0.702,0.512,-1.65,1.98,-3.78,3,4
18434.937,-0.428,0.71,0.51,-1.5,1.19,-4.39,3,4
18434.953,-0.43,0.725,0.507,-1.62,0.61,-5.04,3,4
18434.953,-0.43,0.733,0.503,-2.2,0.37,-5.25,3,4
18434.968,-0.428,0.739,0.503,-2.59,0.43,-5.04,3,4
18434.968,-0.427,0.743,0.5,-2.62,0.7,-4.79,3,4
18434.984,-0.43,0.744,0.501,-2.08,0.98,-4.3,3,4
18435.0,-0.433,0.743,0.501,-1.25,1.01,-3.63,3,4
18435.0,-0.432,0.74,0.499,-0.7,0.82,-3.11,3,4
18435.015,-0.43,0.739,0.496,-0.4,0.4,-2.72,3,4
18435.031,-0.428,0.74,0.495,-0.58,0.31,-2.41,3,4
18435.031,-0.429,0.742,0.494,-1.07,0.7,-2.04,3,4
18435.046,-0.426,0.739,0.497,-1.92,1.1,-1.16,3,4
18435.062,-0.425,0.734,0.502,-2.41,1.31,-0.82,3,4
18435.062,-0.42,0.728,0.506,-2.35,1.19,-0.89,3,4
18435.078,-0.416,0.726,0.508,-2.11,0.82,-1.1,3,4
18435.078,-0.416,0.726,0.509,-1.89,0.58,-1.19,3,4
18435.093,-0.415,0.724,0.508,-1.62,0.21,-1.31,3,4
18435.109,-0.414,0.721,0.506,-1.37,0.06,-1.56,3,4
18435.109,-0.413,0.717,0.505,-1.31,0.24,-1.89,3,4
18435.125,-0.414,0.72,0.505,-0.98,0.46,-2.26,3,4
18435.14,-0.415,0.725,0.505,-0.64,0.58,-2.75,3,4
18435.14,-0.416,0.726,0.503,-0.49,0.67,-3.14,3,4
18435.156,-0.418,0.728,0.503,-0.58,0.52,-3.3,3,4
18435.156,-0.421,0.73,0.505,-0.79,0.43,-3.17,3,4
18435.171,-0.422,0.734,0.507,-0.79,0.15,-2.44,3,4
18435.187,-0.423,0.731,0.509,-0.64,-0.31,-1.56,3,4
18435.187,-0.422,0.726,0.511,-0.06,-0.82,-0.95,3,4
18435.203,-0.421,0.722,0.51,0.49,-1.1,-0.67,3,4
18435.218,-0.419,0.723,0.509,1.07,-1.16,-0.79,3,4
18435.218,-0.417,0.724,0.507,1.43,-0.82,-1.1,3,4
18435.234,-0.424,0.723,0.506,1.28,-0.52,-1.56,3,4
18435.234,-0.429,0.72,0.505,0.55,-0.43,-1.77,3,4
18435.25,-0.435,0.72,0.503,0.15,-0.55,-2.11,3,4
18435.265,-0.443,0.713,0.501,-0.18,-0.79,-2.04,3,4
18435.265,-0.447,0.71,0.503,-0.43,-0.85,-1.86,3,4
18435.281,-0.45,0.707,0.501,-0.06,-1.01,-1.59,3,4
18435.296,-0.453,0.704,0.503,0.89,-1.19,-1.46,3,4
18435.296,-0.451,0.704,0.51,1.98,-1.25,-1.46,3,4
18435.312,-0.455,0.7,0.514,3.54,-1.28,-1.59,3,4
18435.328,-0.452,0.706,0.515,4.88,-1.16,-1.46,3,4
18435.328,-0.453,0.716,0.513,5.16,-1.07,-1.74,3,4
18435.343,-0.449,0.718,0.513,4.36,-0.95,-2.2,3,4
18435.359,-0.447,0.721,0.518,2.75,-1.01,-3.17,3,4
18435.359,-0.452,0.726,0.515,0.82,-1.31,-4.24,3,4
18435.375,-0.449,0.729,0.514,-1.19,-1.83,-4.67,3,4
18435.375,-0.448,0.733,0.512,-2.66,-2.35,-4.58,3,4
18435.39,-0.443,0.734,0.507,-3.39,-2.84,-4.18,3,4
18435.406,-0.44,0.733,0.505,-3.17,-3.3,-3.66,3,4
18435.406,-0.437,0.732,0.5,-2.35,-3.81,-2.99,3,4
18435.421,-0.433,0.73,0.498,-1.19,-3.94,-2.41,3,4
18435.437,-0.428,0.729,0.495,0.12,-3.69,-1.95,3,4
18435.437,-0.423,0.728,0.494,1.19,-3.42,-1.68,3,4
18435.453,-0.425,0.725,0.495,1.8,-2.87,-1.53,3,4
18435.468,-0.424,0.72,0.497,2.35,-2.38,-1.13,3,4
18435.468,-0.424,0.717,0.501,2.69,-2.11,-0.92,3,4
18435.484,-0.423,0.716,0.506,2.96,-1.92,-0.67,3,4
18435.5,-0.425,0.715,0.51,3.11,-2.01,-0.76,3,4
18435.5,-0.426,0.712,0.513,3.23,-2.26,-0.76,3,4
18435.515,-0.426,0.712,0.513,3.33,-2.72,-0.79,3,4
18435.515,-0.425,0.716,0.512,3.36,-3.08,-1.1,3,4
18435.531,-0.421,0.717,0.509,2.69,-3.39,-1.74,3,4
18435.546,-0.419,0.72,0.503,1.71,-3.3,-2.66,3,4
18435.546,-0.418,0.722,0.499,0.46,-2.84,-3.51,3,4
18435.562,-0.419,0.718,0.5,-0.76,-2.29,-3.88,3,4
18435.578,-0.414,0.716,0.502,-1.13,-1.98,-3.81,3,4
18435.593,-0.414,0.716,0.501,-0.34,-1.71,-3.6,3,4
18435.593,-0.413,0.719,0.498,0.98,-1.53,-3.23,3,4
18435.593,-0.412,0.73,0.492,2.11,-1.53,-3.45,3,4
18435.609,-0.412,0.734,0.488,2.44,-1.28,-3.36,3,4
18435.625,-0.407,0.742,0.485,2.23,-1.07,-3.39,3,4
18435.625,-0.416,0.74,0.48,2.35,-0.67,-3.66,3,4
18435.64,-0.421,0.73,0.476,2.56,-0.98,-3.02,3,4
18435.656,-0.424,0.722,0.474,3.36,-2.26,-2.41,3,4
18435.671,-0.432,0.709,0.468,5.43,-3.45,-2.29,3,4
18435.671,-0.429,0.708,0.46,7.84,-4.21,-2.56,3,4
18435.687,-0.429,0.718,0.451,10.19,-3.91,-3.54,3,4
18435.703,-0.427,0.731,0.443,11.63,-2.53,-4.79,3,4
18435.703,-0.426,0.751,0.443,11.72,-0.21,-6.07,3,4
18435.718,-0.434,0.772,0.45,10.68,2.66,-7.32,3,4
18435.734,-0.451,0.782,0.465,8.61,5.4,-7.45,3,4
18435.734,-0.465,0.78,0.486,6.53,6.96,-5.49,3,4
18435.75,-0.466,0.781,0.508,5.8,6.84,-2.72,3,4
18435.75,-0.464,0.78,0.521,6.01,5.98,-0.18,3,4
18435.765,-0.46,0.777,0.527,4.94,4.33,1.86,3,4
18435.781,-0.453,0.772,0.533,2.26,3.11,3.23,3,4
18435.781,-0.45,0.759,0.536,-1.53,2.01,3.97,3,4
18435.796,-0.447,0.737,0.543,-5.4,1.04,4.49,3,4
18435.812,-0.442,0.711,0.546,-8.3,-0.24,5.04,3,4
18435.812,-0.442,0.685,0.545,-9.67,-1.95,5.31,3,4
18435.828,-0.442,0.655,0.537,-9.64,-3.57,5.58,3,4
18435.828,-0.437,0.637,0.526,-8.88,-5.07,5.65,3,4
18435.843,-0.421,0.641,0.515,-6.56,-6.38,4.88,3,4
18435.859,-0.417,0.626,0.484,-3.63,-6.9,2.32,3,4
18435.859,-0.408,0.635,0.471,-2.96,-5.68,-0.76,3,4
18435.875,-0.403,0.657,0.465,-1.56,-3.63,-4.43,3,4
18435.89,-0.412,0.682,0.453,0.89,-1.28,-7.6,3,4
18435.89,-0.419,0.712,0.44,-0.98,3.51,-9.52,3,4
18435.906,-0.419,0.731,0.439,-3.05,4.97,-10.01,3,4
18435.906,-0.429,0.74,0.447,-4.43,5.55,-10.07,3,4
18435.921,-0.438,0.75,0.449,-4.85,5.43,-9.55,3,4
18435.937,-0.45,0.766,0.462,-4.21,5.13,-8.55,3,4
18435.953,-0.455,0.774,0.462,-2.93,4.97,-6.96,3,4
18435.953,-0.456,0.78,0.468,-1.8,5.16,-5.07,3,4
18435.968,-0.456,0.785,0.471,-0.85,5.8,-3.2,3,4
18435.968,-0.456,0.788,0.474,-0.49,6.78,-1.68,3,4
18435.984,-0.451,0.79,0.479,-0.79,7.78,-0.24,3,4
18436.0,-0.445,0.791,0.485,-1.89,8.48,0.67,3,4
18436.0,-0.453,0.782,0.49,-3.91,9.06,1.53,3,4
18436.015,-0.453,0.766,0.5,-6.47,9.22,3.14,3,4
18436.031,-0.454,0.751,0.516,-8.15,8.55,4.97,3,4
18436.031,-0.443,0.733,0.525,-8.55,7.17,6.47,3,4
18436.046,-0.445,0.711,0.536,-8.06,5.22,7.05,3,4
18436.046,-0.439,0.689,0.541,-6.47,2.84,7.78,3,4
18436.062,-0.436,0.675,0.54,-4.15,0.67,7.75,3,4
18436.078,-0.437,0.661,0.534,-1.56,-1.07,7.26,3,4
18436.078,-0.442,0.652,0.527,0.7,-2.41,6.29,3,4
18436.093,-0.443,0.644,0.518,2.59,-3.42,5.28,3,4
18436.109,-0.445,0.651,0.507,3.85,-4.27,3.48,3,4
18436.109,-0.447,0.649,0.491,4.24,-4.67,1.83,3,4
18436.125,-0.441,0.668,0.478,3.57,-4.73,-0.43,3,4
18436.125,-0.453,0.684,0.467,2.23,-4.09,-2.9,3,4
18436.14,-0.461,0.697,0.459,-0.21,-3.11,-4.24,3,4
18436.156,-0.465,0.713,0.456,-2.47,-2.14,-4.46,3,4
18436.156,-0.469,0.723,0.456,-3.63,-1.07,-4.06,3,4
18436.171,-0.474,0.734,0.46,-3.75,0.4,-3.51,3,4
18436.187,-0.479,0.743,0.466,-3.14,1.89,-2.14,3,4
18436.187,-0.484,0.751,0.479,-1.71,3.05,-0.27,3,4
18436.203,-0.483,0.76,0.489,0.34,3.54,1.98,3,4
18436.218,-0.476,0.769,0.496,1.68,3.54,3.88,3,4
18436.218,-0.475,0.77,0.505,1.8,3.81,4.67,3,4
18436.234,-0.48,0.767,0.516,0.43,3.81,5.25,3,4
18436.25,-0.477,0.759,0.527,-1.92,3.27,6.13,3,4
18436.25,-0.475,0.759,0.534,-4.52,2.04,6.53,3,4
18436.265,-0.487,0.721,0.552,-6.71,1.28,7.78,3,4
18436.265,-0.464,0.705,0.567,-7.45,-0.89,9.31,3,4
18436.281,-0.463,0.681,0.565,-5.52,-3.08,9.86,3,4
18436.296,-0.456,0.654,0.559,-3.36,-5.77,9.52,3,4
18436.296,-0.454,0.636,0.551,-1.4,-8.03,8.91,3,4
18436.312,-0.46,0.612,0.543,0.15,-9.7,8.33,3,4
18436.328,-0.44,0.601,0.532,1.62,-11.47,7.87,3,4
18436.328,-0.426,0.611,0.516,4.43,-12.76,4.85,3,4
18436.343,-0.426,0.622,0.493,7.26,-12.6,0.43,3,4
18436.359,-0.431,0.635,0.472,7.81,-11.32,-3.45,3,4
18436.359,-0.432,0.656,0.464,6.9,-9.28,-6.16,3,4
18436.375,-0.433,0.683,0.459,5.8,-7.05,-8.09,3,4
18436.39,-0.435,0.702,0.457,5.46,-4.73,-9.28,3,4
18436.39,-0.433,0.725,0.459,5.86,-3.2,-9.46,3,4
18436.406,-0.434,0.758,0.457,7.17,-1.98,-9.37,3,4
18436.406,-0.436,0.784,0.452,8.3,-1.04,-8.88,3,4
18436.421,-0.441,0.81,0.455,9.0,-0.18,-7.72,3,4
18436.437,-0.453,0.834,0.456,9.55,1.13,-5.89,3,4
18436.437,-0.457,0.849,0.459,9.55,2.14,-3.51,3,4
18436.453,-0.459,0.857,0.466,9.37,2.66,-0.21,3,4
18436.468,-0.466,0.852,0.478,9.4,2.59,3.54,3,4
18436.468,-0.464,0.845,0.492,10.74,1.83,7.6,3,4
18436.484,-0.462,0.854,0.499,13.64,0.61,11.41,3,4
18436.5,-0.467,0.85,0.506,17.03,-0.58,15.23,3,4
18436.5,-0.467,0.847,0.522,20.33,-1.56,19.29,3,4
18436.515,-0.465,0.844,0.535,25.03,-2.9,23.19,3,4
18436.515,-0.465,0.841,0.544,31.01,-4.27,26.89,3,4
18436.531,-0.457,0.842,0.553,38.33,-5.22,29.94,3,4
18436.546,-0.468,0.844,0.563,47.82,-6.5,31.68,3,4
18436.546,-0.483,0.838,0.58,61.65,-7.97,34.24,3,4
18436.562,-0.501,0.862,0.599,82.8,-10.38,37.23,3,4
18436.578,-0.551,0.886,0.599,111.76,-12.57,40.5,3,4
18436.578,-0.579,0.937,0.579,145.21,-16.72,43.31,3,4
18436.593,-0.628,0.984,0.562,179.17,-18.04,46.78,3,4
18436.609,-0.675,1.018,0.52,208.04,-16.27,54.08,3,4
18436.609,-0.643,1.119,0.445,224.25,-20.14,60.58,3,4
18436.625,-0.631,1.196,0.346,227.3,-27.68,63.81,3,4
18436.64,-0.629,1.223,0.246,216.44,-39.31,65.43,3,4
18436.64,-0.602,1.231,0.144,192.91,-53.07,66.59,3,4
18436.656,-0.553,1.231,0.048,159.43,-65.86,66.44,3,4
18436.671,-0.493,1.204,-0.015,122.62,-73.15,64.33,3,4
18436.671,-0.435,1.135,-0.058,89.51,-72.76,62.35,3,4
18436.687,-0.367,1.067,-0.099,62.2,-61.83,62.65,3,4
18436.687,-0.287,1.028,-0.111,42.02,-40.47,64.85,3,4
18436.703,-0.25,0.986,-0.087,32.41,-12.36,67.23,3,4
18436.718,-0.253,0.982,-0.063,32.65,14.95,67.42,3,4
18436.718,-0.264,0.992,-0.057,40.53,36.04,66.01,3,4
18436.734,-0.312,0.981,-0.032,52.55,51.58,66.53,3,4
18436.75,-0.309,0.992,-0.001,66.74,64.06,74.13,3,4
18436.75,-0.276,1.034,-0.002,81.64,71.78,84.14,3,4
18436.765,-0.258,1.06,-0.025,93.75,76.48,93.72,3,4
18436.781,-0.256,1.073,-0.053,99.64,80.6,103.09,3,4
18436.781,-0.232,1.089,-0.074,97.99,83.25,113.71,3,4
18436.796,-0.203,1.109,-0.086,91.4,89.63,124.58,3,4
18436.796,-0.194,1.113,-0.095,82.09,96.26,132.3,3,4
18436.812,-0.162,1.099,-0.09,69.89,101.2,137.0,3,4
18436.828,-0.133,1.095,-0.069,57.01,104.53,137.03,3,4
18436.828,-0.109,1.099,-0.043,45.75,107.79,134.77,3,4
18436.843,-0.108,1.13,-0.017,35.77,108.71,132.57,3,4
18436.859,-0.114,1.152,0.011,26.52,107.09,133.64,3,4
18436.859,-0.091,1.19,0.021,16.42,99.12,138.07,3,4
18436.875,-0.077,1.211,0.039,3.78,88.41,145.39,3,4
18436.89,-0.067,1.163,0.078,-22.0,59.48,162.45,3,4
18436.89,-0.036,1.085,0.114,-28.93,45.41,167.36,3,4
18436.906,-0.012,1.042,0.152,-31.01,29.6,168.43,3,4
18436.921,0.094,0.971,0.173,-31.46,16.08,167.49,3,4
18436.921,0.119,0.932,0.18,-35.4,10.41,164.89,3,4
18436.937,0.143,0.916,0.202,-44.13,4.52,158.82,3,4
18436.937,0.161,0.927,0.207,-57.16,-1.04,149.45,3,4
18436.953,0.155,0.975,0.206,-76.91,-6.71,139.96,3,4
18436.968,0.172,0.956,0.218,-105.59,-14.53,132.45,3,4
18436.968,0.197,0.913,0.256,-139.53,-24.11,124.21,3,4
18436.984,0.206,0.899,0.312,-173.01,-38.12,114.08,3,4
18437.0,0.221,0.825,0.36,-206.98,-56.7,105.08,3,4
18437.0,0.237,0.731,0.4,-241.62,-79.93,92.9,3,4
18437.015,0.261,0.652,0.419,-273.48,-106.94,77.12,3,4
18437.015,0.284,0.591,0.421,-301.49,-131.9,61.68,3,4
18437.031,0.304,0.577,0.424,-326.46,-152.9,47.7,3,4
18437.046,0.323,0.527,0.417,-346.63,-170.93,37.63,3,4
18437.046,0.342,0.452,0.401,-359.2,-182.93,34.52,3,4
18437.062,0.366,0.355,0.402,-363.14,-188.63,36.16,3,4
18437.078,0.447,0.291,0.415,-360.12,-190.68,37.75,3,4
18437.078,0.499,0.252,0.408,-352.79,-190.22,32.62,3,4
18437.093,0.528,0.188,0.396,-343.12,-189.0,22.83,3,4
18437.109,0.576,0.141,0.391,-329.91,-185.8,10.41,3,4
18437.109,0.597,0.124,0.382,-312.51,-180.39,-2.9,3,4
18437.125,0.632,0.122,0.363,-291.67,-173.01,-14.1,3,4
18437.14,0.653,0.151,0.343,-270.24,-159.83,-20.81,3,4
18437.14,0.662,0.148,0.323,-250.01,-142.34,-25.24,3,4
18437.156,0.682,0.15,0.322,-232.09,-123.97,-30.4,3,4
18437.156,0.694,0.183,0.325,-213.29,-107.27,-38.09,3,4
18437.171,0.686,0.196,0.324,-191.99,-92.72,-46.51,3,4
18437.187,0.685,0.212,0.321,-169.71,-78.25,-53.25,3,4
18437.187,0.668,0.239,0.317,-146.52,-63.2,-58.38,3,4
18437.203,0.647,0.249,0.32,-123.23,-50.23,-60.82,3,4
18437.218,0.626,0.261,0.314,-100.74,-39.64,-60.64,3,4
18437.218,0.611,0.285,0.295,-79.35,-31.89,-59.66,3,4
18437.234,0.604,0.317,0.282,-61.83,-25.97,-58.93,3,4
18437.25,0.608,0.35,0.268,-50.45,-20.08,-58.14,3,4
18437.25,0.614,0.398,0.261,-45.9,-11.41,-57.5,3,4
18437.265,0.619,0.462,0.266,-47.76,0.85,-57.86,3,4
18437.265,0.608,0.52,0.298,-54.11,17.09,-58.32,3,4
18437.281,0.587,0.575,0.345,-62.26,35.86,-56.7,3,4
18437.296,0.544,0.612,0.395,-69.37,53.41,-53.01,3,4
18437.296,0.493,0.64,0.454,-74.34,67.23,-46.69,3,4
18437.312,0.476,0.674,0.514,-77.58,77.24,-38.73,3,4
18437.328,0.436,0.689,0.553,-79.59,83.74,-31.65,3,4
18437.328,0.396,0.668,0.586,-82.4,85.82,-24.57,3,4
18437.343,0.381,0.662,0.629,-85.76,85.18,-16.82,3,4
18437.359,0.351,0.635,0.657,-87.65,81.36,-10.32,3,4
18437.359,0.326,0.612,0.713,-88.84,73.85,-5.34,3,4
18437.375,0.325,0.593,0.789,-87.65,59.69,-3.05,3,4
18437.375,0.336,0.573,0.83,-85.67,41.75,-4.7,3,4
18437.39,0.355,0.575,0.831,-82.67,27.04,-6.65,3,4
18437.406,0.374,0.511,0.807,-74.25,20.91,-6.13,3,4
18437.421,0.386,0.437,0.797,-64.27,19.56,-4.76,3,4
18437.421,0.402,0.436,0.791,-52.61,24.29,-1.19,3,4
18437.437,0.428,0.408,0.795,-38.76,34.15,3.02,3,4
18437.437,0.438,0.363,0.803,-24.69,45.9,3.81,3,4
18437.453,0.44,0.339,0.822,-13.18,58.2,4.03,3,4
18437.468,0.46,0.37,0.876,-3.02,71.29,-0.85,3,4
18437.468,0.427,0.443,0.927,3.75,86.4,-10.96,3,4
18437.484,0.415,0.524,1.007,-0.4,98.85,-22.49,3,4
18437.5,0.368,0.578,1.082,-9.06,105.53,-33.33,3,4
18437.5,0.292,0.577,1.126,-15.53,104.83,-39.83,3,4
18437.515,0.22,0.532,1.138,-17.15,93.02,-38.0,3,4
18437.515,0.181,0.474,1.127,-11.69,74.16,-27.92,3,4
18437.531,0.171,0.427,1.076,-0.15,53.93,-13.15,3,4
18437.546,0.18,0.423,0.988,11.87,35.8,1.19,3,4
18437.546,0.213,0.401,0.903,18.31,22.8,12.27,3,4
18437.562,0.245,0.374,0.841,17.43,14.28,17.27,3,4
18437.578,0.293,0.358,0.805,11.35,12.85,17.33,3,4
18437.578,0.297,0.347,0.775,3.11,18.22,13.09,3,4
18437.593,0.308,0.33,0.781,-4.09,26.22,8.76,3,4
18437.609,0.29,0.303,0.806,-7.87,35.34,5.13,3,4
18437.609,0.269,0.288,0.824,-8.18,42.48,4.46,3,4
18437.625,0.272,0.311,0.863,-3.66,48.01,6.44,3,4
18437.64,0.245,0.331,0.899,4.79,52.03,9.46,3,4
18437.64,0.223,0.365,0.929,12.42,51.45,13.49,3,4
18437.656,0.223,0.423,0.95,15.84,47.76,16.94,3,4
18437.656,0.22,0.455,0.956,14.1,42.66,19.38,3,4
18437.671,0.224,0.452,0.951,8.76,36.35,20.87,3,4
18437.687,0.223,0.421,0.936,3.75,29.66,21.97,3,4
18437.687,0.22,0.375,0.918,1.86,23.16,23.38,3,4
18437.703,0.222,0.36,0.902,1.95,17.61,24.2,3,4
18437.718,0.229,0.363,0.887,4.76,14.1,23.65,3,4
18437.718,0.23,0.392,0.84,5.86,12.27,21.97,3,4
18437.734,0.199,0.415,0.816,1.68,14.5,21.67,3,4
18437.75,0.132,0.429,0.954,-5.74,14.37,22.98,3,4
18437.75,0.159,0.391,1.014,-14.92,-0.4,25.64,3,4
18437.765,0.194,0.377,0.973,-25.15,-11.02,26.98,3,4
18437.781,0.213,0.288,0.971,-29.69,-15.53,27.8,3,4
18437.781,0.26,0.226,0.955,-23.99,-18.22,28.72,3,4
18437.796,0.3,0.194,0.924,-10.53,-16.85,28.57,3,4
18437.796,0.319,0.196,0.92,1.37,-13.46,26.37,3,4
18437.812,0.337,0.219,0.943,9.03,-10.53,23.26,3,4
18437.828,0.359,0.248,0.954,13.79,-10.62,17.79,3,4
18437.828,0.373,0.273,0.946,17.03,-12.33,10.74,3,4
18437.843,0.379,0.283,0.926,21.79,-13.92,3.97,3,4
18437.859,0.387,0.305,0.903,27.56,-14.47,-1.89,3,4
18437.859,0.377,0.326,0.863,33.6,-12.94,-14.04,3,4
18437.875,0.371,0.337,0.831,33.05,-8.82,-18.8,3,4
18437.875,0.359,0.346,0.817,33.14,-2.32,-20.94,3,4
18437.89,0.34,0.351,0.816,35.74,5.55,-19.93,3,4
18437.906,0.312,0.377,0.846,40.77,12.88,-17.4,3,4
18437.921,0.285,0.389,0.868,44.13,17.79,-16.08,3,4
18437.921,0.266,0.408,0.877,44.01,17.76,-16.63,3,4
18437.937,0.257,0.427,0.873,41.93,13.86,-18.59,3,4
18437.937,0.236,0.474,0.87,37.93,8.51,-19.9,3,4
18437.953,0.222,0.52,0.863,31.98,1.46,-19.71,3,4
18437.968,0.22,0.531,0.84,23.96,-3.78,-16.85,3,4
18437.968,0.228,0.514,0.819,16.27,-6.65,-12.54,3,4
18437.984,0.242,0.497,0.812,10.38,-7.08,-8.3,3,4
18438.0,0.229,0.481,0.811,5.04,-6.59,-4.61,3,4
18438.0,0.235,0.472,0.827,-0.27,-7.23,-0.76,3,4
18438.015,0.241,0.465,0.856,-4.61,-8.09,1.89,3,4
18438.015,0.238,0.462,0.874,-8.42,-10.93,3.02,3,4
18438.031,0.24,0.467,0.868,-12.39,-15.47,3.05,3,4
18438.046,0.242,0.464,0.858,-17.0,-20.72,2.75,3,4
18438.046,0.258,0.459,0.849,-21.91,-25.42,2.5,3,4
18438.062,0.269,0.448,0.839,-25.97,-28.26,2.9,3,4
18438.078,0.283,0.435,0.84,-29.45,-29.48,3.78,3,4
18438.078,0.303,0.414,0.841,-30.98,-29.18,4.88,3,4
18438.093,0.318,0.392,0.846,-30.49,-27.28,5.55,3,4
18438.109,0.332,0.373,0.852,-28.17,-24.75,5.83,3,4
18438.109,0.338,0.35,0.857,-24.29,-21.7,5.52,3,4
18438.125,0.353,0.34,0.862,-19.59,-18.34,4.91,3,4
18438.125,0.356,0.33,0.863,-14.28,-15.23,2.87,3,4
18438.14,0.351,0.323,0.858,-9.49,-12.12,1.19,3,4
18438.156,0.361,0.344,0.86,-5.25,-9.77,-0.43,3,4
18438.171,0.362,0.362,0.858,-2.53,-7.57,-2.75,3,4
18438.171,0.351,0.37,0.853,-0.89,-5.28,-4.24,3,4
18438.187,0.351,0.376,0.846,1.01,-3.39,-4.55,3,4
18438.187,0.345,0.381,0.845,3.02,-0.79,-4.39,3,4
18438.203,0.338,0.389,0.84,3.97,1.8,-4.33,3,4
18438.218,0.33,0.384,0.845,4.0,4.55,-4.46,3,4
18438.218,0.313,0.374,0.849,4.21,6.23,-5.22,3,4
18438.234,0.307,0.379,0.858,3.75,6.81,-5.68,3,4
18438.234,0.298,0.397,0.863,3.23,7.57,-5.34,3,4
18438.25,0.291,0.409,0.864,2.78,7.54,-4.3,3,4
18438.265,0.289,0.408,0.865,2.01,6.59,-3.08,3,4
18438.265,0.288,0.407,0.868,1.1,5.34,-1.92,3,4
18438.281,0.292,0.409,0.864,0.15,3.66,-0.95,3,4
18438.296,0.296,0.416,0.859,-1.34,2.08,0.06,3,4
18438.296,0.299,0.418,0.838,-2.93,2.01,1.71,3,4
18438.312,0.304,0.421,0.828,-4.7,3.57,4.3,3,4
18438.328,0.313,0.425,0.836,-6.23,5.89,7.02,3,4
18438.328,0.319,0.413,0.85,-6.74,7.84,8.33,3,4
18438.343,0.314,0.398,0.865,-6.93,8.21,8.33,3,4
18438.359,0.314,0.39,0.874,-7.51,6.87,7.51,3,4
18438.359,0.311,0.375,0.869,-8.0,5.13,5.65,3,4
18438.375,0.317,0.373,0.856,-8.64,3.45,3.72,3,4
18438.39,0.322,0.387,0.862,-9.28,3.6,2.38,3,4
18438.39,0.308,0.384,0.868,-9.64,4.33,1.31,3,4
18438.406,0.301,0.364,0.862,-9.83,4.64,1.28,3,4
18438.406,0.297,0.363,0.869,-9.43,6.1,2.5,3,4
18438.421,0.297,0.362,0.879,-7.23,8.15,3.91,3,4
18438.437,0.293,0.356,0.888,-4.82,9.83,5.1,3,4
18438.437,0.29,0.346,0.89,-2.44,10.25,5.74,3,4
18438.453,0.293,0.343,0.896,-0.31,9.7,5.8,3,4
18438.468,0.297,0.356,0.897,1.04,8.55,4.7,3,4
18438.468,0.294,0.362,0.886,1.22,6.9,3.02,3,4
18438.484,0.293,0.367,0.88,0.27,4.64,1.34,3,4
18438.484,0.291,0.375,0.873,-0.52,3.02,0.31,3,4
18438.5,0.292,0.388,0.861,-1.25,2.38,0.24,3,4
18438.515,0.291,0.399,0.85,-2.29,3.23,1.46,3,4
18438.531,0.289,0.401,0.846,-3.48,5.4,3.66,3,4
18438.531,0.295,0.401,0.847,-4.12,7.63,6.01,3,4
18438.546,0.297,0.394,0.852,-4.3,9.49,7.54,3,4
18438.546,0.293,0.387,0.861,-5.77,10.47,7.72,3,4
18438.562,0.288,0.376,0.872,-7.84,10.35,6.93,3,4
18438.578,0.286,0.355,0.881,-9.67,9.22,5.68,3,4
18438.578,0.288,0.344,0.901,-10.44,7.63,4.21,3,4
18438.593,0.287,0.341,0.911,-10.71,5.86,2.01,3,4
18438.609,0.28,0.33,0.915,-10.5,3.97,-0.49,3,4
18438.609,0.273,0.319,0.911,-9.61,1.77,-2.08,3,4
18438.625,0.283,0.318,0.913,-7.17,0.12,-2.59,3,4
18438.625,0.289,0.333,0.912,-4.21,-0.27,-3.11,3,4
18438.64,0.284,0.337,0.896,-1.74,-0.12,-4.0,3,4
18438.656,0.286,0.342,0.888,0.27,1.01,-3.57,3,4
18438.656,0.296,0.35,0.883,2.2,2.32,-2.62,3,4
18438.671,0.292,0.351,0.88,3.66,3.51,-2.9,3,4
18438.687,0.287,0.356,0.881,4.12,3.88,-3.54,3,4
18438.687,0.282,0.359,0.878,4.03,4.06,-3.88,3,4
18438.703,0.279,0.363,0.878,3.94,4.24,-4.09,3,4
18438.718,0.28,0.37,0.876,3.33,4.33,-4.43,3,4
18438.718,0.273,0.372,0.881,2.38,4.18,-4.67,3,4
18438.734,0.268,0.371,0.882,1.16,3.48,-5.1,3,4
18438.75,0.265,0.371,0.88,-0.21,2.5,-5.1,3,4
18438.75,0.265,0.375,0.882,-0.98,2.2,-4.46,3,4
18438.765,0.264,0.376,0.884,-1.16,2.66,-3.02,3,4
18438.765,0.266,0.369,0.885,-1.07,3.78,-1.22,3,4
18438.781,0.262,0.354,0.892,-0.12,4.18,-0.27,3,4
18438.796,0.265,0.349,0.899,0.18,3.23,-0.24,3,4
18438.796,0.261,0.36,0.903,0.06,2.11,-0.82,3,4
18438.812,0.264,0.362,0.897,-0.27,0.73,-1.07,3,4
18438.828,0.272,0.362,0.893,-0.79,-0.21,-1.37,3,4
18438.828,0.27,0.362,0.886,-1.1,-0.95,-1.68,3,4
18438.843,0.278,0.365,0.884,-1.28,-1.01,-1.71,3,4
18438.859,0.276,0.362,0.881,-2.59,-1.28,-3.3,3,4
18438.859,0.274,0.355,0.888,-2.72,-1.5,-3.63,3,4
18438.875,0.274,0.357,0.892,-1.83,-0.34,-2.96,3,4
18438.89,0.277,0.348,0.893,-0.06,1.37,-1.62,3,4
18438.89,0.275,0.337,0.897,2.38,2.53,-1.56,3,4
18438.906,0.277,0.335,0.894,4.97,3.11,-2.14,3,4
18438.906,0.278,0.344,0.896,6.99,3.51,-2.84,3,4
18438.921,0.27,0.35,0.892,8.76,4.12,-3.39,3,4
18438.937,0.267,0.359,0.888,10.13,4.67,-3.2,3,4
18438.937,0.269,0.364,0.889,11.29,5.28,-2.96,3,4
18438.953,0.263,0.363,0.88,12.21,5.77,-3.54,3,4
18438.968,0.252,0.374,0.883,11.32,5.83,-4.39,3,4
18438.968,0.249,0.384,0.887,9.52,4.79,-4.46,3,4
18438.984,0.245,0.391,0.883,7.35,3.66,-4.43,3,4
18438.984,0.241,0.395,0.878,4.82,2.2,-4.21,3,4
18439.0,0.25,0.398,0.872,1.95,0.34,-4.24,3,4
18439.015,0.253,0.403,0.872,-1.71,-0.55,-4.82,3,4
18439.031,0.248,0.396,0.87,-5.34,-1.8,-6.32,3,4
18439.031,0.252,0.375,0.877,-8.39,-3.27,-7.57,3,4
18439.046,0.256,0.37,0.884,-10.28,-4.0,-8.55,3,4
18439.046,0.263,0.354,0.887,-10.8,-4.79,-10.1,3,4
18439.062,0.264,0.345,0.883,-10.9,-4.58,-11.84,3,4
18439.078,0.263,0.351,0.885,-10.01,-3.57,-12.79,3,4
18439.078,0.265,0.359,0.883,-8.27,-2.08,-12.45,3,4
18439.093,0.265,0.37,0.887,-6.74,-0.61,-11.41,3,4
18439.093,0.257,0.378,0.892,-5.46,0.4,-9.92,3,4
18439.109,0.254,0.382,0.889,-4.49,0.98,-7.48,3,4
18439.125,0.263,0.389,0.888,-3.6,1.28,-4.82,3,4
18439.125,0.257,0.381,0.891,-2.35,2.17,-3.42,3,4
18439.14,0.25,0.372,0.893,-1.34,3.17,-1.86,3,4
18439.156,0.252,0.365,0.902,-0.31,3.36,-0.73,3,4
18439.171,0.246,0.353,0.911,0.64,2.23,-1.34,3,4
18439.171,0.245,0.355,0.917,0.61,-0.09,-1.95,3,4
18439.187,0.249,0.359,0.911,0.92,-2.41,-2.81,3,4
18439.187,0.259,0.35,0.898,2.56,-4.06,-3.72,3,4
18439.203,0.256,0.356,0.889,3.72,-4.27,-4.97,3,4
18439.218,0.255,0.37,0.885,4.49,-3.88,-6.1,3,4
18439.218,0.245,0.388,0.886,4.21,-2.72,-5.92,3,4
18439.234,0.236,0.398,0.886,3.6,-2.38,-3.6,3,4
18439.25,0.235,0.399,0.898,3.02,-2.04,-0.92,3,4
18439.25,0.221,0.401,0.909,2.47,-2.81,1.74,3,4
18439.265,0.221,0.399,0.918,2.01,-4.94,4.18,3,4
18439.265,0.205,0.406,0.92,1.89,-7.48,5.92,3,4
18439.281,0.194,0.403,0.913,1.53,-10.25,8.51,3,4
18439.296,0.194,0.407,0.907,0.92,-13.15,11.9,3,4
18439.312,0.2,0.408,0.883,0.34,-15.87,14.86,3,4
18439.312,0.187,0.425,0.96,-1.98,-20.91,18.31,3,4
18439.328,0.207,0.403,0.954,-1.04,-29.73,22.1,3,4
18439.328,0.236,0.383,0.904,-2.81,-37.42,23.77,3,4
18439.343,0.249,0.363,0.88,-4.64,-38.94,24.75,3,4
18439.359,0.272,0.33,0.864,-4.91,-39.03,25.48,3,4
18439.359,0.3,0.315,0.858,-5.25,-37.81,25.06,3,4
18439.375,0.312,0.318,0.852,-6.38,-36.23,22.71,3,4
18439.39,0.334,0.325,0.847,-8.36,-34.76,19.87,3,4
18439.39,0.365,0.325,0.842,-10.01,-32.23,16.36,3,4
18439.406,0.394,0.306,0.838,-9.8,-28.47,12.39,3,4
18439.406,0.417,0.28,0.838,-7.42,-23.32,8.12,3,4
18439.421,0.423,0.272,0.836,-3.05,-17.09,3.48,3,4
18439.437,0.425,0.28,0.834,1.65,-10.86,-1.07,3,4
18439.437,0.414,0.303,0.838,6.29,-4.67,-4.82,3,4
18439.453,0.4,0.323,0.844,10.59,0.85,-7.2,3,4
18439.468,0.386,0.333,0.848,13.43,5.07,-9.03,3,4
18439.468,0.373,0.336,0.846,15.26,8.0,-10.93,3,4
18439.484,0.36,0.337,0.842,16.3,10.8,-12.36,3,4
18439.5,0.346,0.341,0.843,15.99,13.37,-13.98,3,4
18439.5,0.33,0.359,0.838,15.17,15.81,-15.75,3,4
18439.515,0.314,0.386,0.837,14.22,18.16,-16.63,3,4
18439.531,0.295,0.409,0.843,12.88,20.02,-16.33,3,4
18439.531,0.273,0.419,0.851,10.86,21.21,-14.74,3,4
18439.546,0.259,0.427,0.863,8.51,21.18,-12.18,3,4
18439.546,0.244,0.436,0.876,5.71,19.75,-9.31,3,4
18439.562,0.23,0.431,0.889,1.89,16.69,-6.38,3,4
18439.578,0.223,0.419,0.903,-2.81,12.05,-3.75,3,4
18439.578,0.225,0.403,0.906,-6.56,6.56,-1.31,3,4
18439.593,0.239,0.394,0.904,-8.73,1.59,1.01,3,4
18439.609,0.25,0.389,0.906,-9.7,-1.77,2.9,3,4
18439.609,0.256,0.383,0.901,-9.49,-4.49,4.55,3,4
18439.625,0.274,0.376,0.898,-8.55,-6.9,6.47,3,4
18439.625,0.283,0.383,0.894,-7.66,-8.58,7.75,3,4
18439.64,0.284,0.379,0.887,-7.51,-10.1,8.61,3,4
18439.656,0.299,0.371,0.88,-7.29,-11.69,9.52,3,4
18439.671,0.313,0.368,0.876,-6.78,-12.57,10.16,3,4
18439.671,0.323,0.363,0.867,-7.23,-13.03,9.34,3,4
18439.687,0.331,0.355,0.86,-8.3,-13.37,7.66,3,4
18439.687,0.332,0.349,0.854,-9.19,-12.57,5.92,3,4
18439.703,0.335,0.345,0.852,-9.16,-10.93,4.64,3,4
18439.718,0.341,0.351,0.858,-9.22,-8.91,3.3,3,4
18439.718,0.342,0.345,0.859,-8.61,-6.71,1.77,3,4
18439.734,0.344,0.33,0.859,-7.75,-4.67,-0.4,3,4
18439.734,0.344,0.324,0.86,-7.23,-3.14,-2.75,3,4
18439.75,0.346,0.326,0.86,-6.71,-1.53,-5.19,3,4
18439.765,0.344,0.328,0.863,-6.32,0.67,-7.63,3,4
18439.765,0.334,0.331,0.866,-5.34,3.17,-9.22,3,4
18439.781,0.328,0.337,0.872,-4.12,5.25,-9.98,3,4
18439.796,0.321,0.34,0.876,-2.69,6.62,-10.53,3,4
18439.812,0.312,0.346,0.877,-1.16,7.69,-10.93,3,4
18439.812,0.302,0.354,0.884,-0.34,8.48,-11.08,3,4
18439.828,0.287,0.359,0.895,0.49,7.97,-10.32,3,4
18439.828,0.278,0.369,0.896,1.59,6.23,-7.93,3,4
18439.843,0.269,0.366,0.896,1.43,5.1,-6.35,3,4
18439.859,0.258,0.37,0.893,0.82,3.57,-4.64,3,4
18439.859,0.256,0.364,0.897,-0.31,1.74,-2.59,3,4
18439.875,0.246,0.367,0.905,-1.62,-0.52,-0.43,3,4
18439.875,0.244,0.363,0.909,-2.32,-2.44,1.62,3,4
18439.89,0.251,0.357,0.913,-1.95,-4.06,3.91,3,4
18439.906,0.257,0.351,0.916,-0.82,-5.65,5.74,3,4
18439.906,0.265,0.347,0.922,0.76,-7.51,7.2,3,4
18439.921,0.276,0.344,0.924,2.9,-9.83,8.03,3,4
18439.937,0.288,0.346,0.915,5.25,-12.27,8.45,3,4
18439.937,0.3,0.347,0.907,7.63,-14.13,8.67,3,4
18439.953,0.314,0.347,0.894,9.89,-15.66,8.79,3,4
18439.968,0.331,0.347,0.88,11.54,-16.63,8.67,3,4
18439.968,0.344,0.344,0.862,12.57,-16.33,7.87,3,4
18439.984,0.358,0.343,0.847,12.88,-15.2,6.5,3,4
18440.0,0.366,0.346,0.839,12.91,-13.31,4.91,3,4
18440.0,0.374,0.348,0.826,12.97,-10.77,3.08,3,4
18440.015,0.38,0.35,0.817,12.15,-7.6,0.64,3,4
18440.031,0.377,0.356,0.814,10.8,-3.78,-2.23,3,4
18440.031,0.367,0.365,0.812,9.06,-0.24,-4.79,3,4
18440.046,0.361,0.374,0.814,6.9,2.99,-7.29,3,4
18440.046,0.348,0.384,0.819,4.39,5.86,-9.06,3,4
18440.062,0.33,0.397,0.829,1.53,8.09,-10.32,3,4
18440.078,0.315,0.395,0.842,-1.56,9.58,-10.77,3,4
18440.078,0.301,0.398,0.858,-4.15,10.28,-10.62,3,4
18440.093,0.288,0.393,0.872,-5.83,10.13,-9.74,3,4
18440.109,0.277,0.388,0.885,-6.93,9.37,-8.36,3,4
18440.109,0.269,0.387,0.9,-7.39,7.78,-6.59,3,4
18440.125,0.26,0.386,0.908,-7.57,5.13,-4.64,3,4
18440.125,0.261,0.374,0.911,-7.14,1.65,-2.56,3,4
18440.14,0.264,0.368,0.911,-6.32,-1.5,-0.46,3,4
18440.156,0.268,0.367,0.909,-5.13,-3.91,1.65,3,4
18440.156,0.273,0.371,0.907,-3.57,-6.1,3.63,3,4
18440.171,0.283,0.371,0.899,-1.71,-8.33,5.31,3,4
18440.187,0.294,0.37,0.887,-0.31,-9.67,6.87,3,4
18440.187,0.303,0.369,0.875,0.37,-10.35,8.0,3,4
18440.203,0.315,0.369,0.866,0.37,-10.47,8.64,3,4
18440.218,0.32,0.366,0.857,-0.15,-10.22,8.64,3,4
18440.218,0.327,0.365,0.853,-1.19,-9.49,8.39,3,4
18440.234,0.332,0.363,0.849,-2.17,-8.55,7.97,3,4
18440.25,0.341,0.361,0.853,-3.72,-7.45,6.87,3,4
18440.25,0.339,0.361,0.856,-5.1,-6.78,5.62,3,4
18440.265,0.341,0.356,0.857,-5.83,-6.13,4.76,3,4
18440.265,0.347,0.351,0.861,-6.44,-5.43,3.78,3,4
18440.281,0.346,0.348,0.866,-6.32,-4.52,2.69,3,4
18440.296,0.344,0.338,0.867,-5.55,-3.42,1.53,3,4
18440.296,0.345,0.33,0.869,-4.52,-2.47,0.61,3,4
18440.312,0.343,0.333,0.872,-3.42,-1.65,-0.85,3,4
18440.328,0.343,0.334,0.872,-2.01,-0.79,-2.38,3,4
18440.328,0.341,0.336,0.866,-0.67,0.03,-3.69,3,4
18440.343,0.339,0.342,0.863,0.18,1.19,-5.01,3,4
18440.343,0.333,0.348,0.861,0.95,2.41,-6.32,3,4
18440.359,0.328,0.352,0.86,1.16,3.81,-7.11,3,4
18440.375,0.319,0.358,0.858,1.07,5.07,-7.45,3,4
18440.375,0.309,0.364,0.865,0.52,6.23,-7.29,3,4
18440.39,0.298,0.371,0.875,-0.06,6.84,-6.59,3,4
18440.406,0.288,0.374,0.887,-0.55,6.62,-5.43,3,4
18440.406,0.281,0.373,0.894,-0.82,5.4,-3.78,3,4
18440.421,0.281,0.365,0.9,-0.67,3.81,-2.01,3,4
18440.437,0.284,0.359,0.903,0.03,2.01,-0.43,3,4
18440.437,0.285,0.354,0.902,1.1,0.24,1.1,3,4
18440.453,0.296,0.353,0.898,2.38,-1.31,2.32,3,4
18440.468,0.305,0.353,0.891,3.57,-2.69,3.42,3,4
18440.468,0.315,0.353,0.885,4.85,-3.3,4.06,3,4
18440.484,0.321,0.353,0.877,5.92,-3.36,4.06,3,4
18440.5,0.328,0.351,0.87,6.62,-3.17,3.88,3,4
18440.5,0.331,0.352,0.865,7.05,-2.69,3.39,3,4
18440.515,0.333,0.357,0.862,7.42,-1.89,2.69,3,4
18440.531,0.331,0.363,0.86,7.45,-1.1,2.08,3,4
18440.531,0.328,0.372,0.862,6.71,-1.04,1.34,3,4
18440.546,0.325,0.376,0.859,5.31,-1.13,0.76,3,4
18440.562,0.326,0.374,0.858,3.85,-1.5,0.24,3,4
18440.562,0.325,0.372,0.856,2.5,-1.71,-0.55,3,4
18440.578,0.326,0.37,0.852,1.22,-1.53,-1.43,3,4
18440.578,0.329,0.366,0.853,0.09,-1.07,-2.23,3,4
18440.593,0.328,0.364,0.852,-0.7,-0.06,-3.02,3,4
18440.609,0.326,0.366,0.852,-1.5,0.82,-3.81,3,4
18440.609,0.326,0.366,0.853,-2.17,1.86,-4.76,3,4
18440.625,0.322,0.366,0.857,-2.72,3.05,-5.19,3,4
18440.625,0.319,0.365,0.862,-2.96,4.18,-5.49,3,4
18440.64,0.316,0.364,0.865,-2.99,5.01,-5.8,3,4
18440.656,0.308,0.362,0.871,-2.84,5.74,-5.86,3,4
18440.656,0.301,0.359,0.877,-2.56,6.44,-5.65,3,4
18440.671,0.292,0.358,0.885,-1.98,6.81,-5.07,3,4
18440.687,0.285,0.36,0.893,-1.25,6.65,-4.3,3,4
18440.687,0.278,0.363,0.897,-0.43,5.71,-3.33,3,4
18440.703,0.276,0.366,0.901,0.67,4.58,-1.74,3,4
18440.718,0.275,0.369,0.903,2.14,3.17,0.03,3,4
18440.718,0.276,0.37,0.899,3.05,1.31,1.71,3,4
18440.734,0.278,0.374,0.896,3.33,-0.73,3.05,3,4
18440.734,0.284,0.377,0.891,3.63,-2.53,4.39,3,4
18440.75,0.291,0.377,0.881,3.72,-3.78,5.62,3,4
18440.765,0.3,0.376,0.874,3.69,-4.64,6.65,3,4
18440.781,0.306,0.376,0.869,3.39,-5.01,7.23,3,4
18440.781,0.314,0.375,0.864,2.84,-5.01,7.69,3,4
18440.796,0.318,0.372,0.861,2.11,-4.91,7.42,3,4
18440.796,0.321,0.372,0.858,1.13,-4.97,6.68,3,4
18440.812,0.325,0.37,0.858,-0.06,-4.94,5.68,3,4
18440.828,0.33,0.37,0.854,-2.44,-4.03,3.45,3,4
18440.828,0.333,0.365,0.849,-3.45,-3.05,2.17,3,4
18440.843,0.337,0.363,0.848,-4.46,-1.8,0.61,3,4
18440.859,0.341,0.353,0.847,-5.55,-0.37,-1.31,3,4
18440.859,0.342,0.351,0.847,-6.59,1.19,-3.02,3,4
18440.875,0.342,0.355,0.848,-7.14,3.14,-4.97,3,4
18440.875,0.334,0.356,0.852,-7.72,4.79,-6.84,3,4
18440.89,0.326,0.355,0.856,-8.58,6.41,-8.21,3,4
18440.906,0.323,0.354,0.863,-9.13,7.57,-9.19,3,4
18440.906,0.317,0.353,0.869,-9.28,8.7,-10.04,3,4
18440.921,0.309,0.35,0.87,-9.19,9.86,-10.35,3,4
18440.937,0.3,0.351,0.879,-8.73,11.02,-10.25,3,4
18440.937,0.285,0.355,0.888,-7.97,12.12,-9.86,3,4
18440.953,0.271,0.352,0.9,-7.02,12.18,-8.88,3,4
18440.968,0.262,0.351,0.911,-6.04,11.17,-7.78,3,4
18440.968,0.255,0.35,0.917,-5.01,9.37,-6.74,3,4
18440.984,0.248,0.35,0.92,-3.91,7.23,-5.37,3,4
18441.0,0.245,0.355,0.925,-2.69,4.76,-3.45,3,4
18441.0,0.241,0.364,0.926,-1.19,2.26,-1.19,3,4
18441.015,0.244,0.368,0.929,0.18,-0.79,1.34,3,4
18441.015,0.253,0.371,0.926,1.01,-4.21,3.48,3,4
18441.031,0.255,0.366,0.913,1.56,-7.42,5.13,3,4
18441.046,0.26,0.361,0.901,1.77,-10.1,7.05,3,4
18441.062,0.287,0.358,0.895,1.62,-11.93,8.94,3,4
18441.062,0.296,0.356,0.885,1.37,-13.34,8.64,3,4
18441.078,0.305,0.354,0.873,0.79,-13.82,8.12,3,4
18441.078,0.317,0.354,0.868,0.24,-13.43,7.75,3,4
18441.093,0.322,0.354,0.862,-0.09,-12.79,6.99,3,4
18441.109,0.331,0.352,0.86,-0.98,-11.96,5.92,3,4
18441.125,0.335,0.35,0.859,-2.01,-10.96,4.61,3,4
18441.125,0.338,0.347,0.855,-2.99,-9.77,3.14,3,4
18441.125,0.343,0.342,0.854,-3.69,-8.15,1.71,3,4
18441.14,0.339,0.341,0.86,-4.03,-6.26,0.15,3,4
18441.156,0.335,0.338,0.867,-4.15,-4.7,-1.4,3,4
18441.156,0.333,0.335,0.868,-4.0,-3.27,-2.81,3,4
18441.171,0.328,0.332,0.87,-3.54,-1.83,-4.15,3,4
18441.187,0.322,0.332,0.874,-2.96,-0.49,-5.13,3,4
18441.187,0.317,0.335,0.88,-2.23,0.52,-5.77,3,4
18441.203,0.315,0.335,0.881,-1.28,1.46,-6.29,3,4
18441.218,0.311,0.333,0.879,-0.52,2.26,-6.74,3,4
18441.218,0.307,0.336,0.882,0.24,3.11,-6.99,3,4
18441.234,0.303,0.343,0.885,1.1,3.72,-6.74,3,4
18441.25,0.299,0.345,0.886,1.98,4.27,-6.44,3,4
18441.25,0.292,0.349,0.887,2.5,4.55,-6.1,3,4
18441.265,0.283,0.354,0.888,3.05,4.43,-5.25,3,4
18441.265,0.278,0.363,0.893,3.45,3.88,-3.91,3,4
18441.281,0.276,0.368,0.898,3.48,2.69,-2.14,3,4
18441.296,0.273,0.367,0.899,3.14,1.1,-0.52,3,4
18441.296,0.275,0.364,0.897,2.99,-0.46,1.1,3,4
18441.312,0.278,0.363,0.894,2.93,-2.04,2.66,3,4
18441.328,0.286,0.361,0.891,2.56,-3.48,3.81,3,4
18441.328,0.292,0.36,0.886,2.2,-4.58,4.7,3,4
18441.343,0.295,0.36,0.881,1.8,-5.31,5.1,3,4
18441.343,0.303,0.361,0.878,1.07,-5.98,5.28,3,4
18441.359,0.31,0.359,0.874,0.52,-6.44,5.28,3,4
18441.375,0.319,0.361,0.869,-0.34,-6.68,5.07,3,4
18441.375,0.327,0.359,0.863,-0.85,-6.47,4.39,3,4
18441.39,0.331,0.353,0.861,-1.34,-5.8,3.48,3,4
18441.406,0.334,0.348,0.858,-2.01,-4.88,2.44,3,4
18441.421,0.335,0.346,0.858,-2.96,-3.72,1.04,3,4
18441.421,0.333,0.344,0.856,-3.97,-2.47,-0.49,3,4
18441.437,0.331,0.342,0.861,-4.88,-1.28,-1.77,3,4
18441.437,0.333,0.34,0.867,-5.37,-0.03,-3.02,3,4
18441.453,0.328,0.341,0.868,-5.34,1.28,-4.27,3,4
18441.468,0.323,0.338,0.874,-5.37,2.29,-5.31,3,4
18441.468,0.32,0.336,0.875,-5.07,3.17,-6.29,3,4
18441.484,0.316,0.336,0.877,-4.76,4.12,-7.11,3,4
18441.484,0.311,0.338,0.881,-4.21,5.1,-7.51,3,4
18441.5,0.303,0.339,0.885,-3.33,5.77,-7.54,3,4
18441.515,0.296,0.338,0.889,-2.38,6.26,-7.42,3,4
18441.531,0.29,0.341,0.896,-1.68,6.23,-7.17,3,4
18441.531,0.284,0.344,0.9,-0.76,5.86,-6.65,3,4
18441.546,0.278,0.343,0.906,-0.37,4.79,-5.74,3,4
18441.546,0.271,0.347,0.905,0.73,3.69,-4.91,3,4
18441.562,0.27,0.353,0.898,2.01,2.81,-3.36,3,4
18441.578,0.268,0.353,0.9,2.99,2.17,-1.5,3,4
18441.578,0.27,0.357,0.901,3.11,1.31,0.18,3,4
18441.593,0.267,0.36,0.901,2.93,-0.21,1.74,3,4
18441.609,0.271,0.363,0.903,2.9,-2.08,3.11,3,4
18441.609,0.276,0.366,0.9,2.75,-4.0,4.36,3,4
18441.625,0.281,0.366,0.894,2.17,-5.89,5.34,3,4
18441.64,0.288,0.36,0.887,1.4,-7.48,6.1,3,4
18441.64,0.299,0.356,0.881,0.92,-8.58,6.65,3,4
18441.656,0.308,0.354,0.876,0.21,-9.03,6.68,3,4
18441.656,0.314,0.349,0.872,-0.82,-8.79,6.38,3,4
18441.671,0.32,0.346,0.869,-1.65,-8.36,5.83,3,4
18441.687,0.326,0.342,0.868,-1.89,-7.84,5.13,3,4
18441.687,0.331,0.342,0.869,-2.29,-6.99,4.12,3,4
18441.703,0.335,0.339,0.875,-2.41,-5.77,2.59,3,4
18441.718,0.335,0.332,0.88,-1.31,-4.24,1.16,3,4
18441.718,0.333,0.321,0.874,0.06,-3.17,-0.34,3,4
18441.734,0.323,0.342,0.864,1.01,-1.95,-1.68,3,4
18441.75,0.329,0.369,0.857,1.43,-0.31,-0.98,3,4
18441.75,0.331,0.336,0.858,1.46,1.74,-1.5,3,4
18441.765,0.323,0.326,0.864,-1.22,2.53,-3.78,3,4
18441.765,0.326,0.324,0.865,-1.1,3.57,-4.85,3,4
18441.781,0.319,0.333,0.869,-0.64,5.4,-5.58,3,4
18441.796,0.311,0.34,0.874,-0.82,6.93,-6.68,3,4
18441.796,0.298,0.339,0.883,0.03,8.09,-6.53,3,4
18441.812,0.284,0.344,0.891,0.4,7.35,-5.74,3,4
18441.828,0.278,0.354,0.901,0.73,5.98,-4.49,3,4
18441.828,0.267,0.358,0.908,1.04,4.03,-3.11,3,4
18441.843,0.261,0.348,0.914,1.28,2.14,-1.77,3,4
18441.859,0.257,0.354,0.913,1.59,0.03,0.03,3,4
18441.859,0.263,0.362,0.911,2.62,-2.08,2.26,3,4
18441.875,0.265,0.366,0.909,3.39,-4.06,4.3,3,4
18441.875,0.269,0.363,0.907,3.6,-6.04,6.38,3,4
18441.89,0.278,0.359,0.904,3.91,-8.21,7.84,3,4
18441.906,0.288,0.357,0.896,4.21,-10.1,8.67,3,4
18441.906,0.299,0.359,0.884,4.06,-11.35,9.22,3,4
18441.921,0.304,0.356,0.876,3.51,-11.87,9.28,3,4
18441.937,0.314,0.355,0.872,2.9,-12.05,9.16,3,4
18441.937,0.323,0.354,0.87,2.35,-11.93,8.91,3,4
18441.953,0.33,0.353,0.866,1.71,-11.81,8.33,3,4
18441.968,0.337,0.353,0.863,0.98,-11.69,7.32,3,4
18441.968,0.347,0.346,0.86,0.18,-11.57,5.8,3,4
18441.984,0.354,0.341,0.855,-0.7,-10.9,3.91,3,4
18441.984,0.356,0.336,0.846,-1.43,-9.49,1.77,3,4
18442.0,0.359,0.334,0.843,-1.86,-7.51,-0.09,3,4
18442.015,0.361,0.336,0.845,-2.11,-4.79,-1.95,3,4
18442.015,0.357,0.335,0.846,-2.2,-1.86,-3.88,3,4
18442.031,0.355,0.333,0.849,-2.23,0.92,-5.62,3,4
18442.046,0.349,0.333,0.856,-2.26,3.45,-7.32,3,4
18442.046,0.337,0.333,0.861,-1.83,5.74,-8.76,3,4
18442.062,0.325,0.336,0.87,-1.16,7.72,-9.43,3,4
18442.078,0.317,0.34,0.878,-0.46,9.13,-9.4,3,4
18442.078,0.309,0.345,0.885,0.34,10.04,-9.19,3,4
18442.093,0.3,0.348,0.893,1.31,10.22,-8.88,3,4
18442.109,0.286,0.354,0.903,1.74,9.06,-7.72,3,4
18442.109,0.277,0.365,0.9,2.66,8.21,-7.02,3,4
18442.125,0.267,0.356,0.899,3.33,6.68,-5.07,3,4
18442.14,0.259,0.357,0.897,4.09,5.89,-3.14,3,4
18442.14,0.256,0.357,0.899,4.36,4.91,-0.61,3,4
18442.156,0.254,0.362,0.907,4.36,3.23,1.83,3,4
18442.156,0.26,0.372,0.911,4.18,0.52,3.97,3,4
18442.171,0.267,0.377,0.906,4.15,-2.87,5.86,3,4
18442.187,0.277,0.377,0.901,4.15,-5.83,7.51,3,4
18442.187,0.291,0.373,0.891,3.81,-8.06,8.73,3,4
18442.203,0.3,0.367,0.879,3.42,-9.43,9.61,3,4
18442.218,0.313,0.36,0.868,2.99,-9.92,10.19,3,4
18442.218,0.324,0.356,0.867,2.26,-9.83,10.1,3,4
18442.234,0.33,0.353,0.864,1.4,-9.46,9.37,3,4
18442.25,0.336,0.351,0.863,0.67,-8.91,8.67,3,4
18442.25,0.341,0.351,0.863,0.18,-8.45,7.57,3,4
18442.265,0.344,0.352,0.863,-0.34,-8.12,6.26,3,4
18442.281,0.348,0.35,0.859,-0.67,-7.39,5.01,3,4
18442.281,0.352,0.345,0.855,-0.67,-6.07,3.69,3,4
18442.296,0.351,0.338,0.853,-0.67,-4.55,2.08,3,4
18442.296,0.351,0.337,0.85,-1.04,-2.93,0.18,3,4
18442.312,0.348,0.343,0.849,-1.43,-1.19,-1.68,3,4
18442.328,0.348,0.349,0.854,-1.77,0.7,-3.08,3,4
18442.328,0.345,0.35,0.856,-2.04,2.47,-4.36,3,4
18442.343,0.344,0.348,0.852,-2.17,3.94,-5.62,3,4
18442.359,0.344,0.346,0.853,-2.29,5.86,-6.74,3,4
18442.359,0.337,0.34,0.851,-2.38,8.15,-7.6,3,4
18442.375,0.329,0.335,0.855,-2.35,10.65,-8.55,3,4
18442.375,0.316,0.332,0.857,-2.38,13.34,-9.34,3,4
18442.39,0.299,0.337,0.864,-2.53,15.75,-9.89,3,4
18442.406,0.286,0.344,0.881,-2.96,16.91,-9.89,3,4
18442.421,0.26,0.362,0.895,-3.39,16.91,-9.09,3,4
18442.421,0.25,0.369,0.907,-4.03,15.41,-8.0,3,4
18442.437,0.24,0.372,0.918,-4.76,12.82,-5.83,3,4
18442.437,0.232,0.381,0.928,-5.04,9.25,-2.87,3,4
18442.453,0.232,0.384,0.93,-5.13,5.01,0.43,3,4
18442.468,0.241,0.375,0.929,-4.82,0.82,3.81,3,4
18442.468,0.256,0.365,0.927,-4.24,-2.93,6.96,3,4
18442.484,0.271,0.352,0.917,-3.45,-6.16,9.06,3,4
18442.5,0.282,0.338,0.907,-2.47,-8.58,10.07,3,4
18442.5,0.297,0.331,0.9,-1.4,-10.13,10.5,3,4
18442.515,0.312,0.331,0.894,-0.06,-10.9,10.1,3,4
18442.515,0.32,0.333,0.889,0.92,-11.11,9.06,3,4
18442.531,0.324,0.336,0.884,1.5,-11.17,7.6,3,4
18442.546,0.325,0.34,0.882,2.11,-11.44,6.5,3,4
18442.546,0.329,0.344,0.882,2.66,-11.63,5.8,3,4
18442.562,0.332,0.347,0.878,3.17,-11.47,5.07,3,4
18442.578,0.328,0.35,0.874,2.99,-11.6,4.43,3,4
18442.578,0.324,0.348,0.872,2.2,-11.66,3.78,3,4
18442.593,0.32,0.342,0.877,1.65,-11.41,3.05,3,4
18442.609,0.307,0.34,0.889,0.52,-13.06,1.68,3,4
18442.609,0.306,0.352,0.912,-1.37,-17.3,0.76,3,4
18442.625,0.312,0.368,0.919,-3.27,-23.74,-0.03,3,4
18442.625,0.313,0.361,0.911,-4.43,-29.76,-0.76,3,4
18442.64,0.313,0.351,0.891,-4.43,-33.69,-0.18,3,4
18442.656,0.339,0.335,0.873,-4.18,-35.0,1.04,3,4
18442.656,0.356,0.316,0.862,-3.6,-33.88,0.79,3,4
18442.671,0.358,0.306,0.852,-3.11,-31.8,-0.95,3,4
18442.687,0.37,0.308,0.833,-2.26,-28.78,-2.78,3,4
18442.687,0.373,0.323,0.822,-2.11,-24.72,-4.7,3,4
18442.703,0.381,0.336,0.814,-2.59,-20.11,-5.95,3,4
18442.718,0.378,0.352,0.806,-3.05,-14.25,-5.83,3,4
18442.718,0.38,0.361,0.808,-2.69,-7.87,-3.63,3,4
18442.734,0.386,0.369,0.813,-1.46,-0.95,-0.34,3,4
18442.75,0.38,0.36,0.817,-0.58,5.1,2.2,3,4
18442.75,0.376,0.351,0.834,-0.52,10.07,3.81,3,4
18442.765,0.36,0.343,0.852,-0.34,13.46,4.97,3,4
18442.781,0.357,0.331,0.861,0.67,15.5,6.23,3,4
18442.781,0.353,0.335,0.87,2.56,17.18,7.45,3,4
18442.796,0.346,0.347,0.883,6.16,17.88,9.06,3,4
18442.796,0.339,0.349,0.896,7.63,17.7,10.59,3,4
18442.812,0.321,0.349,0.887,8.15,16.69,13.37,3,4
18442.828,0.326,0.356,0.893,9.4,15.35,15.47,3,4
18442.828,0.332,0.354,0.893,10.59,13.98,16.91,3,4
18442.843,0.343,0.349,0.883,11.54,12.94,17.06,3,4
18442.859,0.333,0.34,0.874,11.99,12.45,16.42,3,4
18442.859,0.335,0.33,0.874,12.05,11.54,16.24,3,4
18442.875,0.349,0.336,0.861,10.96,10.93,15.44,3,4
18442.875,0.351,0.348,0.874,9.74,10.1,13.49,3,4
18442.89,0.339,0.34,0.868,9.25,9.52,12.09,3,4
18442.906,0.339,0.353,0.879,7.87,8.33,11.44,3,4
18442.921,0.342,0.359,0.883,8.15,5.98,11.02,3,4
18442.921,0.331,0.357,0.883,8.09,2.81,9.61,3,4
18442.937,0.333,0.361,0.89,6.13,-0.76,9.03,3,4
18442.937,0.338,0.363,0.904,4.94,-4.33,7.93,3,4
18442.953,0.311,0.361,0.902,5.28,-7.32,7.42,3,4
18442.968,0.314,0.364,0.912,5.74,-10.47,9.31,3,4
18442.968,0.315,0.359,0.907,7.51,-13.67,11.08,3,4
18442.984,0.323,0.348,0.899,8.73,-16.51,12.15,3,4
18443.0,0.317,0.326,0.884,9.25,-18.68,12.05,3,4
18443.0,0.328,0.313,0.871,9.0,-20.08,11.96,3,4
18443.015,0.342,0.312,0.852,8.55,-20.97,10.41,3,4
18443.015,0.353,0.312,0.837,7.05,-20.33,8.06,3,4
18443.031,0.364,0.317,0.828,4.76,-18.77,5.31,3,4
18443.046,0.372,0.329,0.822,3.48,-16.69,3.2,3,4
18443.046,0.384,0.342,0.816,3.81,-13.52,2.04,3,4
18443.062,0.39,0.354,0.803,4.06,-9.52,1.5,3,4
18443.078,0.393,0.367,0.798,3.14,-5.55,1.37,3,4
18443.078,0.395,0.38,0.805,0.79,-1.46,1.62,3,4
18443.093,0.394,0.383,0.824,-0.85,2.04,2.29,3,4
18443.109,0.385,0.374,0.831,-0.98,4.12,2.84,3,4
18443.109,0.385,0.367,0.837,-2.2,4.67,3.36,3,4
18443.125,0.385,0.355,0.841,-4.06,4.91,2.66,3,4
18443.125,0.38,0.346,0.838,-6.07,4.82,1.74,3,4
18443.14,0.384,0.34,0.84,-7.45,5.07,0.82,3,4
18443.156,0.387,0.337,0.845,-7.69,5.71,-0.7,3,4
18443.156,0.389,0.34,0.85,-7.72,6.84,-2.44,3,4
18443.171,0.382,0.345,0.852,-7.6,8.3,-4.09,3,4
18443.187,0.368,0.348,0.856,-6.93,9.16,-4.88,3,4
18443.187,0.361,0.348,0.866,-6.84,8.91,-5.07,3,4
18443.203,0.359,0.347,0.88,-6.99,8.18,-5.1,3,4
18443.218,0.347,0.336,0.882,-6.74,6.62,-5.83,3,4
18443.218,0.343,0.326,0.883,-6.62,4.09,-6.68,3,4
18443.234,0.345,0.331,0.893,-6.23,2.01,-7.51,3,4
18443.25,0.332,0.338,0.904,-4.82,0.49,-8.24,3,4
18443.25,0.313,0.341,0.904,-2.66,-1.46,-7.6,3,4
18443.265,0.314,0.351,0.917,-1.01,-5.58,-5.31,3,4
18443.265,0.33,0.353,0.928,-0.18,-10.77,-3.78,3,4
18443.281,0.34,0.335,0.907,0.61,-14.68,-3.39,3,4
18443.296,0.348,0.324,0.886,1.53,-17.12,-3.08,3,4
18443.296,0.365,0.325,0.857,4.15,-16.39,-2.78,3,4
18443.312,0.371,0.332,0.832,7.35,-12.57,-1.89,3,4
18443.328,0.379,0.341,0.819,10.13,-7.32,-0.98,3,4
18443.328,0.377,0.353,0.809,10.56,-2.62,-0.95,3,4
18443.343,0.375,0.363,0.813,8.33,0.73,-1.56,3,4
18443.359,0.372,0.373,0.815,4.55,2.99,-2.2,3,4
18443.359,0.366,0.376,0.819,0.64,4.88,-2.26,3,4
18443.375,0.364,0.377,0.825,-2.81,6.23,-1.89,3,4
18443.39,0.363,0.373,0.834,-5.55,7.48,-1.5,3,4
18443.39,0.356,0.37,0.846,-7.6,8.36,-1.07,3,4
18443.406,0.349,0.363,0.859,-9.25,8.21,-0.61,3,4
18443.406,0.344,0.358,0.869,-10.35,7.32,-0.06,3,4
18443.421,0.349,0.352,0.875,-10.65,6.1,0.46,3,4
18443.437,0.356,0.345,0.889,-9.92,5.58,0.76,3,4
18443.437,0.353,0.33,0.895,-7.48,5.62,1.04,3,4
18443.453,0.366,0.328,0.902,-4.39,5.58,1.4,3,4
18443.468,0.384,0.323,0.891,-1.28,5.86,0.31,3,4
18443.468,0.387,0.318,0.865,1.04,7.14,-2.35,3,4
18443.484,0.383,0.33,0.867,1.98,8.91,-4.7,3,4
18443.5,0.375,0.33,0.849,4.52,10.07,-6.81,3,4
18443.5,0.364,0.332,0.839,4.91,11.66,-8.51,3,4
18443.515,0.354,0.358,0.846,2.81,13.52,-9.06,3,4
18443.531,0.325,0.366,0.881,2.29,13.61,-8.85,3,4
18443.531,0.311,0.351,0.927,2.53,10.25,-7.23,3,4
18443.546,0.314,0.342,0.92,3.33,5.43,-6.29,3,4
18443.546,0.306,0.328,0.913,5.74,2.35,-5.1,3,4
18443.562,0.313,0.329,0.913,9.89,1.95,-1.92,3,4
18443.578,0.308,0.344,0.881,15.05,2.99,1.28,3,4
18443.593,0.316,0.347,0.862,18.59,3.97,3.3,3,4
18443.593,0.32,0.357,0.859,19.04,5.01,4.18,3,4
18443.609,0.316,0.368,0.849,18.19,5.8,4.7,3,4
18443.609,0.312,0.382,0.838,17.0,6.68,6.23,3,4
18443.625,0.323,0.393,0.839,15.59,7.9,8.09,3,4
18443.64,0.323,0.394,0.838,13.92,9.31,8.76,3,4
18443.64,0.312,0.39,0.841,11.14,9.34,8.73,3,4
18443.656,0.31,0.384,0.851,7.02,8.15,8.73,3,4
18443.656,0.308,0.381,0.859,3.17,6.59,8.45,3,4
18443.671,0.311,0.37,0.86,0.67,5.31,8.48,3,4
18443.687,0.318,0.355,0.865,-0.24,4.88,8.39,3,4
18443.687,0.321,0.352,0.876,-0.18,4.58,7.72,3,4
18443.703,0.323,0.355,0.888,-0.21,3.42,6.53,3,4
18443.718,0.318,0.355,0.882,-0.55,1.25,4.36,3,4
18443.718,0.32,0.363,0.884,-1.62,-1.53,2.72,3,4
18443.734,0.32,0.378,0.874,-2.41,-4.12,1.95,3,4
18443.734,0.322,0.388,0.862,-3.72,-5.16,2.17,3,4
18443.75,0.323,0.397,0.858,-4.85,-4.85,3.85,3,4
18443.765,0.325,0.382,0.866,-4.46,-4.24,6.04,3,4
18443.765,0.326,0.373,0.867,-5.07,-3.27,8.76,3,4
18443.781,0.327,0.368,0.855,-6.38,-3.63,8.64,3,4
18443.796,0.339,0.358,0.849,-7.32,-3.78,7.63,3,4
18443.796,0.345,0.355,0.85,-7.97,-3.14,6.44,3,4
18443.812,0.35,0.344,0.857,-8.94,-2.99,4.24,3,4
18443.828,0.35,0.338,0.871,-10.28,-3.14,1.89,3,4
18443.828,0.351,0.335,0.872,-10.71,-3.51,-0.31,3,4
18443.843,0.348,0.334,0.869,-10.32,-3.6,-2.08,3,4
18443.859,0.34,0.341,0.874,-9.28,-3.27,-3.11,3,4
18443.859,0.334,0.349,0.88,-7.97,-2.62,-2.9,3,4
18443.875,0.332,0.344,0.872,-7.26,-2.32,-2.38,3,4
18443.875,0.332,0.341,0.861,-7.97,-2.38,-1.92,3,4
18443.89,0.335,0.339,0.866,-9.16,-1.56,-1.53,3,4
18443.906,0.332,0.339,0.878,-10.04,-0.49,-1.28,3,4
18443.906,0.327,0.352,0.868,-11.41,-0.24,-0.98,3,4
18443.921,0.348,0.352,0.876,-14.31,-1.04,-0.67,3,4
18443.937,0.357,0.346,0.909,-16.85,-1.74,-1.53,3,4
18443.937,0.354,0.329,0.902,-16.72,-3.23,-2.29,3,4
18443.953,0.365,0.283,0.886,-14.83,-2.5,-3.2,3,4
18443.968,0.35,0.249,0.877,-10.59,1.1,-5.07,3,4
18443.968,0.334,0.244,0.887,-4.64,5.07,-6.35,3,4
18443.984,0.331,0.271,0.881,0.92,6.78,-8.03,3,4
18443.984,0.317,0.303,0.867,3.97,7.69,-9.55,3,4
18444.0,0.31,0.33,0.857,5.55,9.06,-9.19,3,4
18444.015,0.307,0.349,0.855,7.11,11.38,-7.48,3,4
18444.015,0.288,0.379,0.875,7.9,13.34,-5.68,3,4
18444.031,0.241,0.394,0.88,8.33,14.1,-2.5,3,4
18444.046,0.265,0.404,0.877,6.26,10.96,1.19,3,4
18444.046,0.259,0.45,0.922,2.78,5.52,2.84,3,4
18444.062,0.251,0.443,0.896,0.82,-2.32,6.38,3,4
18444.078,0.281,0.429,0.796,-7.6,-10.99,8.73,3,4
18444.078,0.289,0.435,0.753,-23.44,-11.51,10.28,3,4
18444.093,0.33,0.354,0.869,-33.54,-4.43,15.14,3,4
18444.109,0.293,0.262,0.933,-29.54,-1.28,17.88,3,4
18444.109,0.269,0.264,0.952,-26.0,-6.32,19.44,3,4
18444.125,0.311,0.317,1.01,-23.96,-15.14,20.54,3,4
18444.14,0.4,0.2,0.991,-15.11,-20.63,23.35,3,4
18444.14,0.37,0.189,0.97,-11.47,-26.0,13.43,3,4
18444.156,0.388,0.193,0.963,-5.49,-31.04,5.77,3,4
18444.156,0.41,0.183,0.945,5.46,-33.2,1.16,3,4
18444.171,0.406,0.222,0.913,13.09,-33.33,-4.36,3,4
18444.187,0.406,0.266,0.879,16.97,-32.93,-9.16,3,4
18444.203,0.417,0.299,0.832,18.74,-30.03,-11.87,3,4
18444.203,0.423,0.326,0.796,19.23,-23.16,-12.63,3,4
18444.218,0.425,0.34,0.769,20.63,-12.94,-11.2,3,4
18444.218,0.42,0.356,0.756,22.22,-0.98,-9.09,3,4
18444.234,0.417,0.36,0.762,22.06,9.34,-7.35,3,4
18444.25,0.4,0.373,0.77,17.91,16.75,-7.93,3,4
18444.25,0.364,0.388,0.791,9.98,21.45,-9.25,3,4
18444.265,0.34,0.394,0.826,1.65,22.37,-9.43,3,4
18444.265,0.321,0.4,0.862,-5.19,20.72,-8.58,3,4
18444.281,0.295,0.397,0.892,-11.29,16.36,-7.66,3,4
18444.296,0.283,0.379,0.913,-15.99,10.35,-5.86,3,4
18444.296,0.283,0.361,0.925,-18.19,4.58,-3.02,3,4
18444.312,0.289,0.345,0.932,-17.43,0.18,0.34,3,4
18444.328,0.301,0.322,0.946,-15.23,-3.02,3.33,3,4
18444.328,0.323,0.3,0.947,-12.18,-5.65,4.91,3,4
18444.343,0.333,0.284,0.924,-7.97,-8.0,4.52,3,4
18444.359,0.338,0.278,0.898,-4.46,-9.22,3.51,3,4
18444.359,0.341,0.286,0.889,-2.87,-9.03,2.9,3,4
18444.375,0.343,0.284,0.889,-1.71,-8.7,2.32,3,4
18444.375,0.353,0.283,0.887,-0.52,-8.85,1.56,3,4
18444.39,0.359,0.315,0.88,0.58,-8.7,1.4,3,4
18444.406,0.362,0.331,0.875,1.62,-8.61,1.86,3,4
18444.421,0.369,0.314,0.872,2.69,-9.03,1.74,3,4
18444.421,0.392,0.296,0.869,3.14,-9.31,0.4,3,4
18444.437,0.408,0.294,0.836,3.3,-7.29,-2.04,3,4
18444.437,0.407,0.296,0.809,3.42,-2.59,-4.43,3,4
18444.453,0.407,0.289,0.807,3.6,2.96,-6.07,3,4
18444.468,0.409,0.291,0.806,3.27,8.12,-8.12,3,4
18444.468,0.405,0.298,0.804,1.92,12.91,-10.8,3,4
18444.484,0.397,0.303,0.807,-0.95,17.52,-13.92,3,4
18444.5,0.385,0.31,0.833,-4.39,21.33,-17.33,3,4
18444.5,0.341,0.334,0.898,-5.22,23.41,-19.62,3,4
18444.515,0.305,0.343,0.965,-3.27,21.24,-18.68,3,4
18444.531,0.272,0.33,0.995,-0.85,15.14,-16.97,3,4
18444.531,0.276,0.302,0.973,2.99,8.18,-14.47,3,4
18444.546,0.286,0.288,0.935,8.42,4.12,-12.3,3,4
18444.546,0.293,0.28,0.908,14.34,3.85,-10.22,3,4
18444.562,0.298,0.3,0.894,18.22,4.52,-9.16,3,4
18444.578,0.298,0.335,0.882,19.84,5.49,-8.55,3,4
18444.578,0.3,0.359,0.861,20.45,6.2,-7.32,3,4
18444.593,0.311,0.381,0.847,19.29,7.05,-5.49,3,4
18444.609,0.312,0.395,0.84,16.05,8.03,-4.24,3,4
18444.609,0.306,0.395,0.837,10.8,8.36,-3.63,3,4
18444.625,0.302,0.395,0.836,4.46,7.45,-2.81,3,4
18444.64,0.308,0.396,0.833,-2.5,5.74,-2.44,3,4
18444.64,0.313,0.398,0.841,-9.4,4.88,-2.26,3,4
18444.656,0.308,0.39,0.86,-14.56,4.36,-2.11,3,4
18444.671,0.303,0.373,0.88,-17.52,2.99,-1.95,3,4
18444.671,0.295,0.359,0.889,-19.26,0.79,-1.53,3,4
18444.687,0.289,0.353,0.891,-20.81,-1.04,-0.4,3,4
18444.687,0.303,0.347,0.909,-20.81,-1.98,2.5,3,4
18444.703,0.313,0.322,0.918,-16.88,-1.89,4.46,3,4
18444.718,0.309,0.289,0.913,-12.67,-1.77,4.88,3,4
18444.718,0.318,0.278,0.912,-9.77,-1.98,4.82,3,4
18444.734,0.331,0.281,0.911,-6.44,-2.35,3.69,3,4
18444.734,0.339,0.288,0.911,-3.66,-2.78,2.01,3,4
18444.75,0.34,0.296,0.901,1.46,-2.41,-2.5,3,4
18444.765,0.339,0.301,0.899,3.6,-1.56,-4.21,3,4
18444.765,0.339,0.304,0.891,5.31,-0.76,-6.23,3,4
18444.781,0.334,0.305,0.882,6.16,0.43,-7.72,3,4
18444.796,0.315,0.329,0.892,7.11,1.43,-7.9,3,4
18444.796,0.307,0.33,0.895,8.45,1.65,-7.69,3,4
18444.812,0.299,0.332,0.892,9.31,1.31,-7.2,3,4
18444.828,0.303,0.339,0.892,9.4,0.92,-6.16,3,4
18444.828,0.301,0.338,0.887,9.89,0.79,-5.58,3,4
18444.843,0.298,0.339,0.871,10.1,0.82,-4.67,3,4
18444.859,0.299,0.344,0.864,8.88,1.22,-3.91,3,4
18444.859,0.296,0.354,0.866,6.74,1.71,-3.39,3,4
18444.875,0.291,0.365,0.874,4.79,2.11,-2.29,3,4
18444.875,0.291,0.37,0.881,3.11,1.71,-0.98,3,4
18444.89,0.284,0.371,0.883,1.1,1.01,0.03,3,4
18444.906,0.283,0.36,0.885,-0.64,0.58,1.59,3,4
18444.906,0.288,0.347,0.893,-1.37,0.24,3.33,3,4
18444.921,0.291,0.338,0.895,-1.53,-0.55,4.21,3,4
18444.937,0.294,0.335,0.894,-1.34,-1.22,4.7,3,4
18444.953,0.299,0.335,0.893,-0.98,-1.95,5.01,3,4
18444.953,0.302,0.338,0.896,-0.43,-2.29,5.37,3,4
18444.968,0.302,0.341,0.898,-0.12,-3.14,5.34,3,4
18444.968,0.304,0.341,0.891,-0.18,-4.7,5.22,3,4
18444.984,0.312,0.342,0.888,-0.03,-5.77,5.22,3,4
18445.0,0.317,0.342,0.885,-0.03,-6.62,4.82,3,4
18445.0,0.321,0.339,0.874,-0.58,-7.17,4.06,3,4
18445.015,0.327,0.34,0.867,-1.1,-7.11,3.81,3,4
18445.031,0.333,0.343,0.868,-1.8,-6.16,3.66,3,4
18445.031,0.342,0.339,0.871,-2.26,-4.85,3.39,3,4
18445.046,0.341,0.329,0.871,-1.95,-3.81,2.59,3,4
18445.046,0.337,0.323,0.875,-1.95,-2.96,1.46,3,4
18445.062,0.34,0.321,0.878,-1.65,-2.08,0.34,3,4
18445.078,0.339,0.318,0.881,-0.82,-0.92,-1.19,3,4
18445.078,0.331,0.32,0.886,0.37,0.09,-2.38,3,4
18445.093,0.323,0.324,0.894,1.86,0.64,-3.08,3,4
18445.109,0.318,0.326,0.896,3.66,0.49,-3.54,3,4
18445.109,0.315,0.324,0.891,4.88,-0.09,-3.94,3,4
18445.125,0.313,0.328,0.888,5.55,-0.15,-4.27,3,4
18445.125,0.311,0.334,0.882,6.59,0.0,-4.43,3,4
18445.14,0.311,0.339,0.876,7.45,0.52,-4.12,3,4
18445.156,0.308,0.347,0.875,7.29,1.07,-3.81,3,4
18445.156,0.311,0.348,0.872,6.81,1.19,-3.6,3,4
18445.171,0.308,0.346,0.873,5.58,0.95,-3.69,3,4
18445.187,0.303,0.356,0.872,4.21,0.82,-3.3,3,4
18445.187,0.3,0.364,0.875,3.54,1.4,-1.98,3,4
18445.203,0.294,0.358,0.885,3.14,1.92,-0.58,3,4
18445.218,0.291,0.348,0.886,3.2,1.71,0.7,3,4
18445.218,0.29,0.35,0.887,2.72,1.16,1.74,3,4
18445.234,0.291,0.356,0.885,2.01,0.4,2.56,3,4
18445.25,0.293,0.358,0.884,1.86,-0.24,3.45,3,4
18445.25,0.295,0.359,0.883,2.32,-0.92,4.64,3,4
18445.265,0.299,0.363,0.885,1.98,-1.56,5.68,3,4
18445.265,0.301,0.36,0.884,0.79,-2.35,6.23,3,4
18445.281,0.303,0.358,0.883,-0.46,-3.51,6.35,3,4
18445.296,0.308,0.357,0.883,-1.31,-5.1,6.87,3,4
18445.296,0.314,0.356,0.881,-1.8,-6.16,7.45,3,4
18445.312,0.32,0.353,0.879,-2.14,-6.56,8.09,3,4
18445.328,0.329,0.348,0.877,-1.95,-6.81,8.3,3,4
18445.328,0.331,0.338,0.873,-1.68,-6.9,7.72,3,4
18445.343,0.337,0.336,0.867,-1.43,-6.71,7.11,3,4
18445.359,0.344,0.336,0.865,-1.34,-5.77,6.47,3,4
18445.359,0.349,0.331,0.864,-1.31,-4.82,5.13,3,4
18445.375,0.347,0.326,0.863,-1.1,-3.69,3.23,3,4
18445.39,0.346,0.327,0.861,-1.04,-2.66,1.77,3,4
18445.39,0.346,0.332,0.865,-0.73,-1.01,0.79,3,4
18445.406,0.342,0.331,0.872,-0.34,0.34,-0.37,3,4
18445.406,0.333,0.332,0.876,-0.12,0.89,-1.74,3,4
18445.421,0.326,0.334,0.878,0.03,1.07,-2.38,3,4
18445.437,0.323,0.34,0.88,0.61,1.53,-2.29,3,4
18445.437,0.318,0.34,0.878,1.31,2.29,-1.83,3,4
18445.453,0.312,0.339,0.881,2.29,3.27,-0.89,3,4
18445.468,0.309,0.341,0.886,3.81,4.43,0.82,3,4
18445.484,0.309,0.34,0.889,5.89,5.43,2.72,3,4
18445.484,0.311,0.335,0.892,7.39,5.55,3.48,3,4
18445.484,0.311,0.332,0.888,7.93,5.01,3.17,3,4
18445.5,0.31,0.337,0.883,8.0,4.58,3.02,3,4
18445.515,0.312,0.342,0.879,8.48,4.55,3.27,3,4
18445.515,0.31,0.35,0.871,8.73,4.82,3.78,3,4
18445.531,0.309,0.361,0.872,8.45,5.58,4.76,3,4
18445.546,0.304,0.368,0.873,8.91,6.71,6.38,3,4
18445.546,0.299,0.37,0.868,10.07,8.18,8.97,3,4
18445.562,0.301,0.373,0.864,11.6,10.5,12.27,3,4
18445.578,0.302,0.377,0.881,13.58,13.28,15.63,3,4
18445.578,0.299,0.382,0.89,15.99,13.98,17.67,3,4
18445.593,0.301,0.366,0.879,17.82,12.82,18.62,3,4
18445.593,0.305,0.36,0.872,16.51,10.96,18.1,3,4
18445.609,0.31,0.36,0.87,13.4,9.0,16.39,3,4
18445.625,0.313,0.357,0.866,9.52,6.62,13.95,3,4
18445.625,0.321,0.356,0.866,5.37,4.0,11.44,3,4
18445.64,0.326,0.355,0.867,1.65,1.25,8.3,3,4
18445.656,0.326,0.36,0.864,-2.26,-1.62,4.58,3,4
18445.656,0.328,0.366,0.863,-6.29,-3.81,1.53,3,4
18445.671,0.328,0.367,0.861,-8.94,-4.82,-0.09,3,4
18445.687,0.325,0.367,0.86,-9.58,-4.36,-0.46,3,4
18445.687,0.325,0.36,0.869,-9.98,-3.05,-0.34,3,4
18445.703,0.325,0.344,0.88,-10.13,-2.11,-0.55,3,4
18445.718,0.321,0.329,0.889,-9.28,-2.04,-1.31,3,4
18445.718,0.321,0.321,0.889,-7.9,-2.44,-2.41,3,4
18445.734,0.325,0.323,0.891,-6.1,-2.5,-3.45,3,4
18445.734,0.322,0.328,0.893,-1.8,-2.29,-5.62,3,4
18445.75,0.316,0.331,0.89,-0.27,-2.32,-6.26,3,4
18445.765,0.315,0.336,0.887,0.73,-2.08,-6.84,3,4
18445.765,0.316,0.34,0.884,1.62,-2.04,-7.57,3,4
18445.781,0.306,0.345,0.872,1.8,-1.98,-7.9,3,4
18445.796,0.308,0.358,0.872,1.4,-1.19,-7.35,3,4
18445.796,0.307,0.36,0.878,1.83,-0.06,-6.26,3,4
18445.812,0.301,0.352,0.878,2.72,0.73,-5.31,3,4
18445.828,0.299,0.354,0.876,2.66,0.95,-4.55,3,4
18445.828,0.299,0.36,0.88,2.17,0.82,-4.09,3,4
18445.843,0.297,0.359,0.879,1.4,0.52,-3.81,3,4
18445.859,0.294,0.362,0.879,0.95,0.06,-3.08,3,4
18445.859,0.295,0.367,0.876,0.18,-0.61,-2.35,3,4
18445.875,0.297,0.366,0.874,-0.67,-1.22,-1.74,3,4
18445.875,0.3,0.365,0.872,-1.59,-1.59,-1.13,3,4
18445.89,0.302,0.366,0.87,-2.93,-1.68,-0.85,3,4
18445.906,0.305,0.371,0.869,-4.61,-1.86,-0.52,3,4
18445.906,0.31,0.371,0.875,-5.92,-1.8,0.15,3,4
18445.921,0.308,0.359,0.873,-6.35,-2.29,0.49,3,4
18445.937,0.313,0.348,0.873,-6.99,-3.02,0.37,3,4
18445.937,0.316,0.355,0.88,-8.39,-3.45,-0.12,3,4
18445.953,0.311,0.352,0.885,-9.25,-4.52,-1.04,3,4
18445.968,0.315,0.342,0.883,-9.16,-5.95,-1.98,3,4
18445.968,0.322,0.344,0.887,-9.52,-7.26,-2.99,3,4
18445.984,0.322,0.339,0.887,-9.77,-8.48,-4.82,3,4
18446.0,0.319,0.333,0.886,-10.07,-9.28,-6.62,3,4
18446.0,0.325,0.325,0.883,-9.67,-9.89,-7.97,3,4
18446.015,0.332,0.313,0.891,-9.61,-10.93,-10.53,3,4
18446.015,0.332,0.321,0.902,-11.11,-12.94,-14.37,3,4
18446.031,0.328,0.327,0.901,-13.09,-16.45,-18.13,3,4
18446.046,0.327,0.331,0.9,-14.07,-19.38,-19.78,3,4
18446.062,0.332,0.322,0.9,-14.16,-20.97,-19.87,3,4
18446.062,0.327,0.312,0.891,-13.55,-21.67,-20.97,3,4
18446.078,0.329,0.315,0.881,-11.54,-20.33,-20.39,3,4
18446.078,0.33,0.323,0.875,-7.23,-17.09,-18.52,3,4
18446.093,0.329,0.33,0.876,-1.46,-12.79,-16.14,3,4
18446.109,0.322,0.335,0.879,4.24,-8.3,-13.46,3,4
18446.109,0.316,0.341,0.882,8.64,-4.55,-10.71,3,4
18446.125,0.309,0.339,0.883,12.7,-1.83,-7.93,3,4
18446.14,0.31,0.349,0.882,15.5,-0.12,-4.91,3,4
18446.14,0.305,0.357,0.885,16.42,1.13,-2.56,3,4
18446.156,0.295,0.344,0.88,16.91,1.01,-1.1,3,4
18446.156,0.299,0.347,0.878,17.03,0.34,0.21,3,4
18446.171,0.301,0.371,0.882,16.14,-0.03,1.31,3,4
18446.187,0.295,0.377,0.876,14.4,-1.5,1.4,3,4
18446.187,0.297,0.381,0.868,12.27,-3.85,2.35,3,4
18446.203,0.307,0.389,0.856,10.19,-6.04,4.21,3,4
18446.218,0.322,0.398,0.841,7.35,-6.81,6.1,3,4
18446.218,0.327,0.405,0.835,3.39,-6.26,8.15,3,4
18446.234,0.335,0.387,0.828,0.27,-5.58,9.43,3,4
18446.234,0.346,0.376,0.829,-2.5,-4.06,10.35,3,4
18446.25,0.349,0.368,0.835,-5.49,-2.32,9.58,3,4
18446.265,0.344,0.358,0.844,-8.3,-0.85,7.87,3,4
18446.265,0.334,0.359,0.861,-10.22,0.09,6.62,3,4
18446.281,0.322,0.36,0.873,-10.86,-1.83,6.04,3,4
18446.296,0.33,0.348,0.901,-11.57,-4.94,6.07,3,4
18446.296,0.353,0.335,0.906,-11.17,-7.57,5.52,3,4
18446.312,0.361,0.308,0.863,-7.63,-7.11,4.36,3,4
18446.328,0.37,0.295,0.825,-3.51,-3.02,4.09,3,4
18446.328,0.383,0.301,0.849,-0.64,2.66,3.57,3,4
18446.343,0.365,0.315,0.863,0.49,6.74,0.92,3,4
18446.359,0.356,0.327,0.866,-0.43,7.78,-1.8,3,4
18446.359,0.349,0.34,0.864,-1.28,7.51,-4.18,3,4
18446.375,0.346,0.351,0.863,-1.71,7.11,-5.8,3,4
18446.375,0.34,0.361,0.868,-3.45,6.96,-7.05,3,4
18446.39,0.324,0.36,0.863,-5.83,6.23,-8.12,3,4
18446.406,0.322,0.351,0.861,-8.36,5.62,-8.03,3,4
18446.421,0.326,0.353,0.874,-10.68,5.58,-7.54,3,4
18446.421,0.324,0.348,0.875,-11.66,5.95,-7.57,3,4
18446.437,0.324,0.333,0.868,-10.53,7.54,-7.75,3,4
18446.437,0.322,0.333,0.868,-8.79,10.44,-7.11,3,4
18446.453,0.316,0.335,0.868,-7.08,13.76,-6.5,3,4
18446.468,0.304,0.33,0.876,-5.74,16.21,-6.38,3,4
18446.468,0.293,0.333,0.888,-5.92,16.72,-6.53,3,4
18446.484,0.284,0.342,0.903,-6.65,15.35,-6.53,3,4
18446.484,0.274,0.356,0.927,-8.27,11.96,-5.62,3,4
18446.5,0.264,0.36,0.939,-10.53,6.35,-4.39,3,4
18446.515,0.26,0.351,0.946,-11.51,-0.82,-3.11,3,4
18446.515,0.262,0.345,0.942,-11.54,-7.72,-0.79,3,4
18446.531,0.267,0.336,0.95,-10.8,-13.98,0.82,3,4
18446.546,0.295,0.313,0.947,-9.74,-20.36,1.59,3,4
18446.546,0.298,0.31,0.909,-8.21,-23.35,1.1,3,4
18446.562,0.316,0.302,0.894,-4.94,-22.61,2.69,3,4
18446.578,0.334,0.296,0.874,-0.21,-20.75,3.88,3,4
18446.578,0.34,0.308,0.866,1.68,-18.07,3.54,3,4
18446.593,0.345,0.318,0.866,1.25,-16.02,1.74,3,4
18446.609,0.349,0.322,0.868,0.27,-15.05,-0.34,3,4
18446.609,0.35,0.323,0.868,-0.67,-14.92,-2.47,3,4
18446.625,0.356,0.325,0.866,-1.59,-14.89,-4.67,3,4
18446.625,0.357,0.325,0.863,-3.08,-14.56,-6.96,3,4
18446.64,0.356,0.321,0.86,-4.97,-13.92,-9.7,3,4
18446.656,0.351,0.32,0.864,-6.13,-13.4,-11.78,3,4
18446.656,0.343,0.326,0.873,-6.07,-12.18,-11.9,3,4
18446.671,0.341,0.339,0.891,-5.01,-10.65,-10.07,3,4
18446.687,0.337,0.332,0.896,-2.72,-9.86,-8.03,3,4
18446.687,0.336,0.309,0.894,-0.58,-9.86,-6.74,3,4
18446.703,0.335,0.3,0.893,1.59,-10.16,-6.01,3,4
18446.718,0.34,0.308,0.891,3.72,-9.83,-5.07,3,4
18446.718,0.344,0.314,0.882,7.66,-7.72,-3.63,3,4
18446.734,0.345,0.31,0.871,9.25,-5.89,-3.54,3,4
18446.75,0.346,0.315,0.855,9.89,-3.02,-3.14,3,4
18446.75,0.336,0.333,0.856,10.68,0.21,-1.62,3,4
18446.765,0.329,0.35,0.835,10.1,3.85,0.7,3,4
18446.781,0.329,0.358,0.846,9.74,7.97,3.72,3,4
18446.781,0.329,0.362,0.865,10.65,10.9,7.08,3,4
18446.796,0.322,0.366,0.88,11.66,11.51,9.77,3,4
18446.796,0.318,0.362,0.897,11.78,10.5,12.18,3,4
18446.812,0.314,0.344,0.918,9.95,6.99,12.73,3,4
18446.828,0.32,0.336,0.912,10.07,3.27,13.28,3,4
18446.828,0.333,0.335,0.887,12.36,1.5,14.8,3,4
18446.843,0.334,0.34,0.864,14.62,1.5,16.05,3,4
18446.859,0.343,0.346,0.849,14.83,2.01,17.27,3,4
18446.859,0.352,0.355,0.841,12.33,2.23,16.69,3,4
18446.875,0.363,0.355,0.836,8.51,2.44,15.02,3,4
18446.89,0.369,0.353,0.833,3.66,2.44,12.3,3,4
18446.89,0.367,0.349,0.834,-0.89,2.75,9.16,3,4
18446.906,0.375,0.341,0.832,-3.72,4.09,6.81,3,4
18446.906,0.388,0.34,0.826,-4.79,7.14,4.91,3,4
18446.921,0.388,0.336,0.839,-5.34,10.83,2.47,3,4
18446.937,0.38,0.334,0.839,-6.26,13.46,-0.76,3,4
18446.937,0.37,0.334,0.835,-8.03,15.53,-3.72,3,4
18446.953,0.365,0.334,0.843,-9.28,17.73,-5.43,3,4
18446.968,0.355,0.333,0.855,-10.01,20.14,-6.84,3,4
18446.968,0.34,0.329,0.864,-10.56,21.79,-7.6,3,4
18446.984,0.329,0.329,0.878,-10.32,22.68,-7.35,3,4
18446.984,0.289,0.343,0.929,-9.34,22.74,-6.56,3,4
18447.0,0.255,0.33,0.991,-7.08,17.58,-4.55,3,4
18447.015,0.263,0.31,0.981,-4.85,8.58,-3.3,3,4
18447.015,0.27,0.307,0.951,-1.8,3.33,-1.89,3,4
18447.031,0.275,0.297,0.923,4.12,2.5,0.95,3,4
18447.046,0.277,0.286,0.902,11.26,3.94,4.21,3,4
18447.062,0.286,0.307,0.899,15.69,6.07,6.62,3,4
18447.062,0.283,0.332,0.904,17.09,7.63,7.51,3,4
18447.078,0.277,0.351,0.904,17.49,7.35,8.58,3,4
18447.078,0.285,0.363,0.898,18.4,6.23,10.59,3,4
18447.093,0.284,0.364,0.889,19.68,5.46,11.96,3,4
18447.109,0.286,0.383,0.886,19.29,4.67,14.16,3,4
18447.109,0.291,0.397,0.877,18.34,3.88,16.24,3,4
18447.125,0.287,0.395,0.863,17.88,3.51,18.16,3,4
18447.14,0.301,0.385,0.856,17.0,3.39,20.81,3,4
18447.14,0.305,0.393,0.859,15.05,3.3,21.64,3,4
18447.156,0.304,0.393,0.859,12.15,2.81,22.03,3,4
18447.156,0.313,0.375,0.86,9.03,1.56,22.03,3,4
18447.171,0.323,0.362,0.858,6.99,0.15,21.36,3,4
18447.187,0.335,0.359,0.855,4.94,-0.98,19.84,3,4
18447.187,0.343,0.347,0.854,1.59,-2.04,17.15,3,4
18447.203,0.35,0.333,0.856,-2.78,-3.3,13.46,3,4
18447.218,0.359,0.317,0.857,-6.87,-4.73,8.91,3,4
18447.218,0.358,0.309,0.857,-10.38,-5.68,3.69,3,4
18447.234,0.355,0.313,0.869,-12.63,-5.37,-0.92,3,4
18447.25,0.347,0.323,0.877,-11.35,-3.54,-3.88,3,4
18447.25,0.334,0.334,0.878,-7.9,-0.82,-4.73,3,4
18447.265,0.327,0.339,0.889,-5.19,1.53,-4.24,3,4
18447.281,0.315,0.335,0.897,-3.05,2.2,-4.24,3,4
18447.281,0.305,0.342,0.903,-2.41,0.98,-4.21,3,4
18447.296,0.298,0.359,0.915,-2.99,-1.46,-3.51,3,4
18447.296,0.287,0.336,0.905,-2.9,-5.55,-2.87,3,4
18447.312,0.3,0.307,0.927,-3.63,-9.92,-2.78,3,4
18447.328,0.312,0.311,0.946,-2.01,-13.76,-3.42,3,4
18447.328,0.316,0.302,0.914,1.37,-16.11,-4.61,3,4
18447.343,0.309,0.291,0.903,3.91,-17.33,-6.81,3,4
18447.359,0.317,0.292,0.907,5.86,-19.87,-9.06,3,4
18447.359,0.326,0.305,0.904,4.94,-23.65,-13.28,3,4
18447.375,0.331,0.318,0.892,0.67,-28.87,-19.26,3,4
18447.39,0.333,0.323,0.864,-4.52,-34.27,-25.7,3,4
18447.39,0.329,0.344,0.842,-9.49,-37.14,-30.03,3,4
18447.406,0.341,0.365,0.84,-12.97,-36.59,-30.88,3,4
18447.406,0.355,0.38,0.839,-12.85,-33.48,-29.79,3,4
18447.421,0.351,0.392,0.834,-10.68,-29.51,-27.83,3,4
18447.437,0.349,0.388,0.834,-9.95,-27.28,-26.4,3,4
18447.437,0.35,0.383,0.847,-13.55,-27.86,-26.92,3,4
18447.453,0.348,0.371,0.86,-20.45,-30.73,-29.3,3,4
18447.468,0.348,0.35,0.866,-28.17,-34.85,-31.98,3,4
18447.484,0.351,0.331,0.871,-35.1,-39.92,-34.97,3,4
18447.484,0.353,0.32,0.875,-41.78,-45.93,-39.58,3,4
18447.5,0.365,0.32,0.895,-49.99,-52.67,-44.28,3,4
18447.5,0.368,0.317,0.929,-55.21,-59.39,-49.53,3,4
18447.515,0.359,0.307,0.944,-55.57,-67.2,-54.81,3,4
18447.531,0.357,0.302,0.94,-55.33,-76.08,-58.75,3,4
18447.531,0.361,0.294,0.923,-54.23,-83.38,-60.4,3,4
18447.546,0.374,0.286,0.907,-50.69,-87.16,-59.33,3,4
18447.562,0.402,0.282,0.889,-43.43,-88.5,-58.11,3,4
18447.562,0.423,0.264,0.858,-36.35,-88.14,-58.75,3,4
18447.578,0.437,0.247,0.829,-32.75,-86.4,-61.95,3,4
18447.578,0.455,0.244,0.808,-30.27,-83.65,-66.65,3,4
18447.593,0.468,0.255,0.799,-29.45,-79.81,-71.17,3,4
18447.609,0.472,0.256,0.796,-28.72,-75.11,-74.5,3,4
18447.609,0.486,0.258,0.81,-25.94,-69.8,-75.78,3,4
18447.625,0.503,0.261,0.832,-20.23,-63.97,-76.42,3,4
18447.64,0.516,0.262,0.839,-13.12,-58.08,-78.01,3,4
18447.64,0.531,0.243,0.838,-5.25,-50.84,-78.89,3,4
18447.656,0.552,0.219,0.855,3.78,-42.15,-79.96,3,4
18447.656,0.58,0.2,0.874,16.6,-30.15,-82.31,3,4
18447.671,0.629,0.152,0.89,34.79,-12.51,-83.96,3,4
18447.687,0.651,0.089,0.911,57.16,9.09,-87.34,3,4
18447.687,0.638,0.06,0.92,86.58,31.83,-92.93,3,4
18447.703,0.626,0.077,0.917,118.38,51.12,-102.85,3,4
18447.718,0.581,0.113,0.905,160.47,72.66,-138.77,3,4
18447.718,0.529,0.178,0.883,171.51,76.39,-158.15,3,4
18447.734,0.473,0.256,0.828,170.23,77.67,-171.39,3,4
18447.75,0.414,0.385,0.751,151.16,76.85,-175.73,3,4
18447.75,0.29,0.698,0.595,115.51,69.89,-174.38,3,4
18447.765,0.249,0.761,0.531,64.27,58.6,-168.31,3,4
18447.781,0.271,0.83,0.478,0.34,46.91,-155.58,3,4
18447.781,0.226,0.832,0.528,-79.01,38.45,-135.01,3,4
18447.796,0.175,0.749,0.588,-137.55,26.15,-126.99,3,4
18447.796,0.131,0.629,0.645,-167.36,10.77,-115.67,3,4
18447.812,0.091,0.586,0.716,-179.85,-4.49,-101.6,3,4
18447.828,0.066,0.562,0.786,-170.2,-21.03,-87.71,3,4
18447.828,0.041,0.519,0.81,-140.6,-37.08,-74.01,3,4
18447.843,0.042,0.484,0.811,-101.26,-50.87,-59.51,3,4
18447.859,0.047,0.487,0.775,-59.02,-59.36,-47.61,3,4
18447.859,0.055,0.546,0.726,-27.56,-61.62,-39.16,3,4
18447.875,0.079,0.581,0.691,-7.14,-56.89,-34.58,3,4
18447.89,0.084,0.582,0.667,4.79,-45.41,-35.0,3,4
18447.89,0.088,0.602,0.652,8.7,-29.69,-38.61,3,4
18447.906,0.066,0.647,0.652,8.21,-9.55,-44.01,3,4
18447.906,0.037,0.674,0.695,3.02,10.59,-47.4,3,4
18447.921,0.031,0.688,0.764,-3.08,26.61,-46.66,3,4
18447.937,0.009,0.677,0.827,-6.32,36.74,-41.17,3,4
18447.937,-0.022,0.639,0.881,-6.93,38.33,-31.01,3,4
18447.953,-0.031,0.611,0.933,-7.51,31.86,-18.19,3,4
18447.968,-0.004,0.59,0.972,-11.05,19.78,-7.32,3,4
18447.968,0.019,0.554,0.986,-18.65,5.55,-1.37,3,4
18447.984,0.06,0.505,0.989,-29.94,-8.51,2.01,3,4
18448.0,0.108,0.444,0.998,-39.7,-20.57,1.83,3,4
18448.0,0.149,0.401,0.993,-45.44,-30.43,-0.64,3,4
18448.015,0.192,0.366,0.975,-45.96,-36.9,-2.87,3,4
18448.015,0.227,0.331,0.956,-39.8,-39.55,-4.52,3,4
18448.031,0.251,0.305,0.929,-28.05,-38.12,-5.83,3,4
18448.046,0.265,0.314,0.894,-14.95,-33.39,-8.27,3,4
18448.046,0.271,0.349,0.854,-4.3,-26.12,-11.72,3,4
18448.062,0.274,0.389,0.824,2.93,-15.9,-15.08,3,4
18448.078,0.268,0.41,0.794,9.8,-4.73,-16.97,3,4
18448.093,0.264,0.413,0.756,17.52,7.11,-17.46,3,4
18448.093,0.266,0.44,0.734,22.25,20.08,-17.33,3,4
18448.109,0.271,0.44,0.696,27.01,34.91,-17.43,3,4
18448.109,0.245,0.455,0.709,31.62,50.23,-18.68,3,4
18448.125,0.109,0.566,0.854,27.47,56.67,-19.2,3,4
18448.125,0.089,0.736,0.964,0.95,46.85,-14.8,3,4
18448.14,0.023,0.57,0.986,0.0,35.43,-11.41,3,4
18448.156,-0.047,0.693,0.996,-16.6,12.6,-7.51,3,4
18448.156,0.08,0.637,0.928,-21.39,-4.52,4.24,3,4
18448.171,0.099,0.517,0.808,-13.73,-10.44,9.22,3,4
18448.187,0.142,0.494,0.773,-14.34,-8.39,13.34,3,4
18448.187,0.146,0.478,0.786,-15.69,-4.12,13.98,3,4
18448.203,0.124,0.446,0.821,-17.55,-0.82,13.37,3,4
18448.218,0.112,0.446,0.867,-19.99,-0.79,13.28,3,4
18448.234,0.107,0.441,0.896,-19.44,-3.75,13.61,3,4
18448.234,0.115,0.426,0.916,-15.81,-7.54,13.86,3,4
18448.234,0.119,0.417,0.936,-10.47,-10.71,13.86,3,4
18448.25,0.133,0.431,0.949,-2.81,-11.99,15.11,3,4
18448.265,0.144,0.434,0.938,4.82,-13.28,16.3,3,4
18448.265,0.133,0.42,0.912,9.03,-14.68,16.33,3,4
18448.281,0.123,0.465,0.909,5.04,-18.37,16.94,3,4
18448.296,0.197,0.414,0.848,8.73,-18.25,18.49,3,4
18448.296,0.174,0.384,0.815,16.79,-13.21,16.85,3,4
18448.312,0.177,0.51,0.863,12.48,-10.25,19.71,3,4
18448.328,0.183,0.524,0.817,19.9,-7.32,28.2,3,4
18448.328,0.205,0.489,0.821,10.74,-5.74,28.08,3,4
18448.343,0.194,0.482,0.834,-2.75,-6.71,23.26,3,4
18448.359,0.191,0.462,0.835,-10.25,-8.39,20.97,3,4
18448.359,0.213,0.457,0.852,-17.4,-10.5,19.1,3,4
18448.375,0.207,0.45,0.872,-21.03,-11.93,16.97,3,4
18448.375,0.21,0.434,0.891,-22.46,-14.53,15.9,3,4
18448.39,0.218,0.43,0.905,-22.03,-16.75,14.89,3,4
18448.406,0.23,0.42,0.899,-18.4,-17.64,14.01,3,4
18448.406,0.237,0.4,0.88,-14.01,-17.88,13.03,3,4
18448.421,0.246,0.389,0.861,-9.34,-16.21,11.84,3,4
18448.437,0.254,0.391,0.842,-5.01,-12.57,10.71,3,4
18448.453,0.258,0.388,0.83,-1.01,-7.87,9.7,3,4
18448.453,0.266,0.388,0.817,2.66,-2.47,8.91,3,4
18448.468,0.273,0.397,0.81,5.83,3.75,7.69,3,4
18448.468,0.267,0.402,0.817,8.3,10.13,5.92,3,4
18448.484,0.258,0.415,0.824,8.58,15.26,3.91,3,4
18448.5,0.246,0.428,0.829,6.35,18.92,1.74,3,4
18448.5,0.226,0.433,0.843,3.57,20.94,-0.46,3,4
18448.515,0.208,0.438,0.861,0.95,21.27,-2.35,3,4
18448.531,0.197,0.452,0.881,-2.44,19.99,-3.57,3,4
18448.531,0.183,0.455,0.89,-5.28,17.98,-4.39,3,4
18448.546,0.171,0.452,0.899,-6.74,15.56,-4.64,3,4
18448.546,0.166,0.45,0.9,-7.14,12.63,-3.94,3,4
18448.562,0.167,0.447,0.898,-6.65,10.28,-2.38,3,4
18448.578,0.169,0.438,0.896,-5.52,8.64,-0.98,3,4
18448.578,0.169,0.429,0.894,-4.09,7.54,0.18,3,4
18448.593,0.176,0.421,0.892,-2.23,7.02,1.37,3,4
18448.609,0.181,0.418,0.887,-0.27,6.78,2.32,3,4
18448.609,0.183,0.416,0.885,2.17,6.84,3.08,3,4
18448.625,0.182,0.42,0.887,3.88,6.65,3.33,3,4
18448.64,0.181,0.429,0.892,4.27,5.65,3.05,3,4
18448.64,0.179,0.436,0.891,3.91,4.06,2.56,3,4
18448.656,0.176,0.441,0.891,3.6,2.11,2.56,3,4
18448.656,0.172,0.446,0.891,2.53,-0.03,2.53,3,4
18448.671,0.17,0.448,0.896,0.46,-2.35,1.83,3,4
18448.687,0.175,0.442,0.893,-1.16,-5.28,0.98,3,4
18448.687,0.182,0.436,0.879,-3.51,-8.12,0.09,3,4
18448.703,0.189,0.433,0.87,-3.85,-7.45,-0.18,3,4
18448.718,0.197,0.423,0.858,-3.3,-5.62,-0.37,3,4
18448.734,0.202,0.418,0.847,-2.53,-2.99,-0.64,3,4
18448.734,0.212,0.419,0.84,-2.66,-0.12,-1.19,3,4
18448.734,0.211,0.42,0.846,-3.3,2.84,-2.2,3,4
18448.75,0.204,0.417,0.855,-3.48,5.37,-3.3,3,4
18448.765,0.198,0.418,0.863,-3.11,6.99,-3.97,3,4
18448.781,0.193,0.426,0.875,-2.84,8.09,-4.64,3,4
18448.781,0.184,0.431,0.881,-2.41,8.76,-5.13,3,4
18448.796,0.172,0.433,0.889,-1.83,8.73,-5.04,3,4
18448.796,0.165,0.434,0.891,-1.43,8.06,-3.94,3,4
18448.812,0.16,0.433,0.894,-0.98,7.26,-2.66,3,4
18448.828,0.156,0.432,0.895,-0.92,6.29,-1.74,3,4
18448.828,0.153,0.432,0.901,-1.92,4.7,-1.19,3,4
18448.843,0.151,0.427,0.902,-2.59,2.53,-0.95,3,4
18448.859,0.156,0.424,0.897,-2.59,0.52,-0.21,3,4
18448.859,0.162,0.424,0.892,-2.26,-0.85,0.31,3,4
18448.875,0.168,0.426,0.889,-1.71,-1.46,0.92,3,4
18448.875,0.17,0.426,0.885,-1.19,-1.83,1.59,3,4
18448.89,0.173,0.423,0.881,-0.55,-2.01,1.95,3,4
18448.906,0.178,0.423,0.881,0.18,-1.95,1.92,3,4
18448.906,0.179,0.432,0.881,0.55,-1.62,1.83,3,4
18448.921,0.18,0.435,0.875,0.89,-1.07,1.89,3,4
18448.937,0.179,0.422,0.871,1.74,-0.67,1.95,3,4
18448.953,0.186,0.421,0.868,1.68,-0.09,1.56,3,4
18448.953,0.189,0.429,0.867,0.98,0.58,0.79,3,4
18448.968,0.189,0.428,0.867,0.18,1.59,0.37,3,4
18448.968,0.187,0.425,0.864,-0.89,2.32,-0.37,3,4
18448.984,0.186,0.427,0.861,-1.74,2.87,-0.92,3,4
18449.0,0.185,0.434,0.865,-2.99,3.66,-1.53,3,4
18449.0,0.179,0.435,0.871,-4.61,4.36,-2.11,3,4
18449.015,0.172,0.433,0.878,-5.62,4.73,-2.29,3,4
18449.031,0.162,0.429,0.885,-5.68,4.49,-1.86,3,4
18449.031,0.161,0.428,0.891,-5.68,3.88,-1.16,3,4
18449.046,0.162,0.425,0.894,-5.86,3.45,-0.7,3,4
18449.046,0.159,0.423,0.893,-5.58,2.93,-0.49,3,4
18449.062,0.155,0.416,0.889,-4.76,2.59,0.12,3,4
18449.078,0.155,0.413,0.888,-4.18,2.41,0.58,3,4
18449.078,0.157,0.412,0.894,-4.09,2.35,0.85,3,4
18449.093,0.15,0.408,0.898,-3.75,2.11,1.1,3,4
18449.109,0.152,0.406,0.899,-2.75,1.56,1.65,3,4
18449.109,0.153,0.409,0.903,-1.8,1.16,2.17,3,4
18449.125,0.155,0.406,0.904,-0.4,0.18,2.56,3,4
18449.14,0.159,0.408,0.904,1.01,-0.61,3.05,3,4
18449.14,0.159,0.414,0.897,1.77,-1.46,3.14,3,4
18449.156,0.165,0.409,0.893,2.56,-2.2,3.33,3,4
18449.156,0.169,0.416,0.889,2.69,-2.62,3.17,3,4
18449.171,0.171,0.422,0.887,2.5,-2.9,2.9,3,4
18449.187,0.171,0.418,0.883,2.56,-2.99,2.62,3,4
18449.187,0.171,0.417,0.883,2.29,-2.9,2.41,3,4
18449.203,0.172,0.414,0.884,2.26,-2.75,1.95,3,4
18449.218,0.173,0.414,0.885,2.41,-2.5,1.37,3,4
18449.218,0.175,0.416,0.884,2.84,-2.23,0.82,3,4
18449.234,0.177,0.414,0.885,3.39,-2.04,0.21,3,4
18449.25,0.178,0.419,0.886,3.02,-1.62,-0.55,3,4
18449.25,0.18,0.417,0.887,3.6,-1.43,-1.56,3,4
18449.265,0.174,0.416,0.882,5.07,-1.25,-2.23,3,4
18449.265,0.175,0.421,0.882,6.2,-0.98,-2.87,3,4
18449.281,0.174,0.433,0.889,6.07,-0.55,-3.36,3,4
18449.296,0.175,0.428,0.876,5.83,-0.4,-3.51,3,4
18449.296,0.166,0.423,0.876,4.15,-0.4,-3.85,3,4
18449.312,0.17,0.435,0.878,2.69,-0.73,-3.66,3,4
18449.328,0.174,0.43,0.874,2.38,-1.01,-3.72,3,4
18449.328,0.171,0.432,0.871,0.09,-0.76,-4.09,3,4
18449.343,0.172,0.436,0.87,-1.65,-0.58,-3.88,3,4
18449.359,0.17,0.433,0.864,-2.23,-0.09,-3.2,3,4
18449.359,0.164,0.432,0.865,-3.27,0.61,-2.53,3,4
18449.375,0.162,0.433,0.868,-4.94,1.31,-2.17,3,4
18449.39,0.159,0.43,0.873,-6.32,1.89,-1.53,3,4
18449.39,0.199,0.414,0.849,-6.26,3.11,-0.24,3,4
18449.406,0.177,0.359,0.848,-1.68,7.93,-0.55,3,4
18449.406,0.092,0.479,0.944,-10.22,8.18,-2.01,3,4
18449.421,0.134,0.46,0.951,-8.73,2.41,1.62,3,4
18449.437,0.132,0.417,0.896,-3.97,-2.99,2.17,3,4
18449.437,0.154,0.44,0.881,-6.26,-4.85,3.02,3,4
18449.453,0.16,0.428,0.877,-4.73,-4.79,4.33,3,4
18449.468,0.153,0.409,0.888,-2.99,-3.97,5.55,3,4
18449.484,0.157,0.418,0.912,-1.46,-4.03,6.74,3,4
18449.484,0.162,0.402,0.922,1.86,-5.01,6.99,3,4
18449.484,0.161,0.376,0.929,5.8,-6.74,5.92,3,4
18449.5,0.165,0.381,0.921,9.55,-8.55,4.64,3,4
18449.515,0.165,0.392,0.916,11.75,-9.95,3.42,3,4
18449.531,0.135,0.418,0.923,10.41,-12.67,1.95,3,4
18449.531,0.208,0.427,0.877,9.06,-15.87,2.08,3,4
18449.546,0.21,0.359,0.803,18.01,-12.27,1.65,3,4
18449.546,0.19,0.441,0.828,11.57,-6.81,1.07,3,4
18449.562,0.205,0.459,0.846,8.82,-3.94,1.92,3,4
18449.578,0.187,0.437,0.836,8.36,-1.86,1.5,3,4
18449.578,0.195,0.458,0.836,6.32,0.06,2.2,3,4
18449.593,0.187,0.478,0.864,4.36,2.66,4.49,3,4
18449.609,0.192,0.453,0.855,1.34,2.93,3.23,3,4
18449.609,0.171,0.438,0.856,-0.55,3.11,1.31,3,4
18449.625,0.174,0.45,0.872,-2.84,2.99,1.86,3,4
18449.64,0.176,0.445,0.877,-4.91,1.83,2.14,3,4
18449.64,0.168,0.432,0.876,-6.99,1.22,2.38,3,4
18449.656,0.172,0.423,0.882,-8.21,0.55,2.78,3,4
18449.671,0.175,0.419,0.887,-7.93,0.52,3.45,3,4
18449.671,0.174,0.413,0.892,-6.5,0.89,4.27,3,4
18449.687,0.171,0.408,0.901,-2.84,1.13,5.68,3,4
18449.687,0.174,0.402,0.902,-1.19,0.7,5.62,3,4
18449.703,0.172,0.402,0.901,-0.27,0.0,5.34,3,4
18449.718,0.171,0.411,0.903,1.4,-0.98,5.34,3,4
18449.718,0.171,0.416,0.9,3.2,-2.23,5.19,3,4
18449.734,0.172,0.425,0.897,4.0,-3.66,4.88,3,4
18449.75,0.175,0.428,0.891,3.72,-5.1,4.09,3,4
18449.75,0.18,0.429,0.879,3.14,-6.56,3.36,3,4
18449.765,0.186,0.432,0.869,2.2,-7.08,2.75,3,4
18449.765,0.193,0.432,0.858,1.43,-6.84,2.44,3,4
18449.781,0.202,0.433,0.848,0.52,-5.58,2.01,3,4
18449.796,0.207,0.43,0.842,-0.61,-3.54,1.25,3,4
18449.796,0.208,0.423,0.843,-1.5,-1.16,0.46,3,4
18449.812,0.206,0.42,0.85,-2.72,0.82,-0.76,3,4
18449.828,0.201,0.423,0.864,-4.12,2.11,-2.01,3,4
18449.828,0.195,0.422,0.873,-4.85,2.9,-3.14,3,4
18449.843,0.189,0.424,0.885,-4.94,3.39,-4.03,3,4
18449.859,0.183,0.426,0.889,-4.36,3.45,-4.09,3,4
18449.859,0.178,0.421,0.887,-3.05,3.45,-3.51,3,4
18449.875,0.176,0.418,0.884,-1.59,3.6,-2.75,3,4
18449.89,0.174,0.417,0.878,-0.89,4.12,-2.08,3,4
18449.89,0.173,0.416,0.883,-1.4,4.64,-1.59,3,4
18449.906,0.17,0.413,0.887,-2.29,4.61,-1.43,3,4
18449.906,0.166,0.411,0.892,-2.59,4.12,-1.19,3,4
18449.921,0.164,0.411,0.899,-2.14,3.39,-0.64,3,4
18449.937,0.161,0.414,0.907,-1.62,2.53,-0.37,3,4
18449.937,0.156,0.421,0.914,-1.07,0.89,0.03,3,4
18449.953,0.156,0.423,0.914,0.18,-1.28,0.76,3,4
18449.968,0.158,0.421,0.904,1.34,-3.27,1.71,3,4
18449.984,0.163,0.42,0.896,2.2,-4.58,2.44,3,4
18449.984,0.165,0.424,0.893,2.69,-5.43,3.2,3,4
18449.984,0.168,0.426,0.886,3.63,-6.07,4.21,3,4
18450.0,0.173,0.426,0.886,3.39,-6.68,4.85,3,4
18450.015,0.18,0.427,0.884,2.96,-7.51,4.91,3,4
18450.031,0.186,0.426,0.875,2.56,-8.27,4.7,3,4
18450.031,0.195,0.431,0.866,1.74,-8.27,4.15,3,4
18450.046,0.2,0.427,0.859,0.98,-7.69,3.81,3,4
18450.062,0.207,0.423,0.851,0.43,-6.56,3.23,3,4
18450.062,0.21,0.421,0.848,-0.58,-4.73,2.26,3,4
18450.078,0.21,0.421,0.855,-1.86,-2.59,0.85,3,4
18450.078,0.205,0.416,0.86,-2.81,-1.01,-0.34,3,4
18450.093,0.203,0.408,0.865,-3.02,0.27,-1.37,3,4
18450.109,0.199,0.41,0.871,-3.08,1.37,-2.59,3,4
18450.109,0.193,0.412,0.881,-3.27,2.17,-3.54,3,4
18450.125,0.19,0.41,0.883,-3.2,2.69,-4.18,3,4
18450.14,0.183,0.408,0.879,-2.38,2.75,-4.24,3,4
18450.14,0.181,0.412,0.88,-1.8,2.99,-4.18,3,4
18450.156,0.178,0.417,0.882,-1.92,3.54,-4.09,3,4
18450.156,0.174,0.415,0.885,-2.14,3.81,-3.78,3,4
18450.171,0.168,0.413,0.889,-1.92,3.91,-3.39,3,4
18450.187,0.166,0.419,0.898,-1.37,3.45,-2.66,3,4
18450.187,0.162,0.423,0.906,-0.55,2.59,-1.68,3,4
18450.203,0.158,0.42,0.909,0.4,1.46,-0.58,3,4
18450.218,0.16,0.42,0.91,1.5,0.03,0.7,3,4
18450.218,0.163,0.419,0.902,2.81,-1.56,1.89,3,4
18450.234,0.165,0.417,0.895,3.69,-2.5,2.72,3,4
18450.25,0.168,0.418,0.888,3.85,-3.36,3.39,3,4
18450.25,0.172,0.422,0.887,3.42,-4.0,3.6,3,4
18450.265,0.175,0.424,0.886,3.02,-4.52,3.78,3,4
18450.281,0.181,0.425,0.881,2.78,-4.97,4.0,3,4
18450.281,0.185,0.425,0.878,2.66,-5.13,4.21,3,4
18450.296,0.19,0.425,0.873,2.44,-4.82,4.03,3,4
18450.296,0.194,0.423,0.87,2.14,-4.58,3.6,3,4
18450.312,0.198,0.421,0.867,1.68,-4.12,3.02,3,4
18450.328,0.201,0.421,0.864,1.19,-3.48,2.23,3,4
18450.328,0.204,0.422,0.866,0.49,-3.05,1.28,3,4
18450.343,0.205,0.424,0.866,-0.21,-2.47,0.24,3,4
18450.359,0.207,0.422,0.862,-0.61,-1.71,-0.67,3,4
18450.359,0.208,0.42,0.86,-0.92,-0.58,-1.46,3,4
18450.375,0.205,0.42,0.863,-1.46,0.55,-2.26,3,4
18450.375,0.201,0.421,0.863,-2.23,1.62,-3.05,3,4
18450.39,0.198,0.416,0.866,-2.87,2.53,-3.75,3,4
18450.406,0.197,0.417,0.87,-3.36,3.72,-4.24,3,4
18450.406,0.19,0.416,0.874,-3.63,4.88,-4.55,3,4
18450.421,0.184,0.412,0.882,-3.48,5.95,-4.43,3,4
18450.437,0.176,0.413,0.886,-2.96,6.47,-4.18,3,4
18450.437,0.166,0.413,0.894,-2.14,6.56,-3.54,3,4
18450.453,0.16,0.414,0.897,-1.16,6.2,-2.75,3,4
18450.468,0.156,0.416,0.903,-0.43,5.58,-1.77,3,4
18450.468,0.151,0.419,0.905,-0.21,4.43,-1.01,3,4
18450.484,0.152,0.415,0.905,0.46,2.87,-0.12,3,4
18450.5,0.152,0.416,0.909,1.1,0.98,0.58,3,4
18450.5,0.155,0.421,0.908,1.62,-0.82,1.19,3,4
18450.515,0.158,0.422,0.899,2.5,-2.35,1.86,3,4
18450.515,0.164,0.422,0.891,3.17,-3.54,2.87,3,4
18450.531,0.168,0.424,0.888,3.51,-4.24,3.45,3,4
18450.546,0.175,0.425,0.885,3.63,-4.55,3.66,3,4
18450.546,0.176,0.427,0.878,3.85,-4.46,4.18,3,4
18450.562,0.184,0.425,0.872,4.12,-4.03,4.88,3,4
18450.578,0.188,0.421,0.869,2.96,-3.6,4.06,3,4
18450.593,0.19,0.42,0.868,2.2,-3.08,3.08,3,4
18450.593,0.192,0.421,0.869,1.34,-2.66,2.23,3,4
18450.609,0.194,0.422,0.87,0.58,-2.08,1.34,3,4
18450.609,0.193,0.422,0.873,0.09,-1.83,0.31,3,4
18450.625,0.191,0.424,0.877,-0.24,-1.59,-0.73,3,4
18450.64,0.191,0.421,0.877,-0.43,-1.46,-1.5,3,4
18450.64,0.191,0.42,0.877,-0.73,-1.37,-2.32,3,4
18450.656,0.19,0.42,0.874,-1.19,-1.37,-3.11,3,4
18450.671,0.19,0.421,0.869,-1.89,-0.55,-3.75,3,4
18450.671,0.191,0.422,0.869,-2.14,0.61,-3.88,3,4
18450.687,0.192,0.42,0.867,-2.29,1.95,-3.91,3,4
18450.687,0.193,0.418,0.865,-2.38,3.48,-3.75,3,4
18450.703,0.184,0.413,0.875,-2.29,4.7,-3.66,3,4
18450.718,0.178,0.413,0.886,-2.04,5.37,-3.48,3,4
18450.718,0.169,0.417,0.893,-1.89,5.71,-3.11,3,4
18450.734,0.162,0.416,0.9,-1.22,5.37,-2.35,3,4
18450.75,0.16,0.415,0.902,-0.31,4.39,-1.56,3,4
18450.75,0.156,0.416,0.902,0.55,3.33,-0.76,3,4
18450.765,0.155,0.415,0.901,1.59,2.41,0.24,3,4
18450.781,0.16,0.415,0.896,2.56,1.68,1.19,3,4
18450.781,0.163,0.419,0.889,3.45,1.25,1.98,3,4
18450.796,0.165,0.422,0.886,4.15,1.25,2.75,3,4
18450.812,0.166,0.426,0.883,4.58,1.4,3.27,3,4
18450.812,0.169,0.426,0.884,4.88,1.56,3.72,3,4
18450.828,0.17,0.426,0.883,5.04,1.46,3.72,3,4
18450.828,0.17,0.429,0.879,4.79,1.16,3.45,3,4
18450.843,0.172,0.427,0.881,4.52,0.95,3.05,3,4
18450.859,0.175,0.427,0.881,4.27,0.67,2.75,3,4
18450.859,0.177,0.428,0.879,4.33,0.55,2.44,3,4
18450.875,0.176,0.429,0.876,4.33,0.67,2.04,3,4
18450.89,0.178,0.43,0.875,3.91,0.58,1.34,3,4
18450.89,0.18,0.429,0.872,3.02,0.24,0.73,3,4
18450.906,0.182,0.43,0.871,2.08,-0.06,-0.06,3,4
18450.906,0.179,0.436,0.869,0.67,0.0,-0.89,3,4
18450.921,0.182,0.437,0.866,-0.7,0.06,-1.56,3,4
18450.937,0.184,0.434,0.863,-1.83,0.21,-2.08,3,4
18450.937,0.182,0.43,0.861,-3.02,0.64,-2.38,3,4
18450.953,0.185,0.433,0.865,-4.55,1.37,-2.78,3,4
18450.968,0.183,0.435,0.868,-6.16,2.5,-3.54,3,4
18450.968,0.177,0.427,0.869,-6.53,3.54,-4.15,3,4
18450.984,0.172,0.424,0.871,-6.56,4.24,-4.52,3,4
18451.0,0.165,0.432,0.88,-7.05,4.97,-4.43,3,4
18451.0,0.154,0.43,0.886,-7.29,5.4,-3.91,3,4
18451.015,0.147,0.421,0.896,-7.14,5.04,-3.02,3,4
18451.015,0.142,0.416,0.9,-5.98,4.3,-1.98,3,4
18451.031,0.14,0.418,0.905,-5.16,3.54,-1.04,3,4
18451.046,0.135,0.409,0.906,-4.43,2.59,-0.31,3,4
18451.046,0.134,0.399,0.907,-3.08,1.56,0.43,3,4
18451.062,0.135,0.406,0.91,-2.26,0.85,0.73,3,4
18451.078,0.137,0.397,0.906,-0.03,0.0,0.92,3,4
18451.078,0.138,0.401,0.91,1.74,-0.61,1.31,3,4
18451.093,0.145,0.404,0.913,3.88,-1.95,1.59,3,4
18451.109,0.149,0.402,0.916,5.98,-3.2,1.8,3,4
18451.109,0.16,0.402,0.914,7.93,-4.61,1.34,3,4
18451.125,0.168,0.401,0.908,10.56,-5.8,0.58,3,4
18451.14,0.174,0.404,0.897,13.34,-6.38,-0.55,3,4
18451.14,0.18,0.401,0.891,15.26,-6.13,-2.08,3,4
18451.156,0.179,0.393,0.891,17.49,-5.65,-4.64,3,4
18451.171,0.18,0.397,0.889,19.5,-5.4,-8.12,3,4
18451.171,0.185,0.422,0.882,21.0,-5.71,-10.32,3,4
18451.187,0.184,0.44,0.874,21.58,-5.34,-11.17,3,4
18451.187,0.183,0.445,0.858,21.39,-4.36,-11.57,3,4
18451.203,0.188,0.454,0.829,19.71,-1.86,-11.6,3,4
18451.218,0.2,0.469,0.784,15.17,4.27,-11.6,3,4
18451.218,0.207,0.501,0.787,8.79,11.93,-10.01,3,4
18451.234,0.199,0.514,0.791,5.1,19.87,-4.82,3,4
18451.25,0.177,0.526,0.797,1.46,25.76,-0.49,3,4
18451.25,0.175,0.51,0.786,-3.17,29.21,1.46,3,4
18451.265,0.109,0.444,0.859,-5.04,32.72,0.82,3,4
18451.281,0.004,0.569,0.958,-17.4,25.82,0.0,3,4
18451.281,0.069,0.511,0.939,-17.52,13.95,4.0,3,4
18451.296,0.092,0.455,0.868,-15.66,4.61,4.15,3,4
18451.296,0.114,0.444,0.857,-17.88,1.77,5.28,3,4
18451.312,0.132,0.405,0.872,-15.66,1.56,6.2,3,4
18451.328,0.131,0.353,0.9,-9.0,2.04,5.74,3,4
18451.328,0.143,0.339,0.93,-0.85,2.47,4.64,3,4
18451.343,0.137,0.373,0.964,5.19,1.01,2.38,3,4
18451.359,0.121,0.366,0.985,8.85,-3.54,-0.79,3,4
18451.359,0.11,0.381,0.967,10.93,-9.7,-2.29,3,4
18451.375,0.118,0.395,0.933,16.14,-14.01,-1.46,3,4
18451.39,0.118,0.409,0.911,20.14,-17.33,-1.16,3,4
18451.39,0.125,0.458,0.895,20.17,-18.95,-0.58,3,4
18451.406,0.118,0.48,0.885,19.96,-19.04,2.11,3,4
18451.406,0.084,0.527,0.889,15.47,-20.94,5.01,3,4
18451.421,0.181,0.508,0.835,13.55,-22.13,8.76,3,4
18451.437,0.178,0.424,0.787,18.52,-17.94,10.16,3,4
18451.437,0.16,0.494,0.808,9.86,-12.91,10.71,3,4
18451.453,0.188,0.499,0.821,6.84,-9.95,11.38,3,4
18451.468,0.178,0.482,0.821,4.18,-8.48,10.22,3,4
18451.468,0.18,0.493,0.826,-1.37,-7.97,8.3,3,4
18451.484,0.172,0.507,0.839,-4.15,-7.57,8.42,3,4
18451.5,0.184,0.502,0.845,-7.78,-7.26,8.51,3,4
18451.5,0.199,0.464,0.833,-10.32,-7.75,5.95,3,4
18451.515,0.188,0.458,0.838,-12.67,-6.47,3.85,3,4
18451.515,0.196,0.456,0.849,-13.58,-4.76,3.48,3,4
18451.531,0.196,0.44,0.855,-12.94,-2.87,3.48,3,4
18451.546,0.195,0.427,0.856,-11.38,-0.27,3.45,3,4
18451.562,0.195,0.421,0.86,-9.09,2.41,3.48,3,4
18451.562,0.188,0.418,0.865,-6.5,5.07,2.99,3,4
18451.578,0.179,0.413,0.87,-4.67,7.08,2.35,3,4
18451.578,0.174,0.416,0.877,-4.27,8.18,1.68,3,4
18451.593,0.165,0.419,0.881,-4.58,8.3,0.92,3,4
18451.609,0.156,0.42,0.89,-4.82,7.97,-0.09,3,4
18451.609,0.148,0.427,0.904,-4.27,6.78,-0.46,3,4
18451.625,0.142,0.436,0.913,-3.33,4.91,-0.4,3,4
18451.64,0.14,0.439,0.914,-1.74,2.72,0.06,3,4
18451.64,0.141,0.441,0.909,0.61,0.43,1.22,3,4
18451.656,0.143,0.445,0.898,3.88,-2.78,3.69,3,4
18451.656,0.149,0.45,0.887,4.15,-3.75,4.3,3,4
18451.671,0.157,0.45,0.877,3.75,-4.18,4.73,3,4
18451.687,0.171,0.451,0.86,3.02,-4.03,4.85,3,4
18451.687,0.175,0.45,0.854,2.41,-3.3,4.64,3,4
18451.703,0.179,0.449,0.851,1.8,-2.23,4.39,3,4
18451.718,0.181,0.447,0.853,0.92,-1.01,4.12,3,4
18451.718,0.18,0.444,0.857,-0.18,-0.12,3.48,3,4
18451.734,0.179,0.444,0.862,-1.53,0.06,2.44,3,4
18451.75,0.18,0.444,0.871,-2.9,0.09,1.19,3,4
18451.75,0.177,0.441,0.877,-3.81,-0.24,-0.15,3,4
18451.765,0.177,0.438,0.878,-3.97,-0.76,-1.13,3,4
18451.781,0.176,0.435,0.876,-3.36,-0.89,-1.43,3,4
18451.781,0.177,0.431,0.87,-2.56,-0.55,-1.65,3,4
18451.796,0.179,0.431,0.866,-2.11,0.24,-1.8,3,4
18451.796,0.176,0.428,0.865,-1.59,1.37,-2.08,3,4
18451.812,0.174,0.428,0.864,-1.22,2.62,-2.26,3,4
18451.828,0.174,0.429,0.864,-0.95,3.81,-2.26,3,4
18451.828,0.169,0.434,0.868,-0.67,4.73,-2.32,3,4
18451.843,0.166,0.44,0.876,-0.95,5.16,-2.23,3,4
18451.859,0.162,0.445,0.879,-1.13,5.31,-2.04,3,4
18451.859,0.157,0.446,0.88,-0.95,5.13,-1.53,3,4
18451.875,0.153,0.444,0.883,-0.49,4.85,-0.58,3,4
18451.875,0.148,0.445,0.891,-0.03,4.43,0.4,3,4
18451.89,0.143,0.444,0.896,0.58,3.69,1.56,3,4
18451.906,0.138,0.438,0.898,1.59,2.69,2.66,3,4
18451.906,0.139,0.434,0.9,2.78,1.28,3.48,3,4
18451.921,0.141,0.434,0.894,3.69,0.0,4.15,3,4
18451.937,0.144,0.434,0.888,4.09,-0.98,4.49,3,4
18451.937,0.146,0.434,0.883,4.33,-1.86,4.76,3,4
18451.953,0.148,0.441,0.881,4.43,-2.56,5.13,3,4
18451.968,0.153,0.448,0.877,4.0,-3.39,5.34,3,4
18451.968,0.159,0.453,0.875,3.42,-4.21,5.37,3,4
18451.984,0.163,0.456,0.87,2.72,-4.97,5.25,3,4
18452.0,0.167,0.456,0.867,1.71,-5.68,4.91,3,4
18452.0,0.173,0.454,0.865,0.7,-6.01,4.39,3,4
18452.015,0.178,0.45,0.86,-0.15,-5.98,3.85,3,4
18452.015,0.181,0.449,0.858,-0.85,-5.46,3.33,3,4
18452.031,0.184,0.445,0.856,-1.34,-4.64,2.84,3,4
18452.046,0.186,0.443,0.858,-1.65,-3.72,2.47,3,4
18452.046,0.187,0.442,0.857,-1.92,-2.78,1.86,3,4
18452.062,0.185,0.438,0.858,-2.08,-1.71,1.53,3,4
18452.078,0.187,0.436,0.856,-2.5,-0.76,0.98,3,4
18452.093,0.185,0.434,0.855,-3.27,0.12,0.03,3,4
18452.093,0.185,0.433,0.857,-4.43,1.13,-0.76,3,4
18452.109,0.18,0.432,0.867,-5.58,2.01,-1.56,3,4
18452.109,0.175,0.429,0.875,-6.41,2.56,-2.08,3,4
18452.125,0.169,0.426,0.884,-6.26,2.72,-2.01,3,4
18452.14,0.163,0.425,0.893,-5.37,2.75,-2.01,3,4
18452.14,0.157,0.425,0.899,-4.27,2.04,-1.68,3,4
18452.156,0.155,0.424,0.898,-2.84,1.16,-1.34,3,4
18452.156,0.154,0.425,0.896,-1.77,0.06,-1.07,3,4
18452.171,0.155,0.426,0.892,-1.19,-0.92,-1.07,3,4
18452.187,0.156,0.429,0.891,-0.85,-1.98,-1.13,3,4
18452.187,0.159,0.435,0.886,-0.67,-3.11,-0.98,3,4
18452.203,0.162,0.445,0.882,-0.52,-3.85,-0.7,3,4
18452.218,0.16,0.449,0.884,-0.64,-4.36,-0.27,3,4
18452.218,0.158,0.449,0.88,-0.61,-4.85,0.4,3,4
18452.234,0.158,0.451,0.875,-0.79,-5.49,1.28,3,4
18452.234,0.164,0.452,0.874,-1.53,-5.89,1.98,3,4
18452.25,0.167,0.454,0.876,-2.44,-6.26,2.93,3,4
18452.265,0.17,0.455,0.889,-3.11,-6.5,4.67,3,4
18452.265,0.165,0.464,0.904,-2.41,-6.68,7.14,3,4
18452.281,0.151,0.473,0.922,0.64,-8.61,10.38,3,4
18452.296,0.142,0.467,0.935,4.24,-10.83,15.26,3,4
18452.296,0.137,0.454,0.94,8.88,-13.61,20.72,3,4
18452.312,0.136,0.437,0.938,13.52,-16.85,25.45,3,4
18452.328,0.143,0.423,0.93,17.12,-20.02,28.53,3,4
18452.328,0.155,0.414,0.921,20.23,-23.13,29.45,3,4
18452.343,0.16,0.416,0.918,22.1,-26.0,29.11,3,4
18452.359,0.158,0.433,0.928,22.89,-28.93,29.27,3,4
18452.359,0.159,0.454,0.931,24.38,-32.38,31.16,3,4
18452.375,0.155,0.476,0.939,26.76,-35.25,35.83,3,4
18452.39,0.145,0.504,0.958,32.07,-36.53,43.86,3,4
18452.39,0.138,0.52,0.956,41.66,-36.99,56.37,3,4
18452.406,0.146,0.534,0.931,52.95,-36.44,72.24,3,4
18452.406,0.169,0.544,0.907,64.15,-34.85,88.35,3,4
18452.421,0.202,0.533,0.886,73.4,-33.66,100.71,3,4
18452.437,0.226,0.572,0.844,77.06,-32.23,108.07,3,4
18452.437,0.261,0.579,0.81,78.07,-28.69,112.92,3,4
18452.453,0.296,0.579,0.784,74.13,-26.31,114.66,3,4
18452.468,0.344,0.651,0.761,61.01,-22.22,116.64,3,4
18452.468,0.407,0.735,0.735,42.3,-13.21,120.79,3,4
18452.484,0.45,0.777,0.724,21.09,-1.37,125.22,3,4
18452.5,0.425,0.791,0.732,-1.34,10.8,130.68,3,4
18452.5,0.434,0.828,0.748,-23.56,23.74,139.71,3,4
18452.515,0.512,0.926,0.708,-48.95,39.95,158.67,3,4
18452.531,0.461,1.05,0.73,-100.16,77.61,177.59,3,4
18452.531,0.4,0.945,0.674,-152.81,91.46,187.63,3,4
18452.546,0.489,0.644,0.843,-186.93,107.88,203.56,3,4
18452.562,0.473,0.495,0.977,-200.99,116.31,203.31,3,4
18452.562,0.441,0.403,0.964,-196.66,106.88,193.61,3,4
18452.578,0.441,0.314,0.952,-188.63,95.52,186.47,3,4
18452.593,0.444,0.222,0.996,-179.63,86.12,178.69,3,4
18452.593,0.425,0.131,1.031,-163.76,75.17,168.95,3,4
18452.609,0.414,0.082,1.038,-141.39,66.77,162.08,3,4
18452.609,0.414,0.065,1.032,-117.77,64.85,157.93,3,4
18452.625,0.4,0.033,1.026,-97.81,70.93,155.8,3,4
18452.64,0.381,0.001,1.05,-87.16,93.6,155.37,3,4
18452.64,0.372,-0.044,1.079,-97.63,101.66,152.71,3,4
18452.656,0.368,-0.085,1.123,-115.39,106.45,148.96,3,4
18452.671,0.323,-0.131,1.166,-136.94,104.86,143.65,3,4
18452.671,0.254,-0.31,1.269,-157.26,97.57,136.23,3,4
18452.687,0.227,-0.406,1.322,-172.46,86.58,129.73,3,4
18452.687,0.182,-0.507,1.363,-179.85,71.75,123.45,3,4
18452.703,0.195,-0.564,1.379,-178.84,51.76,118.17,3,4
18452.718,0.214,-0.581,1.364,-168.65,30.03,110.2,3,4
18452.718,0.224,-0.608,1.302,-153.2,9.16,101.44,3,4
18452.734,0.269,-0.59,1.216,-138.52,-9.16,92.53,3,4
18452.75,0.301,-0.547,1.114,-127.48,-22.4,84.81,3,4
18452.75,0.324,-0.488,1.003,-122.35,-32.14,78.22,3,4
18452.765,0.354,-0.429,0.905,-123.72,-39.25,72.6,3,4
18452.781,0.338,-0.395,0.84,-130.86,-45.2,68.64,3,4
18452.781,0.333,-0.38,0.791,-141.18,-54.93,69.25,3,4
18452.796,0.372,-0.369,0.735,-150.94,-66.68,72.27,3,4
18452.812,0.395,-0.393,0.665,-156.29,-74.13,75.84,3,4
18452.812,0.405,-0.438,0.605,-156.96,-77.7,80.08,3,4
18452.828,0.395,-0.491,0.541,-153.54,-80.14,84.54,3,4
18452.828,0.424,-0.512,0.464,-147.56,-82.28,88.75,3,4
18452.843,0.438,-0.496,0.387,-138.89,-82.06,88.6,3,4
18452.859,0.414,-0.488,0.335,-131.2,-80.57,87.8,3,4
18452.859,0.396,-0.447,0.305,-125.83,-79.56,87.19,3,4
18452.875,0.35,-0.394,0.263,-122.44,-76.82,86.79,3,4
18452.89,0.32,-0.372,0.246,-125.31,-76.39,88.17,3,4
18452.89,0.309,-0.325,0.256,-130.28,-76.02,88.84,3,4
18452.906,0.29,-0.302,0.273,-128.88,-69.64,90.98,3,4
18452.921,0.255,-0.312,0.294,-122.81,-59.66,95.43,3,4
18452.921,0.232,-0.314,0.319,-118.17,-49.32,100.38,3,4
18452.937,0.235,-0.311,0.345,-117.59,-40.35,103.46,3,4
18452.953,0.201,-0.345,0.375,-116.73,-30.55,103.67,3,4
18452.953,0.16,-0.39,0.422,-117.19,-21.0,103.24,3,4
18452.968,0.127,-0.407,0.482,-117.56,-16.48,100.59,3,4
18452.984,0.101,-0.49,0.563,-110.84,-15.96,100.68,3,4
18452.984,0.067,-0.555,0.62,-94.0,-15.5,103.31,3,4
18453.0,0.078,-0.556,0.644,-73.98,-17.0,104.95,3,4
18453.0,0.046,-0.536,0.682,-61.62,-17.15,106.33,3,4
18453.015,-0.014,-0.575,0.716,-60.06,-19.93,108.71,3,4
18453.015,-0.077,-0.615,0.72,-65.43,-29.91,109.16,3,4
18453.031,-0.089,-0.66,0.719,-72.36,-45.35,107.79,3,4
18453.046,-0.03,-0.72,0.704,-71.32,-59.45,103.89,3,4
18453.046,0.019,-0.753,0.655,-57.89,-64.55,97.14,3,4
18453.062,0.037,-0.742,0.628,-39.92,-63.26,88.99,3,4
18453.078,0.062,-0.694,0.628,-26.95,-60.24,83.16,3,4
18453.093,0.02,-0.673,0.635,-24.48,-53.35,82.89,3,4
18453.093,-0.008,-0.708,0.631,-30.09,-50.11,86.37,3,4
18453.109,-0.021,-0.751,0.605,-37.48,-49.9,90.15,3,4
18453.109,-0.038,-0.815,0.585,-42.21,-50.94,91.43,3,4
18453.125,0.029,-0.895,0.531,-41.75,-56.22,89.21,3,4
18453.14,0.078,-0.97,0.46,-35.31,-55.45,83.01,3,4
18453.14,0.143,-1.024,0.42,-26.0,-50.9,72.88,3,4
18453.156,0.184,-1.045,0.388,-15.35,-41.54,61.46,3,4
18453.171,0.198,-1.036,0.401,-7.69,-29.76,49.17,3,4
18453.171,0.2,-1.032,0.424,-1.95,-21.0,36.68,3,4
18453.187,0.228,-1.01,0.452,0.95,-16.63,25.48,3,4
18453.187,0.254,-0.974,0.483,4.91,-13.86,14.19,3,4
18453.203,0.253,-0.9,0.494,12.3,-10.8,5.07,3,4
18453.218,0.234,-0.837,0.533,17.43,-8.88,1.46,3,4
18453.218,0.21,-0.779,0.564,18.28,-9.55,1.95,3,4
18453.234,0.187,-0.762,0.569,15.38,-14.86,4.82,3,4
18453.25,0.202,-0.774,0.621,8.21,-20.51,9.89,3,4
18453.25,0.203,-0.785,0.653,5.4,-24.99,10.19,3,4
18453.265,0.194,-0.766,0.71,7.35,-31.86,6.84,3,4
18453.281,0.156,-0.751,0.75,13.64,-41.72,2.99,3,4
18453.281,0.139,-0.735,0.76,17.76,-54.93,1.92,3,4
18453.296,0.13,-0.75,0.756,16.79,-68.48,1.19,3,4
18453.296,0.127,-0.792,0.738,15.69,-79.53,-0.85,3,4
18453.312,0.11,-0.82,0.718,17.64,-86.64,-4.12,3,4
18453.328,0.11,-0.821,0.733,21.09,-91.49,-8.06,3,4
18453.328,0.09,-0.809,0.733,25.64,-96.04,-12.48,3,4
18453.343,0.074,-0.797,0.728,28.29,-99.67,-16.51,3,4
18453.359,0.069,-0.779,0.711,29.88,-101.81,-20.91,3,4
18453.359,0.03,-0.716,0.651,33.33,-103.27,-25.48,3,4
18453.375,-0.002,-0.691,0.567,33.45,-105.32,-27.44,3,4
18453.39,-0.016,-0.657,0.469,29.57,-105.29,-24.84,3,4
18453.39,-0.03,-0.623,0.346,25.73,-103.4,-22.52,3,4
18453.406,-0.005,-0.666,0.24,21.3,-96.8,-18.49,3,4
18453.406,0.014,-0.672,0.203,20.81,-78.62,-10.38,3,4
18453.421,0.042,-0.672,0.215,22.34,-54.75,-1.53,3,4
18453.437,0.072,-0.692,0.289,21.27,-27.92,8.18,3,4
18453.437,0.065,-0.701,0.405,18.1,-1.95,17.09,3,4
18453.453,0.046,-0.739,0.58,11.63,18.71,26.06,3,4
18453.468,-0.022,-0.773,0.81,4.82,31.25,34.55,3,4
18453.484,-0.092,-0.853,0.946,4.06,31.74,42.33,3,4
18453.484,-0.123,-0.948,1.003,2.35,22.68,47.3,3,4
18453.5,-0.111,-1.056,1.003,-2.53,9.16,46.97,3,4
18453.5,-0.08,-1.147,0.969,-5.86,-3.85,40.31,3,4
18453.515,-0.058,-1.208,0.936,-2.11,-14.13,27.34,3,4
18453.531,-0.04,-1.23,0.92,6.96,-21.27,11.26,3,4
18453.531,-0.019,-1.207,0.896,16.21,-25.91,-6.1,3,4
18453.546,-0.03,-1.145,0.873,21.61,-27.86,-21.58,3,4
18453.546,-0.028,-1.072,0.869,20.6,-30.73,-33.88,3,4
18453.562,-0.033,-1.004,0.887,16.91,-36.16,-43.86,3,4
18453.578,-0.065,-0.97,0.902,17.09,-43.06,-48.98,3,4
18453.578,-0.081,-0.911,0.898,19.41,-51.73,-47.67,3,4
18453.593,-0.106,-0.85,0.853,21.61,-61.98,-42.7,3,4
18453.609,-0.084,-0.817,0.76,20.36,-73.34,-33.72,3,4
18453.609,-0.013,-0.798,0.662,13.15,-81.24,-24.81,3,4
18453.625,0.065,-0.803,0.578,1.22,-78.25,-18.07,3,4
18453.64,0.13,-0.808,0.518,1.34,-68.45,-16.48,3,4
18453.64,0.182,-0.77,0.499,2.66,-56.86,-13.89,3,4
18453.656,0.17,-0.655,0.575,3.45,-48.01,-6.1,3,4
18453.671,0.141,-0.569,0.666,2.9,-41.54,7.39,3,4
18453.671,0.119,-0.53,0.744,0.61,-41.57,26.22,3,4
18453.687,0.163,-0.535,0.773,-5.19,-45.9,48.43,3,4
18453.687,0.23,-0.551,0.764,-13.31,-49.38,67.23,3,4
18453.703,0.251,-0.614,0.73,-20.54,-49.65,79.44,3,4
18453.718,0.26,-0.691,0.696,-25.27,-47.82,86.09,3,4
18453.718,0.231,-0.749,0.661,-26.06,-44.13,87.34,3,4
18453.734,0.17,-0.81,0.626,-24.14,-40.96,85.06,3,4
18453.75,0.134,-0.865,0.578,-20.69,-39.95,81.64,3,4
18453.75,0.111,-0.906,0.52,-16.11,-38.33,78.16,3,4
18453.765,0.089,-0.934,0.487,-14.4,-34.79,73.85,3,4
18453.781,0.056,-0.959,0.464,-15.2,-30.52,68.0,3,4
18453.781,0.017,-0.971,0.459,-16.42,-25.67,60.67,3,4
18453.796,-0.031,-0.97,0.461,-15.53,-21.82,51.0,3,4
18453.796,-0.057,-0.945,0.488,-11.9,-20.2,41.08,3,4
18453.812,-0.08,-0.901,0.517,-6.56,-20.05,32.87,3,4
18453.828,-0.108,-0.861,0.506,-1.86,-21.76,27.56,3,4
18453.828,-0.131,-0.842,0.478,0.95,-24.23,25.88,3,4
18453.843,-0.123,-0.834,0.451,1.01,-26.31,28.05,3,4
18453.859,-0.126,-0.832,0.397,-2.41,-26.25,32.38,3,4
18453.859,-0.116,-0.858,0.352,-9.0,-24.96,36.07,3,4
18453.875,-0.089,-0.892,0.337,-13.98,-21.67,37.23,3,4
18453.89,-0.053,-0.921,0.316,-13.55,-15.32,36.26,3,4
18453.89,-0.03,-0.913,0.323,-10.71,-6.04,34.15,3,4
18453.906,-0.036,-0.883,0.358,-9.77,3.51,31.46,3,4
18453.921,-0.075,-0.885,0.389,-11.78,9.46,28.53,3,4
18453.921,-0.088,-0.906,0.411,-13.86,10.9,26.58,3,4
18453.937,-0.068,-0.912,0.426,-12.54,9.64,24.32,3,4
18453.937,-0.022,-0.918,0.436,-8.79,8.97,21.94,3,4
18453.953,-0.002,-0.906,0.444,-5.43,10.93,19.5,3,4
18453.968,-0.012,-0.898,0.448,-3.88,13.55,18.01,3,4
18453.968,-0.038,-0.905,0.451,-4.64,14.1,17.64,3,4
18453.984,-0.036,-0.931,0.446,-7.78,12.12,18.4,3,4
18454.0,-0.001,-0.958,0.444,-10.96,9.61,17.79,3,4
18454.0,0.038,-0.976,0.451,-11.02,8.73,14.53,3,4
18454.015,0.068,-0.98,0.463,-8.85,9.22,9.16,3,4
18454.031,0.082,-0.974,0.481,-6.01,9.34,2.38,3,4
18454.031,0.09,-0.955,0.5,-2.96,7.93,-4.64,3,4
18454.046,0.082,-0.934,0.516,0.18,5.77,-10.53,3,4
18454.046,0.068,-0.907,0.53,2.38,2.75,-14.68,3,4
18454.062,0.06,-0.883,0.525,3.63,-0.92,-17.52,3,4
18454.078,0.043,-0.86,0.514,3.39,-4.94,-20.54,3,4
18454.078,0.023,-0.848,0.511,2.66,-9.98,-24.78,3,4
18454.093,0.034,-0.854,0.496,4.03,-16.88,-29.24,3,4
18454.109,0.085,-0.844,0.471,7.81,-21.36,-32.23,3,4
18454.109,0.109,-0.825,0.445,11.75,-20.36,-34.0,3,4
18454.125,0.11,-0.803,0.431,13.06,-16.66,-33.69,3,4
18454.14,0.092,-0.786,0.43,11.17,-12.48,-31.25,3,4
18454.14,0.071,-0.784,0.439,8.24,-8.61,-26.73,3,4
18454.156,0.059,-0.785,0.452,6.29,-5.74,-21.36,3,4
18454.171,0.065,-0.779,0.463,5.65,-3.48,-15.29,3,4
18454.171,0.062,-0.787,0.464,4.91,-1.16,-9.4,3,4
18454.187,0.074,-0.799,0.474,3.23,-0.24,-4.18,3,4
18454.187,0.076,-0.808,0.488,1.53,1.16,0.03,3,4
18454.203,0.07,-0.829,0.487,0.34,2.5,3.72,3,4
18454.218,0.071,-0.85,0.486,-1.68,3.75,6.23,3,4
18454.218,0.078,-0.866,0.495,-3.33,5.43,7.23,3,4
18454.234,0.063,-0.872,0.514,-2.66,7.14,5.89,3,4
18454.25,0.051,-0.867,0.526,0.0,7.17,3.91,3,4
18454.25,0.045,-0.849,0.533,1.86,6.16,2.41,3,4
18454.265,0.038,-0.836,0.537,2.81,4.61,0.58,3,4
18454.281,0.037,-0.831,0.522,4.12,2.44,-1.04,3,4
18454.281,0.052,-0.82,0.516,5.34,0.7,-1.89,3,4
18454.296,0.054,-0.799,0.516,6.35,0.64,-2.41,3,4
18454.296,0.045,-0.794,0.508,5.92,0.34,-1.46,3,4
18454.312,0.056,-0.798,0.497,4.06,-0.61,0.52,3,4
18454.328,0.071,-0.808,0.482,1.59,-0.43,2.32,3,4
18454.328,0.082,-0.826,0.476,-1.34,1.22,3.6,3,4
18454.343,0.087,-0.841,0.48,-3.17,3.66,4.12,3,4
18454.359,0.083,-0.853,0.49,-3.69,5.77,4.24,3,4
18454.359,0.082,-0.862,0.5,-2.69,7.29,4.61,3,4
18454.375,0.073,-0.869,0.512,-0.92,8.88,5.28,3,4
18454.39,0.068,-0.871,0.515,0.27,8.88,6.41,3,4
18454.39,0.073,-0.877,0.515,-0.89,7.23,6.41,3,4
18454.406,0.08,-0.887,0.512,-3.14,5.25,5.43,3,4
18454.406,0.086,-0.902,0.508,-4.52,3.3,3.63,3,4
18454.421,0.098,-0.921,0.494,-4.55,1.77,0.85,3,4
18454.437,0.119,-0.928,0.483,-2.35,2.08,-2.53,3,4
18454.437,0.128,-0.918,0.477,0.76,4.64,-6.16,3,4
18454.453,0.132,-0.903,0.476,1.77,8.0,-9.06,3,4
18454.468,0.125,-0.886,0.493,0.06,11.44,-10.13,3,4
18454.484,0.113,-0.876,0.51,-2.84,14.07,-9.89,3,4
18454.484,0.099,-0.88,0.533,-6.5,14.47,-9.64,3,4
18454.5,0.083,-0.889,0.557,-8.24,13.06,-10.19,3,4
18454.5,0.081,-0.898,0.566,-7.39,10.25,-10.9,3,4
18454.515,0.082,-0.894,0.569,-4.76,6.96,-11.93,3,4
18454.531,0.088,-0.879,0.568,-1.62,3.48,-13.09,3,4
18454.531,0.091,-0.865,0.555,0.55,0.55,-12.97,3,4
18454.546,0.101,-0.856,0.536,-0.43,-0.89,-11.05,3,4
18454.546,0.124,-0.86,0.52,-4.06,-1.86,-8.94,3,4
18454.562,0.137,-0.87,0.511,-8.0,-0.89,-6.96,3,4
18454.578,0.143,-0.883,0.504,-11.6,1.25,-5.28,3,4
18454.593,0.143,-0.897,0.505,-15.02,3.78,-3.78,3,4
18454.593,0.133,-0.923,0.513,-16.91,6.29,-2.47,3,4
18454.609,0.115,-0.934,0.532,-9.49,8.18,-1.56,3,4
18454.609,0.098,-0.948,0.528,-3.51,5.77,-3.02,3,4
18454.625,0.112,-0.949,0.515,0.76,4.09,-5.86,3,4
18454.64,0.128,-0.925,0.511,2.11,2.93,-9.06,3,4
18454.656,0.112,-0.879,0.501,1.01,1.53,-11.63,3,4
18454.656,0.107,-0.87,0.509,0.21,0.15,-12.76,3,4
18454.671,0.101,-0.849,0.52,0.76,-1.98,-12.3,3,4
18454.687,0.107,-0.833,0.509,1.92,-4.46,-10.47,3,4
18454.703,0.12,-0.829,0.495,1.13,-5.55,-7.72,3,4
18454.703,0.119,-0.816,0.503,-0.98,-5.13,-5.52,3,4
18454.718,0.098,-0.819,0.502,-1.77,-5.13,-3.97,3,4
18454.718,0.103,-0.828,0.501,-1.56,-6.47,-2.04,3,4
18454.75,0.118,-0.829,0.492,0.37,-6.99,-0.27,3,4
18454.765,0.13,-0.826,0.479,2.41,-5.65,0.43,3,4
18454.765,0.13,-0.819,0.472,3.42,-3.57,0.52,3,4
18454.781,0.124,-0.821,0.476,2.78,-1.86,1.22,3,4
18454.781,0.128,-0.821,0.484,1.28,0.09,3.08,3,4
18454.796,0.118,-0.82,0.495,0.0,2.11,5.43,3,4
18454.796,0.099,-0.826,0.511,-1.89,2.84,7.54,3,4
18454.812,0.092,-0.836,0.536,-2.93,1.04,9.43,3,4
18454.812,0.096,-0.843,0.549,-1.62,-1.62,11.47,3,4
18454.812,0.1,-0.845,0.543,0.79,-4.09,13.31,3,4
18454.828,0.113,-0.849,0.533,1.5,-6.9,14.74,3,4
18454.828,0.116,-0.861,0.519,0.55,-8.91,14.77,3,4
18454.843,0.115,-0.879,0.51,-0.15,-9.98,13.95,3,4
18454.859,0.118,-0.886,0.502,1.43,-9.83,12.6,3,4
18454.859,0.118,-0.887,0.491,3.57,-9.13,10.74,3,4
18454.875,0.115,-0.878,0.496,4.39,-8.36,8.73,3,4
18454.89,0.104,-0.871,0.501,4.76,-8.06,6.99,3,4
18454.89,0.1,-0.861,0.509,4.18,-8.12,6.59,3,4
18454.906,0.091,-0.858,0.504,2.81,-8.39,6.53,3,4
18454.921,0.079,-0.86,0.497,0.64,-9.95,6.53,3,4
18454.921,0.076,-0.865,0.48,-1.31,-12.09,6.35,3,4
18454.937,0.083,-0.882,0.466,-2.38,-13.28,6.38,3,4
18454.937,0.088,-0.896,0.453,-1.37,-12.39,6.29,3,4
18454.953,0.096,-0.892,0.448,-0.18,-10.19,6.32,3,4
18454.968,0.092,-0.89,0.456,0.15,-6.74,6.13,3,4
18454.968,0.083,-0.894,0.474,0.98,-3.39,6.56,3,4
18454.984,0.073,-0.89,0.486,1.65,-1.1,7.23,3,4
18455.0,0.063,-0.889,0.493,1.1,-0.06,7.51,3,4
18455.0,0.052,-0.899,0.497,-0.24,0.09,7.45,3,4
18455.015,0.056,-0.91,0.502,-0.73,-0.76,6.93,3,4
18455.031,0.068,-0.913,0.502,0.03,-1.13,6.32,3,4
18455.031,0.057,-0.907,0.504,0.82,-0.4,5.58,3,4
18455.046,0.051,-0.904,0.508,0.4,-0.43,4.82,3,4
18455.062,0.05,-0.904,0.509,-0.55,-1.37,3.6,3,4
18455.062,0.053,-0.905,0.502,-0.76,-2.38,2.2,3,4
18455.078,0.067,-0.905,0.489,-0.52,-2.66,0.64,3,4
18455.078,0.074,-0.905,0.486,0.27,-1.22,-0.98,3,4
18455.093,0.067,-0.899,0.483,1.89,0.79,-2.2,3,4
18455.109,0.067,-0.889,0.484,2.08,2.17,-2.44,3,4
18455.109,0.067,-0.886,0.48,0.49,2.62,-2.47,3,4
18455.125,0.073,-0.89,0.482,-1.34,2.04,-3.02,3,4
18455.14,0.073,-0.889,0.489,-1.68,1.74,-4.24,3,4
18455.14,0.069,-0.887,0.487,-0.12,1.1,-5.86,3,4
18455.156,0.076,-0.873,0.488,1.95,0.15,-7.11,3,4
18455.171,0.077,-0.855,0.489,3.39,-0.37,-7.75,3,4
18455.171,0.076,-0.854,0.482,3.23,-1.04,-8.09,3,4
18455.187,0.082,-0.847,0.482,2.66,-0.82,-7.54,3,4
18455.203,0.071,-0.838,0.485,2.66,0.67,-6.62,3,4
18455.203,0.059,-0.832,0.5,2.69,1.86,-5.74,3,4
18455.218,0.043,-0.816,0.516,3.69,1.59,-4.33,3,4
18455.218,0.042,-0.814,0.511,5.04,-0.31,-1.43,3,4
18455.234,0.057,-0.815,0.504,4.67,-1.43,1.95,3,4
18455.25,0.061,-0.826,0.496,3.23,-1.04,4.94,3,4
18455.25,0.061,-0.844,0.488,1.34,0.03,7.51,3,4
18455.265,0.058,-0.855,0.491,-1.22,1.59,9.58,3,4
18455.281,0.063,-0.877,0.501,-3.05,2.75,10.53,3,4
18455.281,0.065,-0.889,0.513,-3.27,3.85,9.67,3,4
18455.296,0.048,-0.893,0.524,-1.46,4.43,7.54,3,4
18455.296,0.027,-0.891,0.535,0.24,3.17,5.52,3,4
18455.312,0.019,-0.889,0.542,1.77,0.0,3.57,3,4
18455.328,0.02,-0.893,0.531,4.24,-3.69,2.38,3,4
18455.328,0.029,-0.878,0.526,6.87,-6.07,1.89,3,4
18455.343,0.033,-0.866,0.512,9.0,-7.51,2.08,3,4
18455.359,0.053,-0.855,0.498,7.75,-8.97,3.42,3,4
18455.359,0.075,-0.854,0.489,4.09,-8.55,4.85,3,4
18455.375,0.083,-0.87,0.484,0.82,-6.29,6.04,3,4
18455.375,0.087,-0.882,0.494,-0.7,-3.23,6.59,3,4
18455.39,0.077,-0.896,0.488,0.09,-0.12,6.47,3,4
18455.406,0.069,-0.9,0.486,0.82,2.84,5.46,3,4
18455.406,0.059,-0.899,0.492,1.07,5.68,3.63,3,4
18455.421,0.046,-0.894,0.509,0.31,7.69,1.5,3,4
18455.437,0.027,-0.894,0.53,0.15,8.06,-0.49,3,4
18455.453,0.018,-0.891,0.538,1.74,7.05,-1.22,3,4
18455.453,-0.0,-0.869,0.558,4.46,6.26,-0.67,3,4
18455.468,-0.018,-0.862,0.547,5.89,4.43,1.07,3,4
18455.468,-0.01,-0.858,0.547,4.15,2.08,3.39,3,4
18455.484,-0.009,-0.864,0.543,3.08,1.13,5.25,3,4
18455.5,-0.007,-0.872,0.527,2.44,1.5,6.59,3,4
18455.5,0.001,-0.882,0.514,1.13,3.08,6.93,3,4
18455.515,0.0,-0.897,0.502,-0.15,5.46,5.77,3,4
18455.531,-0.014,-0.903,0.501,-1.31,7.93,3.2,3,4
18455.531,-0.024,-0.912,0.503,-1.56,9.89,0.12,3,4
18455.546,-0.034,-0.911,0.502,-0.82,11.66,-2.84,3,4
18455.546,-0.047,-0.901,0.514,-0.03,14.04,-5.16,3,4
18455.562,-0.058,-0.894,0.531,-0.12,15.87,-7.11,3,4
18455.578,-0.063,-0.894,0.554,-0.49,17.33,-8.27,3,4
18455.578,-0.068,-0.894,0.576,-0.24,18.71,-8.88,3,4
18455.593,-0.07,-0.898,0.605,0.58,16.45,-11.93,3,4
18455.609,-0.06,-0.908,0.617,1.62,12.05,-15.87,3,4
18455.609,-0.039,-0.911,0.612,4.88,8.3,-21.0,3,4
18455.625,-0.033,-0.869,0.571,9.31,5.65,-24.84,3,4
18455.64,-0.04,-0.845,0.528,10.44,4.49,-25.36,3,4
18455.64,-0.037,-0.826,0.499,8.09,4.91,-23.44,3,4
18455.656,-0.029,-0.823,0.469,4.43,7.17,-19.9,3,4
18455.656,-0.013,-0.829,0.458,1.28,10.44,-16.24,3,4
18455.671,0.006,-0.835,0.456,0.98,14.53,-13.52,3,4
18455.687,0.01,-0.825,0.455,1.46,19.81,-11.78,3,4
18455.687,0.008,-0.812,0.469,0.85,25.15,-10.5,3,4
18455.703,0.004,-0.807,0.484,-1.04,29.45,-8.73,3,4
18455.718,-0.005,-0.81,0.496,-4.09,32.81,-6.59,3,4
18455.718,-0.012,-0.825,0.52,-8.0,35.31,-4.52,3,4
18455.734,-0.015,-0.856,0.534,-9.95,35.34,-3.48,3,4
18455.75,-0.002,-0.879,0.541,-8.24,33.6,-3.3,3,4
18455.75,0.011,-0.887,0.53,-2.84,32.41,-4.21,3,4
18455.765,0.023,-0.868,0.509,2.08,32.32,-5.52,3,4
18455.765,0.015,-0.846,0.511,3.48,34.3,-6.71,3,4
18455.781,0.002,-0.836,0.51,2.29,37.17,-6.41,3,4
18455.796,0.0,-0.829,0.515,-0.73,41.02,-3.85,3,4
18455.796,-0.002,-0.842,0.51,-4.55,44.53,-0.79,3,4
18455.812,-0.004,-0.872,0.52,-7.81,46.57,1.19,3,4
18455.828,-0.019,-0.898,0.553,-8.06,46.3,0.34,3,4
18455.828,-0.03,-0.917,0.546,-3.3,43.95,-2.17,3,4
18455.843,-0.023,-0.896,0.53,1.22,41.78,-5.52,3,4
18455.859,-0.015,-0.886,0.518,2.32,40.62,-10.01,3,4
18455.859,-0.01,-0.883,0.509,0.98,41.26,-13.95,3,4
18455.875,-0.013,-0.88,0.507,-0.58,43.76,-16.24,3,4
18455.89,-0.027,-0.89,0.506,-1.62,46.17,-17.52,3,4
18455.89,-0.042,-0.893,0.516,-2.2,47.49,-18.46,3,4
18455.906,-0.05,-0.902,0.526,-1.59,47.09,-20.51,3,4
18455.906,-0.054,-0.9,0.523,-0.09,45.53,-22.61,3,4
18455.921,-0.045,-0.895,0.515,1.53,44.43,-24.14,3,4
18455.937,-0.036,-0.881,0.509,2.41,44.22,-25.27,3,4
18455.953,-0.021,-0.879,0.502,1.19,45.01,-26.25,3,4
18455.953,-0.005,-0.885,0.506,-0.92,45.56,-28.47,3,4
18455.968,0.002,-0.896,0.51,-1.53,46.75,-31.5,3,4
18455.968,-0.006,-0.894,0.515,-0.64,48.68,-34.76,3,4
18455.984,-0.011,-0.884,0.516,0.7,49.1,-37.87,3,4
18456.0,-0.007,-0.873,0.512,0.85,49.01,-39.37,3,4
18456.0,-0.005,-0.865,0.518,-0.76,50.2,-39.67,3,4
18456.015,0.002,-0.875,0.525,-2.59,50.57,-40.07,3,4
18456.015,0.002,-0.884,0.535,-2.26,51.03,-40.04,3,4
18456.031,0.002,-0.876,0.533,-0.06,51.73,-40.1,3,4
18456.046,0.007,-0.879,0.524,0.98,52.03,-40.56,3,4
18456.046,0.009,-0.879,0.516,0.09,52.52,-41.87,3,4
18456.062,-0.004,-0.872,0.521,-0.79,52.74,-43.82,3,4
18456.078,-0.021,-0.866,0.523,-0.15,52.46,-44.43,3,4
18456.078,-0.025,-0.855,0.536,0.49,51.82,-43.55,3,4
18456.093,-0.026,-0.849,0.543,1.56,50.81,-41.69,3,4
18456.109,-0.029,-0.83,0.526,1.34,49.75,-38.85,3,4
18456.109,-0.014,-0.849,0.522,-1.98,50.23,-35.37,3,4
18456.125,0.006,-0.865,0.518,-5.31,51.94,-33.36,3,4
18456.14,0.005,-0.88,0.504,-6.87,54.48,-34.46,3,4
18456.14,0.012,-0.901,0.505,-7.51,56.92,-36.53,3,4
18456.156,0.02,-0.902,0.505,-6.13,59.94,-39.31,3,4
18456.156,0.01,-0.885,0.516,-4.64,64.0,-41.9,3,4
18456.171,-0.008,-0.875,0.526,-4.58,66.47,-43.79,3,4
18456.187,-0.016,-0.865,0.54,-6.01,66.77,-44.98,3,4
18456.187,-0.036,-0.864,0.545,-6.78,66.99,-45.63,3,4
18456.203,-0.05,-0.859,0.544,-6.9,66.19,-45.96,3,4
18456.218,-0.053,-0.854,0.543,-6.29,64.46,-46.54,3,4
18456.218,-0.054,-0.852,0.524,-5.34,62.93,-47.33,3,4
18456.234,-0.04,-0.857,0.499,-5.04,61.95,-47.76,3,4
18456.25,-0.022,-0.872,0.477,-4.94,63.88,-48.19,3,4
18456.25,-0.019,-0.87,0.464,-3.81,68.54,-48.77,3,4
18456.265,-0.02,-0.861,0.468,-4.15,73.79,-49.81,3,4
18456.281,-0.026,-0.859,0.494,-5.22,78.28,-51.36,3,4
18456.281,-0.039,-0.845,0.518,-4.94,81.12,-51.7,3,4
18456.296,-0.041,-0.828,0.534,-4.73,83.35,-50.48,3,4
18456.296,-0.034,-0.828,0.542,-6.26,83.38,-50.08,3,4
18456.312,-0.031,-0.847,0.559,-9.09,83.71,-50.48,3,4
18456.328,-0.046,-0.862,0.578,-10.47,84.51,-51.15,3,4
18456.328,-0.039,-0.873,0.6,-8.76,83.41,-51.97,3,4
18456.343,-0.02,-0.857,0.6,-4.79,82.06,-52.83,3,4
18456.359,-0.001,-0.833,0.599,-2.93,81.39,-53.93,3,4
18456.359,0.029,-0.824,0.6,-4.24,81.58,-55.18,3,4
18456.375,0.019,-0.83,0.609,-5.43,83.62,-56.18,3,4
18456.39,0.013,-0.829,0.619,-5.37,85.33,-55.48,3,4
18456.39,0.019,-0.817,0.623,-4.21,83.8,-55.33,3,4
18456.406,0.02,-0.803,0.641,-4.27,81.82,-55.36,3,4
18456.406,0.024,-0.783,0.659,-5.86,81.73,-54.66,3,4
18456.421,0.023,-0.779,0.674,-7.45,77.7,-54.32,3,4
18456.437,0.044,-0.779,0.685,-7.78,74.83,-51.88,3,4
18456.437,0.052,-0.762,0.66,-8.36,71.78,-49.26,3,4
18456.453,0.079,-0.794,0.638,-12.12,69.67,-46.02,3,4
18456.468,0.097,-0.814,0.626,-14.98,70.59,-43.76,3,4
18456.468,0.107,-0.817,0.633,-13.34,71.72,-43.79,3,4
18456.484,0.092,-0.808,0.634,-10.07,73.21,-44.01,3,4
18456.5,0.091,-0.793,0.63,-9.64,72.88,-43.79,3,4
18456.5,0.104,-0.803,0.617,-10.93,71.63,-43.43,3,4
18456.515,0.113,-0.821,0.591,-12.05,72.18,-42.88,3,4
18456.515,0.125,-0.837,0.585,-13.25,74.07,-42.7,3,4
18456.531,0.114,-0.844,0.596,-13.67,77.43,-43.03,3,4
18456.546,0.097,-0.848,0.619,-13.64,79.38,-43.12,3,4
18456.546,0.088,-0.85,0.64,-13.46,78.65,-42.97,3,4
18456.562,0.086,-0.857,0.646,-11.78,76.39,-43.0,3,4
18456.578,0.083,-0.847,0.641,-8.39,70.96,-41.87,3,4
18456.593,0.085,-0.839,0.633,-11.26,68.51,-39.92,3,4
18456.593,0.095,-0.847,0.627,-14.71,66.68,-38.79,3,4
18456.609,0.104,-0.863,0.636,-14.92,64.52,-39.12,3,4
18456.609,0.094,-0.879,0.636,-14.13,61.22,-39.55,3,4
18456.625,0.125,-0.892,0.614,-14.16,57.13,-41.23,3,4
18456.625,0.148,-0.905,0.594,-14.16,55.7,-43.95,3,4
18456.64,0.148,-0.901,0.586,-13.55,57.31,-46.63,3,4
18456.656,0.149,-0.886,0.582,-12.05,58.9,-48.37,3,4
18456.671,0.148,-0.861,0.578,-10.5,59.88,-49.59,3,4
18456.671,0.128,-0.836,0.592,-9.83,59.82,-50.23,3,4
18456.687,0.113,-0.806,0.596,-9.19,57.22,-48.31,3,4
18456.687,0.133,-0.783,0.58,-9.13,52.89,-44.13,3,4
18456.703,0.165,-0.773,0.552,-10.56,50.29,-39.06,3,4
18456.718,0.188,-0.782,0.531,-13.7,51.15,-34.24,3,4
18456.718,0.195,-0.797,0.537,-16.72,53.38,-29.6,3,4
18456.734,0.187,-0.808,0.55,-18.04,55.88,-25.3,3,4
18456.75,0.178,-0.817,0.563,-17.88,57.47,-21.64,3,4
18456.75,0.174,-0.824,0.563,-17.55,56.83,-19.07,3,4
18456.765,0.176,-0.83,0.567,-17.73,54.6,-17.18,3,4
18456.781,0.159,-0.834,0.58,-17.73,52.86,-15.38,3,4
18456.781,0.135,-0.849,0.58,-17.33,50.54,-12.54,3,4
18456.796,0.144,-0.86,0.57,-17.46,46.94,-9.83,3,4
18456.796,0.158,-0.874,0.558,-18.04,43.64,-10.16,3,4
18456.812,0.167,-0.872,0.55,-17.43,41.38,-12.91,3,4
18456.828,0.164,-0.857,0.549,-14.22,40.28,-15.81,3,4
18456.843,0.146,-0.806,0.548,-10.53,40.47,-15.66,3,4
18456.843,0.125,-0.758,0.554,-9.64,40.5,-12.09,3,4
18456.859,0.091,-0.742,0.55,-11.84,40.35,-5.04,3,4
18456.859,0.032,-0.759,0.517,-17.09,39.8,4.73,3,4
18456.875,0.009,-0.813,0.476,-23.35,37.84,13.95,3,4
18456.89,0.005,-0.884,0.431,-25.82,37.23,19.1,3,4
18456.89,0.0,-0.935,0.398,-25.42,39.61,21.45,3,4
18456.906,0.014,-0.97,0.387,-23.74,43.03,20.05,3,4
18456.921,0.005,-0.991,0.393,-21.15,47.67,15.23,3,4
18456.921,-0.018,-1.013,0.402,-18.59,50.94,9.13,3,4
18456.937,-0.03,-1.017,0.406,-15.44,52.46,2.84,3,4
18456.937,-0.041,-1.008,0.404,-13.06,53.53,-3.14,3,4
18456.953,-0.031,-0.992,0.426,-12.27,53.68,-8.85,3,4
18456.968,-0.032,-0.972,0.438,-11.51,53.9,-14.16,3,4
18456.968,-0.026,-0.955,0.457,-11.69,53.96,-17.98,3,4
18456.984,-0.013,-0.929,0.476,-11.75,52.95,-21.49,3,4
18457.0,-0.009,-0.916,0.474,-9.22,51.15,-24.29,3,4
18457.0,-0.003,-0.883,0.467,-7.05,49.26,-25.33,3,4
18457.015,0.023,-0.871,0.446,-6.93,47.7,-26.31,3,4
18457.015,0.041,-0.862,0.431,-7.14,47.0,-27.8,3,4
18457.031,0.034,-0.867,0.43,-7.69,49.62,-27.71,3,4
18457.046,0.037,-0.868,0.438,-8.7,50.94,-25.85,3,4
18457.062,0.047,-0.86,0.446,-8.67,51.33,-25.42,3,4
18457.062,0.048,-0.864,0.449,-7.26,50.72,-27.04,3,4
18457.078,0.054,-0.863,0.453,-5.58,50.42,-26.7,3,4
18457.078,0.062,-0.85,0.455,-5.86,50.08,-25.82,3,4
18457.093,0.057,-0.863,0.475,-7.45,49.87,-25.45,3,4
18457.109,0.042,-0.877,0.477,-7.97,49.44,-24.9,3,4
18457.109,0.047,-0.872,0.468,-7.02,47.03,-25.88,3,4
18457.125,0.049,-0.871,0.448,-4.79,44.95,-26.95,3,4
18457.14,0.051,-0.866,0.419,-3.94,43.86,-27.07,3,4
18457.14,0.079,-0.873,0.381,-4.36,44.34,-26.73,3,4
18457.156,0.098,-0.888,0.362,-5.49,48.68,-26.89,3,4
18457.156,0.084,-0.899,0.363,-7.02,55.91,-26.98,3,4
18457.171,0.075,-0.905,0.394,-8.18,61.74,-27.44,3,4
18457.187,0.058,-0.897,0.433,-8.06,64.33,-29.3,3,4
18457.203,0.053,-0.894,0.467,-6.1,62.78,-32.01,3,4
18457.203,0.066,-0.875,0.474,-3.91,59.79,-33.66,3,4
18457.218,0.08,-0.855,0.471,-3.08,56.61,-35.1,3,4
18457.218,0.074,-0.844,0.466,-2.69,54.05,-35.8,3,4
18457.234,0.057,-0.847,0.447,-3.17,52.95,-34.06,3,4
18457.25,0.067,-0.857,0.413,-5.46,52.28,-31.22,3,4
18457.25,0.09,-0.881,0.396,-7.42,52.37,-30.34,3,4
18457.265,0.104,-0.898,0.406,-6.87,54.02,-30.82,3,4
18457.281,0.107,-0.871,0.432,-4.0,56.31,-31.53,3,4
18457.281,0.093,-0.85,0.458,-1.59,57.34,-30.7,3,4
18457.296,0.079,-0.843,0.469,-2.81,56.67,-28.29,3,4
18457.296,0.096,-0.865,0.459,-5.86,54.38,-26.61,3,4
18457.312,0.11,-0.893,0.45,-6.56,53.29,-26.37,3,4
18457.328,0.108,-0.904,0.445,-5.16,53.62,-26.89,3,4
18457.328,0.099,-0.897,0.457,-3.39,53.62,-27.19,3,4
18457.343,0.079,-0.891,0.47,-2.66,52.64,-26.0,3,4
18457.359,0.09,-0.899,0.465,-4.3,49.81,-24.81,3,4
18457.359,0.089,-0.922,0.446,-5.92,47.73,-25.12,3,4
18457.375,0.077,-0.945,0.424,-5.86,47.06,-25.85,3,4
18457.39,0.088,-0.948,0.401,-4.76,47.49,-27.04,3,4
18457.39,0.095,-0.954,0.4,-3.14,49.13,-28.69,3,4
18457.406,0.1,-0.943,0.419,-1.74,51.45,-29.08,3,4
18457.406,0.099,-0.926,0.449,-1.4,52.55,-28.99,3,4
18457.421,0.084,-0.918,0.487,-2.2,51.06,-28.66,3,4
18457.437,0.085,-0.925,0.493,-3.14,46.6,-27.71,3,4
18457.437,0.112,-0.937,0.48,-3.6,42.05,-27.38,3,4
18457.453,0.13,-0.935,0.459,-3.17,39.89,-28.32,3,4
18457.468,0.122,-0.927,0.435,-3.14,39.83,-29.57,3,4
18457.468,0.12,-0.923,0.425,-3.6,39.86,-29.79,3,4
18457.484,0.109,-0.916,0.42,-4.3,40.83,-28.66,3,4
18457.5,0.091,-0.913,0.415,-6.01,41.75,-26.64,3,4
18457.5,0.095,-0.917,0.414,-8.09,42.18,-24.05,3,4
18457.515,0.108,-0.923,0.418,-8.7,42.12,-22.58,3,4
18457.531,0.101,-0.921,0.415,-7.75,42.6,-22.25,3,4
18457.531,0.1,-0.914,0.421,-7.14,42.7,-21.97,3,4
18457.546,0.08,-0.906,0.422,-6.84,42.76,-21.39,3,4
18457.546,0.071,-0.908,0.418,-7.66,42.3,-20.48,3,4
18457.562,0.071,-0.914,0.417,-7.66,40.59,-18.56,3,4
18457.578,0.067,-0.917,0.425,-6.47,39.77,-17.37,3,4
18457.578,0.066,-0.914,0.422,-6.53,38.51,-16.48,3,4
18457.593,0.085,-0.904,0.421,-6.65,38.27,-16.21,3,4
18457.609,0.063,-0.897,0.413,-6.5,38.54,-15.56,3,4
18457.609,0.049,-0.892,0.402,-6.65,38.03,-14.22,3,4
18457.625,0.053,-0.894,0.392,-7.11,36.81,-12.48,3,4
18457.64,0.068,-0.897,0.388,-7.45,36.65,-10.74,3,4
18457.64,0.089,-0.912,0.392,-7.05,37.51,-9.09,3,4
18457.656,0.092,-0.91,0.402,-6.26,39.25,-7.2,3,4
18457.656,0.066,-0.916,0.411,-6.99,40.16,-6.13,3,4
18457.671,0.041,-0.935,0.417,-8.3,39.77,-5.37,3,4
18457.687,0.038,-0.941,0.405,-8.91,38.3,-5.52,3,4
18457.687,0.044,-0.939,0.393,-8.61,36.81,-7.9,3,4
18457.703,0.053,-0.935,0.388,-6.41,35.89,-10.07,3,4
18457.718,0.064,-0.914,0.385,-4.15,36.26,-10.53,3,4
18457.718,0.062,-0.896,0.382,-3.94,37.51,-9.98,3,4
18457.734,0.054,-0.898,0.392,-5.55,38.58,-8.21,3,4
18457.75,0.054,-0.904,0.403,-7.51,39.28,-6.29,3,4
18457.75,0.047,-0.925,0.409,-7.97,39.06,-5.89,3,4
18457.765,0.056,-0.938,0.419,-7.81,37.84,-6.26,3,4
18457.781,0.043,-0.959,0.42,-6.96,36.9,-7.6,3,4
18457.781,0.037,-0.976,0.411,-7.2,35.31,-9.09,3,4
18457.796,0.063,-0.992,0.401,-7.35,32.53,-12.7,3,4
18457.796,0.059,-1.0,0.388,-4.79,31.8,-16.91,3,4
18457.812,0.046,-0.979,0.366,-3.3,32.9,-19.75,3,4
18457.828,0.058,-0.976,0.367,-3.69,33.42,-21.82,3,4
18457.843,0.055,-0.966,0.373,-3.27,34.85,-22.58,3,4
18457.843,0.062,-0.946,0.385,-4.3,36.81,-21.79,3,4
18457.859,0.069,-0.938,0.397,-5.68,37.72,-21.36,3,4
18457.859,0.058,-0.93,0.406,-6.1,37.45,-21.09,3,4
18457.875,0.049,-0.925,0.407,-6.81,36.71,-20.81,3,4
18457.89,0.05,-0.923,0.396,-6.9,35.55,-21.21,3,4
18457.89,0.048,-0.912,0.393,-5.71,34.55,-21.24,3,4
18457.906,0.047,-0.905,0.386,-4.12,33.75,-20.6,3,4
18457.906,0.04,-0.894,0.372,-3.78,32.72,-19.14,3,4
18457.921,0.039,-0.9,0.375,-4.82,31.28,-17.21,3,4
18457.937,0.045,-0.91,0.358,-5.07,30.61,-15.11,3,4
18457.937,0.068,-0.919,0.342,-5.49,30.98,-13.64,3,4
18457.953,0.087,-0.917,0.348,-5.92,32.53,-14.1,3,4
18457.968,0.08,-0.917,0.36,-6.16,34.49,-15.84,3,4
18457.968,0.07,-0.914,0.369,-5.37,35.4,-17.49,3,4
18457.984,0.056,-0.916,0.36,-3.81,35.34,-18.65,3,4
18458.0,0.073,-0.92,0.369,-3.78,34.36,-19.2,3,4
18458.0,0.1,-0.923,0.372,-3.33,34.15,-20.57,3,4
18458.015,0.122,-0.918,0.388,-1.95,34.58,-22.68,3,4
18458.031,0.13,-0.897,0.411,-0.21,34.52,-25.42,3,4
18458.031,0.12,-0.876,0.423,1.92,32.78,-27.13,3,4
18458.046,0.114,-0.861,0.415,2.75,30.3,-26.98,3,4
18458.046,0.139,-0.865,0.401,2.17,27.34,-26.18,3,4
18458.062,0.167,-0.875,0.391,1.92,26.67,-24.78,3,4
18458.078,0.177,-0.868,0.393,1.53,28.5,-23.07,3,4
18458.078,0.183,-0.876,0.398,0.31,29.82,-21.61,3,4
18458.093,0.198,-0.885,0.412,-1.13,29.85,-20.81,3,4
18458.109,0.206,-0.888,0.421,-0.89,29.69,-20.75,3,4
18458.109,0.212,-0.888,0.422,0.67,29.27,-20.78,3,4
18458.125,0.22,-0.883,0.431,1.8,28.6,-20.97,3,4
18458.14,0.205,-0.871,0.446,1.89,27.92,-21.09,3,4
18458.14,0.195,-0.87,0.456,2.41,25.94,-20.33,3,4
18458.156,0.213,-0.862,0.46,3.36,23.04,-18.16,3,4
18458.171,0.228,-0.85,0.459,3.42,20.94,-15.78,3,4
18458.171,0.226,-0.854,0.455,1.62,19.35,-13.67,3,4
18458.187,0.225,-0.861,0.457,0.18,17.73,-11.47,3,4
18458.187,0.22,-0.864,0.464,0.4,16.69,-9.43,3,4
18458.203,0.222,-0.863,0.467,1.8,14.34,-6.65,3,4
18458.218,0.235,-0.871,0.472,2.66,11.05,-3.45,3,4
18458.218,0.253,-0.896,0.467,1.68,8.18,-1.98,3,4
18458.234,0.248,-0.924,0.466,0.92,6.23,-2.84,3,4
18458.25,0.225,-0.938,0.462,2.04,4.88,-5.1,3,4
18458.25,0.209,-0.934,0.448,3.81,3.11,-7.78,3,4
18458.265,0.195,-0.931,0.43,5.01,1.65,-10.04,3,4
18458.281,0.189,-0.921,0.402,5.22,0.85,-10.99,3,4
18458.281,0.174,-0.895,0.402,5.19,1.62,-10.71,3,4
18458.296,0.137,-0.872,0.409,5.92,2.59,-8.09,3,4
18458.296,0.13,-0.85,0.4,4.7,1.59,-1.95,3,4
18458.312,0.146,-0.869,0.381,1.28,0.67,3.78,3,4
18458.328,0.165,-0.913,0.37,-2.81,1.07,7.14,3,4
18458.328,0.167,-0.954,0.372,-3.69,2.72,7.57,3,4
18458.343,0.158,-0.974,0.386,-0.76,4.91,6.23,3,4
18458.359,0.148,-0.968,0.4,1.83,6.74,4.46,3,4
18458.359,0.14,-0.962,0.412,1.65,6.59,2.01,3,4
18458.375,0.125,-0.969,0.426,0.98,4.36,-0.52,3,4
18458.375,0.106,-0.966,0.422,2.11,1.92,-1.83,3,4
18458.39,0.108,-0.959,0.399,2.99,-0.37,-1.98,3,4
18458.406,0.127,-0.954,0.382,1.37,-1.43,-1.92,3,4
18458.406,0.146,-0.952,0.374,-0.64,-0.67,-2.59,3,4
18458.421,0.154,-0.939,0.387,-0.21,0.89,-3.17,3,4
18458.437,0.136,-0.914,0.399,1.37,2.53,-2.62,3,4
18458.453,0.116,-0.905,0.407,0.49,2.87,-1.16,3,4
18458.453,0.115,-0.916,0.416,-1.34,1.04,0.09,3,4
18458.468,0.117,-0.924,0.404,-1.46,-0.55,0.95,3,4
18458.484,0.112,-0.928,0.386,-1.01,-1.46,0.92,3,4
18458.484,0.123,-0.938,0.37,-0.98,-1.83,0.09,3,4
18458.5,0.13,-0.935,0.369,-0.52,-0.61,-0.58,3,4
18458.5,0.124,-0.926,0.378,-0.03,1.13,-0.58,3,4
18458.515,0.121,-0.921,0.394,-0.27,1.92,-0.09,3,4
18458.515,0.12,-0.927,0.405,-0.46,1.68,-0.31,3,4
18458.531,0.116,-0.942,0.414,0.09,0.92,-0.55,3,4
18458.546,0.111,-0.951,0.41,1.22,-0.82,-1.77,3,4
18458.546,0.119,-0.952,0.401,0.76,-1.95,-3.88,3,4
18458.562,0.132,-0.951,0.398,1.46,-2.47,-5.77,3,4
18458.578,0.134,-0.937,0.401,2.44,-3.05,-6.62,3,4
18458.578,0.129,-0.902,0.389,3.02,-3.2,-6.59,3,4
18458.593,0.117,-0.893,0.39,3.14,-2.53,-5.16,3,4
18458.609,0.111,-0.896,0.383,1.71,-1.22,-2.53,3,4
18458.609,0.121,-0.911,0.383,-0.76,-0.4,-0.18,3,4
18458.625,0.126,-0.923,0.384,-1.56,0.34,1.37,3,4
18458.64,0.119,-0.932,0.383,-1.04,0.82,1.86,3,4
18458.64,0.113,-0.931,0.393,-1.25,1.25,1.28,3,4
18458.656,0.098,-0.93,0.401,-1.46,1.28,0.06,3,4
18458.671,0.09,-0.927,0.399,-1.43,0.49,-0.4,3,4
18458.671,0.105,-0.928,0.391,-1.56,-0.89,-0.85,3,4
18458.687,0.123,-0.927,0.387,-1.59,-1.71,-2.04,3,4
18458.687,0.12,-0.919,0.388,-0.4,-1.19,-3.08,3,4
18458.703,0.11,-0.907,0.382,0.92,-0.82,-2.69,3,4
18458.718,0.114,-0.897,0.377,0.12,-1.01,-1.68,3,4
18458.718,0.113,-0.906,0.369,-0.89,-0.95,-1.01,3,4
18458.734,0.117,-0.919,0.362,-0.92,-0.12,-0.12,3,4
18458.75,0.129,-0.917,0.358,-0.27,1.34,-0.15,3,4
18458.75,0.129,-0.908,0.375,-0.03,2.93,-1.22,3,4
18458.765,0.117,-0.9,0.397,0.64,3.85,-1.46,3,4
18458.765,0.116,-0.885,0.399,1.8,2.72,-0.46,3,4
18458.781,0.125,-0.888,0.39,1.77,0.46,0.76,3,4
18458.796,0.125,-0.904,0.372,0.49,-0.76,2.11,3,4
18458.796,0.116,-0.918,0.356,-1.1,-0.09,3.66,3,4
18458.812,0.118,-0.923,0.35,-2.41,1.8,5.01,3,4
18458.828,0.126,-0.924,0.36,-3.11,4.0,5.37,3,4
18458.828,0.125,-0.923,0.387,-2.5,5.52,4.24,3,4
18458.843,0.113,-0.911,0.41,-0.7,5.37,2.56,3,4
18458.859,0.104,-0.904,0.416,0.61,3.63,1.46,3,4
18458.859,0.108,-0.908,0.411,0.95,1.34,1.07,3,4
18458.875,0.12,-0.916,0.395,1.1,-0.4,1.01,3,4
18458.89,0.135,-0.923,0.385,0.89,-1.04,0.46,3,4
18458.89,0.124,-0.924,0.377,1.37,-0.49,-0.21,3,4
18458.906,0.097,-0.922,0.362,1.28,0.34,0.64,3,4
18458.906,0.107,-0.918,0.356,-0.49,0.82,2.2,3,4
18458.921,0.113,-0.919,0.361,-1.95,2.38,2.32,3,4
18458.937,0.1,-0.906,0.375,-1.71,4.58,1.95,3,4
18458.937,0.109,-0.899,0.387,-0.79,5.31,2.29,3,4
18458.953,0.12,-0.899,0.406,0.46,4.7,3.08,3,4
18458.968,0.122,-0.907,0.408,0.95,3.94,3.85,3,4
18458.968,0.118,-0.922,0.414,0.76,2.81,4.15,3,4
18458.984,0.106,-0.936,0.415,0.76,1.28,3.81,3,4
18459.0,0.102,-0.95,0.404,1.22,0.03,3.27,3,4
18459.0,0.11,-0.962,0.394,1.92,-0.73,2.38,3,4
18459.015,0.104,-0.96,0.387,2.17,-0.15,1.1,3,4
18459.031,0.104,-0.948,0.388,1.68,0.58,0.09,3,4
18459.031,0.102,-0.943,0.39,1.62,1.04,0.12,3,4
18459.046,0.103,-0.943,0.388,1.4,1.34,1.04,3,4
18459.046,0.111,-0.949,0.391,0.67,1.46,1.34,3,4
18459.062,0.104,-0.957,0.396,0.4,2.08,0.73,3,4
18459.078,0.102,-0.954,0.402,0.24,1.98,-0.06,3,4
18459.078,0.105,-0.951,0.406,0.58,1.37,-0.92,3,4
18459.093,0.096,-0.944,0.404,1.01,0.79,-1.62,3,4
18459.109,0.086,-0.929,0.402,0.55,0.18,-1.01,3,4
18459.109,0.089,-0.931,0.391,-1.01,-0.58,0.79,3,4
18459.125,0.109,-0.943,0.382,-2.38,-0.89,1.92,3,4
18459.14,0.115,-0.947,0.384,-2.38,0.24,1.37,3,4
18459.14,0.108,-0.946,0.395,-1.07,1.34,0.21,3,4
18459.156,0.102,-0.926,0.402,-0.27,1.4,-0.46,3,4
18459.156,0.088,-0.918,0.405,-0.85,1.07,-0.15,3,4
18459.171,0.086,-0.928,0.397,-2.04,-0.15,0.76,3,4
18459.187,0.099,-0.95,0.385,-2.04,-1.04,1.01,3,4
18459.203,0.103,-0.956,0.37,-1.34,-0.46,-0.12,3,4
18459.203,0.105,-0.95,0.369,-1.46,0.85,-1.86,3,4
18459.218,0.094,-0.931,0.39,-1.07,2.01,-3.42,3,4
18459.218,0.085,-0.914,0.397,0.21,1.95,-3.3,3,4
18459.234,0.093,-0.908,0.392,0.52,0.73,-2.04,3,4
18459.25,0.107,-0.913,0.383,-0.67,-0.37,-0.95,3,4
18459.25,0.109,-0.921,0.375,-2.01,0.03,0.21,3,4
18459.265,0.117,-0.926,0.374,-2.5,0.89,1.1,3,4
18459.281,0.111,-0.919,0.373,-2.41,2.32,1.13,3,4
18459.281,0.092,-0.916,0.375,-2.59,2.96,0.85,3,4
18459.296,0.089,-0.907,0.375,-3.23,2.66,1.31,3,4
18459.296,0.097,-0.908,0.37,-3.97,2.47,2.08,3,4
18459.312,0.1,-0.913,0.371,-4.18,3.02,2.44,3,4
18459.328,0.109,-0.917,0.365,-3.66,4.03,2.44,3,4
18459.328,0.107,-0.908,0.383,-2.47,5.22,2.17,3,4
18459.343,0.094,-0.895,0.396,-0.85,5.16,2.01,3,4
18459.359,0.095,-0.882,0.391,-0.76,4.21,3.14,3,4
18459.359,0.105,-0.876,0.381,-2.01,2.78,4.67,3,4
18459.375,0.103,-0.882,0.368,-4.12,2.69,6.68,3,4
18459.39,0.101,-0.904,0.358,-6.23,3.94,9.4,3,4
18459.39,0.104,-0.929,0.357,-7.87,5.71,11.26,3,4
18459.406,0.094,-0.952,0.37,-8.73,7.81,11.38,3,4
18459.421,0.09,-0.965,0.387,-7.81,8.42,9.92,3,4
18459.421,0.085,-0.963,0.399,-6.01,7.81,7.66,3,4
18459.437,0.077,-0.961,0.403,-4.79,6.68,5.55,3,4
18459.437,0.081,-0.967,0.402,-4.46,4.82,4.33,3,4
18459.453,0.094,-0.965,0.404,-3.6,3.39,3.08,3,4
18459.468,0.095,-0.961,0.399,-1.5,2.69,1.92,3,4
18459.468,0.095,-0.952,0.398,-0.43,2.17,0.79,3,4
18459.484,0.094,-0.945,0.404,-0.12,1.1,-0.27,3,4
18459.5,0.081,-0.936,0.394,0.61,0.03,-0.67,3,4
18459.5,0.073,-0.937,0.377,0.46,-0.98,-0.09,3,4
18459.515,0.082,-0.942,0.359,-0.52,-1.22,0.46,3,4
18459.515,0.084,-0.946,0.356,-1.46,-0.24,0.73,3,4
18459.531,0.07,-0.944,0.364,-2.14,2.04,2.26,3,4
18459.546,0.074,-0.944,0.372,-2.62,2.08,2.56,3,4
18459.546,0.085,-0.952,0.375,-2.87,2.35,1.71,3,4
18459.562,0.092,-0.965,0.374,-2.84,2.41,0.12,3,4
18459.578,0.09,-0.947,0.38,-1.68,2.44,-1.59,3,4
18459.578,0.086,-0.934,0.392,-0.4,2.08,-2.35,3,4
18459.593,0.094,-0.924,0.393,-0.06,0.67,-2.32,3,4
18459.609,0.094,-0.923,0.396,0.12,-0.82,-2.62,3,4
18459.609,0.083,-0.926,0.387,0.92,-2.23,-2.75,3,4
