timestamp,ax,ay,az,gx,gy,gz,orient_label,motion_label
16336.875,-0.932,0.094,0.287,-1.13,-2.26,0.09,1,1
16336.89,-0.926,0.093,0.289,-1.4,-1.89,0.03,1,1
16336.906,-0.922,0.088,0.292,-1.43,-1.4,-0.15,1,1
16336.906,-0.924,0.089,0.292,-1.01,-1.04,-0.76,1,1
16336.921,-0.931,0.093,0.292,-0.27,-0.73,-1.13,1,1
16336.937,-0.935,0.098,0.293,0.34,-0.82,-1.16,1,1
16336.937,-0.936,0.105,0.289,0.58,-1.04,-0.95,1,1
16336.953,-0.933,0.105,0.289,0.03,-1.28,-0.46,1,1
16336.968,-0.929,0.1,0.283,-0.79,-1.68,-0.34,1,1
16336.968,-0.927,0.099,0.284,-1.28,-1.74,-0.43,1,1
16336.984,-0.926,0.096,0.286,-1.28,-1.25,-0.49,1,1
16336.984,-0.926,0.095,0.29,-1.28,-0.73,-0.55,1,1
16337.0,-0.925,0.096,0.293,-1.34,-0.27,-0.82,1,1
16337.015,-0.928,0.098,0.294,-1.65,-0.03,-1.28,1,1
16337.015,-0.934,0.101,0.299,-1.71,-0.15,-1.59,1,1
16337.031,-0.934,0.1,0.303,-1.25,-0.31,-1.53,1,1
16337.046,-0.934,0.097,0.301,-0.21,-0.55,-1.07,1,1
16337.046,-0.931,0.104,0.299,0.76,-0.98,-0.85,1,1
16337.062,-0.934,0.105,0.297,1.5,-0.95,-0.85,1,1
16337.078,-0.935,0.101,0.296,1.59,-1.04,-0.76,1,1
16337.078,-0.933,0.097,0.296,1.46,-1.4,-0.95,1,1
16337.093,-0.932,0.099,0.293,1.53,-1.5,-1.31,1,1
16337.093,-0.934,0.102,0.288,0.98,-1.56,-1.4,1,1
16337.109,-0.934,0.103,0.285,-0.09,-1.5,-1.5,1,1
16337.125,-0.931,0.102,0.286,-0.76,-0.95,-1.59,1,1
16337.125,-0.933,0.1,0.289,-1.07,-0.4,-1.65,1,1
16337.14,-0.937,0.1,0.295,-0.95,-0.18,-1.28,1,1
16337.156,-0.934,0.098,0.296,-0.27,-0.21,-0.85,1,1
16337.156,-0.935,0.097,0.3,0.89,-0.64,-0.73,1,1
16337.171,-0.937,0.098,0.302,1.4,-1.65,-0.82,1,1
16337.187,-0.938,0.113,0.299,0.79,-2.78,-0.55,1,1
16337.187,-0.935,0.109,0.291,0.76,-3.23,0.31,1,1
16337.203,-0.935,0.103,0.291,0.92,-3.51,0.7,1,1
16337.203,-0.932,0.102,0.286,1.25,-3.66,0.61,1,1
16337.218,-0.936,0.1,0.289,1.65,-3.27,0.55,1,1
16337.234,-0.938,0.096,0.293,2.23,-2.9,0.67,1,1
16337.234,-0.936,0.097,0.295,3.08,-2.72,0.82,1,1
16337.25,-0.939,0.1,0.304,4.82,-2.81,0.95,1,1
16337.265,-0.932,0.105,0.31,6.01,-3.57,0.82,1,1
16337.265,-0.943,0.094,0.301,9.61,-3.66,1.5,1,1
16337.281,-0.944,0.118,0.311,11.57,-5.71,1.62,1,1
16337.296,-0.935,0.115,0.326,13.15,-8.09,1.4,1,1
16337.296,-0.924,0.104,0.311,16.21,-9.28,1.71,1,1
16337.312,-0.947,0.107,0.303,18.16,-9.34,0.67,1,1
16337.312,-0.936,0.125,0.311,20.45,-8.64,1.4,1,1
16337.328,-0.941,0.127,0.3,24.14,-7.97,3.39,1,1
16337.343,-0.947,0.145,0.301,23.96,-8.97,4.7,1,1
16337.343,-0.946,0.16,0.31,24.14,-9.98,7.42,1,1
16337.359,-0.942,0.168,0.304,21.91,-12.51,9.7,1,1
16337.375,-0.942,0.174,0.311,20.45,-13.34,10.99,1,1
16337.375,-0.94,0.168,0.297,21.03,-13.28,12.42,1,1
16337.39,-0.927,0.18,0.295,20.75,-12.21,13.52,1,1
16337.406,-0.941,0.176,0.293,22.25,-9.46,13.92,1,1
16337.406,-0.944,0.195,0.299,23.16,-7.39,14.44,1,1
16337.421,-0.952,0.193,0.326,25.61,-6.04,15.96,1,1
16337.437,-0.948,0.177,0.295,29.24,-5.28,17.03,1,1
16337.437,-0.959,0.204,0.326,31.65,-2.9,18.49,1,1
16337.453,-0.956,0.179,0.326,36.19,-3.85,19.71,1,1
16337.453,-0.951,0.165,0.308,38.21,-4.12,21.55,1,1
16337.468,-0.936,0.145,0.291,37.02,-4.18,22.31,1,1
16337.484,-0.914,0.118,0.265,34.36,-4.82,20.63,1,1
16337.5,-0.893,0.117,0.25,30.88,-3.63,18.04,1,1
16337.5,-0.889,0.1,0.228,28.08,-1.25,14.5,1,1
16337.515,-0.884,0.105,0.213,25.48,1.8,11.05,1,1
16337.515,-0.876,0.111,0.208,23.59,5.86,8.61,1,1
16337.531,-0.865,0.129,0.21,21.0,10.38,6.2,1,1
16337.546,-0.88,0.143,0.217,17.85,14.47,3.48,1,1
16337.546,-0.904,0.135,0.233,14.8,17.33,2.41,1,1
16337.562,-0.913,0.145,0.244,12.51,19.84,3.57,1,1
16337.578,-0.935,0.176,0.312,9.28,20.11,4.61,1,1
16337.578,-0.939,0.175,0.349,5.58,14.44,4.43,1,1
16337.593,-0.951,0.156,0.381,3.36,8.79,4.39,1,1
16337.609,-0.957,0.153,0.406,6.47,5.07,6.07,1,1
16337.609,-0.944,0.147,0.419,15.02,1.95,8.58,1,1
16337.625,-0.931,0.143,0.396,25.54,0.03,10.04,1,1
16337.625,-0.937,0.153,0.383,33.51,-0.85,10.1,1,1
16337.64,-0.945,0.149,0.364,37.93,-3.27,8.7,1,1
16337.656,-0.95,0.164,0.341,38.12,-6.9,6.93,1,1
16337.656,-0.946,0.173,0.326,35.58,-9.98,4.43,1,1
16337.671,-0.95,0.163,0.329,32.38,-11.96,0.92,1,1
16337.687,-0.964,0.159,0.352,28.81,-13.86,-2.84,1,1
16337.687,-0.965,0.156,0.396,26.58,-15.26,-6.16,1,1
16337.703,-0.973,0.142,0.445,28.08,-14.83,-9.4,1,1
16337.718,-0.995,0.147,0.514,33.66,-13.89,-11.6,1,1
16337.718,-1.044,0.143,0.6,44.47,-15.35,-11.72,1,1
16337.734,-1.091,0.134,0.677,62.53,-21.06,-7.63,1,1
16337.734,-1.111,0.118,0.728,87.19,-31.01,0.03,1,1
16337.75,-1.122,0.122,0.765,115.02,-42.94,7.45,1,1
16337.765,-1.131,0.134,0.78,143.56,-54.48,13.89,1,1
16337.765,-1.136,0.154,0.767,171.42,-67.6,17.33,1,1
16337.781,-1.179,0.187,0.741,196.75,-81.36,18.98,1,1
16337.796,-1.168,0.21,0.69,218.51,-91.28,24.08,1,1
16337.796,-1.146,0.283,0.638,232.61,-104.5,25.45,1,1
16337.812,-1.148,0.355,0.588,242.07,-113.99,26.58,1,1
16337.828,-1.123,0.444,0.544,243.26,-117.4,31.37,1,1
16337.828,-1.117,0.503,0.546,232.12,-117.44,35.92,1,1
16337.843,-1.117,0.547,0.541,214.76,-118.99,40.07,1,1
16337.859,-1.143,0.633,0.535,197.61,-122.14,46.39,1,1
16337.859,-1.135,0.678,0.487,182.07,-128.09,56.55,1,1
16337.875,-1.109,0.719,0.474,163.34,-134.34,66.93,1,1
16337.875,-1.079,0.758,0.481,145.48,-138.1,76.33,1,1
16337.906,-1.055,0.85,0.485,118.32,-138.37,93.36,1,1
16337.921,-1.024,0.875,0.507,106.66,-135.99,100.96,1,1
16337.921,-1.028,0.912,0.503,97.54,-132.69,108.55,1,1
16337.937,-1.017,0.962,0.492,88.84,-131.41,116.67,1,1
16337.937,-0.981,0.984,0.49,79.1,-130.47,125.4,1,1
16337.953,-0.951,0.98,0.475,67.2,-127.84,133.0,1,1
16337.968,-0.92,0.979,0.459,53.59,-124.82,138.31,1,1
16337.968,-0.894,0.975,0.457,39.64,-119.91,141.24,1,1
16337.984,-0.903,0.97,0.451,27.07,-115.18,141.79,1,1
16337.984,-0.906,0.984,0.436,15.53,-112.25,143.86,1,1
16338.0,-0.904,1.037,0.415,3.91,-109.29,147.89,1,1
16338.015,-0.882,1.091,0.376,-10.71,-104.19,153.84,1,1
16338.015,-0.852,1.091,0.385,-28.14,-99.03,158.57,1,1
16338.031,-0.831,1.11,0.411,-40.99,-91.25,162.05,1,1
16338.046,-0.797,1.089,0.424,-46.45,-81.45,167.09,1,1
16338.046,-0.758,1.048,0.429,-47.46,-71.54,173.1,1,1
16338.062,-0.709,1.034,0.442,-46.54,-63.54,177.95,1,1
16338.078,-0.628,0.959,0.441,-43.03,-58.96,179.02,1,1
16338.078,-0.565,0.851,0.422,-36.99,-57.83,175.94,1,1
16338.093,-0.514,0.821,0.406,-30.09,-57.41,172.19,1,1
16338.109,-0.464,0.835,0.396,-25.3,-55.85,168.92,1,1
16338.109,-0.412,0.786,0.377,-23.22,-55.21,168.13,1,1
16338.125,-0.357,0.715,0.361,-25.36,-57.13,169.93,1,1
16338.14,-0.278,0.605,0.332,-28.57,-63.08,171.79,1,1
16338.14,-0.182,0.47,0.301,-31.07,-72.15,173.99,1,1
16338.156,-0.093,0.381,0.266,-32.75,-81.51,174.02,1,1
16338.156,-0.023,0.383,0.227,-35.1,-88.2,168.77,1,1
16338.171,0.046,0.361,0.196,-39.4,-92.59,160.74,1,1
16338.187,0.096,0.315,0.179,-46.33,-94.76,152.1,1,1
16338.187,0.139,0.272,0.172,-52.95,-95.28,144.63,1,1
16338.203,0.18,0.236,0.171,-57.37,-94.12,139.26,1,1
16338.203,0.213,0.227,0.176,-61.01,-90.46,134.01,1,1
16338.234,0.243,0.224,0.178,-67.29,-80.81,118.63,1,1
16338.25,0.248,0.273,0.186,-72.97,-75.99,107.09,1,1
16338.25,0.258,0.265,0.198,-79.01,-72.66,93.45,1,1
16338.265,0.254,0.238,0.202,-82.86,-70.59,80.84,1,1
16338.281,0.253,0.272,0.215,-84.41,-68.18,70.5,1,1
16338.281,0.264,0.305,0.229,-84.11,-64.42,62.14,1,1
16338.296,0.264,0.305,0.241,-82.67,-58.63,55.82,1,1
16338.296,0.267,0.302,0.263,-80.54,-50.94,51.48,1,1
16338.312,0.27,0.297,0.293,-69.09,-36.07,44.5,1,1
16338.328,0.266,0.277,0.317,-60.55,-29.69,40.62,1,1
16338.328,0.258,0.278,0.349,-53.19,-24.32,35.55,1,1
16338.343,0.255,0.3,0.381,-49.84,-19.04,27.92,1,1
16338.359,0.23,0.4,0.398,-53.32,-10.65,18.01,1,1
16338.359,0.214,0.447,0.421,-63.23,0.09,6.84,1,1
16338.375,0.186,0.443,0.459,-75.5,11.87,-3.42,1,1
16338.375,0.129,0.5,0.521,-87.77,24.75,-12.57,1,1
16338.406,0.048,0.515,0.642,-110.78,39.77,-21.85,1,1
16338.406,0.02,0.462,0.705,-114.6,39.89,-22.4,1,1
16338.421,0.007,0.386,0.746,-107.91,35.71,-19.81,1,1
16338.437,0.016,0.337,0.805,-93.26,27.59,-15.02,1,1
16338.437,0.013,0.331,0.837,-71.99,18.56,-11.87,1,1
16338.453,0.008,0.329,0.818,-49.2,10.62,-11.41,1,1
16338.468,0.009,0.374,0.799,-30.85,8.0,-13.79,1,1
16338.468,0.008,0.433,0.786,-19.87,9.98,-19.07,1,1
16338.484,-0.014,0.474,0.777,-15.44,15.17,-24.17,1,1
16338.484,-0.042,0.529,0.791,-16.82,23.01,-27.65,1,1
16338.5,-0.05,0.535,0.812,-21.06,29.24,-28.32,1,1
16338.515,-0.047,0.494,0.849,-25.36,32.93,-25.45,1,1
16338.531,-0.035,0.474,0.892,-27.68,34.18,-22.52,1,1
16338.531,-0.007,0.439,0.929,-25.82,31.46,-22.13,1,1
16338.546,0.004,0.392,0.927,-19.53,25.73,-22.43,1,1
16338.546,0.024,0.417,0.921,-13.98,20.17,-23.38,1,1
16338.562,0.044,0.426,0.914,-9.22,15.44,-25.45,1,1
16338.578,0.031,0.427,0.906,-5.83,13.12,-26.37,1,1
16338.578,0.03,0.471,0.904,-6.78,13.06,-26.4,1,1
16338.593,0.047,0.51,0.906,-9.09,14.65,-27.25,1,1
16338.609,0.012,0.509,0.921,-11.99,17.67,-26.12,1,1
16338.609,-0.01,0.522,0.943,-15.02,20.33,-24.6,1,1
16338.625,-0.001,0.502,0.955,-15.08,16.69,-19.87,1,1
16338.625,0.024,0.49,0.943,-9.64,11.69,-17.49,1,1
16338.64,0.042,0.458,0.911,-2.69,7.35,-15.87,1,1
16338.656,0.043,0.473,0.888,1.43,6.9,-16.97,1,1
16338.656,0.029,0.504,0.874,0.21,9.13,-20.6,1,1
16338.671,0.005,0.522,0.889,-6.53,13.46,-23.56,1,1
16338.687,-0.029,0.558,0.914,-16.05,17.67,-25.85,1,1
16338.687,-0.064,0.545,0.95,-24.66,18.95,-25.48,1,1
16338.703,-0.054,0.506,0.973,-29.02,15.69,-21.94,1,1
16338.718,-0.044,0.474,0.976,-28.23,10.25,-17.94,1,1
16338.718,-0.005,0.443,0.96,-22.98,3.97,-14.62,1,1
16338.734,0.026,0.411,0.916,-13.73,-0.49,-13.03,1,1
16338.75,0.054,0.389,0.877,-3.69,-2.01,-11.9,1,1
16338.75,0.056,0.399,0.844,5.83,-0.58,-11.9,1,1
16338.765,0.054,0.419,0.816,13.06,3.11,-12.15,1,1
16338.765,0.066,0.449,0.793,16.54,8.24,-12.82,1,1
16338.781,0.068,0.473,0.79,16.82,13.89,-13.28,1,1
16338.796,0.023,0.517,0.834,13.4,19.2,-12.76,1,1
16338.796,-0.012,0.581,0.912,5.43,18.95,-9.03,1,1
16338.812,-0.009,0.584,0.951,-4.49,12.67,-4.3,1,1
16338.828,-0.016,0.545,0.956,-11.57,5.07,-2.17,1,1
16338.828,0.0,0.514,0.982,-14.47,-1.74,-1.13,1,1
16338.843,0.032,0.498,0.975,-10.74,-6.74,0.06,1,1
16338.843,0.049,0.483,0.932,-2.35,-6.99,1.43,1,1
16338.859,0.041,0.466,0.913,5.86,-4.79,1.43,1,1
16338.875,0.057,0.513,0.921,7.29,-3.66,0.0,1,1
16338.875,0.04,0.533,0.914,8.64,-0.92,-0.55,1,1
16338.89,0.036,0.533,0.901,6.87,0.27,-0.09,1,1
16338.906,0.04,0.537,0.885,2.72,-0.58,1.62,1,1
16338.906,0.039,0.525,0.868,0.18,-1.98,2.29,1,1
16338.921,0.055,0.509,0.858,-1.62,-4.18,2.38,1,1
16338.937,0.063,0.51,0.842,-1.98,-5.95,3.23,1,1
16338.937,0.062,0.512,0.847,-2.62,-6.23,4.61,1,1
16338.953,0.074,0.489,0.835,-4.3,-6.26,5.19,1,1
16338.968,0.073,0.5,0.835,-6.38,-4.91,5.1,1,1
16338.968,0.063,0.489,0.844,-7.6,-3.11,5.52,1,1
16338.984,0.055,0.48,0.853,-10.71,-3.51,5.34,1,1
16339.0,0.056,0.464,0.851,-10.71,-4.09,6.2,1,1
16339.0,0.055,0.458,0.849,-9.49,-3.94,6.26,1,1
16339.015,0.051,0.471,0.86,-9.55,-2.87,5.34,1,1
16339.015,0.047,0.467,0.866,-8.27,-2.01,4.79,1,1
16339.031,0.044,0.473,0.864,-6.29,-1.74,4.88,1,1
16339.046,0.044,0.481,0.857,-4.15,-1.56,5.62,1,1
16339.046,0.046,0.475,0.852,-1.34,-1.59,6.5,1,1
16339.062,0.051,0.481,0.847,1.98,-1.86,7.6,1,1
16339.078,0.041,0.497,0.844,4.39,-1.16,8.82,1,1
16339.078,0.047,0.507,0.843,4.97,0.27,10.16,1,1
16339.093,0.052,0.493,0.846,4.12,1.62,11.38,1,1
16339.109,0.06,0.496,0.848,2.56,2.87,12.51,1,1
16339.109,0.057,0.515,0.857,0.76,4.46,12.27,1,1
16339.125,0.036,0.518,0.87,-0.92,5.65,12.39,1,1
16339.125,0.016,0.54,0.893,-2.01,5.43,13.98,1,1
16339.14,-0.022,0.584,0.931,-1.16,3.72,16.75,1,1
16339.156,-0.059,0.614,0.965,2.44,-0.12,21.7,1,1
16339.156,-0.084,0.639,0.969,8.27,-6.68,28.75,1,1
16339.171,-0.11,0.666,0.965,16.82,-13.64,38.39,1,1
16339.187,-0.117,0.687,0.951,29.45,-20.75,48.16,1,1
16339.187,-0.111,0.709,0.923,46.63,-26.49,56.79,1,1
16339.203,-0.111,0.731,0.875,68.33,-28.17,64.58,1,1
16339.218,-0.084,0.746,0.809,90.27,-25.03,73.73,1,1
16339.218,-0.061,0.767,0.75,106.51,-16.79,85.33,1,1
16339.234,-0.042,0.775,0.71,112.89,-6.74,97.14,1,1
16339.234,-0.029,0.754,0.678,107.76,-0.18,106.3,1,1
16339.25,-0.002,0.711,0.655,91.46,1.37,112.06,1,1
16339.265,0.048,0.667,0.635,64.94,-0.46,113.28,1,1
16339.265,0.09,0.61,0.624,34.91,-1.92,110.69,1,1
16339.281,0.148,0.544,0.63,6.71,-0.24,105.84,1,1
16339.296,0.194,0.455,0.647,-14.31,5.22,99.19,1,1
16339.312,0.215,0.382,0.687,-36.68,17.27,82.09,1,1
16339.312,0.24,0.359,0.748,-34.64,22.37,76.08,1,1
16339.312,0.248,0.32,0.79,-28.26,24.87,71.08,1,1
16339.328,0.256,0.294,0.856,-22.86,24.78,67.57,1,1
16339.343,0.264,0.294,0.887,-20.84,21.21,62.75,1,1
16339.343,0.28,0.275,0.907,-23.01,13.4,55.42,1,1
16339.359,0.302,0.278,0.917,-28.66,3.27,46.82,1,1
16339.375,0.316,0.297,0.91,-36.04,-6.93,38.12,1,1
16339.39,0.334,0.285,0.894,-42.82,-15.35,31.01,1,1
16339.39,0.356,0.281,0.876,-47.24,-19.81,24.99,1,1
16339.406,0.372,0.282,0.84,-49.29,-19.5,18.34,1,1
16339.406,0.377,0.256,0.818,-48.92,-14.07,11.9,1,1
16339.421,0.382,0.221,0.793,-45.26,-5.55,5.31,1,1
16339.437,0.394,0.199,0.787,-40.68,5.07,-1.98,1,1
16339.437,0.392,0.202,0.794,-36.53,15.66,-10.13,1,1
16339.453,0.374,0.224,0.802,-32.9,23.93,-18.56,1,1
16339.468,0.339,0.247,0.805,-31.07,29.18,-24.54,1,1
16339.468,0.303,0.29,0.824,-32.72,31.31,-28.14,1,1
16339.484,0.271,0.337,0.851,-35.89,29.82,-29.36,1,1
16339.484,0.235,0.363,0.871,-39.12,25.48,-27.77,1,1
16339.5,0.21,0.368,0.884,-43.15,19.56,-23.22,1,1
16339.515,0.224,0.373,0.893,-45.17,14.19,-18.65,1,1
16339.515,0.224,0.366,0.893,-43.43,10.9,-16.72,1,1
16339.531,0.217,0.374,0.892,-40.07,10.28,-16.21,1,1
16339.546,0.212,0.389,0.894,-35.83,11.87,-16.11,1,1
16339.562,0.205,0.424,0.895,-31.07,15.05,-15.9,1,1
16339.562,0.179,0.456,0.933,-27.41,18.92,-14.34,1,1
16339.578,0.076,0.524,1.096,-22.28,18.07,-9.61,1,1
16339.578,0.106,0.494,1.144,-13.12,6.47,2.04,1,1
16339.593,0.199,0.486,1.073,-13.73,-7.75,8.3,1,1
16339.593,0.219,0.477,1.014,-17.3,-13.73,7.75,1,1
16339.609,0.226,0.416,0.974,-13.0,-12.6,9.7,1,1
16339.625,0.258,0.4,0.927,-5.01,-9.61,12.73,1,1
16339.625,0.263,0.413,0.889,2.14,-5.65,14.37,1,1
16339.64,0.244,0.411,0.859,6.9,-1.16,17.33,1,1
16339.656,0.255,0.415,0.854,7.63,2.08,21.7,1,1
16339.656,0.258,0.415,0.856,6.23,4.76,24.63,1,1
16339.671,0.246,0.4,0.868,4.09,6.07,25.51,1,1
16339.687,0.241,0.388,0.871,3.05,6.59,26.92,1,1
16339.687,0.231,0.393,0.856,2.62,7.97,29.39,1,1
16339.703,0.238,0.383,0.855,2.44,10.04,33.54,1,1
16339.718,0.257,0.403,0.878,4.36,13.18,33.94,1,1
16339.718,0.229,0.373,0.885,6.47,15.47,31.8,1,1
16339.734,0.214,0.359,0.908,5.49,15.29,31.1,1,1
16339.734,0.217,0.36,0.917,4.91,13.49,30.46,1,1
16339.75,0.211,0.353,0.919,3.72,11.63,29.39,1,1
16339.765,0.208,0.35,0.925,2.23,10.32,28.35,1,1
16339.765,0.211,0.347,0.928,1.19,9.28,27.62,1,1
16339.781,0.212,0.34,0.933,-0.24,8.39,26.22,1,1
16339.796,0.215,0.323,0.928,-1.65,7.45,24.57,1,1
16339.796,0.222,0.312,0.923,-1.8,7.32,22.83,1,1
16339.812,0.223,0.305,0.923,-0.12,8.36,21.82,1,1
16339.828,0.216,0.313,0.924,2.08,10.1,21.55,1,1
16339.828,0.214,0.323,0.931,3.11,11.63,21.15,1,1
16339.843,0.207,0.324,0.952,2.01,11.47,19.65,1,1
16339.843,0.192,0.33,0.975,-0.52,8.82,17.33,1,1
16339.859,0.185,0.324,0.982,-3.45,4.21,14.83,1,1
16339.875,0.196,0.305,0.97,-7.11,-0.61,11.44,1,1
16339.875,0.193,0.302,0.962,-10.53,-3.78,7.42,1,1
16339.89,0.188,0.299,0.954,-12.02,-5.07,4.21,1,1
16339.906,0.184,0.293,0.942,-11.6,-4.85,3.08,1,1
16339.906,0.181,0.286,0.933,-9.25,-3.78,3.27,1,1
16339.921,0.181,0.287,0.933,-6.41,-3.6,2.59,1,1
16339.921,0.18,0.288,0.931,-3.6,-4.33,1.1,1,1
16339.937,0.176,0.288,0.924,-1.92,-5.46,-0.27,1,1
16339.953,0.179,0.297,0.905,-1.68,-6.44,-1.01,1,1
16339.953,0.191,0.302,0.903,-2.2,-6.01,-1.43,1,1
16339.968,0.194,0.297,0.907,-2.84,-5.8,-3.81,1,1
16339.984,0.193,0.301,0.906,-3.11,-6.26,-6.65,1,1
16340.0,0.189,0.312,0.909,-2.01,-6.41,-8.03,1,1
16340.0,0.186,0.337,0.915,0.18,-6.04,-8.48,1,1
16340.015,0.175,0.359,0.92,2.5,-5.49,-7.75,1,1
16340.015,0.175,0.373,0.917,4.85,-5.13,-5.43,1,1
16340.031,0.178,0.391,0.917,5.62,-4.67,-3.54,1,1
16340.046,0.164,0.397,0.917,5.22,-4.21,-2.08,1,1
16340.046,0.176,0.392,0.925,4.46,-4.39,1.31,1,1
16340.062,0.191,0.426,0.914,5.8,-4.76,3.08,1,1
16340.078,0.176,0.411,0.893,7.02,-5.74,4.88,1,1
16340.078,0.195,0.415,0.866,6.81,-6.32,9.34,1,1
16340.093,0.219,0.423,0.836,5.83,-5.71,12.51,1,1
16340.093,0.227,0.404,0.83,3.08,-4.36,12.33,1,1
16340.109,0.226,0.389,0.854,-0.79,-2.75,11.17,1,1
16340.125,0.232,0.372,0.877,-3.42,-1.62,10.56,1,1
16340.14,0.231,0.36,0.893,-5.1,-0.79,9.98,1,1
16340.14,0.241,0.349,0.911,-5.16,0.09,9.77,1,1
16340.156,0.251,0.335,0.926,-4.97,0.61,7.87,1,1
16340.156,0.245,0.332,0.937,-4.94,0.4,3.75,1,1
16340.171,0.238,0.332,0.936,-5.16,-0.24,1.04,1,1
16340.187,0.238,0.323,0.931,-5.8,-0.79,-0.31,1,1
16340.187,0.238,0.313,0.926,-7.05,-1.13,-1.59,1,1
16340.203,0.238,0.316,0.923,-8.36,-1.31,-2.62,1,1
16340.218,0.24,0.309,0.916,-8.09,-1.16,-2.96,1,1
16340.218,0.242,0.308,0.918,-6.32,-0.55,-3.3,1,1
16340.234,0.236,0.319,0.917,-3.94,0.09,-4.18,1,1
16340.234,0.233,0.332,0.917,-1.89,0.31,-4.88,1,1
16340.25,0.227,0.353,0.92,-0.85,0.61,-5.04,1,1
16340.265,0.221,0.384,0.903,-1.53,0.73,-4.3,1,1
16340.281,0.21,0.398,0.913,-5.77,1.22,-2.81,1,1
16340.296,0.2,0.402,0.913,-8.58,0.43,-1.62,1,1
16340.296,0.203,0.394,0.898,-11.66,-0.21,-0.92,1,1
16340.312,0.211,0.359,0.882,-13.92,-1.01,-0.61,1,1
16340.312,0.218,0.338,0.868,-14.37,-1.74,-0.55,1,1
16340.328,0.221,0.317,0.864,-12.82,-1.62,-0.82,1,1
16340.343,0.22,0.314,0.874,-10.28,-0.64,-0.52,1,1
16340.343,0.22,0.318,0.885,-8.03,0.15,1.13,1,1
16340.359,0.222,0.321,0.89,-6.65,2.08,2.72,1,1
16340.375,0.218,0.322,0.911,-5.71,5.49,4.21,1,1
16340.375,0.215,0.327,0.938,-6.32,8.39,6.01,1,1
16340.39,0.213,0.323,0.947,-8.09,8.79,6.59,1,1
16340.406,0.215,0.312,0.943,-10.16,7.6,5.43,1,1
16340.406,0.213,0.299,0.928,-10.96,6.5,4.0,1,1
16340.421,0.209,0.297,0.911,-10.9,5.07,2.81,1,1
16340.437,0.197,0.238,0.89,-10.77,-4.36,2.59,1,1
16340.453,0.221,0.209,0.917,-8.24,-13.49,2.23,1,1
16340.453,0.262,0.225,0.924,-4.67,-20.11,0.49,1,1
16340.468,0.24,0.281,0.98,-2.96,-21.06,0.76,1,1
16340.484,0.302,0.279,1.003,-3.81,-19.99,1.86,1,1
16340.484,0.329,0.306,1.04,-8.03,-11.81,-0.46,1,1
16340.5,0.319,0.291,1.074,-10.04,1.83,-3.27,1,1
16340.515,0.318,0.26,1.08,-9.95,15.63,-5.65,1,1
16340.515,0.322,0.239,1.053,-7.69,28.14,-9.31,1,1
16340.531,0.289,0.229,1.039,-3.02,37.84,-15.08,1,1
16340.546,0.197,0.253,1.054,7.63,39.95,-20.26,1,1
16340.546,0.109,0.276,0.958,26.25,24.32,-18.19,1,1
16340.562,0.081,0.383,0.835,39.0,2.9,-15.5,1,1
16340.578,-0.038,0.465,0.866,43.49,-15.81,-8.39,1,1
16340.578,0.014,0.432,0.956,42.63,-39.09,5.31,1,1
16340.593,0.128,0.469,0.874,34.06,-60.06,15.9,1,1
16340.609,0.204,0.352,0.814,-12.73,-73.92,22.34,1,1
16340.625,0.318,0.334,0.786,-23.8,-68.27,19.26,1,1
16340.625,0.338,0.261,0.742,-18.59,-52.28,12.3,1,1
16340.64,0.329,0.237,0.725,-8.7,-32.84,6.87,1,1
16340.656,0.313,0.245,0.737,2.5,-17.3,1.68,1,1
16340.656,0.318,0.26,0.749,9.46,-7.42,-4.82,1,1
16340.671,0.306,0.292,0.749,9.86,-0.03,-11.26,1,1
16340.671,0.285,0.313,0.758,4.58,5.77,-15.78,1,1
16340.687,0.276,0.329,0.784,-3.45,10.38,-18.01,1,1
16340.703,0.277,0.325,0.812,-10.44,14.71,-18.8,1,1
16340.718,0.277,0.316,0.829,-15.69,20.14,-19.87,1,1
16340.718,0.267,0.309,0.869,-18.46,26.37,-21.79,1,1
16340.734,0.241,0.288,0.895,-17.61,30.67,-24.78,1,1
16340.734,0.219,0.293,0.921,-13.98,32.93,-25.67,1,1
16340.75,0.203,0.318,0.927,-8.45,33.45,-24.29,1,1
16340.765,0.186,0.348,0.926,-3.51,32.99,-21.94,1,1
16340.781,0.034,0.423,1.226,11.41,14.37,-1.89,1,1
16340.796,0.216,0.399,1.083,15.2,-11.26,6.13,1,1
16340.796,0.228,0.474,0.996,2.59,-20.14,2.23,1,1
16340.812,0.248,0.359,0.975,-2.99,-18.65,-0.15,1,1
16340.828,0.264,0.325,0.935,-0.43,-13.89,0.4,1,1
16340.828,0.256,0.324,0.915,4.3,-8.76,0.09,1,1
16340.843,0.249,0.341,0.926,7.48,-5.37,-0.64,1,1
16340.843,0.232,0.346,0.922,8.0,-4.67,-0.06,1,1
16340.859,0.221,0.344,0.927,6.1,-5.86,0.27,1,1
16340.875,0.224,0.335,0.918,5.34,-7.42,1.07,1,1
16340.89,0.228,0.337,0.913,5.19,-7.72,1.92,1,1
16340.89,0.227,0.341,0.899,4.3,-7.42,1.74,1,1
16340.906,0.228,0.345,0.898,2.66,-6.2,1.07,1,1
16340.906,0.224,0.336,0.908,1.59,-4.88,0.95,1,1
16340.921,0.225,0.329,0.905,1.43,-4.67,1.5,1,1
16340.937,0.233,0.331,0.904,1.25,-4.43,1.71,1,1
16340.953,0.24,0.319,0.909,2.56,-3.63,1.4,1,1
16340.953,0.247,0.325,0.906,3.72,-3.11,1.43,1,1
16340.968,0.249,0.329,0.9,4.91,-2.29,1.25,1,1
16340.984,0.252,0.331,0.896,5.22,-1.62,1.04,1,1
16340.984,0.251,0.333,0.897,4.49,-1.34,0.52,1,1
16341.0,0.249,0.335,0.896,3.23,-1.19,0.03,1,1
16341.015,0.248,0.336,0.902,2.32,-1.28,0.52,1,1
16341.015,0.247,0.333,0.905,2.38,-1.19,1.07,1,1
16341.031,0.243,0.338,0.913,2.32,-1.37,1.34,1,1
16341.046,0.24,0.34,0.918,2.35,-2.17,1.62,1,1
16341.046,0.24,0.336,0.917,2.69,-3.17,1.68,1,1
16341.062,0.239,0.341,0.914,3.17,-4.18,1.71,1,1
16341.078,0.246,0.335,0.908,3.48,-5.13,1.22,1,1
16341.078,0.245,0.33,0.903,3.66,-5.49,0.64,1,1
16341.093,0.248,0.329,0.903,3.91,-5.25,0.15,1,1
16341.109,0.251,0.334,0.899,4.03,-4.24,-0.43,1,1
16341.125,0.248,0.333,0.905,4.39,-2.75,-1.56,1,1
16341.125,0.249,0.337,0.905,4.27,-2.44,-1.62,1,1
16341.14,0.245,0.346,0.912,4.3,-2.53,-1.74,1,1
16341.156,0.24,0.347,0.911,4.21,-2.66,-1.95,1,1
16341.156,0.241,0.347,0.906,3.48,-2.87,-2.08,1,1
16341.171,0.237,0.351,0.904,2.69,-3.14,-2.56,1,1
16341.187,0.239,0.357,0.896,2.56,-3.42,-3.17,1,1
16341.187,0.238,0.353,0.888,2.9,-3.51,-3.14,1,1
16341.203,0.239,0.362,0.888,3.42,-2.99,-3.17,1,1
16341.203,0.235,0.365,0.882,4.52,-2.23,-2.59,1,1
16341.218,0.236,0.362,0.88,4.7,-1.98,-1.83,1,1
16341.234,0.234,0.368,0.88,3.63,-1.5,-1.59,1,1
16341.234,0.231,0.361,0.882,1.68,-0.79,-1.37,1,1
16341.25,0.232,0.355,0.889,-0.76,-0.21,-1.31,1,1
16341.265,0.233,0.349,0.891,-1.92,-0.55,-1.77,1,1
16341.265,0.235,0.341,0.89,-0.43,-0.79,-2.01,1,1
16341.281,0.241,0.339,0.884,2.01,-0.49,-2.41,1,1
16341.296,0.247,0.341,0.88,3.91,0.49,-2.59,1,1
16341.296,0.24,0.365,0.892,4.73,0.85,-2.41,1,1
16341.312,0.236,0.365,0.894,4.39,0.58,-1.8,1,1
16341.328,0.235,0.374,0.903,2.72,0.12,-1.07,1,1
16341.328,0.236,0.373,0.903,0.58,-0.58,-0.43,1,1
16341.343,0.245,0.373,0.904,-1.1,-1.19,-0.12,1,1
16341.343,0.244,0.363,0.906,-2.01,-1.13,-0.21,1,1
16341.359,0.244,0.362,0.915,-1.89,-1.68,-0.49,1,1
16341.375,0.252,0.352,0.904,-0.55,-2.53,-0.52,1,1
16341.375,0.259,0.348,0.898,0.03,-2.14,-0.82,1,1
16341.39,0.257,0.351,0.898,0.64,-1.01,-1.46,1,1
16341.406,0.25,0.353,0.901,0.67,-0.18,-1.86,1,1
16341.406,0.245,0.367,0.905,-0.43,0.43,-1.68,1,1
16341.421,0.241,0.364,0.906,-2.11,0.4,-0.98,1,1
16341.437,0.243,0.353,0.906,-3.63,-0.06,-0.61,1,1
16341.437,0.248,0.341,0.897,-3.6,-0.52,-0.67,1,1
16341.453,0.252,0.335,0.885,-1.92,-0.73,-1.07,1,1
16341.468,0.251,0.337,0.876,-0.49,-0.7,-1.22,1,1
16341.468,0.25,0.35,0.875,-0.37,-0.52,-1.04,1,1
16341.484,0.248,0.361,0.887,-0.95,-0.09,-0.89,1,1
16341.484,0.242,0.369,0.9,-2.11,0.09,-0.49,1,1
16341.5,0.24,0.368,0.909,-3.05,-0.21,0.27,1,1
16341.515,0.238,0.363,0.907,-3.75,-0.58,0.73,1,1
16341.515,0.241,0.36,0.904,-4.09,-1.04,0.73,1,1
16341.531,0.242,0.354,0.896,-3.88,-1.31,0.61,1,1
16341.546,0.236,0.356,0.892,-4.49,-1.1,0.67,1,1
16341.546,0.238,0.353,0.891,-5.86,-1.16,1.07,1,1
16341.562,0.242,0.346,0.89,-7.08,-1.28,1.19,1,1
16341.562,0.243,0.331,0.891,-7.45,-1.31,0.98,1,1
16341.578,0.245,0.32,0.896,-6.41,-1.62,0.7,1,1
16341.593,0.245,0.319,0.899,-4.21,-2.32,0.06,1,1
16341.593,0.246,0.322,0.896,-2.2,-2.66,-0.24,1,1
16341.609,0.251,0.342,0.902,-1.31,-2.23,0.24,1,1
16341.625,0.248,0.349,0.903,-1.13,-1.74,0.95,1,1
16341.64,0.24,0.344,0.885,-2.35,-2.17,1.34,1,1
16341.64,0.244,0.349,0.888,-4.94,-2.08,1.59,1,1
16341.656,0.238,0.357,0.895,-7.45,-2.11,1.4,1,1
16341.656,0.237,0.349,0.896,-9.16,-2.29,1.31,1,1
16341.671,0.242,0.346,0.903,-9.89,-2.32,0.89,1,1
16341.687,0.24,0.34,0.895,-9.52,-2.38,0.49,1,1
16341.687,0.244,0.352,0.878,-10.13,-2.08,0.15,1,1
16341.703,0.241,0.363,0.889,-12.27,-0.7,0.46,1,1
16341.703,0.24,0.347,0.896,-14.83,-1.16,2.14,1,1
16341.718,0.246,0.334,0.906,-18.25,-3.39,3.45,1,1
16341.734,0.235,0.303,0.931,-18.49,-7.17,4.73,1,1
16341.734,0.267,0.284,0.933,-17.67,-9.98,4.64,1,1
16341.75,0.28,0.298,0.966,-16.3,-6.87,2.38,1,1
16341.765,0.272,0.284,0.997,-11.14,-1.56,-0.43,1,1
16341.765,0.282,0.286,1.022,-3.66,4.55,-1.92,1,1
16341.781,0.29,0.297,1.023,4.39,10.22,-3.69,1,1
16341.796,0.286,0.299,1.011,10.44,14.4,-5.89,1,1
16341.812,0.227,0.334,0.986,18.59,23.71,-9.74,1,1
16341.812,0.184,0.339,0.963,23.29,17.24,-10.01,1,1
16341.828,0.187,0.351,0.87,24.96,4.36,-11.54,1,1
16341.843,0.137,0.405,0.854,22.92,-5.92,-11.69,1,1
16341.843,0.111,0.38,0.845,22.0,-17.21,-7.54,1,1
16341.859,0.128,0.385,0.888,17.15,-30.58,-1.34,1,1
16341.875,0.183,0.373,0.883,12.27,-43.34,3.97,1,1
16341.875,0.232,0.361,0.866,4.06,-51.45,7.54,1,1
16341.89,0.265,0.313,0.864,-2.62,-54.17,8.09,1,1
16341.906,0.297,0.283,0.853,-3.88,-52.4,6.41,1,1
16341.906,0.317,0.284,0.833,-0.7,-46.6,3.81,1,1
16341.921,0.313,0.294,0.843,4.33,-39.12,1.25,1,1
16341.937,0.287,0.313,0.873,8.76,-34.03,-0.49,1,1
16341.937,0.304,0.338,0.899,11.14,-33.02,-0.76,1,1
16341.953,0.309,0.361,0.906,12.97,-32.9,-0.95,1,1
16341.968,0.298,0.349,0.886,12.76,-32.17,-0.24,1,1
16341.984,0.359,0.381,0.836,5.28,-27.89,3.3,1,1
16341.984,0.374,0.362,0.822,-0.09,-23.07,1.83,1,1
16342.0,0.389,0.343,0.793,-5.16,-15.78,-0.55,1,1
16342.015,0.41,0.335,0.761,-9.16,-5.28,-2.69,1,1
16342.031,0.424,0.3,0.751,-11.41,8.51,-6.59,1,1
16342.031,0.397,0.293,0.748,-12.79,22.0,-12.73,1,1
16342.046,0.359,0.295,0.764,-12.76,32.9,-17.06,1,1
16342.046,0.21,0.38,0.944,-9.95,39.0,-17.27,1,1
16342.062,0.198,0.349,1.143,4.36,28.29,-6.71,1,1
16342.078,0.277,0.371,1.039,10.16,5.31,-1.98,1,1
16342.078,0.3,0.44,0.984,1.59,-6.87,-2.99,1,1
16342.093,0.323,0.38,0.952,-1.34,-8.85,-3.51,1,1
16342.093,0.331,0.374,0.886,0.82,-4.61,-1.43,1,1
16342.109,0.335,0.381,0.85,1.31,2.47,-1.1,1,1
16342.125,0.315,0.379,0.855,-0.52,8.09,-3.05,1,1
16342.125,0.292,0.374,0.866,-2.41,11.57,-3.88,1,1
16342.156,0.266,0.363,0.859,-3.66,11.78,-1.8,1,1
16342.156,0.268,0.358,0.848,-4.15,10.86,-1.28,1,1
16342.171,0.261,0.342,0.839,-4.79,10.8,-1.5,1,1
16342.187,0.259,0.335,0.85,-6.26,10.74,-1.89,1,1
16342.187,0.252,0.334,0.873,-6.35,10.35,-2.62,1,1
16342.203,0.23,0.347,0.921,-4.94,8.91,-2.56,1,1
16342.203,0.217,0.35,0.952,-2.38,4.49,-1.28,1,1
16342.218,0.234,0.346,0.95,-1.19,-1.22,0.37,1,1
16342.234,0.255,0.349,0.939,-1.71,-4.76,0.43,1,1
16342.234,0.259,0.34,0.93,-1.31,-5.22,-0.34,1,1
16342.25,0.261,0.33,0.907,0.55,-2.35,-0.67,1,1
16342.265,0.267,0.338,0.892,1.13,-0.27,-0.82,1,1
16342.281,0.268,0.343,0.883,1.56,0.73,-1.22,1,1
16342.281,0.257,0.341,0.874,1.83,0.52,-1.16,1,1
16342.296,0.264,0.339,0.868,1.86,-0.27,-1.01,1,1
16342.296,0.262,0.347,0.871,1.13,-0.4,-1.04,1,1
16342.328,0.264,0.353,0.87,-0.4,0.49,-0.12,1,1
16342.328,0.285,0.355,0.867,-2.32,2.11,-0.43,1,1
16342.343,0.26,0.357,0.904,-2.32,4.15,-0.98,1,1
16342.359,0.259,0.347,0.909,-0.37,3.81,-0.27,1,1
16342.359,0.269,0.356,0.905,-0.46,2.35,0.24,1,1
16342.375,0.269,0.345,0.904,-0.43,0.89,-0.61,1,1
16342.375,0.27,0.34,0.9,0.55,0.34,-1.19,1,1
16342.39,0.269,0.342,0.895,1.8,0.21,-1.25,1,1
16342.406,0.267,0.354,0.899,1.98,0.15,-1.4,1,1
16342.406,0.256,0.365,0.909,1.68,0.18,-1.04,1,1
16342.421,0.256,0.363,0.907,1.34,-0.49,-0.18,1,1
16342.437,0.26,0.364,0.906,0.37,-0.52,0.64,1,1
16342.437,0.255,0.357,0.908,0.43,0.61,1.37,1,1
16342.453,0.249,0.35,0.906,2.04,1.71,2.29,1,1
16342.468,0.242,0.354,0.9,4.43,1.77,2.93,1,1
16342.468,0.23,0.37,0.896,7.42,0.67,3.54,1,1
16342.484,0.207,0.37,0.874,9.61,-2.38,5.58,1,1
16342.484,0.225,0.367,0.89,5.68,-8.24,7.02,1,1
16342.5,0.175,0.372,0.98,4.52,-15.53,7.75,1,1
16342.515,0.185,0.385,0.98,11.32,-24.93,15.44,1,1
16342.515,0.254,0.392,0.957,14.07,-33.05,22.98,1,1
16342.531,0.289,0.378,0.929,13.67,-37.29,23.77,1,1
16342.546,0.317,0.37,0.882,11.51,-36.99,21.91,1,1
16342.546,0.34,0.351,0.852,8.48,-33.05,18.46,1,1
16342.562,0.344,0.341,0.838,5.28,-27.92,13.95,1,1
16342.578,0.338,0.342,0.828,3.17,-23.01,10.96,1,1
16342.578,0.345,0.334,0.811,3.2,-17.73,10.19,1,1
16342.593,0.36,0.333,0.793,4.03,-11.41,10.1,1,1
16342.593,0.371,0.327,0.788,4.36,-4.85,8.33,1,1
16342.609,0.383,0.318,0.763,2.78,1.74,3.81,1,1
16342.625,0.387,0.323,0.725,-3.08,9.34,-2.32,1,1
16342.625,0.33,0.34,0.708,-11.66,18.46,-8.51,1,1
16342.64,0.207,0.372,1.013,-15.99,21.18,-7.11,1,1
16342.656,0.314,0.299,1.031,-12.12,5.98,-4.15,1,1
16342.656,0.302,0.424,0.978,-24.05,-7.02,-5.83,1,1
16342.671,0.334,0.385,0.974,-36.59,-11.14,-4.91,1,1
16342.687,0.375,0.322,0.922,-42.66,-9.46,-4.43,1,1
16342.687,0.338,0.344,0.912,-45.38,-3.6,-6.29,1,1
16342.703,0.348,0.317,0.938,-43.55,0.76,-7.39,1,1
16342.703,0.328,0.317,0.925,-39.77,2.44,-8.42,1,1
16342.718,0.314,0.3,0.9,-34.97,2.59,-7.66,1,1
16342.734,0.323,0.269,0.871,-29.42,2.81,-6.07,1,1
16342.734,0.313,0.256,0.857,-25.3,3.66,-5.43,1,1
16342.75,0.302,0.246,0.851,-22.03,3.51,-5.65,1,1
16342.765,0.301,0.235,0.857,-19.41,2.69,-5.86,1,1
16342.765,0.3,0.237,0.869,-16.82,1.77,-6.74,1,1
16342.781,0.307,0.258,0.868,-13.82,1.28,-7.63,1,1
16342.796,0.315,0.285,0.872,-10.77,2.32,-8.03,1,1
16342.796,0.304,0.305,0.89,-8.91,3.63,-7.51,1,1
16342.812,0.31,0.334,0.918,-8.36,3.78,-5.95,1,1
16342.828,0.308,0.35,0.921,-7.75,2.81,-4.79,1,1
16342.828,0.314,0.358,0.913,-8.91,0.98,-4.09,1,1
16342.843,0.317,0.355,0.909,-10.01,-0.24,-3.14,1,1
16342.859,0.323,0.319,0.891,-10.38,-1.22,-2.96,1,1
16342.859,0.334,0.3,0.877,-11.81,-1.34,-4.61,1,1
16342.875,0.334,0.274,0.878,-12.6,-0.15,-6.62,1,1
16342.89,0.34,0.248,0.884,-12.45,2.17,-8.76,1,1
16342.89,0.338,0.233,0.895,-11.63,4.67,-12.12,1,1
16342.906,0.337,0.229,0.902,-10.25,6.47,-16.02,1,1
16342.906,0.329,0.225,0.916,-8.64,7.78,-19.47,1,1
16342.921,0.318,0.225,0.929,-6.74,7.78,-21.76,1,1
16342.937,0.307,0.228,0.931,-4.7,6.16,-23.01,1,1
16342.937,0.305,0.237,0.927,-2.32,4.27,-24.08,1,1
16342.953,0.298,0.251,0.922,0.0,2.78,-24.9,1,1
16342.953,0.296,0.274,0.911,1.4,2.17,-25.79,1,1
16342.968,0.298,0.285,0.92,1.56,3.11,-26.31,1,1
16342.984,0.289,0.295,0.929,1.62,4.79,-26.09,1,1
16342.984,0.292,0.306,0.925,1.04,6.44,-25.61,1,1
16343.0,0.286,0.315,0.929,-0.85,8.21,-25.7,1,1
16343.015,0.278,0.31,0.927,-2.44,9.49,-25.7,1,1
16343.015,0.273,0.306,0.918,-3.2,10.28,-25.24,1,1
16343.031,0.262,0.298,0.912,-4.09,10.44,-23.56,1,1
16343.046,0.262,0.306,0.904,-5.34,10.38,-21.61,1,1
16343.062,0.251,0.302,0.899,-6.84,10.47,-20.39,1,1
16343.062,0.245,0.295,0.928,-8.0,9.37,-18.52,1,1
16343.078,0.246,0.307,0.935,-5.22,7.78,-15.84,1,1
16343.078,0.245,0.309,0.927,-1.95,7.26,-13.37,1,1
16343.093,0.247,0.308,0.935,-1.07,7.6,-11.9,1,1
16343.093,0.245,0.308,0.931,-1.31,7.75,-11.96,1,1
16343.109,0.246,0.315,0.923,-3.97,8.33,-12.88,1,1
16343.125,0.232,0.317,0.929,-8.06,8.79,-12.91,1,1
16343.125,0.231,0.301,0.911,-10.32,8.42,-11.87,1,1
16343.14,0.237,0.271,0.903,-10.86,9.0,-11.63,1,1
16343.156,0.228,0.265,0.91,-10.28,10.59,-12.45,1,1
16343.156,0.222,0.269,0.908,-9.16,11.75,-12.57,1,1
16343.171,0.212,0.266,0.911,-8.48,12.79,-11.75,1,1
16343.187,0.204,0.282,0.939,-8.18,13.09,-9.61,1,1
16343.187,0.207,0.278,0.941,-6.41,12.27,-7.17,1,1
16343.203,0.219,0.27,0.936,-5.8,11.29,-6.71,1,1
16343.218,0.211,0.269,0.953,-5.95,9.92,-7.75,1,1
16343.218,0.209,0.283,0.954,-4.76,7.97,-7.54,1,1
16343.234,0.206,0.281,0.949,-1.56,4.43,-4.43,1,1
16343.234,0.209,0.293,0.936,0.43,4.46,-3.51,1,1
16343.25,0.215,0.297,0.916,2.11,5.68,-3.39,1,1
16343.265,0.197,0.304,0.91,2.01,5.62,-2.29,1,1
16343.265,0.191,0.302,0.901,0.09,4.88,0.24,1,1
16343.281,0.191,0.278,0.907,-2.32,4.15,2.2,1,1
16343.296,0.201,0.25,0.906,-5.71,2.2,3.02,1,1
16343.296,0.215,0.234,0.908,-9.64,1.04,1.89,1,1
16343.312,0.215,0.23,0.94,-11.6,1.92,1.04,1,1
16343.328,0.215,0.231,0.963,-10.01,1.83,1.22,1,1
16343.328,0.218,0.238,0.981,-7.17,1.19,1.98,1,1
16343.343,0.215,0.245,0.984,-3.75,0.58,2.41,1,1
16343.359,0.223,0.25,0.969,-1.31,0.0,2.66,1,1
16343.359,0.222,0.26,0.971,0.34,0.09,2.62,1,1
16343.375,0.213,0.262,0.96,2.44,-0.82,2.81,1,1
16343.375,0.227,0.256,0.939,3.57,-2.75,2.2,1,1
16343.39,0.223,0.261,0.921,4.18,-3.69,0.89,1,1
16343.406,0.213,0.269,0.916,5.49,-3.51,0.55,1,1
16343.406,0.21,0.287,0.919,6.26,-3.08,0.46,1,1
16343.421,0.194,0.296,0.933,5.4,-2.72,0.03,1,1
16343.437,0.196,0.306,0.944,4.06,-2.78,0.79,1,1
16343.437,0.198,0.3,0.941,2.66,-2.87,2.2,1,1
16343.453,0.201,0.279,0.944,1.01,-3.3,2.53,1,1
16343.453,0.206,0.269,0.946,0.73,-3.66,2.47,1,1
16343.468,0.206,0.274,0.932,1.1,-3.27,2.2,1,1
16343.484,0.197,0.281,0.942,0.24,-2.38,1.77,1,1
16343.484,0.181,0.283,0.965,-0.46,-3.39,0.58,1,1
16343.5,0.181,0.292,0.963,0.03,-5.52,0.09,1,1
16343.515,0.188,0.273,0.924,2.69,-4.52,-0.09,1,1
16343.531,0.193,0.272,0.92,4.39,-2.17,-0.21,1,1
16343.546,0.178,0.266,0.922,6.84,-1.25,-0.52,1,1
16343.546,0.182,0.276,0.903,8.24,-1.59,-0.06,1,1
16343.562,0.18,0.276,0.903,7.9,-1.19,0.21,1,1
16343.578,0.182,0.274,0.921,7.57,-1.16,0.4,1,1
16343.578,0.187,0.281,0.935,7.87,-2.26,0.4,1,1
16343.593,0.184,0.281,0.92,8.64,-4.67,-0.34,1,1
16343.593,0.203,0.284,0.894,9.22,-6.26,-0.76,1,1
16343.609,0.204,0.288,0.896,10.04,-5.95,-0.89,1,1
16343.625,0.207,0.291,0.895,11.38,-6.38,-0.37,1,1
16343.625,0.209,0.307,0.902,11.14,-8.09,-0.03,1,1
16343.64,0.219,0.306,0.902,10.56,-9.46,0.64,1,1
16343.656,0.23,0.307,0.92,9.7,-9.13,0.61,1,1
16343.656,0.229,0.305,0.93,9.13,-8.82,0.18,1,1
16343.671,0.242,0.311,0.922,8.27,-8.79,0.49,1,1
16343.687,0.25,0.309,0.926,5.16,-8.64,0.55,1,1
16343.703,0.261,0.308,0.93,3.75,-8.27,0.52,1,1
16343.703,0.256,0.295,0.932,3.23,-8.21,-0.31,1,1
16343.734,0.264,0.299,0.937,2.75,-7.72,-0.76,1,1
16343.734,0.262,0.297,0.942,3.36,-6.26,-0.61,1,1
16343.734,0.259,0.308,0.949,4.24,-4.43,-0.37,1,1
16343.75,0.244,0.31,0.957,5.22,-3.05,-0.4,1,1
16343.765,0.243,0.321,0.939,4.91,-2.35,-0.49,1,1
16343.765,0.235,0.314,0.936,4.27,-1.13,0.03,1,1
16343.781,0.234,0.308,0.918,5.01,-0.06,0.58,1,1
16343.796,0.235,0.31,0.907,4.61,0.67,0.67,1,1
16343.796,0.236,0.312,0.917,3.51,1.25,0.55,1,1
16343.812,0.238,0.321,0.923,3.33,2.26,0.64,1,1
16343.812,0.238,0.332,0.928,3.85,3.57,0.92,1,1
16343.828,0.234,0.346,0.934,4.06,5.52,1.22,1,1
16343.843,0.23,0.36,0.932,3.2,8.64,2.32,1,1
16343.859,0.237,0.355,0.902,-1.95,17.37,7.57,1,1
16343.875,0.246,0.347,0.903,-2.38,21.27,10.13,1,1
16343.875,0.246,0.339,0.898,0.76,25.09,13.52,1,1
16343.89,0.229,0.319,0.887,6.07,28.66,17.37,1,1
16343.906,0.209,0.269,0.877,10.86,32.53,20.51,1,1
16343.921,0.177,0.244,0.89,8.85,32.32,19.26,1,1
16343.921,0.142,0.215,0.941,6.13,27.71,14.04,1,1
16343.937,0.115,0.212,0.95,8.0,21.94,12.67,1,1
16343.937,0.074,0.233,0.979,11.44,15.08,13.49,1,1
16343.953,0.031,0.218,1.001,18.4,3.75,14.34,1,1
16343.968,0.013,0.243,1.042,26.49,-13.0,14.68,1,1
16343.968,-0.001,0.302,1.097,35.92,-33.88,16.17,1,1
16343.984,0.056,0.36,1.063,44.5,-56.12,21.85,1,1
16344.0,0.15,0.418,0.954,43.0,-72.51,27.04,1,1
16344.0,0.241,0.417,0.884,32.5,-76.45,28.41,1,1
16344.015,0.312,0.39,0.835,22.77,-69.06,26.73,1,1
16344.031,0.355,0.375,0.852,12.63,-42.24,20.84,1,1
16344.046,0.328,0.376,0.886,13.34,-33.69,18.13,1,1
16344.046,0.302,0.378,0.94,15.44,-32.26,16.17,1,1
16344.062,0.289,0.365,0.973,19.71,-36.23,15.93,1,1
16344.078,0.263,0.386,0.938,23.35,-42.18,18.49,1,1
16344.078,0.285,0.407,0.911,23.71,-48.71,23.83,1,1
16344.093,0.317,0.413,0.871,21.42,-54.69,26.83,1,1
16344.093,0.347,0.401,0.813,15.08,-56.79,27.25,1,1
16344.109,0.389,0.383,0.769,5.62,-53.56,26.46,1,1
16344.125,0.431,0.372,0.757,-2.35,-44.47,24.75,1,1
16344.125,0.447,0.348,0.753,-6.9,-31.92,23.1,1,1
16344.14,0.435,0.314,0.745,-8.94,-19.84,20.05,1,1
16344.156,0.426,0.274,0.741,-8.48,-10.01,15.47,1,1
16344.156,0.424,0.258,0.738,-6.41,-1.86,10.16,1,1
16344.171,0.42,0.244,0.735,-4.15,5.62,4.58,1,1
16344.187,0.415,0.239,0.734,-2.72,13.25,-0.89,1,1
16344.203,0.385,0.262,0.75,-6.53,24.9,-9.58,1,1
16344.203,0.374,0.264,0.79,-15.26,28.84,-15.66,1,1
16344.218,0.359,0.27,0.806,-17.12,29.42,-15.56,1,1
16344.234,0.329,0.278,0.83,-17.06,27.99,-14.44,1,1
16344.234,0.31,0.264,0.858,-15.93,23.9,-13.61,1,1
16344.25,0.119,0.311,1.286,-3.75,7.9,-6.38,1,1
16344.265,0.378,0.32,1.082,13.82,-20.08,2.17,1,1
16344.281,0.427,0.507,0.933,5.34,-22.95,-1.46,1,1
16344.281,0.399,0.368,0.941,-1.37,-12.76,-6.01,1,1
16344.296,0.376,0.361,0.934,-3.17,-5.49,-6.26,1,1
16344.296,0.362,0.405,0.889,-3.42,-2.35,-6.62,1,1
16344.312,0.348,0.374,0.882,-8.12,-2.41,-6.62,1,1
16344.312,0.336,0.336,0.867,-10.04,-3.66,-5.98,1,1
16344.328,0.339,0.326,0.831,-6.99,-3.78,-4.7,1,1
16344.343,0.334,0.321,0.817,-2.84,-2.69,-4.21,1,1
16344.343,0.329,0.327,0.821,-0.46,-1.74,-3.91,1,1
16344.375,0.321,0.344,0.851,0.52,-0.52,-1.92,1,1
16344.375,0.313,0.355,0.878,-0.27,-0.89,-0.82,1,1
16344.39,0.317,0.362,0.889,-0.61,-1.59,0.43,1,1
16344.406,0.326,0.364,0.889,-0.79,-1.86,1.28,1,1
16344.406,0.328,0.365,0.887,-0.92,-1.65,1.13,1,1
16344.421,0.327,0.369,0.875,-1.19,-1.16,0.79,1,1
16344.437,0.329,0.365,0.866,-1.92,-0.24,0.76,1,1
16344.437,0.329,0.353,0.862,-3.36,0.76,0.61,1,1
16344.453,0.325,0.338,0.864,-4.46,1.31,0.55,1,1
16344.453,0.324,0.328,0.874,-4.39,1.22,1.04,1,1
16344.468,0.329,0.319,0.882,-2.53,0.79,1.28,1,1
16344.484,0.328,0.311,0.879,0.06,0.52,0.79,1,1
16344.484,0.329,0.317,0.871,1.71,0.0,-0.37,1,1
16344.5,0.326,0.327,0.869,2.38,-0.24,-1.53,1,1
16344.515,0.322,0.334,0.872,2.32,-0.21,-1.98,1,1
16344.515,0.324,0.337,0.872,1.71,-0.09,-1.65,1,1
16344.531,0.325,0.34,0.881,0.79,-0.09,-1.46,1,1
16344.546,0.319,0.338,0.89,0.12,-0.34,-1.37,1,1
16344.546,0.326,0.345,0.899,-0.24,-0.67,-1.16,1,1
16344.562,0.321,0.356,0.906,-0.73,-0.89,-2.01,1,1
16344.578,0.315,0.374,0.916,-1.74,-1.31,-2.01,1,1
16344.578,0.318,0.378,0.912,-2.56,-1.46,-0.98,1,1
16344.593,0.316,0.359,0.892,-2.78,-1.13,-0.37,1,1
16344.593,0.316,0.338,0.879,-2.04,-0.58,-0.09,1,1
16344.609,0.309,0.328,0.875,-0.79,-0.15,0.06,1,1
16344.625,0.307,0.319,0.867,-0.18,-0.4,0.34,1,1
16344.625,0.306,0.318,0.862,-0.73,-0.85,0.73,1,1
16344.64,0.306,0.317,0.873,-1.53,-1.04,0.76,1,1
16344.656,0.311,0.321,0.879,-1.98,-1.22,0.73,1,1
16344.656,0.311,0.331,0.89,-2.44,-0.89,0.82,1,1
16344.671,0.312,0.337,0.895,-1.62,-0.31,1.19,1,1
16344.687,0.311,0.336,0.89,-0.7,0.15,1.71,1,1
16344.687,0.313,0.329,0.885,-0.31,0.27,1.62,1,1
16344.703,0.312,0.332,0.887,-0.37,-0.03,1.5,1,1
16344.718,0.316,0.338,0.881,-0.34,-0.67,1.74,1,1
16344.718,0.317,0.338,0.878,-0.89,-0.55,2.47,1,1
16344.734,0.319,0.332,0.876,-1.4,-0.31,3.17,1,1
16344.734,0.327,0.323,0.876,-2.14,-0.49,3.45,1,1
16344.75,0.333,0.32,0.88,-2.96,-1.19,2.44,1,1
16344.765,0.333,0.326,0.879,-2.72,-1.68,1.37,1,1
16344.765,0.331,0.33,0.882,-2.62,-1.95,1.13,1,1
16344.781,0.332,0.331,0.882,-3.05,-2.35,0.73,1,1
16344.796,0.333,0.33,0.882,-3.39,-2.38,0.21,1,1
16344.796,0.329,0.321,0.881,-2.96,-2.11,-0.52,1,1
16344.812,0.326,0.318,0.882,-2.38,-1.95,-1.13,1,1
16344.828,0.337,0.321,0.884,-1.92,-1.77,-1.28,1,1
16344.828,0.339,0.324,0.884,-1.07,-0.89,-1.53,1,1
16344.843,0.336,0.321,0.888,-0.12,-0.03,-1.74,1,1
16344.843,0.326,0.325,0.89,0.15,-0.18,-2.08,1,1
16344.859,0.325,0.333,0.883,-0.15,-1.01,-2.2,1,1
16344.875,0.36,0.319,0.775,-2.47,0.15,-2.14,1,1
16344.875,0.329,0.357,0.883,-8.88,5.65,-3.23,1,1
16344.89,0.297,0.323,0.904,-5.68,5.37,-1.89,1,1
16344.906,0.309,0.337,0.904,-7.11,2.17,-0.85,1,1
16344.906,0.306,0.328,0.924,-6.93,0.24,-1.25,1,1
16344.921,0.304,0.324,0.916,-4.06,-1.25,-0.27,1,1
16344.937,0.31,0.324,0.903,-2.32,-2.75,0.61,1,1
16344.937,0.317,0.319,0.893,-2.11,-3.57,0.76,1,1
16344.953,0.324,0.315,0.888,-2.08,-3.14,0.67,1,1
16344.953,0.326,0.308,0.888,-1.71,-2.38,1.04,1,1
16344.968,0.326,0.31,0.882,-0.95,-1.95,1.19,1,1
16344.984,0.331,0.32,0.875,-0.82,-1.92,1.13,1,1
16344.984,0.335,0.326,0.876,-0.95,-1.65,1.13,1,1
16345.0,0.334,0.332,0.876,-1.19,-1.22,0.89,1,1
16345.015,0.335,0.333,0.876,-1.77,-0.67,0.98,1,1
16345.015,0.337,0.321,0.879,-2.35,-0.06,0.85,1,1
16345.031,0.33,0.315,0.886,-2.99,0.03,0.49,1,1
16345.046,0.326,0.312,0.896,-2.41,-0.43,-0.03,1,1
16345.046,0.321,0.323,0.891,-0.09,-0.64,0.43,1,1
16345.062,0.321,0.33,0.886,0.89,-0.85,0.58,1,1
16345.078,0.312,0.33,0.895,-0.37,-1.59,0.09,1,1
16345.078,0.315,0.323,0.89,-1.34,-2.29,0.55,1,1
16345.093,0.319,0.312,0.884,-1.68,-2.11,1.19,1,1
16345.093,0.32,0.3,0.882,-1.4,-1.83,1.19,1,1
16345.109,0.318,0.302,0.89,-1.74,-1.86,0.64,1,1
16345.125,0.317,0.303,0.896,-2.53,-2.41,0.58,1,1
16345.125,0.323,0.304,0.889,-2.5,-2.93,0.85,1,1
16345.14,0.325,0.308,0.882,-2.17,-2.87,0.98,1,1
16345.156,0.324,0.318,0.882,-1.86,-2.72,1.1,1,1
16345.156,0.329,0.329,0.886,-1.98,-2.66,1.53,1,1
16345.171,0.337,0.332,0.885,-2.41,-2.26,1.89,1,1
16345.171,0.336,0.325,0.887,-2.66,-1.19,2.08,1,1
16345.187,0.33,0.314,0.901,-2.69,-0.46,2.17,1,1
16345.203,0.335,0.295,0.904,1.19,0.92,1.53,1,1
16345.203,0.329,0.284,0.904,5.92,2.66,1.59,1,1
16345.234,0.274,0.314,0.912,13.09,-0.82,2.41,1,1
16345.234,0.241,0.335,0.923,15.47,-7.29,4.18,1,1
16345.25,0.234,0.34,0.889,15.72,-16.21,8.09,1,1
16345.265,0.28,0.342,1.046,12.27,-27.13,12.51,1,1
16345.281,0.306,0.326,0.959,18.43,-38.24,14.95,1,1
16345.281,0.35,0.315,0.9,22.92,-40.77,18.86,1,1
16345.296,0.406,0.258,0.897,29.11,-37.42,19.01,1,1
16345.296,0.42,0.288,0.855,33.48,-32.11,14.68,1,1
16345.312,0.403,0.296,0.814,34.18,-25.33,10.62,1,1
16345.328,0.405,0.301,0.809,30.24,-19.53,8.51,1,1
16345.328,0.404,0.331,0.788,27.92,-14.65,7.23,1,1
16345.343,0.421,0.354,0.777,23.62,-9.89,5.65,1,1
16345.343,0.42,0.368,0.779,16.08,-5.19,2.14,1,1
16345.359,0.413,0.366,0.795,8.55,-0.58,-0.24,1,1
16345.375,0.401,0.367,0.814,4.43,3.91,-0.92,1,1
16345.39,0.392,0.379,0.836,3.51,7.11,-0.34,1,1
16345.406,0.381,0.39,0.855,6.93,11.63,1.34,1,1
16345.406,0.377,0.392,0.855,9.03,13.15,2.11,1,1
16345.421,0.371,0.372,0.851,8.51,13.86,1.68,1,1
16345.437,0.367,0.354,0.851,7.17,14.16,0.89,1,1
16345.437,0.364,0.352,0.846,6.47,15.05,0.52,1,1
16345.453,0.36,0.347,0.839,6.29,16.63,0.55,1,1
16345.453,0.359,0.353,0.837,5.46,18.1,0.55,1,1
16345.468,0.362,0.368,0.838,4.15,19.71,0.12,1,1
16345.484,0.36,0.374,0.834,2.41,21.82,-0.64,1,1
16345.484,0.359,0.367,0.828,0.03,24.48,-1.28,1,1
16345.5,0.361,0.371,0.823,-1.95,28.53,-0.98,1,1
16345.515,0.354,0.372,0.824,-4.24,33.2,-1.43,1,1
16345.515,0.34,0.357,0.838,-7.42,36.74,-2.96,1,1
16345.531,0.344,0.346,0.847,-10.5,39.03,-5.22,1,1
16345.546,0.338,0.337,0.846,-12.7,41.08,-9.16,1,1
16345.546,0.322,0.333,0.856,-14.53,43.12,-13.18,1,1
16345.562,0.26,0.348,0.887,-14.13,42.6,-17.7,1,1
16345.578,0.236,0.36,0.91,-14.01,38.33,-16.36,1,1
16345.593,0.228,0.357,0.918,-11.54,33.08,-12.94,1,1
16345.593,0.212,0.374,0.911,-8.45,28.38,-8.64,1,1
16345.609,0.171,0.385,0.983,-5.43,22.8,-2.75,1,1
16345.625,0.232,0.362,1.004,-1.8,11.51,2.72,1,1
16345.625,0.253,0.363,0.948,-0.92,2.17,3.36,1,1
16345.64,0.278,0.324,0.92,0.73,-1.31,2.44,1,1
16345.656,0.281,0.303,0.898,4.21,-1.16,1.04,1,1
16345.656,0.28,0.308,0.886,6.84,0.15,-0.09,1,1
16345.671,0.273,0.319,0.889,7.75,0.4,-1.37,1,1
16345.671,0.266,0.333,0.897,7.54,-0.92,-2.17,1,1
16345.687,0.275,0.344,0.889,6.78,-2.96,-2.17,1,1
16345.703,0.28,0.358,0.881,5.92,-4.12,-2.01,1,1
16345.703,0.288,0.366,0.873,5.55,-4.21,-1.8,1,1
16345.718,0.285,0.375,0.862,4.7,-3.51,-1.92,1,1
16345.734,0.283,0.385,0.861,3.08,-2.47,-1.56,1,1
16345.734,0.282,0.398,0.866,2.2,-1.28,-0.27,1,1
16345.75,0.278,0.395,0.87,1.43,-1.13,1.04,1,1
16345.765,0.276,0.391,0.871,0.06,-1.98,1.65,1,1
16345.765,0.278,0.379,0.879,-2.17,-3.2,1.22,1,1
16345.781,0.276,0.36,0.881,-3.78,-4.24,0.98,1,1
16345.796,0.275,0.342,0.885,-4.67,-5.13,1.34,1,1
16345.796,0.279,0.337,0.893,-5.04,-6.01,1.16,1,1
16345.812,0.282,0.339,0.896,-4.39,-6.87,0.49,1,1
16345.828,0.277,0.342,0.896,-3.42,-7.23,-0.27,1,1
16345.828,0.276,0.348,0.895,-2.35,-7.23,-0.06,1,1
16345.843,0.28,0.36,0.896,-1.59,-6.71,0.27,1,1
16345.843,0.279,0.358,0.889,-1.16,-6.38,-0.09,1,1
16345.859,0.278,0.365,0.876,-1.43,-6.1,-0.4,1,1
16345.875,0.277,0.376,0.872,-2.56,-5.52,0.12,1,1
16345.89,0.273,0.378,0.875,-4.15,-4.79,0.76,1,1
16345.89,0.271,0.368,0.876,-6.07,-4.46,1.28,1,1
16345.906,0.273,0.366,0.876,-8.21,-4.03,1.86,1,1
16345.906,0.267,0.358,0.886,-10.1,-3.85,1.89,1,1
16345.921,0.268,0.344,0.912,-12.12,-4.97,1.98,1,1
16345.937,0.278,0.336,0.913,-13.34,-6.9,1.5,1,1
16345.937,0.283,0.357,0.904,-13.55,-7.87,0.89,1,1
16345.953,0.305,0.352,0.928,-13.28,-6.56,0.98,1,1
16345.953,0.299,0.339,0.94,-13.0,-4.49,0.52,1,1
16345.968,0.297,0.296,0.908,-12.18,-6.23,-2.29,1,1
16345.984,0.328,0.27,0.906,-16.33,-9.06,-9.31,1,1
16345.984,0.315,0.276,0.904,-22.89,-10.86,-17.33,1,1
16346.0,0.318,0.313,0.888,-23.96,-11.17,-20.63,1,1
16346.015,0.323,0.365,0.86,-20.51,-8.64,-18.86,1,1
16346.015,0.313,0.397,0.854,-16.94,-3.17,-13.06,1,1
16346.031,0.312,0.381,0.88,-16.97,2.5,-5.52,1,1
16346.046,0.31,0.344,0.914,-19.93,7.35,-0.73,1,1
16346.062,0.306,0.284,0.909,-20.75,11.9,1.53,1,1
16346.062,0.317,0.241,0.911,-17.27,18.34,2.78,1,1
16346.078,0.313,0.227,0.941,-5.83,23.56,2.41,1,1
16346.078,0.299,0.224,0.901,11.29,23.56,0.49,1,1
16346.093,0.294,0.305,0.862,20.11,23.68,-0.76,1,1
16346.109,0.257,0.408,0.877,15.14,24.63,-0.43,1,1
16346.109,0.205,0.458,0.908,-0.27,19.87,1.83,1,1
16346.125,0.183,0.449,0.89,-19.32,8.79,4.0,1,1
16346.125,0.175,0.422,0.894,-36.74,-2.41,4.39,1,1
16346.14,0.158,0.376,0.899,-41.23,-13.31,2.99,1,1
16346.156,0.181,0.373,0.859,-37.42,-22.37,2.38,1,1
16346.156,0.214,0.373,0.865,-35.37,-23.32,2.87,1,1
16346.171,0.226,0.331,0.919,-34.09,-17.58,5.46,1,1
16346.187,0.268,0.216,0.944,-34.82,-1.71,15.11,1,1
16346.187,0.318,0.098,0.973,-30.85,6.87,13.15,1,1
16346.203,0.345,-0.011,1.003,-17.7,11.96,7.87,1,1
16346.203,0.358,-0.032,0.996,1.43,15.41,2.14,1,1
16346.218,0.309,0.1,0.973,21.49,17.67,-1.22,1,1
16346.234,0.279,0.196,0.95,38.97,16.85,-2.04,1,1
16346.234,0.252,0.298,0.948,50.26,12.42,-1.8,1,1
16346.25,0.213,0.359,0.898,55.91,4.3,-1.5,1,1
16346.265,0.234,0.425,0.794,52.31,-2.99,-1.19,1,1
16346.265,0.218,0.468,0.732,41.23,-3.51,0.43,1,1
16346.281,0.22,0.491,0.711,25.88,2.08,5.07,1,1
16346.296,0.223,0.48,0.755,8.91,9.98,11.23,1,1
16346.296,0.204,0.417,0.793,-7.48,12.63,14.89,1,1
16346.312,0.212,0.359,0.851,-19.38,9.95,17.52,1,1
16346.312,0.231,0.322,0.932,-23.13,6.04,19.04,1,1
16346.328,0.235,0.327,1.011,-23.74,-0.12,18.43,1,1
16346.343,0.257,0.312,1.035,-23.1,-9.0,15.9,1,1
16346.359,0.298,0.276,1.012,-21.49,-14.92,12.79,1,1
16346.359,0.323,0.236,0.999,-16.66,-15.35,9.34,1,1
16346.375,0.332,0.202,0.985,-6.32,-13.18,5.71,1,1
16346.375,0.331,0.202,0.971,4.85,-10.56,2.11,1,1
16346.39,0.315,0.215,0.961,13.21,-8.36,-1.46,1,1
16346.406,0.301,0.239,0.944,17.79,-7.97,-3.45,1,1
16346.406,0.292,0.265,0.926,19.75,-8.06,-3.78,1,1
16346.421,0.283,0.291,0.907,19.38,-8.27,-3.42,1,1
16346.437,0.27,0.314,0.893,17.21,-8.82,-2.53,1,1
16346.437,0.266,0.321,0.892,13.76,-9.95,-1.37,1,1
16346.453,0.263,0.32,0.887,10.56,-11.47,-0.06,1,1
16346.468,0.275,0.316,0.886,8.21,-12.6,1.01,1,1
16346.468,0.276,0.323,0.884,6.93,-12.88,1.71,1,1
16346.484,0.279,0.324,0.89,6.23,-12.67,2.75,1,1
16346.484,0.285,0.326,0.899,6.16,-12.05,3.57,1,1
16346.5,0.284,0.324,0.909,6.2,-11.2,3.63,1,1
16346.515,0.285,0.311,0.918,7.32,-10.35,3.69,1,1
16346.531,0.283,0.304,0.925,9.8,-9.83,4.09,1,1
16346.531,0.289,0.303,0.928,12.45,-9.46,4.79,1,1
16346.546,0.297,0.291,0.923,14.1,-9.34,4.85,1,1
16346.546,0.302,0.28,0.908,15.75,-9.09,4.03,1,1
16346.562,0.305,0.284,0.898,17.64,-8.64,2.59,1,1
16346.578,0.3,0.293,0.884,18.04,-8.76,0.95,1,1
16346.578,0.299,0.309,0.876,17.03,-9.74,-0.64,1,1
16346.593,0.298,0.332,0.876,14.56,-10.99,-1.31,1,1
16346.593,0.296,0.35,0.882,11.57,-11.75,-0.89,1,1
16346.609,0.296,0.347,0.883,8.73,-12.3,0.85,1,1
16346.625,0.302,0.341,0.879,6.47,-12.18,2.78,1,1
16346.64,0.308,0.34,0.876,5.34,-11.41,4.24,1,1
16346.64,0.316,0.334,0.886,4.91,-10.56,5.01,1,1
16346.656,0.311,0.321,0.898,5.04,-10.25,4.73,1,1
16346.656,0.318,0.315,0.905,5.95,-10.74,4.7,1,1
16346.671,0.322,0.324,0.911,6.96,-11.17,4.58,1,1
16346.687,0.322,0.327,0.913,8.85,-12.27,4.27,1,1
16346.687,0.326,0.33,0.896,10.53,-13.4,4.18,1,1
16346.703,0.335,0.328,0.88,11.87,-14.1,4.36,1,1
16346.703,0.341,0.328,0.863,12.7,-13.89,3.81,1,1
16346.718,0.343,0.33,0.855,12.21,-12.79,2.66,1,1
16346.734,0.345,0.346,0.854,10.9,-11.6,1.5,1,1
16346.75,0.343,0.347,0.851,8.73,-10.77,0.92,1,1
16346.75,0.344,0.352,0.846,6.16,-9.92,0.7,1,1
16346.765,0.34,0.363,0.85,4.0,-8.39,1.22,1,1
16346.765,0.341,0.369,0.863,2.66,-6.5,2.56,1,1
16346.781,0.335,0.363,0.875,2.35,-5.13,4.36,1,1
16346.796,0.332,0.353,0.884,3.23,-4.82,5.83,1,1
16346.796,0.329,0.35,0.894,4.36,-5.52,7.2,1,1
16346.812,0.334,0.35,0.893,5.43,-7.17,8.45,1,1
16346.828,0.341,0.34,0.869,7.32,-8.61,8.67,1,1
16346.828,0.346,0.343,0.85,9.22,-8.09,9.03,1,1
16346.843,0.344,0.354,0.85,8.88,-6.62,9.64,1,1
16346.843,0.344,0.359,0.864,7.17,-5.62,10.44,1,1
16346.859,0.346,0.357,0.866,6.2,-5.1,10.86,1,1
16346.875,0.34,0.344,0.86,6.44,-4.52,11.51,1,1
16346.875,0.342,0.332,0.87,6.84,-4.15,12.57,1,1
16346.89,0.345,0.33,0.881,7.54,-4.64,13.43,1,1
16346.906,0.35,0.322,0.873,10.32,-5.4,13.7,1,1
16346.906,0.357,0.332,0.863,13.64,-5.22,14.16,1,1
16346.921,0.359,0.355,0.874,13.76,-4.73,14.13,1,1
16346.937,0.371,0.358,0.868,13.21,-4.94,13.03,1,1
16346.937,0.377,0.352,0.852,13.92,-3.85,11.17,1,1
16346.953,0.378,0.36,0.862,13.76,-1.92,10.19,1,1
16346.953,0.381,0.368,0.875,11.63,-1.5,9.25,1,1
16346.968,0.386,0.342,0.865,10.68,-2.01,7.23,1,1
16346.984,0.386,0.314,0.842,11.75,-1.68,3.91,1,1
16346.984,0.372,0.329,0.829,11.54,-2.41,0.55,1,1
16347.0,0.351,0.365,0.834,8.76,-5.55,-2.56,1,1
16347.015,0.322,0.382,0.839,5.89,-11.41,-4.06,1,1
16347.015,0.328,0.372,0.857,1.25,-20.97,-4.73,1,1
16347.031,0.396,0.373,0.849,-2.96,-29.91,-7.32,1,1
16347.046,0.427,0.387,0.808,-6.23,-30.7,-10.62,1,1
16347.046,0.43,0.366,0.784,-8.64,-25.21,-13.34,1,1
16347.062,0.431,0.356,0.78,-9.13,-16.42,-14.95,1,1
16347.078,0.425,0.378,0.796,-9.22,-7.02,-15.53,1,1
16347.078,0.4,0.414,0.814,-10.04,1.65,-14.86,1,1
16347.093,0.365,0.421,0.827,-11.47,7.51,-12.09,1,1
16347.109,0.351,0.392,0.835,-14.01,9.58,-9.4,1,1
16347.109,0.349,0.377,0.85,-16.72,9.13,-8.24,1,1
16347.125,0.352,0.368,0.868,-18.92,7.11,-8.0,1,1
16347.125,0.359,0.343,0.877,-19.87,4.33,-7.48,1,1
16347.14,0.376,0.327,0.866,-19.53,1.95,-7.81,1,1
16347.156,0.388,0.323,0.853,-18.49,1.8,-9.95,1,1
16347.156,0.38,0.327,0.856,-14.25,6.59,-11.32,1,1
16347.171,0.361,0.348,0.857,-11.38,9.8,-7.72,1,1
16347.187,0.32,0.375,0.873,-7.78,9.0,-2.08,1,1
16347.187,0.266,0.38,0.981,-1.89,-0.98,0.34,1,1
16347.203,0.337,0.325,0.933,4.76,-6.59,-0.37,1,1
16347.218,0.354,0.318,0.896,14.5,-6.5,1.83,1,1
16347.218,0.358,0.324,0.863,22.83,-3.57,2.47,1,1
16347.234,0.339,0.357,0.853,24.93,-0.15,2.72,1,1
16347.234,0.336,0.363,0.861,22.55,0.76,3.54,1,1
16347.25,0.334,0.353,0.858,20.69,0.73,5.25,1,1
16347.265,0.341,0.358,0.85,19.41,0.37,8.09,1,1
16347.265,0.349,0.372,0.842,18.34,-0.03,10.62,1,1
16347.281,0.362,0.367,0.823,17.49,-0.52,11.35,1,1
16347.296,0.37,0.361,0.81,15.05,-0.85,10.32,1,1
16347.296,0.377,0.367,0.812,10.71,-0.27,9.37,1,1
16347.312,0.384,0.374,0.815,6.59,1.01,8.94,1,1
16347.328,0.389,0.37,0.822,2.44,2.17,7.9,1,1
16347.328,0.385,0.364,0.838,-1.19,2.87,6.16,1,1
16347.343,0.378,0.363,0.858,-2.81,2.62,4.3,1,1
16347.343,0.368,0.364,0.865,-1.86,1.34,3.11,1,1
16347.359,0.366,0.369,0.852,1.1,0.49,3.17,1,1
16347.375,0.364,0.379,0.844,3.05,0.52,3.08,1,1
16347.375,0.354,0.375,0.841,3.23,0.89,2.69,1,1
16347.39,0.352,0.377,0.835,2.47,1.31,3.27,1,1
16347.406,0.353,0.377,0.836,1.77,1.31,4.0,1,1
16347.406,0.355,0.384,0.845,0.61,1.16,4.55,1,1
16347.421,0.358,0.392,0.842,-0.55,0.73,4.91,1,1
16347.437,0.367,0.384,0.837,-1.77,0.43,5.46,1,1
16347.437,0.376,0.38,0.837,-2.99,1.16,6.04,1,1
16347.453,0.375,0.372,0.845,-4.39,2.17,5.62,1,1
16347.453,0.372,0.355,0.856,-5.71,2.84,4.76,1,1
16347.468,0.369,0.348,0.863,-6.44,2.62,3.88,1,1
16347.484,0.362,0.34,0.871,-6.04,2.14,2.87,1,1
16347.484,0.355,0.342,0.875,-4.58,2.01,2.9,1,1
16347.5,0.347,0.353,0.88,-2.2,2.29,4.39,1,1
16347.515,0.344,0.354,0.871,0.61,2.62,6.26,1,1
16347.515,0.349,0.351,0.862,2.26,2.96,7.97,1,1
16347.531,0.353,0.35,0.859,3.02,3.11,8.55,1,1
16347.546,0.356,0.356,0.86,3.2,2.5,8.09,1,1
16347.546,0.361,0.363,0.85,3.17,1.16,7.17,1,1
16347.562,0.368,0.371,0.841,2.17,-0.67,5.37,1,1
16347.578,0.381,0.376,0.821,0.52,-1.89,2.53,1,1
16347.578,0.378,0.379,0.82,-2.62,-2.38,0.06,1,1
16347.593,0.376,0.381,0.835,-5.68,-2.38,-1.16,1,1
16347.593,0.372,0.38,0.839,-8.24,-2.44,-1.01,1,1
16347.609,0.379,0.367,0.835,-11.29,-2.56,-1.28,1,1
16347.625,0.387,0.346,0.86,-13.82,-1.28,-2.35,1,1
16347.625,0.379,0.319,0.879,-13.37,0.7,-3.66,1,1
16347.64,0.375,0.303,0.88,-10.9,1.62,-5.25,1,1
16347.656,0.369,0.307,0.9,-8.36,2.14,-6.59,1,1
16347.656,0.365,0.335,0.903,-4.94,1.65,-7.66,1,1
16347.671,0.361,0.359,0.871,-3.05,-0.06,-9.49,1,1
16347.687,0.343,0.377,0.866,-4.18,-2.04,-10.96,1,1
16347.687,0.32,0.381,0.873,-8.76,-6.13,-10.01,1,1
16347.703,0.314,0.365,0.883,-17.55,-12.09,-7.17,1,1
16347.703,0.339,0.35,0.867,-25.3,-16.72,-2.41,1,1
16347.718,0.328,0.34,0.868,-31.1,-18.62,0.4,1,1
16347.734,0.385,0.299,0.88,-30.79,-18.65,2.56,1,1
16347.734,0.426,0.289,0.878,-24.87,-13.31,2.81,1,1
16347.75,0.428,0.268,0.885,-13.92,-3.94,1.34,1,1
16347.765,0.412,0.266,0.88,-1.62,5.49,-0.06,1,1
16347.765,0.385,0.302,0.864,7.23,12.54,-1.13,1,1
16347.781,0.361,0.328,0.84,13.15,14.47,-1.77,1,1
16347.796,0.342,0.36,0.789,19.01,14.01,-1.4,1,1
16347.796,0.323,0.438,0.78,19.96,11.38,0.21,1,1
16347.812,0.291,0.483,0.819,14.95,5.1,2.87,1,1
16347.828,0.346,0.463,0.762,6.41,-2.29,6.44,1,1
16347.828,0.34,0.447,0.755,-7.2,-3.88,8.3,1,1
16347.843,0.341,0.361,0.789,-16.63,-3.23,10.1,1,1
16347.859,0.343,0.324,0.817,-20.84,-2.38,11.63,1,1
16347.859,0.346,0.307,0.84,-22.95,-1.43,11.96,1,1
16347.875,0.349,0.281,0.888,-25.64,-1.53,10.68,1,1
16347.875,0.358,0.253,0.931,-26.61,-3.17,8.36,1,1
16347.89,0.371,0.237,0.948,-24.6,-6.78,5.49,1,1
16347.906,0.393,0.235,0.946,-21.61,-10.13,2.44,1,1
16347.906,0.422,0.245,0.942,-16.82,-10.56,-0.55,1,1
16347.921,0.439,0.253,0.944,-10.71,-8.03,-2.93,1,1
16347.937,0.449,0.264,0.936,-3.72,-3.85,-4.7,1,1
16347.937,0.439,0.279,0.927,2.04,0.79,-7.26,1,1
16347.953,0.419,0.282,0.902,7.6,4.64,-10.83,1,1
16347.953,0.401,0.291,0.878,11.29,6.87,-13.86,1,1
16347.968,0.382,0.314,0.871,11.6,8.33,-15.29,1,1
16347.984,0.369,0.333,0.84,10.1,9.03,-15.96,1,1
16348.0,0.386,0.34,0.791,5.19,11.51,-16.42,1,1
16348.0,0.35,0.346,0.833,-0.06,15.38,-16.48,1,1
16348.015,0.331,0.333,0.84,-3.72,16.21,-15.11,1,1
16348.015,0.332,0.34,0.857,-8.12,15.44,-13.64,1,1
16348.031,0.321,0.339,0.888,-9.77,13.82,-12.57,1,1
16348.046,0.302,0.342,0.912,-8.39,10.59,-10.07,1,1
16348.046,0.301,0.336,0.915,-5.52,6.78,-5.52,1,1
16348.062,0.309,0.325,0.908,-2.93,3.75,-1.13,1,1
16348.062,0.318,0.316,0.902,-1.13,1.28,0.85,1,1
16348.078,0.328,0.304,0.891,0.0,-0.09,0.76,1,1
16348.093,0.335,0.296,0.883,0.67,0.0,0.06,1,1
16348.093,0.335,0.298,0.887,1.1,0.82,-0.24,1,1
16348.109,0.339,0.301,0.889,1.59,1.31,-0.34,1,1
16348.125,0.34,0.3,0.89,2.08,1.86,-0.95,1,1
16348.125,0.344,0.297,0.888,2.72,1.92,-2.01,1,1
16348.14,0.345,0.303,0.886,3.3,2.2,-3.11,1,1
16348.156,0.343,0.31,0.888,4.73,3.85,-4.24,1,1
16348.156,0.337,0.312,0.887,5.19,4.09,-4.82,1,1
16348.171,0.338,0.317,0.885,5.68,3.75,-5.62,1,1
16348.187,0.328,0.335,0.873,5.58,3.14,-5.46,1,1
16348.187,0.33,0.338,0.865,4.39,2.29,-4.82,1,1
16348.203,0.329,0.343,0.869,2.84,1.62,-3.88,1,1
16348.203,0.339,0.34,0.858,0.92,1.5,-2.72,1,1
16348.218,0.322,0.344,0.891,-0.79,1.53,-1.89,1,1
16348.234,0.328,0.332,0.881,0.67,-0.06,-0.34,1,1
16348.234,0.339,0.321,0.872,0.31,-0.85,-0.21,1,1
16348.25,0.336,0.307,0.881,0.64,-0.49,-0.98,1,1
16348.265,0.334,0.304,0.882,1.95,-0.64,-1.53,1,1
16348.281,0.335,0.312,0.879,2.38,-1.19,-1.92,1,1
16348.281,0.334,0.312,0.885,1.77,-1.59,-2.84,1,1
16348.296,0.333,0.316,0.886,2.35,-1.71,-3.27,1,1
16348.296,0.333,0.336,0.884,2.93,-1.5,-2.66,1,1
16348.312,0.329,0.343,0.885,2.66,-0.95,-2.35,1,1
16348.328,0.332,0.33,0.86,1.86,-0.64,-1.46,1,1
16348.328,0.352,0.335,0.855,-1.31,1.83,-1.25,1,1
16348.343,0.306,0.324,0.91,-1.13,3.45,-1.71,1,1
16348.359,0.327,0.323,0.888,-0.03,0.85,-0.21,1,1
16348.359,0.334,0.331,0.889,-0.18,-0.49,0.24,1,1
16348.375,0.335,0.324,0.882,1.01,-1.25,0.46,1,1
16348.375,0.343,0.332,0.875,0.98,-1.77,0.46,1,1
16348.39,0.339,0.329,0.882,0.37,-1.65,-0.21,1,1
16348.406,0.336,0.331,0.88,0.43,-1.56,-0.76,1,1
16348.406,0.332,0.328,0.878,0.06,-1.62,-1.62,1,1
16348.421,0.331,0.317,0.879,-0.67,-2.14,-2.53,1,1
16348.437,0.325,0.314,0.882,-1.28,-2.38,-3.36,1,1
16348.437,0.324,0.313,0.858,-1.46,-2.56,-3.69,1,1
16348.453,0.358,0.317,0.85,-3.81,-0.64,-3.91,1,1
16348.468,0.308,0.336,0.918,-3.63,1.22,-4.64,1,1
16348.468,0.322,0.331,0.895,-1.5,-0.85,-3.51,1,1
16348.484,0.331,0.34,0.894,-2.11,-0.98,-3.05,1,1
16348.484,0.326,0.325,0.883,-0.49,-0.15,-3.6,1,1
16348.5,0.326,0.329,0.877,0.67,0.64,-3.81,1,1
16348.515,0.323,0.338,0.879,0.73,1.04,-4.09,1,1
16348.515,0.32,0.342,0.872,1.07,0.92,-4.03,1,1
16348.531,0.319,0.35,0.875,1.04,0.85,-3.05,1,1
16348.546,0.323,0.349,0.876,0.76,0.49,-1.46,1,1
16348.546,0.324,0.341,0.874,-0.4,-0.34,0.03,1,1
16348.562,0.333,0.332,0.866,-1.83,-1.16,0.76,1,1
16348.578,0.333,0.323,0.868,-2.62,-1.43,0.4,1,1
16348.578,0.329,0.325,0.877,-3.45,-1.71,-0.12,1,1
16348.593,0.328,0.321,0.886,-4.33,-2.35,-0.43,1,1
16348.609,0.326,0.316,0.896,-5.13,-2.96,-0.73,1,1
16348.609,0.333,0.308,0.895,-4.85,-3.48,-1.31,1,1
16348.625,0.331,0.304,0.897,-3.88,-3.17,-1.89,1,1
16348.625,0.33,0.302,0.901,-2.81,-3.05,-2.59,1,1
16348.64,0.333,0.311,0.901,-1.31,-2.84,-3.3,1,1
16348.656,0.331,0.317,0.893,0.79,-1.92,-3.45,1,1
16348.656,0.327,0.321,0.884,2.59,-0.95,-3.36,1,1
16348.671,0.325,0.328,0.882,3.85,-0.31,-2.78,1,1
16348.687,0.325,0.339,0.879,4.36,0.12,-1.98,1,1
16348.687,0.326,0.346,0.869,4.15,0.37,-1.5,1,1
16348.703,0.326,0.348,0.865,3.11,0.21,-0.89,1,1
16348.718,0.328,0.346,0.866,1.83,-0.03,-0.21,1,1
16348.718,0.325,0.341,0.875,0.85,-0.06,0.58,1,1
16348.734,0.323,0.33,0.88,0.34,-0.34,1.1,1,1
16348.734,0.326,0.316,0.881,0.34,-0.64,1.13,1,1
16348.75,0.326,0.311,0.883,0.67,-0.98,0.49,1,1
16348.765,0.325,0.313,0.884,0.95,-1.07,-0.18,1,1
16348.765,0.325,0.323,0.897,1.43,-0.76,-0.46,1,1
16348.781,0.319,0.329,0.898,2.14,-0.95,-0.64,1,1
16348.796,0.325,0.328,0.895,2.35,-1.43,-0.34,1,1
16348.796,0.327,0.324,0.889,2.47,-1.5,-0.31,1,1
16348.812,0.326,0.324,0.881,2.69,-1.22,-0.18,1,1
16348.812,0.324,0.339,0.877,2.59,-0.73,0.55,1,1
16348.828,0.324,0.342,0.871,2.17,-0.55,1.19,1,1
16348.843,0.328,0.343,0.87,1.25,-0.64,1.5,1,1
16348.859,0.328,0.338,0.871,0.92,-0.61,1.65,1,1
16348.859,0.327,0.338,0.874,1.1,-0.4,1.86,1,1
16348.875,0.332,0.334,0.876,0.82,-0.52,2.01,1,1
16348.89,0.334,0.328,0.881,0.49,-0.55,1.68,1,1
16348.89,0.334,0.323,0.884,0.64,-0.49,1.04,1,1
16348.906,0.33,0.326,0.891,1.19,-0.64,0.4,1,1
16348.906,0.327,0.332,0.89,1.98,-0.67,0.58,1,1
16348.921,0.324,0.327,0.888,2.62,-0.43,0.73,1,1
16348.937,0.321,0.32,0.884,3.23,-0.27,0.46,1,1
16348.937,0.319,0.324,0.884,3.51,-0.61,0.12,1,1
16348.953,0.323,0.332,0.882,3.51,-1.16,0.15,1,1
16348.968,0.325,0.333,0.882,3.23,-1.68,0.09,1,1
16348.968,0.326,0.334,0.88,2.87,-2.23,0.15,1,1
16348.984,0.331,0.335,0.881,2.69,-2.72,0.12,1,1
16348.984,0.332,0.335,0.878,2.32,-2.78,-0.15,1,1
16349.0,0.332,0.334,0.875,2.62,-2.78,-0.55,1,1
16349.015,0.334,0.336,0.87,2.93,-2.87,-0.92,1,1
16349.015,0.336,0.342,0.876,2.78,-2.69,-1.31,1,1
16349.031,0.334,0.343,0.878,3.11,-2.5,-1.28,1,1
16349.046,0.332,0.341,0.874,3.17,-2.56,-0.76,1,1
16349.046,0.333,0.338,0.88,3.08,-2.62,-0.27,1,1
16349.062,0.333,0.33,0.883,3.6,-2.84,-0.46,1,1
16349.078,0.333,0.325,0.884,4.55,-3.42,-0.82,1,1
16349.078,0.334,0.326,0.887,5.77,-4.0,-1.25,1,1
16349.093,0.333,0.326,0.887,7.42,-4.61,-2.01,1,1
16349.109,0.331,0.327,0.881,8.91,-5.25,-3.2,1,1
16349.109,0.326,0.336,0.869,9.37,-5.83,-4.12,1,1
16349.125,0.33,0.354,0.866,8.3,-6.07,-4.49,1,1
16349.125,0.329,0.368,0.862,5.28,-5.34,-3.72,1,1
16349.14,0.323,0.367,0.858,2.96,-5.46,-3.14,1,1
16349.156,0.327,0.366,0.862,1.65,-5.65,-2.32,1,1
16349.156,0.328,0.364,0.863,0.98,-5.86,-1.37,1,1
16349.171,0.341,0.353,0.869,0.37,-5.55,-0.95,1,1
16349.187,0.344,0.347,0.87,0.37,-5.1,-1.04,1,1
16349.187,0.348,0.344,0.868,0.49,-4.82,-1.19,1,1
16349.203,0.352,0.346,0.868,0.92,-4.12,-1.31,1,1
16349.203,0.351,0.346,0.869,1.53,-3.17,-1.77,1,1
16349.218,0.348,0.346,0.869,1.89,-2.47,-2.41,1,1
16349.234,0.341,0.348,0.869,2.26,-2.17,-2.93,1,1
16349.234,0.336,0.348,0.866,2.35,-1.98,-3.54,1,1
16349.25,0.332,0.351,0.864,2.26,-2.04,-3.85,1,1
16349.265,0.327,0.354,0.864,1.92,-2.44,-3.91,1,1
16349.265,0.328,0.357,0.861,1.34,-2.84,-3.66,1,1
16349.281,0.329,0.36,0.862,0.43,-2.72,-3.2,1,1
16349.296,0.329,0.361,0.861,-0.4,-2.38,-2.5,1,1
16349.296,0.332,0.356,0.866,-0.98,-2.01,-1.92,1,1
16349.312,0.334,0.355,0.87,-1.28,-1.74,-1.5,1,1
16349.328,0.334,0.36,0.867,-1.16,-1.46,-0.89,1,1
16349.328,0.34,0.356,0.869,-0.95,-1.13,-0.4,1,1
16349.343,0.342,0.35,0.872,-0.82,-1.07,-0.4,1,1
16349.343,0.346,0.35,0.868,-0.24,-1.01,-0.24,1,1
16349.359,0.349,0.35,0.869,0.21,-0.76,-0.37,1,1
16349.375,0.348,0.348,0.871,0.49,-0.58,-0.95,1,1
16349.375,0.343,0.347,0.869,0.85,-0.34,-1.5,1,1
16349.39,0.341,0.353,0.868,1.16,-0.15,-1.65,1,1
16349.406,0.34,0.357,0.869,1.19,0.21,-1.43,1,1
16349.406,0.335,0.351,0.868,1.19,0.58,-1.56,1,1
16349.421,0.329,0.352,0.867,1.01,0.64,-1.68,1,1
16349.437,0.328,0.357,0.869,0.89,0.37,-1.46,1,1
16349.437,0.327,0.357,0.868,0.82,0.18,-1.16,1,1
16349.453,0.323,0.357,0.872,0.73,-0.24,-0.95,1,1
16349.468,0.327,0.36,0.873,0.79,-0.85,-0.46,1,1
16349.468,0.334,0.362,0.865,1.01,-1.01,0.12,1,1
16349.484,0.335,0.355,0.862,1.04,-0.82,0.21,1,1
16349.484,0.337,0.352,0.863,0.79,-0.64,0.06,1,1
16349.5,0.341,0.352,0.864,0.67,-0.76,-0.37,1,1
16349.515,0.344,0.356,0.865,0.7,-0.85,-0.7,1,1
16349.515,0.341,0.357,0.865,0.82,-0.7,-0.92,1,1
16349.531,0.34,0.354,0.868,0.76,-0.52,-1.1,1,1
16349.546,0.34,0.355,0.869,0.76,-0.58,-1.1,1,1
16349.562,0.335,0.359,0.866,0.95,-0.27,-0.7,1,1
16349.562,0.336,0.359,0.866,0.98,-0.12,-0.27,1,1
16349.578,0.337,0.353,0.865,0.95,-0.24,-0.37,1,1
16349.578,0.333,0.352,0.865,0.49,-0.24,-0.55,1,1
16349.593,0.334,0.355,0.867,0.31,-0.37,-0.58,1,1
16349.593,0.334,0.354,0.866,0.37,-0.58,-0.64,1,1
16349.609,0.336,0.353,0.867,0.43,-0.61,-0.79,1,1
16349.625,0.332,0.357,0.868,0.52,-0.37,-1.04,1,1
16349.64,0.332,0.361,0.869,0.49,-0.27,-0.95,1,1
16349.64,0.331,0.361,0.867,0.43,-0.46,-0.92,1,1
16349.656,0.329,0.359,0.864,0.55,-0.4,-1.07,1,1
16349.656,0.328,0.359,0.865,0.34,-0.43,-0.82,1,1
16349.671,0.332,0.36,0.863,-0.06,-0.82,-0.7,1,1
16349.687,0.333,0.36,0.863,-0.46,-1.04,-0.64,1,1
16349.687,0.335,0.36,0.867,-0.64,-0.73,-0.76,1,1
16349.703,0.331,0.358,0.875,-0.46,-0.61,-0.67,1,1
16349.718,0.331,0.359,0.874,0.09,-0.7,0.03,1,1
16349.718,0.335,0.357,0.87,0.49,-0.64,0.4,1,1
16349.734,0.336,0.348,0.87,0.82,-0.43,0.37,1,1
16349.734,0.336,0.347,0.867,1.19,-0.34,0.15,1,1
16349.75,0.339,0.35,0.866,1.37,-0.55,-0.09,1,1
16349.765,0.34,0.355,0.864,1.56,-0.46,-0.34,1,1
16349.765,0.338,0.36,0.866,1.43,-0.37,-0.58,1,1
16349.781,0.336,0.36,0.867,1.31,-0.49,-0.95,1,1
16349.796,0.332,0.359,0.866,1.22,-0.67,-1.4,1,1
16349.796,0.331,0.361,0.863,0.98,-0.85,-1.65,1,1
16349.812,0.329,0.363,0.863,0.58,-0.85,-1.59,1,1
16349.828,0.327,0.367,0.866,0.34,-0.73,-1.19,1,1
16349.828,0.325,0.362,0.867,0.27,-0.92,-0.82,1,1
16349.843,0.327,0.361,0.869,0.12,-0.79,-0.7,1,1
16349.859,0.327,0.358,0.871,0.52,-0.34,-0.37,1,1
16349.859,0.326,0.355,0.871,1.13,-0.24,0.21,1,1
16349.875,0.331,0.357,0.868,1.71,-0.43,0.58,1,1
16349.875,0.333,0.359,0.864,1.92,-0.46,0.7,1,1
16349.89,0.333,0.36,0.864,1.83,-0.4,0.64,1,1
16349.906,0.335,0.361,0.862,1.43,-0.61,0.4,1,1
16349.906,0.335,0.362,0.862,0.98,-1.13,0.27,1,1
16349.921,0.337,0.365,0.863,0.55,-1.62,0.18,1,1
16349.937,0.339,0.366,0.861,0.09,-1.71,-0.21,1,1
16349.937,0.337,0.362,0.861,-0.4,-1.71,-0.55,1,1
16349.953,0.336,0.36,0.866,-0.7,-1.65,-0.76,1,1
16349.953,0.336,0.364,0.869,-0.7,-1.46,-0.76,1,1
16349.968,0.334,0.361,0.868,-0.46,-1.16,-0.82,1,1
16349.984,0.329,0.355,0.867,0.0,-0.85,-0.7,1,1
16349.984,0.327,0.356,0.866,0.43,-0.89,-0.49,1,1
16350.0,0.327,0.358,0.864,0.61,-0.98,-0.12,1,1
16350.015,0.328,0.363,0.865,0.61,-1.1,0.21,1,1
16350.015,0.33,0.365,0.864,0.43,-1.25,0.4,1,1
16350.031,0.333,0.365,0.861,0.21,-1.31,0.52,1,1
16350.046,0.334,0.365,0.864,-0.21,-1.31,0.52,1,1
16350.046,0.334,0.363,0.869,-0.49,-1.25,0.18,1,1
16350.062,0.333,0.361,0.869,-0.49,-1.04,-0.03,1,1
16350.078,0.331,0.359,0.87,-0.27,-1.01,0.15,1,1
16350.078,0.332,0.356,0.868,-0.09,-1.1,0.27,1,1
16350.093,0.334,0.356,0.866,0.15,-1.13,0.27,1,1
16350.093,0.335,0.357,0.866,0.21,-0.92,0.27,1,1
16350.109,0.334,0.358,0.867,0.27,-1.1,0.21,1,1
16350.125,0.338,0.361,0.866,0.37,-1.04,-0.06,1,1
16350.125,0.339,0.361,0.865,0.31,-0.76,-0.43,1,1
16350.14,0.338,0.362,0.866,0.37,-0.58,-0.79,1,1
16350.156,0.335,0.362,0.866,0.34,-0.46,-1.01,1,1
16350.171,0.333,0.361,0.866,0.46,-0.18,-1.16,1,1
16350.171,0.331,0.364,0.867,0.43,-0.12,-1.25,1,1
16350.187,0.329,0.364,0.866,0.24,-0.12,-1.37,1,1
16350.187,0.328,0.363,0.865,0.09,-0.15,-1.28,1,1
16350.203,0.329,0.362,0.865,0.12,-0.15,-1.07,1,1
16350.218,0.329,0.36,0.864,0.09,-0.15,-1.1,1,1
16350.218,0.328,0.359,0.865,0.37,-0.31,-1.16,1,1
16350.234,0.327,0.362,0.864,0.67,-0.37,-1.34,1,1
16350.234,0.327,0.366,0.864,0.4,-0.79,-1.28,1,1
16350.25,0.328,0.367,0.865,-0.27,-1.13,-1.16,1,1
16350.265,0.33,0.364,0.862,-0.55,-1.07,-1.16,1,1
16350.265,0.331,0.366,0.862,-0.58,-0.73,-1.01,1,1
16350.281,0.332,0.365,0.861,-0.52,-0.4,-0.95,1,1
16350.296,0.331,0.362,0.865,-0.34,-0.12,-0.95,1,1
16350.296,0.332,0.359,0.863,0.09,0.27,-0.98,1,1
16350.312,0.33,0.357,0.874,-0.24,0.27,-1.68,1,1
16350.328,0.323,0.368,0.873,0.49,-0.18,-1.5,1,1
16350.328,0.331,0.367,0.865,1.28,-0.4,-0.79,1,1
16350.343,0.327,0.363,0.868,0.67,-0.09,-0.92,1,1
16350.343,0.327,0.362,0.867,0.55,-0.09,-1.25,1,1
16350.359,0.327,0.364,0.867,0.98,-0.27,-1.1,1,1
16350.375,0.33,0.362,0.868,0.92,-0.4,-0.85,1,1
16350.39,0.331,0.363,0.864,1.01,-0.49,-0.89,1,1
16350.39,0.33,0.363,0.864,0.55,-0.37,-1.04,1,1
16350.406,0.332,0.364,0.866,0.61,-0.27,-1.01,1,1
16350.406,0.329,0.36,0.866,0.43,-0.24,-0.95,1,1
16350.421,0.329,0.36,0.867,0.31,-0.24,-1.01,1,1
16350.437,0.327,0.362,0.87,0.46,-0.18,-1.1,1,1
16350.437,0.326,0.362,0.869,0.82,-0.21,-1.13,1,1
16350.453,0.327,0.362,0.865,0.92,-0.31,-1.25,1,1
16350.468,0.331,0.363,0.866,1.22,-0.27,-1.43,1,1
16350.468,0.331,0.365,0.866,1.56,0.03,-1.4,1,1
16350.484,0.329,0.367,0.869,1.68,0.46,-1.16,1,1
16350.484,0.33,0.368,0.868,1.59,0.61,-1.13,1,1
16350.5,0.329,0.366,0.869,1.22,0.61,-1.1,1,1
16350.515,0.328,0.363,0.87,1.5,0.98,-0.95,1,1
16350.515,0.328,0.36,0.869,2.14,1.25,-0.85,1,1
16350.531,0.326,0.36,0.869,2.62,1.31,-0.85,1,1
16350.546,0.326,0.361,0.868,2.99,1.56,-0.92,1,1
16350.546,0.323,0.363,0.868,3.27,1.53,-1.1,1,1
16350.562,0.319,0.365,0.869,3.36,1.43,-1.16,1,1
16350.578,0.319,0.367,0.864,3.69,1.19,-1.13,1,1
16350.578,0.317,0.368,0.862,3.72,0.92,-1.4,1,1
16350.593,0.314,0.371,0.864,3.6,0.55,-1.71,1,1
16350.593,0.317,0.372,0.857,3.33,-0.18,-1.68,1,1
16350.609,0.316,0.372,0.859,2.87,-0.49,-1.59,1,1
16350.625,0.318,0.371,0.859,2.53,-0.61,-1.34,1,1
16350.64,0.319,0.369,0.863,2.08,-0.52,-1.07,1,1
16350.64,0.323,0.371,0.868,1.62,-1.1,-0.76,1,1
16350.656,0.332,0.371,0.865,1.4,-1.92,-0.89,1,1
16350.656,0.329,0.372,0.866,1.28,-1.74,-1.4,1,1
16350.671,0.326,0.375,0.87,1.28,-1.4,-1.62,1,1
16350.687,0.325,0.376,0.871,1.59,-1.22,-1.71,1,1
16350.687,0.323,0.373,0.871,1.56,-1.28,-1.5,1,1
16350.703,0.327,0.369,0.866,1.95,-1.62,-1.5,1,1
16350.703,0.326,0.367,0.864,2.17,-1.8,-1.68,1,1
16350.718,0.326,0.37,0.862,2.11,-1.86,-1.71,1,1
16350.734,0.325,0.371,0.862,2.14,-1.8,-1.83,1,1
16350.734,0.327,0.371,0.858,1.8,-1.74,-1.95,1,1
16350.75,0.325,0.375,0.859,1.46,-1.68,-1.92,1,1
16350.765,0.326,0.38,0.86,1.22,-1.74,-1.92,1,1
16350.765,0.323,0.381,0.865,0.76,-1.77,-1.77,1,1
16350.781,0.323,0.384,0.861,0.95,-1.77,-1.25,1,1
16350.796,0.329,0.385,0.861,1.04,-1.71,-0.7,1,1
16350.796,0.33,0.379,0.86,1.13,-1.53,-0.7,1,1
16350.812,0.331,0.379,0.863,1.07,-1.28,-0.49,1,1
16350.828,0.329,0.381,0.862,0.92,-1.43,-0.46,1,1
16350.828,0.327,0.383,0.861,0.92,-1.5,-0.21,1,1
16350.843,0.325,0.383,0.864,1.07,-1.13,0.31,1,1
16350.843,0.325,0.379,0.867,1.01,-0.82,0.61,1,1
16350.859,0.318,0.371,0.87,1.28,-0.79,0.31,1,1
16350.875,0.32,0.374,0.867,1.89,-0.92,0.24,1,1
16350.875,0.321,0.372,0.864,2.01,-1.1,0.03,1,1
16350.89,0.316,0.376,0.864,1.86,-1.16,0.06,1,1
16350.906,0.319,0.376,0.855,1.74,-1.53,-0.52,1,1
16350.921,0.322,0.368,0.848,1.59,-1.56,-1.74,1,1
16350.921,0.314,0.377,0.857,1.1,-1.62,-2.2,1,1
16350.937,0.316,0.377,0.861,0.85,-2.72,-2.66,1,1
16350.937,0.317,0.381,0.862,0.46,-3.6,-3.14,1,1
16350.953,0.322,0.38,0.853,0.34,-4.12,-3.33,1,1
16350.953,0.323,0.382,0.859,0.18,-3.97,-3.66,1,1
16350.968,0.324,0.385,0.86,0.49,-3.57,-4.0,1,1
16350.984,0.322,0.382,0.86,1.31,-2.9,-3.39,1,1
16350.984,0.323,0.385,0.862,1.65,-2.08,-2.11,1,1
16351.0,0.325,0.386,0.865,1.43,-1.8,-1.25,1,1
16351.015,0.323,0.379,0.868,1.37,-1.98,-1.16,1,1
16351.015,0.323,0.37,0.862,1.56,-2.47,-1.28,1,1
16351.031,0.326,0.369,0.859,1.89,-2.69,-1.71,1,1
16351.046,0.324,0.371,0.858,2.17,-2.84,-2.08,1,1
16351.046,0.325,0.378,0.858,2.29,-3.17,-2.26,1,1
16351.062,0.328,0.383,0.851,2.35,-3.66,-2.41,1,1
16351.062,0.327,0.391,0.854,1.86,-3.91,-2.14,1,1
16351.078,0.332,0.393,0.85,1.31,-4.06,-1.53,1,1
16351.093,0.336,0.4,0.852,0.43,-3.48,-1.07,1,1
16351.093,0.338,0.397,0.856,0.09,-2.69,-0.85,1,1
16351.109,0.337,0.39,0.857,0.09,-2.04,-0.92,1,1
16351.125,0.339,0.389,0.859,0.21,-1.59,-0.76,1,1
16351.125,0.333,0.378,0.859,0.67,-1.53,-0.73,1,1
16351.14,0.333,0.381,0.859,0.7,-1.34,-0.58,1,1
16351.156,0.334,0.381,0.857,0.85,-1.01,-0.27,1,1
16351.156,0.328,0.382,0.86,1.19,-0.79,-0.31,1,1
16351.171,0.325,0.383,0.857,1.25,-1.13,-0.7,1,1
16351.187,0.329,0.386,0.851,1.25,-1.34,-0.82,1,1
16351.187,0.325,0.391,0.853,0.85,-1.13,-0.67,1,1
16351.203,0.323,0.393,0.856,0.67,-0.73,-0.15,1,1
16351.218,0.323,0.393,0.858,0.31,-0.37,0.4,1,1
16351.218,0.324,0.388,0.857,0.12,-0.37,0.73,1,1
16351.234,0.325,0.383,0.858,0.27,-0.06,1.07,1,1
16351.234,0.325,0.381,0.859,0.64,0.31,1.53,1,1
16351.25,0.323,0.38,0.861,1.01,0.67,1.62,1,1
16351.265,0.322,0.38,0.864,1.46,0.73,1.56,1,1
16351.265,0.324,0.384,0.863,2.01,0.67,1.65,1,1
16351.281,0.325,0.387,0.86,2.81,1.28,1.92,1,1
16351.296,0.325,0.391,0.862,2.87,1.46,2.59,1,1
16351.296,0.332,0.387,0.85,2.72,1.07,2.81,1,1
16351.312,0.331,0.386,0.851,2.29,1.07,2.5,1,1
16351.328,0.331,0.387,0.85,1.71,0.52,2.08,1,1
16351.328,0.33,0.385,0.849,1.25,-0.09,1.46,1,1
16351.343,0.328,0.39,0.856,0.7,-0.55,1.13,1,1
16351.359,0.324,0.391,0.859,0.52,-0.98,1.13,1,1
16351.359,0.325,0.384,0.852,0.82,-1.13,1.1,1,1
16351.375,0.319,0.381,0.856,1.19,-1.19,1.1,1,1
16351.375,0.322,0.375,0.851,2.17,-1.43,0.67,1,1
16351.39,0.305,0.399,0.872,2.08,-1.68,1.13,1,1
16351.406,0.308,0.413,0.87,1.71,-3.39,2.87,1,1
16351.406,0.325,0.393,0.854,2.23,-4.61,3.54,1,1
16351.421,0.324,0.379,0.845,3.48,-4.43,3.66,1,1
16351.437,0.326,0.381,0.848,3.27,-4.06,3.36,1,1
16351.437,0.328,0.395,0.862,2.04,-4.15,3.14,1,1
16351.453,0.332,0.398,0.869,2.01,-5.01,3.69,1,1
16351.453,0.341,0.392,0.854,3.51,-5.55,3.94,1,1
16351.468,0.351,0.396,0.854,3.57,-5.19,3.81,1,1
16351.484,0.347,0.393,0.848,3.48,-4.43,2.99,1,1
16351.484,0.341,0.387,0.85,2.66,-3.23,2.47,1,1
16351.5,0.346,0.373,0.843,2.17,-2.29,2.23,1,1
16351.515,0.341,0.362,0.849,2.17,-0.98,1.95,1,1
16351.515,0.328,0.374,0.864,2.04,-0.73,1.86,1,1
16351.531,0.335,0.383,0.858,2.81,-1.25,2.04,1,1
16351.546,0.338,0.388,0.851,3.91,-0.92,2.29,1,1
16351.546,0.335,0.397,0.846,4.64,-0.09,2.72,1,1
16351.562,0.336,0.403,0.844,4.12,0.92,2.81,1,1
16351.578,0.335,0.401,0.843,3.2,1.89,3.11,1,1
16351.578,0.338,0.397,0.842,3.08,2.9,3.2,1,1
16351.593,0.332,0.401,0.844,2.78,3.97,3.23,1,1
16351.593,0.336,0.406,0.842,2.56,4.39,3.23,1,1
16351.609,0.335,0.406,0.842,2.04,4.79,3.14,1,1
16351.625,0.333,0.4,0.844,1.34,5.16,3.02,1,1
16351.625,0.335,0.39,0.845,0.79,5.71,2.81,1,1
16351.64,0.335,0.388,0.852,0.27,6.23,2.41,1,1
16351.656,0.337,0.389,0.856,0.27,6.38,2.01,1,1
16351.671,0.334,0.383,0.857,0.31,5.98,1.1,1,1
16351.671,0.33,0.379,0.856,0.46,5.31,0.12,1,1
16351.687,0.328,0.379,0.855,0.73,4.43,-0.89,1,1
16351.687,0.327,0.384,0.852,0.67,3.33,-1.98,1,1
16351.703,0.327,0.39,0.845,0.49,2.29,-2.96,1,1
16351.718,0.325,0.401,0.846,-0.27,1.37,-3.39,1,1
16351.718,0.326,0.41,0.847,-1.28,0.4,-3.11,1,1
16351.734,0.33,0.411,0.842,-2.56,-0.49,-2.29,1,1
16351.75,0.33,0.41,0.845,-4.0,-0.79,-2.14,1,1
16351.75,0.33,0.405,0.848,-4.64,-0.92,-2.35,1,1
16351.765,0.33,0.397,0.847,-4.61,-0.85,-2.44,1,1
16351.765,0.328,0.388,0.857,-4.36,-0.73,-3.02,1,1
16351.781,0.326,0.383,0.859,-3.94,-1.01,-3.97,1,1
16351.796,0.322,0.387,0.859,-3.36,-1.8,-4.76,1,1
16351.796,0.322,0.388,0.859,-2.75,-2.81,-5.28,1,1
16351.812,0.315,0.396,0.855,-1.89,-3.39,-4.58,1,1
16351.812,0.323,0.401,0.857,-2.08,-3.75,-3.51,1,1
16351.828,0.324,0.392,0.851,-1.77,-3.69,-3.2,1,1
16351.843,0.327,0.392,0.849,-2.17,-3.57,-3.14,1,1
16351.843,0.334,0.389,0.854,-2.44,-3.51,-3.72,1,1
16351.859,0.336,0.389,0.856,-2.75,-3.36,-4.24,1,1
16351.875,0.35,0.384,0.863,-3.39,-3.05,-5.46,1,1
16351.875,0.349,0.375,0.866,-4.09,-2.81,-7.84,1,1
16351.89,0.349,0.368,0.871,-4.76,-3.02,-11.47,1,1
16351.906,0.358,0.353,0.835,-4.85,-3.63,-15.84,1,1
16351.906,0.36,0.378,0.83,-6.41,-2.11,-20.87,1,1
16351.921,0.339,0.399,0.846,-6.68,0.95,-23.38,1,1
16351.937,0.336,0.402,0.845,-8.09,2.14,-23.83,1,1
16351.937,0.333,0.411,0.845,-10.62,2.93,-23.65,1,1
16351.953,0.323,0.413,0.859,-12.54,3.72,-22.37,1,1
16351.953,0.331,0.418,0.868,-13.12,4.82,-20.6,1,1
16351.968,0.307,0.412,0.872,-13.03,6.35,-19.35,1,1
16351.984,0.306,0.378,0.88,-12.54,6.68,-15.66,1,1
16352.0,0.314,0.384,0.88,-11.08,7.72,-12.12,1,1
16352.0,0.317,0.358,0.868,-9.4,8.73,-11.81,1,1
16352.015,0.318,0.326,0.869,-9.03,9.74,-14.89,1,1
16352.015,0.318,0.331,0.881,-11.66,9.13,-22.0,1,1
16352.031,0.317,0.333,0.886,-15.75,7.26,-30.46,1,1
16352.046,0.323,0.315,0.881,-22.58,5.01,-39.06,1,1
16352.046,0.315,0.298,0.882,-31.95,3.2,-49.59,1,1
16352.062,0.288,0.28,0.917,-39.89,2.04,-56.58,1,1
16352.078,0.271,0.284,0.968,-40.99,0.15,-58.23,1,1
16352.078,0.254,0.287,1.003,-21.03,-8.36,-51.42,1,1
16352.093,0.24,0.275,1.0,-8.06,-12.82,-47.09,1,1
16352.093,0.239,0.29,0.967,2.11,-15.44,-43.58,1,1
16352.109,0.239,0.317,0.937,7.87,-17.09,-42.21,1,1
16352.125,0.239,0.362,0.892,6.99,-18.59,-44.16,1,1
16352.125,0.226,0.394,0.882,1.07,-20.97,-47.73,1,1
16352.14,0.221,0.413,0.865,-6.68,-23.47,-48.65,1,1
16352.156,0.23,0.436,0.849,-14.53,-24.78,-46.14,1,1
16352.156,0.233,0.44,0.84,-20.48,-24.32,-41.11,1,1
16352.171,0.239,0.429,0.841,-20.81,-21.88,-33.14,1,1
16352.187,0.242,0.413,0.843,-12.36,-17.37,-22.06,1,1
16352.187,0.239,0.411,0.838,3.6,-11.11,-10.62,1,1
16352.203,0.229,0.451,0.847,21.91,-4.24,-0.37,1,1
16352.203,0.207,0.485,0.86,40.13,-0.76,8.88,1,1
16352.218,0.194,0.514,0.863,52.83,-2.5,16.33,1,1
16352.234,0.176,0.543,0.871,54.14,-9.4,19.81,1,1
16352.234,0.152,0.567,0.914,50.78,-19.23,24.02,1,1
16352.25,0.2,0.584,0.884,50.63,-28.6,35.68,1,1
16352.265,0.267,0.559,0.81,49.04,-31.95,48.71,1,1
16352.281,0.299,0.492,0.773,43.52,-28.66,54.2,1,1
16352.281,0.35,0.456,0.73,35.46,-22.68,52.92,1,1
16352.296,0.376,0.429,0.706,26.4,-14.53,46.57,1,1
16352.296,0.377,0.405,0.709,17.82,-5.22,38.03,1,1
16352.312,0.362,0.406,0.714,10.86,3.3,31.13,1,1
16352.312,0.356,0.384,0.717,7.17,10.28,27.19,1,1
16352.328,0.359,0.365,0.716,3.85,16.48,23.8,1,1
16352.343,0.359,0.37,0.726,-1.22,20.94,17.73,1,1
16352.343,0.342,0.361,0.73,-5.98,23.41,11.35,1,1
16352.359,0.331,0.361,0.748,-11.6,26.37,7.32,1,1
16352.375,0.326,0.401,0.777,-18.04,30.95,5.07,1,1
16352.375,0.282,0.448,0.821,-24.41,35.55,4.39,1,1
16352.39,0.107,0.574,1.139,-34.64,31.25,13.92,1,1
16352.406,0.214,0.51,1.223,-42.73,5.01,31.95,1,1
16352.421,0.342,0.406,1.001,-46.45,-14.13,37.45,1,1
16352.421,0.357,0.257,0.911,-33.91,-9.64,38.45,1,1
16352.437,0.374,0.232,0.874,-6.01,4.36,39.28,1,1
16352.437,0.355,0.308,0.832,26.06,20.54,40.13,1,1
16352.453,0.323,0.395,0.839,45.93,33.33,41.23,1,1
16352.453,0.282,0.49,0.864,47.43,38.54,43.64,1,1
16352.468,0.279,0.522,0.85,38.3,38.61,48.59,1,1
16352.484,0.296,0.48,0.835,27.07,37.81,54.41,1,1
16352.5,0.313,0.407,0.819,19.96,38.73,58.17,1,1
16352.5,0.324,0.362,0.82,17.98,40.83,57.92,1,1
16352.515,0.321,0.346,0.838,17.98,42.3,54.17,1,1
16352.515,0.318,0.341,0.86,17.46,42.09,49.84,1,1
16352.531,0.307,0.347,0.886,16.27,41.23,46.63,1,1
16352.546,0.305,0.351,0.907,15.05,39.67,44.98,1,1
16352.546,0.307,0.345,0.907,14.71,38.3,43.24,1,1
16352.562,0.299,0.346,0.914,14.25,37.32,40.1,1,1
16352.578,0.287,0.359,0.932,13.09,35.16,36.38,1,1
16352.578,0.276,0.355,0.927,13.34,32.23,32.32,1,1
16352.593,0.272,0.354,0.909,14.8,29.39,28.84,1,1
16352.609,0.261,0.366,0.892,15.87,26.61,25.45,1,1
16352.609,0.245,0.378,0.88,16.72,24.51,22.55,1,1
16352.625,0.239,0.386,0.871,17.73,22.95,22.74,1,1
16352.625,0.233,0.395,0.86,18.01,21.67,23.93,1,1
16352.64,0.235,0.398,0.858,16.66,19.96,24.23,1,1
16352.656,0.237,0.403,0.869,13.76,17.73,23.19,1,1
16352.656,0.251,0.392,0.871,11.84,14.44,20.78,1,1
16352.671,0.259,0.383,0.865,11.35,10.99,17.21,1,1
16352.687,0.259,0.4,0.866,10.96,8.73,13.55,1,1
16352.687,0.252,0.412,0.866,10.41,7.14,11.63,1,1
16352.703,0.251,0.422,0.871,9.8,6.32,11.75,1,1
16352.703,0.252,0.426,0.87,10.19,6.2,12.39,1,1
16352.718,0.249,0.415,0.869,11.66,7.11,14.59,1,1
16352.734,0.258,0.414,0.874,13.79,8.18,16.91,1,1
16352.75,0.254,0.406,0.88,15.78,7.87,15.75,1,1
16352.75,0.251,0.393,0.878,16.27,4.82,12.88,1,1
16352.765,0.251,0.405,0.874,15.2,0.7,9.98,1,1
16352.765,0.25,0.418,0.864,14.28,-2.59,7.17,1,1
16352.781,0.242,0.428,0.859,14.5,-3.94,5.58,1,1
16352.796,0.228,0.439,0.853,16.33,-3.23,7.26,1,1
16352.796,0.231,0.447,0.852,18.98,-1.13,11.78,1,1
16352.812,0.242,0.452,0.863,21.79,1.1,15.9,1,1
16352.812,0.243,0.452,0.861,24.6,2.11,16.75,1,1
16352.828,0.246,0.451,0.85,26.67,1.92,16.33,1,1
16352.843,0.244,0.465,0.837,28.41,2.26,16.97,1,1
16352.843,0.25,0.472,0.828,31.25,4.15,19.44,1,1
16352.859,0.267,0.464,0.83,34.94,7.23,24.02,1,1
16352.875,0.282,0.455,0.843,38.82,9.7,27.01,1,1
16352.875,0.283,0.444,0.849,42.63,10.44,27.62,1,1
16352.89,0.289,0.434,0.861,45.53,10.16,29.45,1,1
16352.906,0.303,0.409,0.883,48.1,9.16,29.76,1,1
16352.906,0.313,0.361,0.872,49.81,5.8,24.99,1,1
16352.921,0.325,0.329,0.853,45.23,-2.53,16.75,1,1
16352.937,0.313,0.334,0.856,35.4,-13.06,8.67,1,1
16352.937,0.282,0.354,0.913,23.83,-27.04,2.87,1,1
16352.953,0.316,0.361,0.959,13.64,-47.12,-1.53,1,1
16352.953,0.386,0.386,0.933,1.86,-68.15,-11.57,1,1
16352.968,0.418,0.408,0.876,-11.93,-82.67,-26.15,1,1
16352.984,0.424,0.416,0.835,-28.87,-91.1,-40.96,1,1
16352.984,0.451,0.448,0.783,-49.26,-97.11,-58.11,1,1
16353.0,0.437,0.424,0.715,-69.19,-97.75,-76.91,1,1
16353.015,0.442,0.45,0.688,-86.21,-91.46,-89.36,1,1
16353.031,0.431,0.48,0.701,-98.64,-78.22,-93.69,1,1
16353.031,0.407,0.447,0.715,-96.22,-58.84,-93.78,1,1
16353.046,0.383,0.466,0.734,-78.13,-36.07,-87.65,1,1
16353.046,0.338,0.554,0.721,-55.06,-12.73,-76.14,1,1
16353.062,0.296,0.649,0.731,-25.67,20.78,-51.27,1,1
16353.078,0.237,0.693,0.799,-20.29,21.76,-35.98,1,1
16353.078,0.195,0.699,0.831,-14.56,16.82,-22.64,1,1
16353.093,0.177,0.633,0.807,-8.45,12.85,-9.95,1,1
16353.109,0.175,0.554,0.827,-5.04,10.74,2.66,1,1
16353.109,0.236,0.477,0.861,-4.64,4.0,12.02,1,1
16353.125,0.259,0.45,0.829,-2.14,0.79,17.52,1,1
16353.125,0.281,0.427,0.828,4.91,3.97,22.31,1,1
16353.14,0.281,0.425,0.835,11.93,8.55,25.03,1,1
16353.156,0.289,0.436,0.854,14.37,11.66,25.88,1,1
16353.171,0.286,0.422,0.865,12.76,12.42,25.39,1,1
16353.171,0.301,0.402,0.87,10.68,12.24,24.29,1,1
16353.187,0.308,0.387,0.864,10.44,12.33,22.89,1,1
16353.187,0.312,0.378,0.853,10.96,12.39,20.87,1,1
16353.203,0.321,0.366,0.859,10.16,11.57,17.98,1,1
16353.203,0.324,0.364,0.857,9.06,9.37,13.28,1,1
16353.218,0.325,0.381,0.845,8.42,6.62,7.81,1,1
16353.234,0.316,0.417,0.833,7.54,4.91,3.54,1,1
16353.234,0.298,0.454,0.841,6.01,4.18,2.81,1,1
16353.25,0.297,0.477,0.843,4.85,3.69,5.86,1,1
16353.265,0.301,0.481,0.833,4.64,3.48,9.09,1,1
16353.265,0.303,0.476,0.825,4.27,3.45,10.96,1,1
16353.281,0.308,0.465,0.819,4.94,4.09,12.97,1,1
16353.296,0.311,0.461,0.822,6.44,4.33,14.71,1,1
16353.296,0.317,0.457,0.819,7.02,3.27,14.95,1,1
16353.312,0.321,0.454,0.814,5.98,0.95,13.37,1,1
16353.328,0.325,0.442,0.816,3.57,-2.11,10.71,1,1
16353.328,0.33,0.436,0.815,0.98,-5.28,7.63,1,1
16353.343,0.337,0.438,0.811,-1.37,-7.35,4.76,1,1
16353.343,0.33,0.445,0.81,-3.05,-7.72,2.41,1,1
16353.359,0.327,0.445,0.818,-4.76,-7.35,2.11,1,1
16353.375,0.329,0.444,0.834,-5.89,-7.2,1.83,1,1
16353.375,0.325,0.447,0.831,-5.98,-7.23,0.55,1,1
16353.39,0.325,0.447,0.839,-5.83,-6.29,0.24,1,1
16353.406,0.328,0.432,0.848,-4.49,-5.19,-0.06,1,1
16353.406,0.33,0.428,0.84,-3.08,-4.61,-1.4,1,1
16353.421,0.321,0.443,0.836,-3.33,-4.18,-2.41,1,1
16353.437,0.317,0.446,0.836,-3.42,-4.46,-2.41,1,1
16353.437,0.323,0.426,0.835,-2.44,-4.33,-1.92,1,1
16353.453,0.323,0.421,0.838,-2.08,-4.36,-2.23,1,1
16353.468,0.326,0.424,0.838,-2.29,-5.19,-3.33,1,1
16353.468,0.323,0.433,0.84,-1.77,-5.68,-4.79,1,1
16353.484,0.325,0.424,0.836,-0.89,-6.56,-6.01,1,1
16353.484,0.329,0.423,0.833,-0.7,-7.97,-7.97,1,1
16353.5,0.324,0.43,0.83,-1.07,-8.88,-9.7,1,1
16353.515,0.327,0.445,0.824,-1.65,-9.09,-10.19,1,1
16353.515,0.332,0.441,0.825,-1.65,-8.55,-9.98,1,1
16353.531,0.332,0.442,0.828,-2.32,-8.36,-11.05,1,1
16353.546,0.328,0.447,0.833,-3.39,-8.21,-12.3,1,1
16353.546,0.33,0.45,0.826,-2.69,-7.39,-12.24,1,1
16353.562,0.33,0.451,0.823,-1.56,-6.32,-11.81,1,1
16353.562,0.331,0.454,0.828,-1.68,-5.28,-11.84,1,1
16353.578,0.325,0.445,0.833,-1.95,-4.58,-12.18,1,1
16353.593,0.323,0.425,0.838,-3.02,-4.39,-12.54,1,1
16353.609,0.317,0.421,0.836,-2.56,-4.61,-12.63,1,1
16353.609,0.32,0.425,0.84,-0.98,-4.58,-11.51,1,1
16353.625,0.323,0.431,0.833,0.06,-4.52,-10.47,1,1
16353.625,0.325,0.432,0.826,0.73,-4.3,-10.13,1,1
16353.64,0.319,0.448,0.819,0.09,-3.88,-10.53,1,1
16353.656,0.309,0.453,0.821,-2.23,-4.06,-10.8,1,1
16353.671,0.298,0.447,0.831,-3.39,-3.85,-9.37,1,1
16353.671,0.296,0.457,0.826,-2.29,-3.72,-7.02,1,1
16353.687,0.294,0.468,0.822,-0.98,-3.23,-4.46,1,1
16353.687,0.295,0.467,0.822,0.49,-2.53,-1.98,1,1
16353.703,0.299,0.459,0.82,0.79,-2.56,-0.37,1,1
16353.703,0.302,0.456,0.819,-1.4,-3.42,0.46,1,1
16353.718,0.31,0.454,0.816,-3.42,-4.49,1.1,1,1
16353.734,0.318,0.449,0.815,-4.58,-5.1,1.53,1,1
16353.734,0.321,0.448,0.82,-5.8,-5.95,1.34,1,1
16353.75,0.327,0.447,0.823,-6.78,-6.81,0.95,1,1
16353.765,0.332,0.442,0.832,-7.23,-6.93,0.52,1,1
16353.765,0.334,0.429,0.827,-7.26,-7.84,-0.46,1,1
16353.781,0.338,0.431,0.826,-7.05,-8.21,-1.16,1,1
16353.796,0.333,0.435,0.828,-6.53,-7.42,-0.89,1,1
16353.796,0.334,0.437,0.832,-6.56,-6.53,-0.03,1,1
16353.812,0.328,0.441,0.833,-6.13,-5.55,0.34,1,1
16353.828,0.324,0.444,0.838,-5.58,-4.79,1.04,1,1
16353.828,0.317,0.441,0.853,-5.07,-4.39,1.95,1,1
16353.843,0.318,0.432,0.843,-4.15,-4.79,2.32,1,1
16353.859,0.328,0.428,0.833,-3.88,-5.58,2.53,1,1
16353.859,0.331,0.427,0.83,-3.97,-5.62,2.38,1,1
16353.875,0.332,0.427,0.819,-4.43,-5.89,2.35,1,1
16353.89,0.339,0.437,0.818,-6.62,-6.26,2.35,1,1
16353.89,0.338,0.46,0.829,-9.92,-5.62,2.14,1,1
16353.906,0.341,0.476,0.819,-12.88,-4.15,2.38,1,1
16353.906,0.339,0.463,0.822,-16.08,-0.76,4.03,1,1
16353.921,0.333,0.443,0.852,-19.2,1.43,6.32,1,1
16353.937,0.335,0.415,0.858,-20.36,0.37,7.05,1,1
16353.937,0.332,0.408,0.853,-22.55,-2.47,5.98,1,1
16353.953,0.333,0.41,0.858,-26.98,-6.41,2.35,1,1
16353.953,0.331,0.377,0.833,-28.93,-8.76,-2.17,1,1
16353.968,0.335,0.38,0.822,-28.38,-7.66,-5.49,1,1
16353.984,0.297,0.383,0.829,-22.4,-5.8,-5.4,1,1
16353.984,0.314,0.402,0.801,-16.66,-5.95,-2.87,1,1
16354.0,0.328,0.415,0.835,-15.5,-2.93,0.79,1,1
16354.015,0.33,0.367,0.88,-13.73,1.43,3.75,1,1
16354.015,0.336,0.332,0.897,-9.92,4.43,4.88,1,1
16354.031,0.337,0.304,0.896,-4.09,5.46,4.21,1,1
16354.046,0.348,0.292,0.891,3.42,6.2,3.2,1,1
16354.046,0.358,0.316,0.882,17.43,6.9,-1.1,1,1
16354.062,0.352,0.347,0.869,19.81,5.28,-1.98,1,1
16354.078,0.357,0.394,0.842,17.18,4.36,-1.46,1,1
16354.078,0.325,0.494,0.798,10.53,3.14,0.55,1,1
16354.093,0.354,0.475,0.739,2.23,0.67,2.01,1,1
16354.093,0.312,0.49,0.757,-6.99,1.8,2.75,1,1
16354.109,0.301,0.458,0.826,-12.51,1.07,5.68,1,1
16354.125,0.291,0.433,0.876,-15.47,-3.42,8.33,1,1
16354.14,0.314,0.383,0.874,-15.78,-8.51,10.22,1,1
16354.14,0.338,0.346,0.885,-14.16,-10.53,11.26,1,1
16354.156,0.348,0.326,0.891,-9.03,-10.22,10.62,1,1
16354.156,0.354,0.32,0.896,-3.05,-9.67,9.37,1,1
16354.171,0.36,0.329,0.895,2.23,-9.22,7.75,1,1
16354.187,0.364,0.354,0.892,6.68,-8.39,5.71,1,1
16354.187,0.362,0.378,0.879,10.32,-7.6,4.12,1,1
16354.203,0.354,0.413,0.863,12.18,-7.08,3.33,1,1
16354.203,0.346,0.426,0.845,11.96,-6.65,3.14,1,1
16354.218,0.34,0.42,0.842,10.65,-6.74,3.78,1,1
16354.234,0.341,0.424,0.84,9.34,-6.47,5.25,1,1
16354.234,0.344,0.42,0.846,9.0,-5.07,7.26,1,1
16354.25,0.337,0.404,0.859,9.55,-4.09,9.55,1,1
16354.265,0.344,0.386,0.861,10.19,-4.55,10.59,1,1
16354.265,0.342,0.376,0.871,11.17,-5.19,10.5,1,1
16354.281,0.338,0.378,0.877,14.1,-6.1,10.65,1,1
16354.296,0.328,0.385,0.884,18.16,-7.75,11.63,1,1
16354.312,0.345,0.384,0.847,21.91,-9.86,13.0,1,1
16354.312,0.369,0.401,0.819,22.58,-9.58,13.43,1,1
16354.328,0.38,0.414,0.804,22.49,-6.5,13.86,1,1
16354.328,0.383,0.422,0.794,20.66,-2.99,13.49,1,1
16354.343,0.389,0.421,0.794,17.67,-0.09,12.7,1,1
16354.359,0.395,0.419,0.798,14.65,2.14,10.93,1,1
16354.359,0.403,0.413,0.793,11.87,4.06,8.61,1,1
16354.375,0.402,0.407,0.797,8.91,5.89,5.8,1,1
16354.375,0.399,0.406,0.805,6.35,6.84,2.66,1,1
16354.39,0.394,0.408,0.815,3.81,6.84,-1.22,1,1
16354.406,0.375,0.415,0.828,2.38,6.32,-4.03,1,1
16354.421,0.357,0.431,0.834,3.54,5.95,-3.69,1,1
16354.421,0.348,0.44,0.827,6.13,5.8,-1.59,1,1
16354.421,0.344,0.432,0.825,6.47,5.22,0.21,1,1
16354.437,0.339,0.427,0.818,4.76,3.57,1.4,1,1
16354.453,0.343,0.426,0.807,3.33,1.8,2.59,1,1
16354.453,0.347,0.429,0.798,2.11,0.4,3.94,1,1
16354.468,0.35,0.432,0.789,-0.82,-1.04,4.36,1,1
16354.484,0.358,0.428,0.787,-6.2,-2.75,3.08,1,1
16354.5,0.365,0.431,0.777,-11.84,-3.81,1.59,1,1
16354.5,0.379,0.445,0.783,-16.02,-2.93,1.37,1,1
16354.515,0.382,0.45,0.819,-19.29,-1.13,1.5,1,1
16354.515,0.384,0.421,0.844,-20.87,-0.61,0.4,1,1
16354.531,0.382,0.385,0.857,-21.03,-1.01,-1.83,1,1
16354.546,0.394,0.35,0.859,-19.29,-2.17,-5.16,1,1
16354.546,0.397,0.336,0.865,-15.5,-2.26,-9.06,1,1
16354.562,0.391,0.346,0.873,-10.07,-1.19,-12.54,1,1
16354.562,0.379,0.365,0.866,-3.97,-0.03,-14.62,1,1
16354.578,0.36,0.401,0.858,0.06,0.76,-15.53,1,1
16354.593,0.337,0.433,0.835,1.68,0.55,-14.8,1,1
16354.609,0.336,0.461,0.824,0.34,1.13,-11.81,1,1
16354.609,0.327,0.467,0.818,-3.3,1.65,-8.03,1,1
16354.625,0.318,0.466,0.832,-9.43,0.85,-4.06,1,1
16354.625,0.327,0.448,0.834,-13.89,-0.37,0.09,1,1
16354.64,0.333,0.451,0.835,-19.99,-0.4,3.63,1,1
16354.656,0.34,0.403,0.876,-25.97,-0.58,7.11,1,1
16354.671,0.38,0.348,0.864,-26.98,-0.18,7.75,1,1
16354.671,0.38,0.298,0.87,-22.31,4.91,7.57,1,1
16354.687,0.379,0.254,0.875,-11.38,10.8,6.96,1,1
16354.687,0.369,0.271,0.866,1.46,15.75,5.77,1,1
16354.703,0.342,0.286,0.862,12.02,18.01,5.55,1,1
16354.718,0.32,0.324,0.856,20.36,16.72,5.71,1,1
16354.718,0.294,0.386,0.842,28.32,13.76,6.07,1,1
16354.734,0.289,0.49,0.854,32.62,7.05,5.77,1,1
16354.734,0.308,0.501,0.808,28.96,-2.38,6.5,1,1
16354.75,0.34,0.5,0.788,15.72,-7.02,4.79,1,1
16354.765,0.324,0.456,0.794,7.66,-6.32,4.97,1,1
16354.765,0.34,0.437,0.763,1.34,-4.58,6.93,1,1
16354.781,0.34,0.431,0.797,-4.55,0.46,8.21,1,1
16354.796,0.298,0.412,0.843,-6.35,3.02,10.01,1,1
16354.796,0.293,0.409,0.841,-8.0,0.18,13.52,1,1
16354.812,0.343,0.392,0.912,-8.61,-4.43,16.88,1,1
16354.828,0.351,0.389,0.884,-4.3,-7.9,18.4,1,1
16354.828,0.384,0.368,0.871,-0.55,-8.48,19.59,1,1
16354.843,0.411,0.344,0.853,2.5,-7.23,17.49,1,1
16354.843,0.417,0.343,0.848,4.43,-4.7,13.37,1,1
16354.859,0.43,0.365,0.847,6.71,-2.29,8.18,1,1
16354.875,0.407,0.379,0.834,8.18,-0.18,3.51,1,1
16354.875,0.392,0.398,0.816,7.6,1.19,1.43,1,1
16354.89,0.374,0.422,0.783,5.92,2.9,0.95,1,1
16354.906,0.363,0.419,0.781,1.34,4.73,2.08,1,1
16354.921,0.385,0.416,0.785,-4.76,5.58,2.29,1,1
16354.921,0.378,0.411,0.769,-9.86,6.71,0.52,1,1
16354.937,0.373,0.407,0.778,-14.95,9.22,0.0,1,1
16354.937,0.364,0.402,0.797,-19.26,11.14,-0.43,1,1
16354.953,0.357,0.402,0.814,-22.98,11.78,-0.92,1,1
16354.968,0.353,0.397,0.829,-26.55,11.51,-1.5,1,1
16354.968,0.353,0.384,0.843,-28.87,10.62,-1.74,1,1
16354.984,0.36,0.374,0.857,-30.34,9.67,-2.53,1,1
16354.984,0.359,0.352,0.875,-30.61,8.67,-4.3,1,1
16355.0,0.358,0.335,0.885,-29.76,7.84,-6.23,1,1
16355.015,0.312,0.339,0.936,-27.07,7.35,-7.51,1,1
16355.031,0.321,0.319,1.02,-19.87,1.74,-6.99,1,1
16355.031,0.37,0.294,0.976,-1.22,-6.99,-15.56,1,1
16355.046,0.376,0.278,0.94,7.69,-6.53,-20.51,1,1
16355.046,0.367,0.282,0.932,14.07,-7.2,-25.73,1,1
16355.062,0.362,0.306,0.911,17.49,-8.06,-30.37,1,1
16355.078,0.339,0.356,0.874,18.56,-8.97,-34.85,1,1
16355.078,0.324,0.364,0.855,15.02,-9.34,-39.37,1,1
16355.093,0.301,0.339,0.866,8.18,-9.7,-40.8,1,1
16355.093,0.297,0.339,0.873,4.76,-10.71,-39.12,1,1
16355.109,0.296,0.34,0.864,3.97,-12.12,-37.23,1,1
16355.125,0.301,0.348,0.862,2.81,-13.12,-35.77,1,1
16355.125,0.303,0.355,0.87,1.74,-13.86,-35.07,1,1
16355.14,0.306,0.356,0.877,-0.92,-15.41,-36.53,1,1
16355.156,0.303,0.371,0.885,-4.33,-18.04,-40.01,1,1
16355.156,0.293,0.368,0.887,-6.32,-20.17,-41.99,1,1
16355.171,0.304,0.374,0.876,-6.32,-21.12,-40.65,1,1
16355.187,0.31,0.383,0.857,-4.27,-19.68,-37.69,1,1
16355.187,0.314,0.386,0.84,-2.08,-16.54,-34.09,1,1
16355.203,0.321,0.395,0.834,-1.71,-12.76,-30.61,1,1
16355.203,0.322,0.404,0.843,-2.47,-9.16,-27.62,1,1
16355.218,0.317,0.412,0.852,-3.51,-6.5,-25.06,1,1
16355.234,0.317,0.415,0.853,-4.76,-5.74,-23.47,1,1
16355.234,0.321,0.411,0.851,-5.92,-5.68,-22.58,1,1
16355.25,0.321,0.403,0.853,-7.54,-6.1,-22.28,1,1
16355.265,0.319,0.403,0.853,-8.18,-7.35,-22.55,1,1
16355.281,0.321,0.406,0.844,-7.2,-8.24,-22.34,1,1
16355.281,0.325,0.4,0.833,-5.55,-8.33,-21.09,1,1
16355.296,0.328,0.402,0.829,-3.51,-7.72,-19.56,1,1
16355.296,0.329,0.411,0.821,-0.76,-6.78,-17.67,1,1
16355.312,0.334,0.426,0.819,1.71,-5.34,-14.92,1,1
16355.328,0.335,0.448,0.825,2.9,-4.33,-12.54,1,1
16355.328,0.336,0.459,0.823,2.08,-4.91,-11.35,1,1
16355.343,0.343,0.462,0.822,-0.4,-6.01,-10.41,1,1
16355.343,0.348,0.462,0.827,-2.29,-6.38,-9.19,1,1
16355.359,0.35,0.453,0.823,-2.81,-6.81,-8.36,1,1
16355.375,0.35,0.437,0.822,-2.38,-7.6,-8.09,1,1
16355.375,0.354,0.449,0.824,0.34,-7.54,-8.88,1,1
16355.39,0.35,0.474,0.82,5.74,-6.26,-9.74,1,1
16355.406,0.339,0.499,0.81,12.33,-3.78,-9.28,1,1
16355.406,0.329,0.525,0.806,16.33,-1.43,-7.97,1,1
16355.421,0.317,0.526,0.827,15.59,-0.27,-5.19,1,1
16355.421,0.317,0.527,0.808,18.28,-0.89,-1.59,1,1
16355.437,0.328,0.528,0.767,19.38,-2.81,0.7,1,1
16355.453,0.325,0.518,0.757,13.67,-5.07,0.98,1,1
16355.468,0.334,0.517,0.788,10.62,-6.2,2.84,1,1
16355.468,0.358,0.523,0.786,12.97,-6.65,6.93,1,1
16355.484,0.366,0.523,0.768,13.92,-6.32,8.3,1,1
16355.484,0.361,0.517,0.768,13.95,-3.75,8.88,1,1
16355.5,0.361,0.51,0.759,15.29,0.89,10.8,1,1
16355.515,0.35,0.512,0.762,16.08,6.59,12.6,1,1
16355.515,0.331,0.513,0.777,16.02,13.31,14.56,1,1
16355.531,0.307,0.531,0.797,13.06,18.77,16.94,1,1
16355.546,0.287,0.519,0.811,9.61,21.79,20.23,1,1
16355.546,0.278,0.495,0.818,7.02,22.77,23.62,1,1
16355.562,0.283,0.461,0.825,5.43,22.52,25.51,1,1
16355.562,0.288,0.421,0.837,3.57,21.36,24.87,1,1
16355.578,0.289,0.386,0.855,1.25,18.8,22.34,1,1
16355.593,0.283,0.358,0.868,-0.67,15.53,19.29,1,1
16355.593,0.284,0.334,0.879,-1.25,12.21,17.33,1,1
16355.609,0.29,0.317,0.883,-0.34,8.97,15.2,1,1
16355.625,0.295,0.303,0.886,1.1,6.5,13.09,1,1
16355.625,0.3,0.303,0.888,1.92,3.72,10.41,1,1
16355.64,0.302,0.299,0.886,2.2,1.34,7.87,1,1
16355.656,0.309,0.294,0.883,2.44,-0.12,5.8,1,1
16355.656,0.308,0.288,0.878,3.17,-1.28,3.6,1,1
16355.671,0.305,0.293,0.875,3.72,-2.32,1.22,1,1
16355.687,0.293,0.308,0.879,3.17,-4.36,-1.98,1,1
16355.687,0.279,0.317,0.884,1.74,-8.27,-5.4,1,1
16355.703,0.269,0.341,0.903,-2.29,-15.53,-9.46,1,1
16355.703,0.277,0.36,0.916,-7.69,-25.3,-12.79,1,1
16355.718,0.299,0.358,0.916,-10.9,-33.33,-13.92,1,1
16355.734,0.317,0.338,0.905,-9.52,-37.84,-13.89,1,1
16355.734,0.338,0.337,0.895,-5.71,-39.83,-14.16,1,1
16355.75,0.359,0.34,0.876,0.61,-39.4,-15.14,1,1
16355.765,0.374,0.347,0.844,7.63,-36.59,-16.14,1,1
16355.781,0.382,0.368,0.824,13.0,-32.5,-17.52,1,1
16355.781,0.381,0.397,0.808,16.6,-28.63,-19.65,1,1
16355.796,0.37,0.437,0.81,16.6,-26.12,-21.39,1,1
16355.796,0.355,0.527,0.832,10.13,-25.82,-21.45,1,1
16355.812,0.343,0.595,0.842,0.27,-27.65,-19.53,1,1
16355.828,0.347,0.575,0.843,-7.39,-30.03,-15.87,1,1
16355.828,0.363,0.528,0.838,-9.7,-31.34,-11.87,1,1
16355.843,0.38,0.492,0.818,-6.16,-30.58,-9.7,1,1
16355.843,0.391,0.478,0.796,0.4,-27.89,-9.09,1,1
16355.859,0.39,0.477,0.767,6.93,-23.62,-9.25,1,1
16355.875,0.387,0.483,0.747,10.77,-18.65,-8.58,1,1
16355.875,0.386,0.484,0.739,12.12,-12.97,-6.9,1,1
16355.89,0.389,0.492,0.731,12.73,-6.93,-4.97,1,1
16355.906,0.385,0.498,0.727,11.38,-1.31,-3.66,1,1
16355.906,0.372,0.502,0.735,7.9,3.02,-3.48,1,1
16355.921,0.356,0.507,0.75,4.0,6.53,-2.2,1,1
16355.937,0.341,0.497,0.758,0.89,8.97,0.4,1,1
16355.937,0.342,0.488,0.774,-1.4,10.01,2.81,1,1
16355.953,0.345,0.479,0.787,-2.59,10.28,3.81,1,1
16355.953,0.345,0.462,0.792,-2.78,10.13,3.91,1,1
16355.968,0.346,0.45,0.793,-1.95,10.53,4.03,1,1
16355.984,0.347,0.453,0.799,-0.58,11.44,4.52,1,1
16356.0,0.347,0.452,0.804,0.89,12.6,4.76,1,1
16356.0,0.345,0.459,0.813,-0.06,12.48,4.0,1,1
16356.015,0.346,0.469,0.823,-2.29,11.38,2.99,1,1
16356.015,0.352,0.451,0.825,-1.59,9.37,1.74,1,1
16356.031,0.355,0.433,0.806,-1.46,9.28,0.82,1,1
16356.046,0.356,0.433,0.809,-0.67,8.82,-0.24,1,1
16356.062,0.361,0.432,0.804,-0.27,8.09,-1.13,1,1
16356.062,0.353,0.438,0.804,-1.13,6.65,-2.04,1,1
16356.078,0.354,0.443,0.81,-2.2,4.85,-1.68,1,1
16356.078,0.361,0.451,0.812,-2.23,3.08,-0.58,1,1
16356.093,0.369,0.464,0.814,-2.66,1.13,-0.21,1,1
16356.093,0.384,0.47,0.822,-3.81,-0.31,-0.31,1,1
16356.109,0.401,0.466,0.823,-4.27,-1.37,-1.22,1,1
16356.125,0.406,0.452,0.778,-4.91,-1.28,-3.39,1,1
16356.14,0.397,0.461,0.769,-5.71,1.77,-4.76,1,1
16356.14,0.384,0.466,0.776,-5.71,4.79,-5.01,1,1
16356.156,0.373,0.475,0.778,-8.39,6.26,-5.28,1,1
16356.156,0.368,0.473,0.782,-12.63,7.23,-5.86,1,1
16356.171,0.348,0.462,0.787,-15.93,8.36,-5.8,1,1
16356.187,0.337,0.454,0.798,-18.28,9.34,-5.46,1,1
16356.187,0.322,0.453,0.822,-19.32,10.13,-4.91,1,1
16356.203,0.318,0.454,0.852,-18.25,9.03,-3.97,1,1
16356.203,0.321,0.448,0.851,-16.54,6.56,-3.75,1,1
16356.218,0.326,0.446,0.845,-14.89,5.07,-3.94,1,1
16356.234,0.321,0.43,0.845,-13.06,5.07,-3.78,1,1
16356.234,0.315,0.422,0.854,-10.9,6.13,-2.78,1,1
16356.25,0.304,0.425,0.867,-8.94,6.26,-1.65,1,1
16356.265,0.307,0.412,0.868,-7.75,4.82,-0.73,1,1
16356.265,0.308,0.398,0.875,-7.26,3.63,-1.04,1,1
16356.281,0.302,0.382,0.884,-6.38,2.14,-1.92,1,1
16356.296,0.31,0.376,0.872,-2.41,1.31,-1.65,1,1
16356.296,0.312,0.392,0.853,1.98,1.98,-1.89,1,1
16356.312,0.308,0.401,0.841,3.42,3.63,-3.75,1,1
16356.328,0.299,0.412,0.846,0.61,4.82,-5.92,1,1
16356.328,0.282,0.408,0.857,-3.72,5.01,-7.35,1,1
16356.343,0.278,0.4,0.864,-6.68,4.55,-7.45,1,1
16356.343,0.279,0.391,0.87,-8.24,4.0,-7.23,1,1
16356.359,0.281,0.376,0.873,-7.81,3.69,-8.36,1,1
16356.375,0.282,0.366,0.87,-5.62,3.72,-9.55,1,1
16356.375,0.283,0.365,0.863,-2.87,4.03,-10.47,1,1
16356.39,0.285,0.363,0.861,0.64,4.43,-11.14,1,1
16356.406,0.29,0.375,0.864,3.88,4.58,-11.41,1,1
16356.406,0.287,0.394,0.864,6.5,4.03,-11.81,1,1
16356.421,0.285,0.414,0.872,7.48,2.9,-11.23,1,1
16356.437,0.293,0.436,0.879,7.42,1.1,-10.07,1,1
16356.437,0.297,0.448,0.877,6.96,-1.34,-9.19,1,1
16356.453,0.303,0.458,0.869,5.58,-3.97,-8.42,1,1
16356.468,0.311,0.461,0.847,4.3,-5.74,-7.87,1,1
16356.468,0.32,0.459,0.831,3.27,-6.23,-6.93,1,1
16356.484,0.326,0.461,0.812,3.05,-6.38,-5.74,1,1
16356.484,0.333,0.466,0.8,3.3,-6.65,-4.91,1,1
16356.5,0.338,0.463,0.789,3.94,-6.78,-4.36,1,1
16356.515,0.34,0.462,0.783,5.8,-6.53,-3.6,1,1
16356.515,0.345,0.469,0.774,8.61,-5.77,-2.35,1,1
16356.531,0.347,0.48,0.763,11.08,-4.67,-1.07,1,1
16356.546,0.348,0.49,0.761,12.6,-3.3,0.21,1,1
16356.546,0.35,0.5,0.769,13.49,-2.11,0.82,1,1
16356.562,0.341,0.508,0.774,13.79,-1.56,1.04,1,1
16356.578,0.335,0.51,0.779,13.76,-1.83,1.98,1,1
16356.578,0.335,0.511,0.787,12.82,-2.62,3.51,1,1
16356.593,0.337,0.511,0.796,11.44,-3.11,4.64,1,1
16356.593,0.337,0.504,0.804,9.4,-3.6,5.16,1,1
16356.609,0.336,0.5,0.812,5.86,-4.7,4.64,1,1
16356.625,0.339,0.493,0.818,2.69,-5.46,4.18,1,1
16356.625,0.344,0.484,0.819,1.04,-5.13,4.24,1,1
16356.64,0.34,0.483,0.824,0.58,-3.78,4.36,1,1
16356.656,0.335,0.473,0.83,1.1,-2.75,5.16,1,1
16356.671,0.335,0.469,0.829,2.26,-1.8,6.78,1,1
16356.671,0.338,0.464,0.825,3.66,-0.4,8.06,1,1
16356.687,0.339,0.466,0.819,5.25,1.98,8.7,1,1
16356.687,0.331,0.467,0.818,7.05,4.91,9.34,1,1
16356.703,0.323,0.462,0.823,7.78,7.29,10.01,1,1
16356.718,0.319,0.465,0.828,6.81,8.48,10.44,1,1
16356.718,0.317,0.466,0.835,4.12,8.76,10.38,1,1
16356.734,0.315,0.459,0.838,0.61,8.33,9.46,1,1
16356.734,0.31,0.45,0.845,-2.78,8.03,8.64,1,1
16356.75,0.315,0.432,0.844,-5.31,8.06,8.15,1,1
16356.765,0.32,0.422,0.856,-7.42,9.09,6.26,1,1
16356.765,0.308,0.411,0.866,-7.97,9.95,4.06,1,1
16356.781,0.304,0.405,0.876,-7.9,10.19,2.93,1,1
16356.796,0.304,0.396,0.88,-6.81,9.89,2.47,1,1
16356.796,0.309,0.386,0.869,-4.03,9.43,2.26,1,1
16356.812,0.303,0.386,0.862,-0.46,9.95,1.74,1,1
16356.812,0.288,0.39,0.867,3.85,9.55,1.98,1,1
16356.828,0.288,0.409,0.873,8.91,5.19,2.69,1,1
16356.843,0.3,0.41,0.871,14.16,-0.98,3.33,1,1
16356.843,0.324,0.407,0.875,18.13,-6.41,3.23,1,1
16356.859,0.355,0.387,0.886,19.17,-10.9,1.34,1,1
16356.875,0.384,0.363,0.883,17.88,-13.89,-2.14,1,1
16356.875,0.407,0.35,0.877,15.96,-14.56,-5.16,1,1
16356.89,0.416,0.33,0.883,14.04,-14.65,-9.43,1,1
16356.906,0.423,0.319,0.889,12.12,-15.02,-14.04,1,1
16356.921,0.433,0.326,0.89,9.98,-15.81,-18.52,1,1
16356.921,0.428,0.34,0.891,7.81,-17.0,-23.44,1,1
16356.921,0.418,0.363,0.893,5.46,-18.68,-26.58,1,1
16356.937,0.414,0.39,0.891,3.39,-20.29,-27.71,1,1
16356.953,0.415,0.407,0.889,2.01,-22.1,-28.44,1,1
16356.968,0.416,0.427,0.884,0.46,-23.8,-29.24,1,1
16356.968,0.42,0.445,0.881,-0.79,-24.96,-29.94,1,1
16356.984,0.416,0.456,0.88,-0.92,-25.94,-31.43,1,1
16356.984,0.413,0.464,0.874,0.73,-26.86,-32.84,1,1
16357.0,0.426,0.483,0.856,5.86,-26.09,-36.1,1,1
16357.015,0.42,0.481,0.824,7.35,-24.6,-38.21,1,1
16357.015,0.415,0.482,0.789,7.6,-22.43,-39.37,1,1
16357.031,0.404,0.469,0.747,5.86,-19.56,-39.09,1,1
16357.046,0.409,0.455,0.68,2.62,-15.41,-39.74,1,1
16357.046,0.405,0.442,0.658,-2.66,-9.58,-40.77,1,1
16357.062,0.413,0.454,0.652,-11.32,-1.53,-43.21,1,1
16357.078,0.408,0.488,0.646,-22.25,8.09,-51.24,1,1
16357.078,0.361,0.458,0.653,-34.27,17.33,-59.54,1,1
16357.093,0.328,0.478,0.704,-42.91,25.18,-63.6,1,1
16357.109,0.28,0.462,0.729,-43.09,29.11,-65.0,1,1
16357.109,0.252,0.434,0.733,-39.74,29.6,-64.64,1,1
16357.125,0.237,0.458,0.743,-35.89,30.88,-64.55,1,1
16357.125,0.204,0.487,0.753,-33.78,32.29,-65.25,1,1
16357.14,0.18,0.474,0.781,-32.93,31.71,-64.33,1,1
16357.156,0.161,0.484,0.785,-31.16,32.01,-62.59,1,1
16357.156,0.14,0.493,0.786,-29.45,33.85,-61.89,1,1
16357.171,0.128,0.521,0.796,-28.17,35.83,-61.1,1,1
16357.187,0.108,0.54,0.803,-26.06,38.15,-59.94,1,1
16357.187,0.092,0.548,0.821,-25.09,38.67,-58.44,1,1
16357.203,0.075,0.568,0.84,-25.79,37.05,-57.89,1,1
16357.218,0.082,0.578,0.86,-27.95,33.6,-54.75,1,1
16357.218,0.055,0.567,0.868,-32.47,28.2,-50.94,1,1
16357.234,0.05,0.548,0.877,-34.64,23.26,-47.94,1,1
16357.234,0.05,0.54,0.878,-33.81,19.41,-45.9,1,1
16357.25,0.06,0.515,0.865,-30.03,15.78,-44.1,1,1
16357.265,0.037,0.505,0.865,-27.16,11.9,-41.78,1,1
16357.265,0.036,0.509,0.866,-22.46,9.4,-39.55,1,1
16357.281,0.031,0.505,0.866,-18.31,7.08,-36.74,1,1
16357.296,0.022,0.497,0.864,-14.47,6.16,-34.12,1,1
16357.296,0.021,0.498,0.864,-11.47,6.41,-30.79,1,1
16357.312,0.029,0.488,0.864,-9.03,7.08,-28.2,1,1
16357.328,0.042,0.486,0.868,-8.15,7.45,-25.82,1,1
16357.328,0.037,0.487,0.868,-8.79,6.84,-24.05,1,1
16357.343,0.043,0.468,0.86,-9.8,6.41,-23.1,1,1
16357.343,0.051,0.464,0.871,-11.32,7.23,-22.83,1,1
16357.359,0.035,0.476,0.881,-12.36,8.33,-22.74,1,1
16357.375,0.033,0.469,0.893,-12.51,8.79,-21.06,1,1
16357.375,0.035,0.462,0.907,-12.63,8.7,-19.62,1,1
16357.39,0.038,0.468,0.918,-12.51,8.3,-18.25,1,1
16357.406,0.029,0.453,0.922,-11.66,7.78,-16.3,1,1
16357.421,0.026,0.44,0.925,-10.5,7.05,-13.06,1,1
16357.421,0.026,0.442,0.932,-8.45,5.86,-8.91,1,1
16357.437,0.034,0.426,0.929,-5.68,3.66,-5.28,1,1
16357.437,0.042,0.405,0.918,-3.54,1.01,-2.56,1,1
16357.453,0.049,0.394,0.907,-1.86,-1.34,-1.37,1,1
16357.468,0.064,0.387,0.892,-0.73,-3.3,-1.92,1,1
16357.468,0.076,0.384,0.873,-0.43,-4.67,-3.54,1,1
16357.484,0.082,0.389,0.857,-0.67,-4.79,-4.43,1,1
16357.484,0.088,0.39,0.85,-0.76,-4.21,-4.3,1,1
16357.5,0.092,0.391,0.853,-0.98,-3.48,-3.48,1,1
16357.515,0.088,0.398,0.863,-0.31,-2.17,-2.9,1,1
16357.515,0.088,0.405,0.872,0.79,-0.64,-1.86,1,1
16357.531,0.089,0.408,0.881,0.46,0.09,-1.16,1,1
16357.546,0.081,0.422,0.897,-0.61,0.27,-0.15,1,1
16357.562,0.102,0.433,0.88,-1.53,0.98,1.71,1,1
16357.562,0.12,0.377,0.866,1.89,6.07,2.99,1,1
16357.578,0.018,0.457,0.945,1.59,11.47,1.46,1,1
16357.578,0.073,0.547,0.999,-7.2,7.54,2.75,1,1
16357.593,0.034,0.478,0.989,-6.62,4.82,3.45,1,1
16357.609,0.016,0.473,0.983,-6.9,1.34,4.61,1,1
16357.609,0.051,0.471,0.972,-2.81,-2.59,7.32,1,1
16357.625,0.036,0.451,0.933,8.03,-5.07,8.39,1,1
16357.64,0.032,0.439,0.894,17.0,-7.54,9.37,1,1
16357.64,0.039,0.44,0.89,22.0,-8.61,8.85,1,1
16357.656,0.044,0.44,0.865,26.73,-9.16,6.01,1,1
16357.656,0.03,0.456,0.85,27.16,-10.13,3.72,1,1
16357.671,0.031,0.548,0.857,18.4,-13.92,4.27,1,1
16357.687,0.097,0.477,0.798,14.74,-14.19,6.26,1,1
16357.687,0.033,0.432,0.789,13.03,-7.97,4.85,1,1
16357.703,0.061,0.522,0.839,1.43,-5.74,5.58,1,1
16357.718,0.072,0.505,0.837,0.21,-3.57,8.15,1,1
16357.718,0.076,0.457,0.841,1.56,-0.21,10.53,1,1
16357.734,0.117,0.441,0.856,0.79,1.1,11.29,1,1
16357.75,0.118,0.428,0.861,3.39,1.8,10.04,1,1
16357.75,0.121,0.419,0.863,6.38,1.8,9.37,1,1
16357.765,0.139,0.419,0.861,7.75,0.37,9.03,1,1
16357.765,0.147,0.41,0.853,7.75,-0.98,8.15,1,1
16357.781,0.153,0.41,0.853,5.4,-1.62,7.2,1,1
16357.796,0.172,0.403,0.854,1.65,-1.68,6.13,1,1
16357.796,0.189,0.39,0.86,-2.04,-1.04,4.76,1,1
16357.812,0.191,0.381,0.87,-4.33,0.4,3.08,1,1
16357.828,0.184,0.381,0.886,-5.43,2.41,0.76,1,1
16357.828,0.167,0.382,0.901,-6.23,4.27,-0.61,1,1
16357.843,0.154,0.39,0.912,-6.38,5.49,-0.85,1,1
16357.843,0.139,0.386,0.924,-5.98,6.1,-0.7,1,1
16357.859,0.123,0.382,0.935,-5.22,6.07,-1.16,1,1
16357.875,0.114,0.378,0.939,-2.08,6.07,-2.59,1,1
16357.875,0.101,0.391,0.938,1.98,5.92,-4.58,1,1
16357.89,0.083,0.418,0.94,4.88,5.28,-6.47,1,1
16357.906,0.07,0.443,0.936,6.44,3.45,-6.93,1,1
16357.906,0.069,0.461,0.929,5.83,0.49,-5.68,1,1
16357.921,0.073,0.467,0.911,3.11,-2.66,-3.88,1,1
16357.937,0.082,0.459,0.895,-0.55,-5.04,-2.53,1,1
16357.937,0.087,0.45,0.885,-3.63,-6.01,-2.23,1,1
16357.953,0.091,0.444,0.873,-5.28,-6.23,-2.44,1,1
16357.968,0.096,0.441,0.865,-5.4,-5.62,-2.59,1,1
16357.968,0.094,0.433,0.862,-4.46,-4.24,-2.93,1,1
16357.984,0.092,0.433,0.861,-0.49,-1.5,-3.45,1,1
16357.984,0.087,0.443,0.867,1.04,-0.18,-3.39,1,1
16358.0,0.078,0.446,0.869,1.19,0.15,-2.38,1,1
16358.015,0.073,0.457,0.868,1.04,-0.43,-0.85,1,1
16358.015,0.076,0.456,0.873,0.24,-1.01,-0.73,1,1
16358.031,0.079,0.463,0.876,-1.16,-1.8,-0.92,1,1
16358.046,0.085,0.462,0.88,-2.59,-2.96,-0.89,1,1
16358.046,0.092,0.459,0.878,-3.72,-3.88,-0.67,1,1
16358.062,0.098,0.452,0.875,-3.78,-4.06,-0.15,1,1
16358.078,0.099,0.448,0.877,-2.53,-3.42,0.21,1,1
16358.078,0.1,0.448,0.876,-0.79,-2.56,0.43,1,1
16358.093,0.101,0.447,0.879,0.46,-1.74,0.52,1,1
16358.093,0.102,0.44,0.877,1.07,-0.95,0.49,1,1
16358.109,0.101,0.437,0.881,1.28,-0.31,-0.18,1,1
16358.125,0.099,0.441,0.885,1.25,-0.12,-0.95,1,1
16358.125,0.099,0.44,0.884,0.67,-0.7,-1.68,1,1
16358.14,0.101,0.439,0.887,-0.58,-1.53,-2.23,1,1
16358.156,0.099,0.441,0.89,-1.65,-1.77,-2.9,1,1
16358.156,0.099,0.441,0.892,-2.29,-2.2,-3.45,1,1
16358.171,0.102,0.439,0.896,-2.26,-2.56,-3.23,1,1
16358.187,0.098,0.447,0.898,-1.4,-2.35,-2.72,1,1
16358.203,0.101,0.45,0.895,-0.15,-2.59,-2.11,1,1
16358.203,0.105,0.446,0.888,0.82,-2.99,-1.43,1,1
16358.203,0.109,0.443,0.88,1.77,-2.84,-0.98,1,1
16358.218,0.12,0.441,0.874,2.41,-2.2,-0.76,1,1
16358.234,0.127,0.439,0.865,2.81,-0.76,-1.28,1,1
16358.25,0.125,0.438,0.855,3.33,1.68,-2.04,1,1
16358.25,0.123,0.439,0.847,3.45,4.39,-2.38,1,1
16358.265,0.115,0.443,0.847,2.44,6.65,-2.59,1,1
16358.281,0.106,0.447,0.858,0.76,8.15,-2.78,1,1
16358.281,0.09,0.455,0.878,-1.13,8.61,-2.38,1,1
16358.296,0.083,0.454,0.897,-3.27,7.54,-2.26,1,1
16358.296,0.078,0.45,0.91,-4.39,5.13,-2.66,1,1
16358.312,0.074,0.446,0.92,-4.73,2.26,-2.59,1,1
16358.328,0.077,0.439,0.921,-3.72,-0.43,-1.98,1,1
16358.343,0.082,0.435,0.913,-2.26,-2.41,-1.83,1,1
16358.343,0.084,0.434,0.906,-0.7,-3.42,-1.68,1,1
16358.343,0.082,0.429,0.905,0.34,-3.05,-2.08,1,1
16358.359,0.076,0.431,0.901,0.55,-1.8,-1.98,1,1
16358.375,0.069,0.432,0.897,-0.95,-0.09,-1.43,1,1
16358.375,0.077,0.45,0.884,-4.7,2.01,-0.4,1,1
16358.39,0.118,0.46,0.851,-8.48,4.85,0.67,1,1
16358.406,0.097,0.367,0.838,-3.63,12.39,-1.1,1,1
16358.421,0.002,0.474,0.916,-8.67,15.11,-3.2,1,1
16358.421,0.062,0.508,0.95,-17.43,9.58,-2.29,1,1
16358.437,0.011,0.436,0.929,-16.48,5.28,-2.08,1,1
16358.437,0.015,0.432,0.936,-15.41,0.37,0.4,1,1
16358.453,0.047,0.418,0.927,-8.94,-4.52,2.78,1,1
16358.468,0.028,0.393,0.907,1.77,-7.32,3.17,1,1
16358.468,0.035,0.397,0.887,12.3,-9.52,3.57,1,1
16358.484,0.037,0.403,0.89,21.79,-10.86,2.69,1,1
16358.484,0.019,0.404,0.899,27.19,-13.37,0.21,1,1
16358.5,0.002,0.443,0.906,28.02,-17.43,-1.01,1,1
16358.515,0.03,0.54,0.894,20.51,-23.26,2.17,1,1
16358.531,0.089,0.453,0.836,19.23,-23.22,3.66,1,1
16358.531,0.021,0.458,0.829,16.85,-18.04,2.9,1,1
16358.546,0.067,0.524,0.884,4.52,-16.51,2.62,1,1
16358.546,0.073,0.502,0.903,-1.22,-16.51,1.56,1,1
16358.562,0.042,0.495,0.881,-1.22,-16.05,4.82,1,1
16358.578,0.072,0.501,0.896,-0.67,-15.78,9.37,1,1
16358.593,0.063,0.491,0.903,3.33,-15.81,11.66,1,1
16358.593,0.061,0.486,0.889,8.73,-16.45,13.73,1,1
16358.609,0.073,0.498,0.866,13.43,-16.57,16.21,1,1
16358.609,0.079,0.504,0.84,16.75,-15.38,17.94,1,1
16358.625,0.078,0.507,0.819,17.3,-13.52,18.92,1,1
16358.64,0.078,0.526,0.806,15.23,-10.93,19.41,1,1
16358.64,0.069,0.551,0.802,12.09,-7.26,18.98,1,1
16358.656,0.059,0.567,0.805,7.81,-4.09,18.13,1,1
16358.656,0.053,0.585,0.816,3.02,-2.69,18.19,1,1
16358.671,0.047,0.584,0.808,0.85,-2.72,19.84,1,1
16358.687,0.039,0.591,0.795,1.22,-2.75,22.98,1,1
16358.687,0.039,0.598,0.791,2.99,-2.17,27.01,1,1
16358.703,0.048,0.588,0.777,5.55,-1.5,31.22,1,1
16358.718,0.059,0.574,0.762,7.23,-0.12,35.4,1,1
16358.718,0.081,0.558,0.752,8.36,2.44,39.89,1,1
16358.734,0.096,0.534,0.746,8.85,6.35,42.79,1,1
16358.734,0.107,0.512,0.748,7.23,10.5,42.33,1,1
16358.75,0.115,0.506,0.759,2.9,13.95,38.97,1,1
16358.765,0.116,0.512,0.766,-3.08,16.57,34.36,1,1
16358.781,0.118,0.507,0.767,-10.22,18.49,31.25,1,1
16358.781,0.122,0.495,0.777,-16.88,21.3,31.1,1,1
16358.796,0.127,0.482,0.789,-21.67,25.48,32.81,1,1
16358.796,0.132,0.466,0.814,-24.51,30.85,35.52,1,1
16358.812,0.139,0.428,0.847,-23.9,35.4,38.3,1,1
16358.812,0.147,0.389,0.874,-19.23,37.57,40.31,1,1
16358.828,0.156,0.383,0.892,-11.9,37.45,41.84,1,1
16358.843,0.161,0.386,0.9,-3.57,35.86,43.61,1,1
16358.843,0.17,0.376,0.904,3.63,33.85,44.62,1,1
16358.875,0.182,0.378,0.912,7.93,31.86,44.89,1,1
16358.875,0.184,0.391,0.922,9.86,30.76,44.95,1,1
16358.875,0.19,0.396,0.938,9.74,29.08,45.26,1,1
16358.89,0.185,0.398,0.949,8.85,26.8,45.32,1,1
16358.906,0.18,0.402,0.96,7.72,23.47,45.99,1,1
16358.906,0.179,0.399,0.974,6.99,19.07,46.72,1,1
16358.921,0.185,0.401,0.977,7.35,13.86,47.7,1,1
16358.937,0.185,0.396,0.969,8.85,7.9,48.92,1,1
16358.937,0.201,0.392,0.954,9.95,2.2,50.84,1,1
16358.953,0.211,0.371,0.928,13.43,-0.34,53.01,1,1
16358.968,0.206,0.381,0.919,13.25,-3.63,55.02,1,1
16358.968,0.24,0.392,0.902,13.89,-4.85,60.73,1,1
16358.984,0.236,0.361,0.868,13.98,-2.04,64.3,1,1
16358.984,0.243,0.358,0.846,14.68,2.35,68.0,1,1
16359.0,0.232,0.366,0.844,17.82,7.57,70.47,1,1
16359.015,0.207,0.359,0.855,20.2,11.08,73.15,1,1
16359.015,0.216,0.362,0.866,21.52,12.18,75.17,1,1
16359.031,0.229,0.355,0.878,21.06,12.12,72.88,1,1
16359.046,0.245,0.338,0.878,18.07,10.56,65.49,1,1
16359.046,0.253,0.323,0.866,12.79,8.88,54.57,1,1
16359.062,0.257,0.321,0.866,4.7,8.42,41.75,1,1
16359.078,0.257,0.325,0.865,-3.14,9.61,29.39,1,1
16359.078,0.207,0.348,0.881,-9.49,12.15,19.2,1,1
16359.093,0.168,0.345,1.022,-13.92,11.23,15.41,1,1
16359.093,0.213,0.312,1.064,-18.1,1.07,10.62,1,1
16359.109,0.205,0.357,1.061,-25.36,-7.9,4.18,1,1
16359.125,0.217,0.322,1.045,-27.34,-13.34,0.76,1,1
16359.125,0.234,0.289,1.0,-22.64,-14.56,-1.4,1,1
16359.14,0.246,0.299,0.963,-14.65,-11.81,-4.06,1,1
16359.156,0.237,0.31,0.943,-5.95,-8.45,-8.51,1,1
16359.156,0.223,0.333,0.925,1.95,-5.62,-12.7,1,1
16359.171,0.209,0.369,0.903,8.45,-3.69,-15.63,1,1
16359.187,0.185,0.408,0.891,11.93,-2.87,-16.11,1,1
16359.187,0.176,0.444,0.883,11.38,-3.45,-14.53,1,1
16359.203,0.177,0.463,0.868,7.32,-5.19,-12.97,1,1
16359.203,0.18,0.468,0.869,1.04,-6.35,-12.21,1,1
16359.218,0.178,0.464,0.868,-4.12,-6.44,-11.38,1,1
16359.234,0.18,0.46,0.873,-6.35,-5.83,-9.19,1,1
16359.234,0.184,0.453,0.874,-5.52,-4.39,-6.5,1,1
16359.25,0.19,0.442,0.871,-2.69,-2.87,-4.21,1,1
16359.265,0.196,0.441,0.87,0.82,-1.5,-3.36,1,1
16359.265,0.194,0.437,0.863,3.63,-0.55,-3.6,1,1
16359.281,0.193,0.434,0.857,5.01,-0.76,-4.27,1,1
16359.296,0.189,0.444,0.856,5.13,-1.04,-4.91,1,1
16359.296,0.188,0.458,0.855,3.14,-1.65,-5.4,1,1
16359.312,0.187,0.456,0.854,-0.49,-2.84,-5.25,1,1
16359.328,0.19,0.45,0.857,-3.94,-3.57,-4.76,1,1
16359.328,0.192,0.44,0.861,-5.77,-3.97,-4.43,1,1
16359.343,0.197,0.429,0.861,-5.62,-4.21,-3.91,1,1
16359.343,0.205,0.418,0.855,-3.81,-4.0,-3.75,1,1
16359.359,0.207,0.415,0.855,-1.01,-3.14,-4.06,1,1
16359.375,0.206,0.42,0.86,1.62,-2.29,-4.15,1,1
16359.375,0.206,0.432,0.862,3.42,-1.92,-3.94,1,1
16359.39,0.206,0.439,0.862,4.49,-1.74,-4.0,1,1
16359.406,0.204,0.441,0.864,4.46,-1.77,-4.12,1,1
16359.406,0.202,0.446,0.866,3.66,-2.11,-4.27,1,1
16359.421,0.199,0.455,0.865,2.72,-2.66,-4.39,1,1
16359.437,0.203,0.459,0.866,1.19,-3.2,-4.52,1,1
16359.437,0.203,0.461,0.869,-0.37,-3.78,-4.88,1,1
16359.453,0.203,0.458,0.868,-0.58,-4.06,-4.39,1,1
16359.453,0.203,0.455,0.871,0.95,-3.51,-3.66,1,1
16359.468,0.199,0.451,0.861,3.6,-2.78,-2.44,1,1
16359.484,0.208,0.456,0.854,5.98,-2.38,-0.92,1,1
16359.5,0.213,0.461,0.85,8.06,-1.92,-0.12,1,1
16359.5,0.213,0.47,0.85,9.49,-1.19,0.4,1,1
16359.515,0.21,0.487,0.849,9.98,-0.27,1.56,1,1
16359.515,0.203,0.497,0.856,8.79,0.18,2.96,1,1
16359.531,0.198,0.5,0.865,6.04,0.31,4.12,1,1
16359.546,0.194,0.497,0.871,2.66,0.18,5.1,1,1
16359.546,0.188,0.486,0.876,-0.06,0.09,6.38,1,1
16359.562,0.185,0.474,0.882,-1.16,0.06,8.03,1,1
16359.578,0.18,0.459,0.884,0.0,-0.67,8.91,1,1
16359.578,0.167,0.45,0.886,2.96,-3.23,9.7,1,1
16359.593,0.146,0.457,0.897,7.63,-8.24,10.68,1,1
16359.609,0.102,0.482,0.903,12.85,-17.67,13.49,1,1
16359.609,0.093,0.471,0.961,15.14,-32.65,18.4,1,1
16359.625,0.078,0.489,1.013,16.75,-53.04,23.8,1,1
16359.625,0.128,0.55,0.951,20.26,-71.93,34.61,1,1
16359.64,0.184,0.555,0.885,16.3,-84.81,41.66,1,1
16359.656,0.21,0.529,0.835,9.67,-90.0,42.21,1,1
16359.671,0.271,0.503,0.772,4.43,-87.34,41.05,1,1
16359.671,0.307,0.477,0.757,0.85,-78.8,37.32,1,1
16359.687,0.325,0.426,0.741,2.78,-68.09,32.84,1,1
16359.687,0.34,0.405,0.732,6.78,-57.47,29.51,1,1
16359.703,0.359,0.397,0.735,11.14,-47.98,25.91,1,1
16359.718,0.365,0.379,0.744,14.92,-40.68,21.76,1,1
16359.718,0.382,0.376,0.743,16.69,-35.19,17.76,1,1
16359.734,0.399,0.382,0.74,15.9,-29.97,13.82,1,1
16359.734,0.404,0.376,0.744,13.03,-24.2,9.98,1,1
16359.75,0.417,0.373,0.744,8.48,-18.1,6.44,1,1
16359.765,0.421,0.377,0.748,3.42,-11.44,2.62,1,1
16359.765,0.418,0.369,0.757,-1.89,-4.67,-0.58,1,1
16359.781,0.417,0.367,0.769,-6.62,1.62,-3.54,1,1
16359.796,0.404,0.369,0.795,-9.19,7.29,-6.47,1,1
16359.796,0.388,0.371,0.818,-8.39,10.74,-8.55,1,1
16359.812,0.377,0.379,0.829,-5.98,12.12,-10.16,1,1
16359.828,0.363,0.396,0.839,-3.39,12.09,-11.84,1,1
16359.828,0.353,0.417,0.846,-1.31,10.65,-13.03,1,1
16359.843,0.346,0.434,0.849,-0.37,8.39,-13.43,1,1
16359.859,0.344,0.445,0.85,-0.76,6.16,-13.18,1,1
16359.859,0.343,0.454,0.847,-2.29,4.46,-12.6,1,1
16359.875,0.347,0.458,0.848,-4.15,3.08,-11.72,1,1
16359.875,0.349,0.456,0.851,-5.37,2.44,-11.05,1,1
16359.89,0.349,0.456,0.855,-6.23,2.41,-10.9,1,1
16359.906,0.345,0.457,0.857,-6.5,2.38,-10.9,1,1
16359.906,0.34,0.461,0.862,-6.13,1.92,-10.59,1,1
16359.921,0.328,0.467,0.868,-4.52,0.92,-9.83,1,1
16359.937,0.32,0.474,0.87,-1.98,-1.13,-8.36,1,1
16359.937,0.32,0.476,0.864,0.58,-3.54,-6.13,1,1
16359.953,0.324,0.48,0.853,5.04,-6.81,-2.44,1,1
16359.953,0.329,0.485,0.837,5.43,-7.32,-1.1,1,1
16359.968,0.327,0.488,0.831,5.46,-7.81,0.18,1,1
16359.984,0.328,0.487,0.825,5.37,-8.27,1.37,1,1
16359.984,0.325,0.483,0.82,4.94,-8.82,2.23,1,1
16360.0,0.323,0.477,0.815,4.7,-9.98,3.08,1,1
16360.015,0.325,0.467,0.807,4.61,-11.23,3.85,1,1
16360.015,0.335,0.462,0.803,4.82,-11.99,4.18,1,1
16360.031,0.34,0.457,0.794,5.25,-12.33,3.78,1,1
16360.046,0.341,0.453,0.78,5.37,-11.99,3.2,1,1
16360.046,0.345,0.453,0.777,5.22,-10.93,2.72,1,1
16360.062,0.349,0.452,0.774,4.73,-9.43,1.83,1,1
16360.062,0.353,0.452,0.778,3.39,-7.69,0.92,1,1
16360.078,0.353,0.448,0.776,1.98,-5.86,-0.18,1,1
16360.093,0.356,0.443,0.773,0.85,-4.27,-1.28,1,1
16360.109,0.361,0.448,0.771,-0.15,-2.11,-2.62,1,1
16360.109,0.354,0.455,0.777,-1.19,0.7,-3.85,1,1
16360.125,0.343,0.453,0.787,-1.83,2.59,-4.43,1,1
16360.125,0.342,0.46,0.794,-2.41,3.48,-4.58,1,1
16360.14,0.341,0.467,0.804,-2.47,4.15,-4.91,1,1
16360.156,0.336,0.465,0.809,-2.47,4.76,-5.01,1,1
16360.156,0.335,0.467,0.812,-3.39,4.79,-4.64,1,1
16360.171,0.332,0.467,0.817,-4.43,4.76,-4.49,1,1
16360.187,0.331,0.468,0.825,-5.55,4.67,-4.39,1,1
16360.187,0.329,0.461,0.828,-6.04,4.3,-4.24,1,1
16360.203,0.331,0.455,0.827,-5.58,3.85,-3.94,1,1
16360.218,0.334,0.457,0.824,-4.64,3.75,-4.12,1,1
16360.218,0.335,0.455,0.818,-3.91,4.21,-4.67,1,1
16360.234,0.336,0.451,0.813,-3.88,5.01,-5.34,1,1
16360.234,0.336,0.451,0.813,-4.0,6.07,-5.65,1,1
16360.25,0.334,0.447,0.812,-4.12,6.78,-5.68,1,1
16360.265,0.336,0.446,0.809,-4.73,7.26,-5.8,1,1
16360.265,0.335,0.444,0.812,-5.28,7.97,-6.16,1,1
16360.281,0.331,0.444,0.812,-5.25,8.67,-6.62,1,1
16360.296,0.327,0.444,0.813,-4.94,9.22,-7.02,1,1
16360.296,0.325,0.449,0.813,-4.85,9.8,-7.29,1,1
16360.312,0.323,0.45,0.815,-5.01,10.28,-7.97,1,1
16360.328,0.322,0.447,0.813,-4.97,10.96,-8.88,1,1
16360.328,0.319,0.449,0.814,-5.04,11.26,-9.83,1,1
16360.343,0.307,0.455,0.814,-4.79,11.47,-9.83,1,1
16360.359,0.302,0.451,0.808,-4.06,11.57,-9.22,1,1
16360.359,0.301,0.455,0.807,-3.85,11.78,-8.79,1,1
16360.375,0.294,0.464,0.808,-4.03,12.12,-8.55,1,1
16360.375,0.291,0.466,0.803,-4.67,12.6,-8.09,1,1
16360.39,0.288,0.469,0.806,-5.98,13.25,-7.69,1,1
16360.406,0.273,0.481,0.83,-6.87,13.58,-7.48,1,1
16360.421,0.254,0.489,0.882,-5.95,11.41,-5.65,1,1
16360.421,0.269,0.488,0.892,-4.85,6.07,-3.27,1,1
16360.437,0.282,0.494,0.891,-5.52,1.77,-2.17,1,1
16360.437,0.289,0.479,0.888,-5.52,-0.03,-1.62,1,1
16360.453,0.296,0.466,0.88,-4.49,-0.27,-1.19,1,1
16360.468,0.299,0.459,0.869,-3.45,0.24,-1.07,1,1
16360.468,0.295,0.45,0.861,-2.78,0.67,-1.28,1,1
16360.484,0.293,0.444,0.857,-2.29,0.46,-1.56,1,1
16360.484,0.288,0.445,0.851,-1.95,-0.34,-1.71,1,1
16360.5,0.285,0.447,0.839,-1.53,-1.13,-1.28,1,1
16360.515,0.287,0.445,0.833,-1.4,-1.62,-0.61,1,1
16360.515,0.286,0.444,0.828,-1.5,-1.56,-0.4,1,1
16360.531,0.287,0.444,0.831,-1.65,-1.28,-0.24,1,1
16360.546,0.287,0.441,0.832,-1.8,-0.79,-0.18,1,1
16360.546,0.289,0.442,0.836,-2.29,-0.31,-0.12,1,1
16360.562,0.286,0.443,0.846,-2.32,0.12,0.03,1,1
16360.578,0.284,0.437,0.849,-1.86,-0.03,-0.03,1,1
16360.578,0.285,0.438,0.851,-1.5,-0.64,-0.09,1,1
16360.593,0.286,0.439,0.85,-0.7,-1.13,-0.24,1,1
16360.593,0.285,0.44,0.845,-0.24,-1.34,-0.24,1,1
16360.609,0.283,0.442,0.838,-0.58,-1.25,-0.52,1,1
16360.625,0.283,0.444,0.833,-0.85,-1.34,-0.61,1,1
16360.64,0.285,0.443,0.828,-1.37,-1.28,-0.52,1,1
16360.64,0.286,0.443,0.828,-1.68,-1.34,-0.43,1,1
16360.656,0.285,0.443,0.832,-1.77,-1.31,-0.4,1,1
16360.656,0.283,0.444,0.834,-1.8,-1.4,-0.24,1,1
16360.671,0.283,0.442,0.838,-1.74,-1.43,-0.15,1,1
16360.687,0.286,0.439,0.839,-1.22,-1.92,0.0,1,1
16360.687,0.291,0.434,0.837,-0.73,-2.2,-0.09,1,1
16360.703,0.295,0.436,0.833,0.0,-2.14,-0.52,1,1
16360.718,0.297,0.44,0.829,0.61,-2.01,-0.7,1,1
16360.718,0.297,0.443,0.83,0.21,-1.95,-0.64,1,1
16360.734,0.3,0.445,0.827,-0.67,-1.89,-0.61,1,1
16360.734,0.301,0.442,0.825,-1.28,-1.65,-0.37,1,1
16360.75,0.303,0.44,0.829,-1.71,-1.01,-0.12,1,1
16360.765,0.3,0.436,0.832,-1.43,-0.21,-0.06,1,1
16360.765,0.298,0.438,0.836,-1.07,0.06,0.15,1,1
16360.781,0.301,0.44,0.84,-0.98,-0.31,0.0,1,1
16360.796,0.297,0.438,0.842,-0.82,-1.16,-0.21,1,1
16360.796,0.304,0.438,0.837,-0.64,-2.35,-0.24,1,1
16360.812,0.305,0.438,0.835,-0.06,-2.78,-0.43,1,1
16360.828,0.302,0.448,0.834,-0.09,-2.44,-0.73,1,1
16360.828,0.296,0.452,0.837,-0.49,-1.92,-0.82,1,1
16360.843,0.291,0.453,0.843,-1.5,-1.71,-0.43,1,1
16360.859,0.291,0.454,0.844,-2.75,-1.8,0.0,1,1
16360.859,0.292,0.447,0.845,-3.6,-2.26,0.15,1,1
16360.875,0.3,0.444,0.845,-3.97,-2.59,0.49,1,1
16360.875,0.303,0.439,0.842,-3.6,-2.47,0.58,1,1
16360.89,0.304,0.437,0.841,-2.75,-2.01,0.49,1,1
16360.906,0.304,0.437,0.843,-2.17,-1.4,0.37,1,1
16360.906,0.299,0.437,0.845,-1.89,-0.79,0.12,1,1
16360.921,0.293,0.446,0.853,-2.14,-0.4,-0.03,1,1
16360.937,0.289,0.452,0.861,-3.3,-0.43,0.34,1,1
16360.937,0.288,0.453,0.864,-3.54,-0.76,1.07,1,1
16360.953,0.291,0.45,0.865,-2.9,-0.76,1.74,1,1
16360.968,0.294,0.448,0.867,-0.79,0.18,2.78,1,1
16360.968,0.275,0.444,0.864,2.11,1.07,4.76,1,1
16360.984,0.267,0.454,0.858,4.52,0.89,7.26,1,1
16360.984,0.254,0.451,0.863,6.53,-0.61,8.97,1,1
16361.0,0.233,0.461,0.868,8.15,-5.43,9.49,1,1
16361.015,0.217,0.487,0.873,9.09,-12.91,10.59,1,1
16361.015,0.235,0.512,0.908,8.18,-20.6,13.61,1,1
16361.031,0.276,0.517,0.916,4.94,-27.59,16.24,1,1
16361.046,0.308,0.512,0.88,-1.19,-30.85,16.66,1,1
16361.062,0.323,0.482,0.879,-7.48,-28.99,16.63,1,1
16361.062,0.333,0.453,0.873,-10.93,-25.7,15.2,1,1
16361.078,0.329,0.434,0.868,-11.96,-22.22,12.97,1,1
16361.078,0.324,0.417,0.87,-10.68,-19.29,11.23,1,1
16361.093,0.319,0.405,0.871,-7.08,-17.64,10.01,1,1
16361.109,0.312,0.407,0.867,-3.17,-17.37,8.91,1,1
16361.109,0.312,0.408,0.858,-0.37,-18.16,7.66,1,1
16361.125,0.315,0.409,0.85,0.55,-18.86,6.47,1,1
16361.125,0.31,0.421,0.841,-0.31,-19.14,5.22,1,1
16361.14,0.303,0.428,0.837,-2.35,-19.07,4.46,1,1
16361.156,0.298,0.429,0.835,-5.22,-18.95,4.3,1,1
16361.156,0.296,0.426,0.834,-8.0,-18.74,3.85,1,1
16361.171,0.299,0.43,0.834,-9.98,-18.25,3.33,1,1
16361.187,0.291,0.424,0.831,-9.95,-17.18,2.69,1,1
16361.187,0.284,0.418,0.829,-8.42,-16.11,2.17,1,1
16361.203,0.283,0.419,0.827,-5.89,-15.5,1.46,1,1
16361.218,0.281,0.426,0.819,-2.99,-14.68,0.4,1,1
16361.218,0.272,0.432,0.815,-0.61,-13.7,-0.79,1,1
16361.234,0.264,0.437,0.816,1.89,-13.25,-0.67,1,1
16361.234,0.262,0.445,0.813,4.33,-13.79,0.09,1,1
16361.25,0.271,0.454,0.805,5.83,-14.86,0.43,1,1
16361.265,0.281,0.455,0.795,5.98,-15.72,0.24,1,1
16361.281,0.294,0.448,0.784,6.29,-15.32,0.18,1,1
16361.281,0.306,0.442,0.779,7.17,-13.67,0.55,1,1
16361.296,0.311,0.435,0.773,7.9,-12.12,1.28,1,1
16361.296,0.323,0.433,0.776,8.18,-10.96,1.56,1,1
16361.312,0.329,0.428,0.776,8.58,-9.55,1.28,1,1
16361.328,0.342,0.422,0.776,8.61,-8.03,0.82,1,1
16361.328,0.339,0.421,0.783,9.16,-6.56,-0.06,1,1
16361.343,0.338,0.417,0.792,10.68,-6.2,-0.43,1,1
16361.343,0.347,0.424,0.798,12.27,-6.96,-0.98,1,1
16361.359,0.347,0.407,0.798,12.88,-8.27,-0.89,1,1
16361.375,0.367,0.413,0.799,12.94,-9.58,-1.13,1,1
16361.375,0.373,0.398,0.79,12.97,-10.38,-2.17,1,1
16361.39,0.38,0.398,0.794,11.57,-10.62,-3.45,1,1
16361.406,0.385,0.398,0.796,10.16,-10.74,-5.13,1,1
16361.406,0.373,0.393,0.796,8.58,-11.51,-6.96,1,1
16361.421,0.379,0.389,0.803,7.26,-13.03,-7.84,1,1
16361.437,0.394,0.406,0.799,7.69,-14.37,-9.25,1,1
16361.437,0.393,0.389,0.796,8.12,-15.29,-10.38,1,1
16361.453,0.403,0.4,0.798,9.25,-15.81,-11.35,1,1
16361.453,0.401,0.39,0.792,10.99,-16.33,-11.99,1,1
16361.468,0.411,0.401,0.786,11.96,-17.15,-12.73,1,1
16361.484,0.421,0.404,0.78,11.96,-17.73,-13.58,1,1
16361.5,0.418,0.402,0.774,10.74,-18.52,-15.35,1,1
16361.5,0.417,0.418,0.773,8.7,-19.78,-17.12,1,1
16361.515,0.423,0.421,0.764,6.01,-21.33,-18.1,1,1
16361.515,0.426,0.43,0.751,3.33,-22.13,-19.44,1,1
16361.531,0.434,0.432,0.749,0.73,-21.52,-19.44,1,1
16361.546,0.44,0.438,0.745,-0.82,-19.44,-19.75,1,1
16361.546,0.453,0.431,0.744,-1.28,-16.14,-19.41,1,1
16361.562,0.46,0.437,0.743,-0.43,-11.96,-19.68,1,1
16361.578,0.448,0.449,0.747,0.37,-7.17,-21.21,1,1
16361.578,0.439,0.446,0.753,0.34,-3.6,-21.64,1,1
16361.593,0.427,0.465,0.766,0.18,-1.31,-21.91,1,1
16361.593,0.412,0.484,0.773,0.18,-0.85,-22.06,1,1
16361.609,0.392,0.49,0.778,-0.12,-2.41,-21.27,1,1
16361.625,0.391,0.506,0.78,0.09,-5.25,-19.35,1,1
16361.625,0.378,0.497,0.765,0.73,-9.0,-17.12,1,1
16361.64,0.407,0.495,0.764,0.49,-12.24,-13.82,1,1
16361.656,0.414,0.513,0.758,0.76,-13.58,-13.03,1,1
16361.656,0.425,0.491,0.747,-0.15,-14.19,-11.99,1,1
16361.671,0.451,0.5,0.74,-1.65,-12.57,-11.11,1,1
16361.687,0.449,0.493,0.738,-1.95,-9.34,-11.23,1,1
16361.703,0.461,0.5,0.739,-3.02,-6.13,-11.81,1,1
16361.703,0.449,0.503,0.741,-4.61,-2.72,-12.42,1,1
16361.718,0.45,0.5,0.752,-6.68,-0.27,-11.93,1,1
16361.718,0.44,0.503,0.762,-7.87,1.8,-11.99,1,1
16361.734,0.436,0.478,0.771,-8.09,2.96,-10.62,1,1
16361.734,0.436,0.485,0.776,-6.41,3.27,-10.1,1,1
16361.75,0.424,0.469,0.779,-4.06,2.44,-9.46,1,1
16361.765,0.438,0.49,0.776,-2.81,0.82,-9.67,1,1
16361.765,0.434,0.486,0.767,-2.23,0.67,-10.35,1,1
16361.781,0.438,0.501,0.766,-2.78,1.37,-10.53,1,1
16361.796,0.426,0.5,0.762,-3.88,2.62,-10.28,1,1
16361.796,0.432,0.502,0.767,-5.49,4.06,-9.22,1,1
16361.812,0.412,0.503,0.77,-5.86,4.76,-8.67,1,1
16361.828,0.401,0.496,0.783,-6.62,3.94,-7.69,1,1
16361.828,0.4,0.515,0.788,-5.8,2.08,-6.96,1,1
16361.843,0.395,0.504,0.777,-4.3,-0.31,-5.95,1,1
16361.843,0.401,0.5,0.777,-3.02,-1.5,-4.39,1,1
16361.859,0.393,0.511,0.781,-1.1,-2.56,-3.97,1,1
16361.875,0.392,0.521,0.782,0.0,-3.63,-3.2,1,1
16361.875,0.391,0.536,0.776,0.58,-4.7,-3.3,1,1
16361.89,0.385,0.539,0.776,0.21,-5.58,-3.05,1,1
16361.906,0.388,0.55,0.779,-0.4,-6.04,-2.14,1,1
16361.906,0.373,0.555,0.789,0.06,-6.44,-0.67,1,1
16361.921,0.365,0.556,0.802,0.55,-11.81,4.24,1,1
16361.937,0.367,0.561,0.813,0.0,-16.02,5.74,1,1
16361.937,0.372,0.552,0.818,0.12,-19.96,7.35,1,1
16361.953,0.37,0.536,0.839,1.77,-24.45,10.04,1,1
16361.968,0.365,0.553,0.853,5.22,-30.09,11.84,1,1
16361.968,0.35,0.559,0.878,8.67,-37.23,14.59,1,1
16361.984,0.341,0.556,0.894,11.9,-47.18,19.35,1,1
16362.0,0.37,0.539,0.869,14.77,-57.74,25.06,1,1
16362.0,0.409,0.537,0.828,16.42,-64.55,29.27,1,1
16362.015,0.448,0.525,0.785,15.29,-67.35,30.52,1,1
16362.015,0.493,0.492,0.757,11.17,-66.84,29.54,1,1
16362.031,0.527,0.468,0.729,6.53,-63.23,26.28,1,1
16362.046,0.538,0.447,0.716,4.06,-57.07,21.52,1,1
16362.046,0.531,0.432,0.714,4.15,-50.54,17.09,1,1
16362.062,0.53,0.423,0.721,5.28,-45.11,13.98,1,1
16362.078,0.516,0.423,0.723,6.74,-41.72,10.83,1,1
16362.078,0.519,0.409,0.726,7.84,-38.94,9.74,1,1
16362.093,0.51,0.45,0.726,9.0,-37.2,7.29,1,1
16362.109,0.515,0.447,0.72,6.41,-37.81,5.13,1,1
16362.109,0.538,0.451,0.718,1.5,-38.42,3.66,1,1
16362.125,0.545,0.443,0.705,-1.89,-37.42,1.92,1,1
16362.125,0.559,0.412,0.678,-4.33,-34.42,0.92,1,1
16362.14,0.581,0.407,0.643,-6.26,-29.3,-1.28,1,1
16362.156,0.592,0.401,0.624,-6.93,-22.03,-4.97,1,1
16362.156,0.584,0.393,0.621,-6.56,-13.82,-9.7,1,1
16362.171,0.562,0.393,0.628,-5.89,-6.07,-14.19,1,1
16362.187,0.531,0.412,0.645,-4.52,-0.31,-17.0,1,1
16362.187,0.5,0.427,0.669,-2.35,2.62,-17.73,1,1
16362.203,0.491,0.444,0.677,-0.27,3.11,-16.42,1,1
16362.218,0.488,0.455,0.662,1.65,3.02,-14.34,1,1
16362.218,0.49,0.461,0.65,1.53,3.14,-12.3,1,1
16362.234,0.493,0.474,0.646,-2.01,3.54,-10.93,1,1
16362.234,0.487,0.476,0.634,-6.59,4.21,-10.19,1,1
16362.25,0.489,0.47,0.629,-11.08,4.85,-9.25,1,1
16362.265,0.495,0.458,0.631,-15.14,6.13,-8.97,1,1
16362.265,0.503,0.439,0.628,-18.22,8.45,-10.16,1,1
16362.281,0.512,0.417,0.614,-19.07,12.85,-12.15,1,1
16362.296,0.509,0.4,0.613,-17.64,19.32,-14.37,1,1
16362.312,0.511,0.392,0.615,-14.1,27.01,-15.5,1,1
16362.312,0.511,0.375,0.605,-9.46,36.26,-16.75,1,1
16362.328,0.518,0.357,0.609,-7.17,45.9,-18.62,1,1
16362.328,0.528,0.331,0.611,-5.52,56.67,-20.81,1,1
16362.343,0.545,0.286,0.597,-2.44,70.53,-23.53,1,1
16362.359,0.545,0.248,0.576,3.97,89.08,-26.34,1,1
16362.359,0.534,0.238,0.583,13.92,111.39,-29.88,1,1
16362.375,0.469,0.267,0.63,26.4,134.34,-34.55,1,1
16362.375,0.394,0.273,0.65,38.67,152.26,-36.59,1,1
16362.39,0.354,0.307,0.649,44.8,164.8,-35.65,1,1
16362.406,0.362,0.352,0.626,45.26,177.65,-34.67,1,1
16362.406,0.312,0.378,0.606,39.49,193.46,-37.66,1,1
16362.421,0.28,0.357,0.594,27.19,208.84,-44.16,1,1
16362.437,0.252,0.335,0.601,10.93,224.07,-53.53,1,1
16362.437,0.193,0.342,0.624,-3.97,239.78,-66.04,1,1
16362.453,0.116,0.349,0.654,-15.75,254.4,-78.55,1,1
16362.468,0.02,0.352,0.713,-22.46,265.02,-89.02,1,1
16362.468,-0.091,0.383,0.778,-23.68,265.14,-97.48,1,1
16362.484,-0.193,0.475,0.876,-22.64,252.82,-99.49,1,1
16362.5,-0.272,0.584,0.958,-23.1,231.15,-94.42,1,1
16362.5,-0.296,0.608,1.014,-27.1,199.41,-84.99,1,1
16362.515,-0.271,0.61,1.057,-29.24,161.38,-75.26,1,1
16362.515,-0.209,0.601,1.079,-27.89,120.49,-67.96,1,1
16362.531,-0.125,0.581,1.091,-24.02,80.45,-64.55,1,1
16362.546,-0.03,0.537,1.082,-16.51,45.75,-62.44,1,1
16362.546,0.041,0.483,1.033,-5.01,19.29,-60.73,1,1
16362.562,0.065,0.437,0.963,8.82,2.14,-58.32,1,1
16362.578,0.057,0.384,0.911,24.48,-7.42,-54.2,1,1
16362.578,-0.001,0.348,0.863,41.99,-12.67,-49.78,1,1
16362.593,-0.108,0.35,0.828,58.05,-18.13,-45.2,1,1
16362.593,-0.134,0.332,0.795,69.58,-28.78,-38.97,1,1
16362.609,-0.137,0.357,0.779,75.9,-41.75,-34.55,1,1
16362.625,-0.149,0.391,0.737,76.57,-52.83,-35.16,1,1
16362.625,-0.146,0.418,0.695,68.73,-58.29,-42.15,1,1
16362.64,-0.14,0.39,0.674,56.76,-58.72,-50.75,1,1
16362.656,-0.137,0.349,0.662,45.29,-56.12,-57.04,1,1
16362.656,-0.128,0.33,0.637,36.9,-50.9,-62.2,1,1
16362.671,-0.136,0.342,0.628,31.01,-44.01,-67.51,1,1
16362.687,-0.153,0.336,0.616,26.09,-39.22,-73.12,1,1
16362.687,-0.166,0.32,0.606,22.34,-36.19,-78.59,1,1
16362.703,-0.169,0.333,0.601,20.6,-31.95,-83.8,1,1
16362.703,-0.192,0.368,0.596,20.29,-25.33,-90.15,1,1
16362.718,-0.215,0.396,0.603,20.23,-15.63,-95.52,1,1
16362.734,-0.244,0.432,0.629,19.59,-2.66,-97.54,1,1
16362.734,-0.278,0.49,0.662,17.94,11.99,-96.84,1,1
16362.75,-0.303,0.511,0.706,16.63,23.47,-95.8,1,1
16362.765,-0.325,0.506,0.741,19.44,30.3,-95.25,1,1
16362.781,-0.343,0.525,0.756,26.64,33.81,-95.22,1,1
16362.781,-0.352,0.537,0.751,35.8,34.39,-95.46,1,1
16362.796,-0.368,0.536,0.737,44.89,32.96,-95.03,1,1
16362.796,-0.39,0.594,0.733,50.9,33.81,-94.52,1,1
16362.812,-0.435,0.704,0.745,51.09,35.83,-96.53,1,1
16362.828,-0.491,0.775,0.769,44.04,36.68,-98.39,1,1
16362.828,-0.534,0.833,0.81,30.0,36.65,-98.94,1,1
16362.843,-0.566,0.857,0.848,15.53,33.6,-97.72,1,1
16362.859,-0.595,0.876,0.869,4.85,28.26,-92.75,1,1
16362.859,-0.613,0.913,0.883,-2.38,22.22,-85.39,1,1
16362.875,-0.6,0.902,0.888,-5.1,14.98,-78.19,1,1
16362.875,-0.569,0.85,0.881,-1.46,7.84,-71.6,1,1
16362.89,-0.538,0.822,0.864,8.33,1.28,-65.37,1,1
16362.906,-0.495,0.791,0.825,38.21,-3.63,-56.55,1,1
16362.921,-0.473,0.787,0.783,49.44,-3.78,-52.43,1,1
16362.921,-0.465,0.789,0.739,57.65,-4.55,-48.19,1,1
16362.937,-0.452,0.789,0.697,61.49,-2.08,-41.23,1,1
16362.937,-0.447,0.86,0.649,58.69,2.44,-34.88,1,1
16362.953,-0.445,0.869,0.648,49.93,6.1,-30.24,1,1
16362.968,-0.455,0.871,0.657,36.81,8.27,-26.31,1,1
16362.968,-0.465,0.873,0.67,22.74,7.54,-21.97,1,1
16362.984,-0.481,0.878,0.701,10.1,3.2,-16.79,1,1
16362.984,-0.48,0.877,0.721,-1.1,-6.04,-10.16,1,1
16363.0,-0.449,0.858,0.722,-9.06,-15.44,-3.66,1,1
16363.015,-0.427,0.815,0.717,-13.12,-21.45,2.04,1,1
16363.015,-0.399,0.766,0.711,-14.1,-24.23,7.35,1,1
16363.031,-0.368,0.73,0.707,-13.49,-23.71,10.86,1,1
16363.046,-0.351,0.678,0.703,-11.54,-21.39,12.36,1,1
16363.062,-0.345,0.649,0.702,-7.84,-17.46,13.25,1,1
16363.062,-0.357,0.632,0.71,-2.87,-14.34,14.59,1,1
16363.078,-0.347,0.629,0.724,0.06,-14.65,16.27,1,1
16363.078,-0.334,0.629,0.72,1.31,-16.27,16.72,1,1
16363.093,-0.323,0.61,0.717,0.85,-16.51,16.57,1,1
16363.109,-0.319,0.586,0.719,0.61,-15.66,16.24,1,1
16363.109,-0.321,0.569,0.726,1.43,-15.69,15.81,1,1
16363.125,-0.318,0.576,0.734,1.74,-17.03,15.17,1,1
16363.125,-0.316,0.579,0.732,1.28,-18.19,14.4,1,1
16363.14,-0.318,0.577,0.728,-0.03,-17.82,13.86,1,1
16363.156,-0.32,0.574,0.727,-2.01,-16.36,13.67,1,1
16363.156,-0.322,0.563,0.725,-3.63,-15.41,13.28,1,1
16363.171,-0.32,0.557,0.732,-4.76,-14.59,12.7,1,1
16363.187,-0.325,0.553,0.742,-4.88,-13.55,12.05,1,1
16363.203,-0.321,0.555,0.755,-4.67,-14.31,11.17,1,1
16363.203,-0.321,0.559,0.761,-4.61,-15.81,10.07,1,1
16363.218,-0.321,0.553,0.752,-4.15,-16.54,9.98,1,1
16363.218,-0.316,0.545,0.75,-3.11,-15.72,10.13,1,1
16363.234,-0.314,0.533,0.752,-1.43,-14.37,9.74,1,1
16363.25,-0.313,0.526,0.749,-0.27,-13.7,9.22,1,1
16363.25,-0.303,0.518,0.741,0.52,-13.09,8.42,1,1
16363.265,-0.297,0.515,0.736,0.92,-10.99,6.93,1,1
16363.265,-0.297,0.518,0.731,0.82,-7.75,4.82,1,1
16363.281,-0.301,0.524,0.727,0.46,-3.69,2.78,1,1
16363.296,-0.316,0.542,0.73,-1.04,0.95,1.4,1,1
16363.296,-0.336,0.548,0.739,-3.27,4.12,0.27,1,1
16363.312,-0.344,0.547,0.755,-5.16,3.78,-0.52,1,1
16363.328,-0.339,0.555,0.764,-6.16,1.56,-1.13,1,1
16363.328,-0.344,0.557,0.77,-6.13,-0.58,-1.22,1,1
16363.343,-0.345,0.547,0.767,-5.55,-2.35,0.0,1,1
16363.343,-0.329,0.535,0.762,-4.21,-3.11,1.4,1,1
16363.359,-0.317,0.532,0.759,-2.84,-1.95,1.77,1,1
16363.375,-0.314,0.528,0.757,-2.38,0.52,1.04,1,1
16363.375,-0.314,0.521,0.756,-2.04,3.45,0.18,1,1
16363.39,-0.315,0.519,0.754,-1.43,5.77,-1.01,1,1
16363.406,-0.317,0.532,0.755,-1.37,7.57,-2.47,1,1
16363.406,-0.325,0.547,0.756,-2.14,8.97,-3.85,1,1
16363.421,-0.338,0.557,0.761,-3.2,9.8,-4.43,1,1
16363.437,-0.347,0.565,0.771,-4.03,9.25,-4.21,1,1
16363.437,-0.356,0.577,0.775,-4.55,6.84,-3.69,1,1
16363.453,-0.364,0.582,0.772,-5.22,3.85,-2.32,1,1
16363.468,-0.363,0.577,0.771,-5.62,1.77,-0.27,1,1
16363.468,-0.36,0.581,0.777,-5.4,0.64,0.82,1,1
16363.484,-0.36,0.587,0.775,-5.65,0.49,0.46,1,1
16363.484,-0.367,0.579,0.774,-6.47,0.34,0.18,1,1
16363.5,-0.367,0.569,0.774,-6.9,-0.21,0.24,1,1
16363.515,-0.361,0.564,0.772,-6.26,-0.79,0.24,1,1
16363.515,-0.352,0.561,0.764,-4.76,-0.89,-0.03,1,1
16363.531,-0.353,0.564,0.759,-3.69,-0.46,-0.49,1,1
16363.546,-0.353,0.558,0.76,-3.2,-0.06,-0.4,1,1
16363.546,-0.351,0.555,0.763,-2.99,-0.18,-0.09,1,1
16363.562,-0.345,0.556,0.76,-3.17,-0.85,-0.4,1,1
16363.578,-0.342,0.551,0.757,-3.57,-1.31,-1.13,1,1
16363.578,-0.344,0.544,0.753,-3.63,-1.53,-1.68,1,1
16363.593,-0.346,0.54,0.751,-3.2,-1.4,-1.8,1,1
16363.609,-0.346,0.539,0.746,-2.23,-1.25,-1.89,1,1
16363.609,-0.343,0.536,0.743,-1.25,-1.56,-1.98,1,1
16363.625,-0.338,0.54,0.741,-1.01,-2.04,-2.17,1,1
16363.625,-0.336,0.535,0.731,-0.67,-2.17,-2.62,1,1
16363.64,-0.33,0.527,0.727,-0.43,-2.23,-2.78,1,1
16363.656,-0.318,0.527,0.722,-0.46,-2.11,-2.93,1,1
16363.656,-0.31,0.524,0.712,-0.52,-1.43,-3.78,1,1
16363.671,-0.308,0.525,0.708,-0.79,-0.12,-4.7,1,1
16363.687,-0.311,0.531,0.709,-1.16,1.43,-5.28,1,1
16363.703,-0.316,0.536,0.713,-1.62,2.81,-5.46,1,1
16363.703,-0.318,0.541,0.72,-1.89,3.57,-5.43,1,1
16363.703,-0.326,0.551,0.728,-1.95,3.85,-5.4,1,1
16363.718,-0.327,0.552,0.732,-1.83,3.11,-5.25,1,1
16363.734,-0.324,0.555,0.731,-1.8,2.11,-5.13,1,1
16363.734,-0.321,0.562,0.728,-1.95,1.4,-5.13,1,1
16363.75,-0.323,0.565,0.725,-1.89,1.56,-5.1,1,1
16363.765,-0.327,0.569,0.723,-1.71,2.14,-4.88,1,1
16363.781,-0.33,0.577,0.724,-1.89,2.38,-4.36,1,1
16363.781,-0.331,0.579,0.726,-2.41,2.17,-4.09,1,1
16363.796,-0.332,0.577,0.725,-3.02,1.62,-3.69,1,1
16363.796,-0.331,0.575,0.723,-3.17,1.34,-3.2,1,1
16363.812,-0.327,0.571,0.721,-2.87,1.77,-2.53,1,1
16363.828,-0.325,0.572,0.72,-2.66,2.72,-2.44,1,1
16363.828,-0.327,0.574,0.719,-2.53,4.09,-2.47,1,1
16363.843,-0.333,0.572,0.722,-2.2,5.31,-2.04,1,1
16363.859,-0.341,0.569,0.725,-1.62,5.55,-1.1,1,1
16363.859,-0.345,0.566,0.727,-1.25,4.97,-0.06,1,1
16363.875,-0.342,0.565,0.725,-1.16,3.85,0.31,1,1
16363.875,-0.342,0.566,0.726,-1.31,3.57,0.43,1,1
16363.89,-0.344,0.562,0.722,-1.19,3.72,0.85,1,1
16363.906,-0.347,0.557,0.722,-0.58,4.36,0.85,1,1
16363.906,-0.342,0.555,0.721,0.03,5.13,0.34,1,1
16363.921,-0.347,0.554,0.724,0.43,5.46,-0.15,1,1
16363.937,-0.35,0.559,0.725,0.76,6.1,-0.37,1,1
16363.937,-0.353,0.554,0.727,0.79,6.13,-0.18,1,1
16363.953,-0.348,0.552,0.726,0.7,5.58,-0.09,1,1
16363.968,-0.35,0.553,0.722,0.73,5.43,-0.12,1,1
16363.968,-0.351,0.551,0.722,0.79,5.77,-0.06,1,1
16363.984,-0.352,0.546,0.724,0.73,6.01,0.06,1,1
16364.0,-0.352,0.541,0.725,1.13,5.98,-0.15,1,1
16364.0,-0.353,0.547,0.727,1.5,6.47,-0.67,1,1
16364.015,-0.36,0.551,0.727,1.43,7.32,-1.16,1,1
16364.015,-0.365,0.544,0.728,1.62,7.63,-0.82,1,1
16364.031,-0.366,0.542,0.728,2.08,7.26,-0.09,1,1
16364.046,-0.361,0.543,0.729,2.62,7.02,-0.06,1,1
16364.046,-0.364,0.544,0.727,2.99,7.57,-0.09,1,1
16364.062,-0.368,0.543,0.732,3.05,7.97,-0.27,1,1
16364.078,-0.369,0.539,0.73,3.05,7.66,-0.4,1,1
16364.078,-0.367,0.543,0.725,2.99,7.17,-0.58,1,1
16364.093,-0.366,0.547,0.722,2.5,7.6,-1.28,1,1
16364.109,-0.374,0.549,0.726,1.43,8.48,-1.5,1,1
16364.109,-0.378,0.545,0.728,0.79,8.79,-1.01,1,1
16364.125,-0.378,0.544,0.731,0.34,8.45,-0.64,1,1
16364.125,-0.373,0.546,0.729,0.24,7.93,-0.7,1,1
16364.14,-0.373,0.542,0.726,0.31,8.15,-1.04,1,1
16364.156,-0.374,0.542,0.73,0.34,8.67,-1.04,1,1
16364.156,-0.376,0.544,0.733,0.37,8.94,-0.85,1,1
16364.171,-0.378,0.544,0.735,0.55,9.09,-0.95,1,1
16364.187,-0.382,0.545,0.739,0.67,8.97,-0.85,1,1
16364.187,-0.387,0.545,0.741,0.85,8.42,-0.61,1,1
16364.203,-0.389,0.547,0.741,1.13,7.93,-0.52,1,1
16364.218,-0.389,0.548,0.741,1.01,7.32,-0.55,1,1
16364.218,-0.391,0.551,0.737,0.73,6.84,-0.61,1,1
16364.234,-0.397,0.558,0.738,0.21,6.9,-0.79,1,1
16364.234,-0.399,0.558,0.735,-0.46,7.05,-0.79,1,1
16364.25,-0.401,0.555,0.734,-0.76,6.84,-0.34,1,1
16364.265,-0.399,0.559,0.733,-0.58,6.5,-0.18,1,1
16364.265,-0.401,0.563,0.727,-0.55,6.07,-0.24,1,1
16364.281,-0.401,0.561,0.725,-0.61,5.68,0.03,1,1
16364.296,-0.401,0.56,0.72,-0.43,5.4,0.46,1,1
16364.296,-0.398,0.562,0.718,-0.31,5.37,0.7,1,1
16364.312,-0.401,0.563,0.714,-0.67,5.86,0.64,1,1
16364.328,-0.406,0.559,0.713,-1.13,6.41,0.67,1,1
16364.328,-0.409,0.556,0.714,-1.56,6.62,0.85,1,1
16364.343,-0.412,0.562,0.715,-1.89,6.68,0.95,1,1
16364.343,-0.417,0.565,0.719,-2.59,6.41,1.01,1,1
16364.359,-0.423,0.56,0.721,-3.14,5.77,1.19,1,1
16364.375,-0.421,0.561,0.725,-3.23,4.39,1.65,1,1
16364.375,-0.415,0.563,0.722,-2.93,3.48,2.08,1,1
16364.39,-0.416,0.557,0.719,-2.14,3.08,2.17,1,1
16364.406,-0.413,0.554,0.716,-1.34,2.93,2.26,1,1
16364.406,-0.409,0.551,0.715,-0.4,2.81,2.5,1,1
16364.421,-0.41,0.548,0.714,0.58,2.72,2.41,1,1
16364.437,-0.414,0.549,0.712,0.85,2.38,1.98,1,1
16364.437,-0.417,0.548,0.709,0.76,2.17,1.74,1,1
16364.453,-0.42,0.549,0.713,0.4,1.74,1.56,1,1
16364.468,-0.416,0.548,0.707,0.12,1.16,1.34,1,1
16364.468,-0.413,0.545,0.704,0.06,0.85,1.04,1,1
16364.484,-0.413,0.541,0.7,0.4,0.82,0.76,1,1
16364.484,-0.409,0.541,0.697,1.25,1.01,0.37,1,1
16364.5,-0.408,0.546,0.694,1.95,1.04,0.0,1,1
16364.515,-0.407,0.55,0.691,2.5,0.82,-0.09,1,1
16364.531,-0.405,0.555,0.69,2.78,0.73,0.18,1,1
16364.531,-0.403,0.555,0.688,2.75,1.04,0.27,1,1
16364.546,-0.399,0.552,0.686,2.44,1.28,0.09,1,1
16364.546,-0.4,0.554,0.684,2.23,1.71,0.03,1,1
16364.562,-0.399,0.553,0.684,2.26,2.32,0.12,1,1
16364.578,-0.399,0.556,0.684,2.14,2.69,0.03,1,1
16364.578,-0.398,0.559,0.685,1.74,2.99,0.0,1,1
16364.593,-0.399,0.56,0.685,1.19,3.51,0.12,1,1
16364.593,-0.404,0.56,0.688,0.82,4.09,0.46,1,1
16364.609,-0.407,0.562,0.696,0.15,4.7,0.85,1,1
16364.625,-0.411,0.557,0.699,-0.15,4.85,1.01,1,1
16364.625,-0.405,0.554,0.696,0.09,4.36,0.82,1,1
16364.64,-0.399,0.56,0.694,0.55,3.94,0.64,1,1
16364.656,-0.401,0.562,0.691,0.64,4.18,0.61,1,1
16364.656,-0.404,0.563,0.694,0.73,4.82,0.82,1,1
16364.671,-0.406,0.564,0.698,0.89,5.4,1.19,1,1
16364.687,-0.413,0.57,0.704,0.61,5.74,1.13,1,1
16364.687,-0.42,0.569,0.709,0.34,5.4,1.34,1,1
16364.703,-0.424,0.569,0.714,0.21,4.24,1.68,1,1
16364.703,-0.42,0.574,0.712,-0.03,3.14,1.89,1,1
16364.718,-0.421,0.574,0.713,-0.46,3.14,1.92,1,1
16364.734,-0.424,0.57,0.716,-0.82,3.36,2.14,1,1
16364.734,-0.423,0.567,0.716,-0.82,3.51,2.35,1,1
16364.75,-0.421,0.563,0.717,-0.49,3.02,2.26,1,1
16364.765,-0.422,0.564,0.715,-0.03,2.32,2.11,1,1
16364.765,-0.422,0.561,0.714,0.43,1.46,2.35,1,1
16364.781,-0.42,0.564,0.711,0.7,0.7,2.75,1,1
16364.796,-0.417,0.565,0.707,0.73,0.21,2.87,1,1
16364.796,-0.42,0.567,0.704,0.61,0.21,2.93,1,1
16364.812,-0.423,0.564,0.704,0.37,0.12,3.42,1,1
16364.828,-0.425,0.563,0.706,0.37,-0.09,3.88,1,1
16364.828,-0.427,0.564,0.704,0.27,-0.76,4.24,1,1
16364.843,-0.427,0.56,0.705,-0.09,-1.62,4.43,1,1
16364.843,-0.427,0.561,0.704,-0.37,-2.38,4.43,1,1
16364.859,-0.427,0.561,0.701,-0.49,-3.02,4.36,1,1
16364.875,-0.427,0.557,0.699,-0.76,-4.24,4.76,1,1
16364.875,-0.423,0.552,0.697,-0.12,-4.43,4.55,1,1
16364.89,-0.419,0.55,0.695,0.55,-4.36,4.09,1,1
16364.906,-0.417,0.548,0.683,0.82,-4.49,3.6,1,1
16364.906,-0.413,0.547,0.678,0.76,-4.43,3.27,1,1
16364.921,-0.412,0.55,0.673,0.73,-4.06,2.75,1,1
16364.921,-0.413,0.551,0.669,0.55,-3.14,2.2,1,1
16364.937,-0.411,0.55,0.669,0.06,-2.23,1.98,1,1
16364.953,-0.409,0.55,0.667,0.06,-1.34,1.92,1,1
16364.968,-0.409,0.547,0.667,0.46,-0.49,1.89,1,1
16364.968,-0.411,0.547,0.668,0.52,0.27,1.89,1,1
16364.984,-0.411,0.548,0.671,0.49,0.67,1.77,1,1
16364.984,-0.407,0.546,0.672,0.4,1.16,1.59,1,1
16365.0,-0.408,0.544,0.671,-0.09,1.86,1.31,1,1
16365.015,-0.412,0.539,0.676,-0.24,2.29,0.82,1,1
16365.015,-0.412,0.542,0.68,-0.18,2.53,0.18,1,1
16365.031,-0.41,0.545,0.677,0.0,2.84,-0.18,1,1
16365.046,-0.408,0.547,0.673,0.18,3.51,-0.58,1,1
16365.062,-0.409,0.553,0.681,0.31,4.52,-1.07,1,1
16365.062,-0.412,0.553,0.689,0.73,5.04,-1.74,1,1
16365.062,-0.416,0.562,0.682,1.95,5.07,-2.14,1,1
16365.078,-0.414,0.565,0.687,3.51,6.01,-1.89,1,1
16365.093,-0.42,0.565,0.693,4.24,6.47,-1.83,1,1
16365.093,-0.421,0.574,0.686,4.64,6.41,-2.01,1,1
16365.109,-0.431,0.576,0.69,5.28,6.81,-1.8,1,1
16365.125,-0.435,0.583,0.698,4.36,6.13,-0.95,1,1
16365.125,-0.432,0.585,0.699,2.96,4.3,-0.21,1,1
16365.14,-0.428,0.58,0.701,1.56,2.29,0.0,1,1
16365.156,-0.424,0.578,0.7,0.43,0.67,0.27,1,1
16365.156,-0.423,0.572,0.7,0.03,-0.27,0.61,1,1
16365.171,-0.421,0.572,0.702,0.03,-1.1,1.16,1,1
16365.187,-0.418,0.573,0.705,0.09,-2.29,1.43,1,1
16365.187,-0.416,0.572,0.704,0.4,-3.3,1.46,1,1
16365.203,-0.414,0.571,0.705,0.82,-4.06,1.59,1,1
16365.218,-0.407,0.575,0.702,1.46,-4.7,1.68,1,1
16365.218,-0.404,0.58,0.695,1.77,-4.27,1.53,1,1
16365.234,-0.409,0.579,0.699,1.43,-3.36,1.56,1,1
16365.234,-0.417,0.581,0.704,1.07,-2.84,1.83,1,1
16365.25,-0.421,0.585,0.712,0.73,-3.45,2.17,1,1
16365.265,-0.425,0.587,0.715,0.31,-5.25,2.5,1,1
16365.281,-0.426,0.592,0.718,-0.4,-7.9,3.02,1,1
16365.281,-0.428,0.592,0.719,-0.67,-10.28,3.69,1,1
16365.296,-0.433,0.598,0.724,-0.73,-13.28,4.79,1,1
16365.296,-0.431,0.602,0.727,-0.98,-17.0,6.07,1,1
16365.312,-0.424,0.6,0.733,-1.25,-21.0,7.42,1,1
16365.328,-0.421,0.592,0.725,-1.01,-25.27,8.42,1,1
16365.328,-0.412,0.592,0.728,-0.92,-29.36,8.73,1,1
16365.343,-0.411,0.596,0.728,-1.83,-32.93,8.82,1,1
16365.343,-0.403,0.602,0.729,-4.21,-36.77,9.06,1,1
16365.359,-0.407,0.599,0.725,-6.23,-39.43,9.77,1,1
16365.375,-0.393,0.615,0.732,-8.91,-41.75,11.63,1,1
16365.39,-0.396,0.645,0.738,-12.63,-44.62,12.21,1,1
16365.39,-0.393,0.629,0.747,-18.56,-48.4,13.67,1,1
16365.406,-0.387,0.634,0.762,-23.62,-51.52,15.84,1,1
16365.406,-0.38,0.61,0.775,-26.34,-54.78,18.74,1,1
16365.421,-0.354,0.601,0.805,-27.89,-57.5,21.06,1,1
16365.437,-0.349,0.583,0.817,-26.34,-59.33,22.03,1,1
16365.437,-0.344,0.563,0.821,-23.13,-60.73,22.37,1,1
16365.453,-0.345,0.566,0.834,-19.68,-62.44,22.0,1,1
16365.468,-0.359,0.595,0.85,-18.31,-66.68,21.12,1,1
16365.468,-0.366,0.605,0.87,-19.78,-74.31,21.09,1,1
16365.484,-0.34,0.636,0.916,-25.09,-84.93,20.6,1,1
16365.484,-0.334,0.654,0.913,-30.12,-95.61,19.2,1,1
16365.5,-0.33,0.659,0.911,-36.74,-104.65,19.71,1,1
16365.515,-0.288,0.68,0.949,-43.09,-110.84,21.52,1,1
16365.515,-0.267,0.646,0.954,-42.6,-113.01,22.4,1,1
16365.531,-0.307,0.657,0.981,-41.69,-117.47,22.25,1,1
16365.546,-0.29,0.674,1.011,-40.41,-124.58,25.03,1,1
16365.546,-0.234,0.672,0.998,-34.97,-130.22,27.07,1,1
16365.562,-0.183,0.735,1.027,-31.53,-134.13,27.1,1,1
16365.578,-0.111,0.709,1.035,-31.13,-136.97,27.68,1,1
16365.578,-0.034,0.662,0.966,-32.9,-134.46,29.02,1,1
16365.593,0.015,0.64,0.881,-30.43,-121.49,31.01,1,1
16365.609,0.011,0.617,0.855,-20.23,-102.15,32.53,1,1
16365.609,-0.003,0.595,0.876,-7.69,-86.64,32.99,1,1
16365.625,-0.058,0.615,0.905,2.11,-79.2,32.41,1,1
16365.625,-0.119,0.628,0.938,9.13,-82.19,34.3,1,1
16365.64,-0.14,0.633,0.982,10.28,-96.59,37.66,1,1
16365.656,-0.078,0.636,1.006,4.76,-116.46,41.08,1,1
16365.656,0.012,0.634,1.008,-2.04,-133.64,43.86,1,1
16365.671,0.087,0.618,0.975,-6.2,-146.28,48.92,1,1
16365.687,0.227,0.583,0.921,-7.9,-154.7,57.34,1,1
16365.703,0.328,0.569,0.867,-6.44,-154.42,63.88,1,1
16365.703,0.272,0.523,0.831,-5.77,-151.49,66.16,1,1
16365.718,0.27,0.556,0.906,-7.69,-154.06,66.68,1,1
16365.718,0.232,0.565,0.993,-0.95,-161.96,63.05,1,1
16365.734,0.18,0.536,1.037,10.71,-175.54,56.73,1,1
16365.75,0.234,0.564,1.031,22.13,-188.33,52.55,1,1
16365.75,0.294,0.591,0.961,36.53,-191.75,50.57,1,1
16365.765,0.278,0.591,0.882,49.53,-187.02,52.58,1,1
16365.765,0.31,0.61,0.846,55.67,-179.24,60.43,1,1
16365.781,0.345,0.639,0.803,54.69,-170.63,70.71,1,1
16365.796,0.348,0.634,0.772,48.4,-161.08,81.42,1,1
16365.812,0.343,0.579,0.786,42.91,-152.68,91.86,1,1
16365.812,0.331,0.528,0.776,39.03,-148.93,101.23,1,1
16365.828,0.354,0.516,0.77,35.62,-147.98,108.34,1,1
16365.828,0.399,0.471,0.746,31.25,-149.36,111.21,1,1
16365.843,0.504,0.438,0.705,24.54,-149.91,109.93,1,1
16365.859,0.618,0.405,0.667,29.79,-130.1,96.35,1,1
16365.859,0.673,0.369,0.653,37.48,-118.5,86.03,1,1
16365.875,0.679,0.369,0.668,44.04,-112.28,75.2,1,1
16365.875,0.648,0.385,0.694,53.44,-111.79,68.7,1,1
16365.89,0.578,0.385,0.665,62.72,-114.51,68.27,1,1
16365.906,0.589,0.404,0.611,67.93,-118.05,71.96,1,1
16365.921,0.61,0.412,0.497,65.83,-118.9,77.52,1,1
16365.921,0.665,0.404,0.403,54.11,-115.51,83.8,1,1
16365.937,0.729,0.39,0.374,39.7,-106.66,88.08,1,1
16365.937,0.744,0.347,0.371,30.37,-94.12,88.66,1,1
16365.953,0.722,0.28,0.372,27.8,-81.88,86.06,1,1
16365.968,0.708,0.235,0.369,31.01,-71.57,81.21,1,1
16365.968,0.692,0.231,0.337,35.07,-63.72,74.56,1,1
16365.984,0.683,0.216,0.32,33.27,-59.94,65.4,1,1
16365.984,0.696,0.216,0.349,29.24,-57.89,55.39,1,1
16366.0,0.697,0.21,0.325,28.35,-55.24,47.24,1,1
16366.015,0.711,0.209,0.306,29.08,-50.63,42.57,1,1
16366.015,0.682,0.24,0.314,31.07,-44.37,41.51,1,1
16366.031,0.654,0.259,0.316,31.37,-40.44,42.79,1,1
16366.046,0.644,0.281,0.306,26.25,-40.38,45.2,1,1
16366.062,0.674,0.283,0.291,17.98,-41.44,47.21,1,1
16366.062,0.711,0.283,0.308,12.05,-39.83,48.4,1,1
16366.078,0.716,0.265,0.302,11.23,-36.29,49.13,1,1
16366.078,0.735,0.263,0.282,11.44,-32.23,49.53,1,1
16366.093,0.742,0.273,0.276,10.53,-27.89,48.28,1,1
16366.109,0.732,0.264,0.264,9.7,-24.45,46.85,1,1
16366.109,0.749,0.281,0.284,5.89,-22.4,44.95,1,1
16366.125,0.731,0.284,0.291,2.78,-20.94,42.79,1,1
16366.125,0.721,0.274,0.311,-0.95,-22.19,41.69,1,1
16366.14,0.739,0.281,0.347,-2.93,-24.99,40.96,1,1
16366.156,0.771,0.276,0.318,-1.8,-27.65,40.83,1,1
16366.156,0.801,0.273,0.308,-2.38,-28.5,40.1,1,1
16366.171,0.817,0.276,0.309,-0.4,-27.62,38.7,1,1
16366.187,0.824,0.298,0.24,0.15,-26.22,38.76,1,1
16366.187,0.849,0.314,0.207,-7.54,-23.68,40.01,1,1
16366.203,0.845,0.297,0.229,-17.49,-19.87,41.87,1,1
16366.203,0.85,0.266,0.272,-22.25,-16.85,45.23,1,1
16366.218,0.856,0.254,0.307,-19.68,-15.05,47.85,1,1
16366.234,0.857,0.23,0.309,-13.95,-15.5,47.64,1,1
16366.25,0.873,0.207,0.294,-11.11,-17.76,45.05,1,1
16366.25,0.893,0.193,0.297,-9.61,-19.41,40.56,1,1
16366.265,0.898,0.176,0.286,-6.23,-19.78,35.86,1,1
16366.281,0.896,0.178,0.272,-3.85,-19.41,31.4,1,1
16366.281,0.894,0.187,0.264,-3.39,-19.1,27.31,1,1
16366.296,0.907,0.196,0.271,-4.27,-18.65,23.74,1,1
16366.296,0.897,0.194,0.27,-5.13,-18.01,21.0,1,1
16366.312,0.899,0.192,0.268,-7.05,-17.7,19.56,1,1
16366.328,0.909,0.196,0.282,-9.61,-17.0,18.98,1,1
16366.328,0.912,0.188,0.29,-9.74,-15.99,18.92,1,1
16366.343,0.922,0.177,0.286,-8.64,-14.83,18.86,1,1
16366.343,0.928,0.175,0.292,-7.63,-13.67,18.19,1,1
16366.359,0.927,0.17,0.299,-5.16,-13.21,16.69,1,1
16366.375,0.919,0.162,0.286,-1.89,-13.7,14.59,1,1
16366.375,0.919,0.163,0.279,-0.24,-14.8,12.48,1,1
16366.39,0.905,0.163,0.278,0.67,-16.21,10.68,1,1
16366.406,0.905,0.159,0.259,1.07,-18.59,9.55,1,1
16366.406,0.917,0.165,0.224,-0.37,-19.96,8.45,1,1
16366.421,0.918,0.159,0.197,-2.47,-19.01,7.23,1,1
16366.437,0.925,0.155,0.195,-4.09,-16.08,6.87,1,1
16366.437,0.913,0.155,0.193,-3.72,-12.09,6.23,1,1
16366.453,0.894,0.153,0.198,-3.54,-9.52,4.58,1,1
16366.468,0.883,0.148,0.204,-3.42,-8.58,2.59,1,1
16366.468,0.873,0.155,0.213,-3.11,-8.51,0.92,1,1
16366.484,0.88,0.16,0.219,-3.05,-9.19,-0.67,1,1
16366.5,0.888,0.163,0.227,-1.74,-9.06,-1.74,1,1
16366.5,0.895,0.166,0.229,0.7,-8.55,-2.56,1,1
16366.515,0.901,0.168,0.229,1.37,-8.61,-2.72,1,1
16366.515,0.913,0.175,0.223,0.79,-8.48,-2.56,1,1
16366.531,0.917,0.179,0.213,0.85,-7.45,-1.43,1,1
16366.546,0.918,0.182,0.202,0.27,-5.98,-0.09,1,1
16366.546,0.923,0.178,0.214,-1.1,-4.79,0.49,1,1
16366.562,0.926,0.17,0.212,-0.79,-3.91,0.73,1,1
16366.578,0.932,0.168,0.209,0.61,-2.81,0.82,1,1
16366.578,0.937,0.171,0.229,1.92,-1.62,0.58,1,1
16366.593,0.928,0.172,0.232,4.12,-0.95,0.61,1,1
16366.609,0.92,0.17,0.224,5.58,-1.04,1.16,1,1
16366.609,0.926,0.179,0.234,5.74,-1.8,2.44,1,1
16366.625,0.941,0.186,0.231,5.74,-2.11,3.81,1,1
16366.625,0.95,0.183,0.228,4.39,-1.59,4.88,1,1
16366.64,0.958,0.175,0.232,2.44,-0.89,5.71,1,1
16366.656,0.959,0.165,0.231,1.31,-0.15,6.04,1,1
16366.656,0.963,0.152,0.225,0.92,0.49,5.68,1,1
16366.671,0.961,0.145,0.228,0.4,1.22,4.67,1,1
16366.687,0.96,0.146,0.241,-0.4,1.37,3.51,1,1
16366.687,0.954,0.144,0.243,0.46,1.46,2.62,1,1
16366.703,0.955,0.155,0.245,1.5,1.56,2.35,1,1
16366.718,0.955,0.161,0.253,1.8,1.4,2.29,1,1
16366.718,0.949,0.16,0.264,1.95,0.67,2.47,1,1
16366.734,0.954,0.17,0.266,2.53,-0.24,2.9,1,1
16366.734,0.955,0.178,0.265,2.2,-1.53,2.93,1,1
16366.75,0.958,0.177,0.267,1.53,-2.99,2.75,1,1
16366.765,0.965,0.181,0.263,1.86,-3.78,2.96,1,1
16366.765,0.96,0.181,0.246,2.72,-3.6,3.08,1,1
16366.781,0.958,0.179,0.238,2.66,-3.51,3.11,1,1
16366.796,0.954,0.181,0.246,1.89,-3.42,2.75,1,1
16366.796,0.937,0.172,0.239,1.68,-3.42,2.01,1,1
16366.812,0.925,0.175,0.25,1.16,-4.12,1.65,1,1
16366.828,0.912,0.177,0.248,1.5,-5.71,1.89,1,1
16366.828,0.92,0.174,0.229,-1.46,-9.37,2.5,1,1
16366.843,0.942,0.17,0.223,-1.16,-8.12,2.62,1,1
16366.859,0.945,0.167,0.228,0.21,-6.93,2.81,1,1
16366.859,0.94,0.165,0.229,0.67,-6.9,2.84,1,1
16366.875,0.945,0.164,0.236,0.82,-7.05,2.62,1,1
16366.875,0.947,0.166,0.241,2.14,-6.5,2.14,1,1
16366.89,0.948,0.17,0.24,3.11,-6.53,2.14,1,1
16366.906,0.953,0.174,0.232,2.14,-6.96,2.01,1,1
16366.906,0.953,0.17,0.231,0.73,-7.02,1.83,1,1
16366.921,0.954,0.166,0.229,-0.03,-6.93,2.26,1,1
16366.937,0.96,0.162,0.226,-0.73,-7.02,2.69,1,1
16366.953,0.962,0.156,0.223,-1.4,-7.08,2.59,1,1
16366.953,0.957,0.155,0.222,-2.11,-7.11,2.41,1,1
16366.968,0.961,0.151,0.225,-3.14,-7.51,1.98,1,1
16366.968,0.964,0.149,0.235,-3.36,-7.87,1.1,1,1
16366.984,0.963,0.148,0.233,-1.8,-7.78,0.4,1,1
16367.0,0.957,0.159,0.24,-0.34,-7.81,-0.12,1,1
16367.0,0.952,0.167,0.242,0.79,-8.61,-0.46,1,1
16367.015,0.949,0.174,0.237,1.04,-10.13,0.03,1,1
16367.015,0.958,0.178,0.222,0.12,-11.6,0.89,1,1
16367.031,0.969,0.178,0.211,-1.43,-11.93,1.37,1,1
16367.046,0.975,0.176,0.208,-2.72,-11.29,1.89,1,1
16367.046,0.975,0.171,0.21,-3.2,-10.13,2.41,1,1
16367.062,0.975,0.162,0.206,-3.11,-8.79,2.38,1,1
16367.078,0.97,0.163,0.214,-2.38,-7.29,1.98,1,1
16367.078,0.953,0.163,0.219,-1.4,-6.99,1.74,1,1
16367.093,0.95,0.163,0.219,-1.65,-8.7,1.68,1,1
16367.093,0.96,0.163,0.215,-2.66,-10.8,1.31,1,1
16367.109,0.96,0.158,0.208,-2.38,-11.51,1.07,1,1
16367.125,0.964,0.154,0.198,-1.86,-11.32,1.01,1,1
16367.125,0.972,0.159,0.195,-1.62,-10.77,0.95,1,1
16367.14,0.971,0.156,0.187,-1.68,-9.43,0.7,1,1
16367.156,0.965,0.154,0.191,-1.86,-8.06,0.34,1,1
16367.156,0.961,0.162,0.205,-2.01,-7.51,0.0,1,1
16367.171,0.957,0.16,0.202,-1.98,-7.63,-0.4,1,1
16367.187,0.958,0.158,0.203,-1.74,-7.63,-0.52,1,1
16367.187,0.953,0.17,0.208,-1.25,-7.63,-0.55,1,1
16367.203,0.948,0.168,0.206,-1.25,-8.3,-0.27,1,1
16367.218,0.955,0.167,0.203,-1.89,-9.19,0.24,1,1
16367.218,0.949,0.169,0.202,-1.34,-9.34,0.95,1,1
16367.234,0.942,0.165,0.195,-1.01,-10.22,1.74,1,1
16367.234,0.96,0.16,0.181,-2.2,-11.41,2.08,1,1
16367.25,0.974,0.157,0.173,-2.69,-10.59,1.43,1,1
16367.265,0.966,0.15,0.166,-1.71,-8.45,0.73,1,1
16367.265,0.957,0.147,0.164,-0.92,-6.38,0.34,1,1
16367.281,0.965,0.156,0.171,-1.28,-5.04,-0.12,1,1
16367.296,0.959,0.165,0.179,-2.2,-3.97,-1.04,1,1
16367.296,0.947,0.157,0.186,-2.53,-3.6,-1.62,1,1
16367.312,0.949,0.161,0.202,-1.46,-3.78,-1.5,1,1
16367.328,0.948,0.17,0.2,0.79,-4.15,-1.34,1,1
16367.328,0.945,0.169,0.188,1.77,-5.01,-0.89,1,1
16367.343,0.952,0.169,0.179,1.43,-5.62,-0.31,1,1
16367.359,0.958,0.17,0.172,0.85,-5.16,0.46,1,1
16367.359,0.958,0.165,0.166,-0.61,-4.24,1.16,1,1
16367.375,0.957,0.152,0.164,-1.68,-3.02,1.74,1,1
16367.375,0.962,0.149,0.169,-1.43,-1.68,1.71,1,1
16367.39,0.956,0.144,0.173,-0.98,-0.43,0.79,1,1
16367.406,0.942,0.144,0.18,-1.07,-0.34,0.0,1,1
16367.406,0.954,0.151,0.182,-1.74,-1.37,-0.61,1,1
16367.421,0.967,0.158,0.188,-1.74,-1.46,-1.71,1,1
16367.437,0.959,0.154,0.19,-0.31,-1.04,-2.62,1,1
16367.437,0.96,0.157,0.19,1.01,-1.16,-2.96,1,1
16367.453,0.972,0.171,0.192,1.68,-1.25,-3.51,1,1
16367.468,0.965,0.184,0.194,2.29,-0.82,-3.91,1,1
16367.468,0.956,0.191,0.199,1.98,-0.82,-2.84,1,1
16367.484,0.95,0.192,0.199,0.85,-1.77,-0.89,1,1
16367.5,0.962,0.187,0.201,-0.61,-3.39,0.31,1,1
16367.5,0.971,0.183,0.205,-1.25,-4.21,0.82,1,1
16367.515,0.974,0.174,0.2,-0.76,-4.33,1.25,1,1
16367.515,0.967,0.165,0.196,0.43,-4.15,1.31,1,1
16367.531,0.957,0.162,0.189,1.56,-4.64,1.07,1,1
16367.546,0.962,0.158,0.179,1.28,-5.43,1.19,1,1
16367.546,0.968,0.158,0.17,0.49,-5.31,1.16,1,1
16367.562,0.967,0.152,0.16,-0.03,-4.79,0.61,1,1
16367.578,0.972,0.151,0.164,-0.73,-4.09,0.12,1,1
16367.578,0.966,0.152,0.171,-0.61,-3.36,-0.31,1,1
16367.593,0.957,0.152,0.173,-0.03,-3.05,0.0,1,1
16367.593,0.959,0.156,0.17,0.24,-3.2,0.61,1,1
16367.609,0.96,0.158,0.171,-0.31,-3.45,0.85,1,1
16367.625,0.961,0.156,0.174,-1.4,-3.91,0.61,1,1
16367.625,0.963,0.15,0.175,-2.23,-4.27,0.43,1,1
16367.64,0.965,0.155,0.181,-1.98,-4.09,0.37,1,1
16367.656,0.96,0.149,0.174,-0.73,-3.85,0.37,1,1
16367.671,0.968,0.158,0.173,-0.52,-4.15,-0.34,1,1
16367.671,0.965,0.159,0.171,-0.89,-4.15,-1.28,1,1
16367.687,0.964,0.156,0.176,-1.28,-3.6,-1.65,1,1
16367.687,0.962,0.163,0.173,-0.67,-3.23,-1.59,1,1
16367.703,0.962,0.166,0.172,-0.31,-2.81,-1.5,1,1
16367.718,0.957,0.163,0.171,-0.4,-2.47,-1.13,1,1
16367.718,0.954,0.159,0.169,-0.52,-2.32,-0.49,1,1
16367.734,0.96,0.156,0.169,-0.61,-2.26,-0.09,1,1
16367.734,0.956,0.158,0.168,-0.15,-1.89,-0.12,1,1
16367.75,0.952,0.154,0.17,0.15,-1.89,-0.31,1,1
16367.765,0.958,0.152,0.165,0.43,-2.38,-0.43,1,1
16367.765,0.969,0.147,0.156,1.04,-2.41,-1.37,1,1
16367.781,0.973,0.142,0.156,1.56,-1.4,-2.78,1,1
16367.796,0.958,0.152,0.163,2.14,0.24,-3.66,1,1
16367.796,0.951,0.16,0.173,2.04,0.58,-3.88,1,1
16367.812,0.959,0.169,0.172,1.01,-0.37,-4.15,1,1
16367.828,0.968,0.175,0.172,-0.24,-0.46,-3.78,1,1
16367.828,0.965,0.172,0.176,-0.4,-0.43,-3.57,1,1
16367.843,0.964,0.172,0.177,-0.09,-0.67,-3.6,1,1
16367.843,0.978,0.162,0.165,0.06,-0.21,-4.03,1,1
16367.859,0.978,0.165,0.172,0.24,0.82,-4.79,1,1
16367.875,0.967,0.166,0.181,1.13,1.59,-5.55,1,1
16367.89,0.961,0.169,0.195,2.2,1.22,-5.8,1,1
16367.89,0.965,0.183,0.204,3.08,0.12,-5.37,1,1
16367.906,0.962,0.184,0.196,4.0,-1.01,-4.58,1,1
16367.906,0.969,0.183,0.189,3.75,-2.47,-3.57,1,1
16367.921,0.973,0.182,0.18,2.62,-3.23,-2.96,1,1
16367.937,0.972,0.178,0.173,1.71,-3.2,-2.14,1,1
16367.937,0.966,0.173,0.168,0.58,-3.05,-1.22,1,1
16367.953,0.965,0.163,0.166,-0.12,-3.2,-0.82,1,1
16367.968,0.969,0.159,0.165,-0.15,-3.17,-1.07,1,1
16367.968,0.968,0.154,0.163,0.79,-2.99,-2.01,1,1
16367.984,0.966,0.149,0.158,2.08,-2.87,-3.48,1,1
16367.984,0.969,0.15,0.153,2.96,-2.35,-5.22,1,1
16368.0,0.969,0.156,0.149,3.78,-1.5,-7.05,1,1
16368.015,0.961,0.165,0.153,4.12,-0.4,-8.39,1,1
16368.015,0.956,0.17,0.157,4.3,0.27,-9.31,1,1
16368.031,0.954,0.177,0.162,4.76,0.21,-9.83,1,1
16368.046,0.948,0.192,0.164,5.31,0.06,-9.67,1,1
16368.046,0.946,0.204,0.164,4.97,-0.18,-8.36,1,1
16368.062,0.951,0.214,0.166,3.88,-0.55,-6.56,1,1
16368.078,0.955,0.215,0.166,2.66,-0.67,-5.13,1,1
16368.078,0.954,0.208,0.165,1.74,-0.76,-3.81,1,1
16368.093,0.959,0.207,0.17,1.43,-0.76,-2.69,1,1
16368.109,0.965,0.201,0.166,1.98,-0.52,-2.14,1,1
16368.109,0.967,0.198,0.167,2.53,-0.12,-2.38,1,1
16368.125,0.965,0.192,0.167,3.48,0.24,-3.27,1,1
16368.125,0.968,0.187,0.169,4.64,0.37,-4.27,1,1
16368.14,0.97,0.185,0.17,6.35,0.67,-5.19,1,1
16368.156,0.966,0.188,0.168,7.93,1.16,-6.07,1,1
16368.156,0.96,0.196,0.167,8.36,1.25,-6.41,1,1
16368.171,0.959,0.2,0.164,7.84,1.1,-6.16,1,1
16368.187,0.96,0.2,0.162,6.53,1.1,-5.4,1,1
16368.187,0.961,0.198,0.158,5.01,1.28,-4.36,1,1
16368.203,0.961,0.197,0.159,3.85,1.77,-3.51,1,1
16368.203,0.962,0.196,0.167,2.5,2.17,-3.02,1,1
16368.218,0.958,0.194,0.172,1.62,2.01,-2.5,1,1
16368.234,0.961,0.198,0.185,1.16,1.68,-1.92,1,1
16368.234,0.959,0.2,0.188,1.71,1.22,-1.74,1,1
16368.25,0.956,0.198,0.184,1.56,0.24,-1.68,1,1
16368.265,0.96,0.195,0.182,1.37,-0.55,-1.77,1,1
16368.265,0.963,0.191,0.18,1.8,-0.85,-2.23,1,1
16368.281,0.963,0.187,0.174,2.47,-0.95,-3.02,1,1
16368.296,0.965,0.188,0.168,2.99,-0.7,-3.88,1,1
16368.296,0.962,0.194,0.169,3.45,-0.4,-4.67,1,1
16368.312,0.957,0.199,0.168,3.94,-0.4,-5.01,1,1
16368.328,0.958,0.204,0.164,3.54,-0.4,-4.67,1,1
16368.328,0.96,0.208,0.165,2.69,-0.27,-4.49,1,1
16368.343,0.956,0.208,0.165,2.17,0.15,-4.39,1,1
16368.343,0.952,0.209,0.165,1.46,0.46,-4.15,1,1
16368.359,0.955,0.207,0.166,1.01,0.85,-3.88,1,1
16368.375,0.957,0.207,0.167,1.07,1.19,-3.91,1,1
16368.375,0.954,0.204,0.169,1.31,1.62,-4.3,1,1
16368.39,0.949,0.201,0.176,1.83,1.65,-4.58,1,1
16368.406,0.948,0.203,0.176,3.08,1.25,-4.85,1,1
16368.421,0.956,0.213,0.179,4.09,0.92,-5.43,1,1
16368.421,0.951,0.216,0.181,5.07,0.92,-6.07,1,1
16368.437,0.942,0.218,0.177,5.74,0.82,-5.77,1,1
16368.437,0.95,0.225,0.173,5.58,0.34,-5.07,1,1
16368.453,0.956,0.228,0.168,5.22,0.46,-4.7,1,1
16368.468,0.953,0.231,0.168,4.24,1.25,-3.88,1,1
16368.468,0.941,0.233,0.17,2.78,1.71,-2.62,1,1
16368.484,0.942,0.23,0.177,1.83,1.19,-1.25,1,1
16368.484,0.953,0.232,0.179,1.25,0.27,-0.4,1,1
16368.5,0.959,0.221,0.176,1.1,-0.15,-0.18,1,1
16368.515,0.964,0.212,0.174,1.53,0.24,-0.61,1,1
16368.515,0.967,0.216,0.179,2.32,1.1,-1.43,1,1
16368.531,0.961,0.217,0.183,3.11,1.62,-2.32,1,1
16368.546,0.956,0.218,0.184,3.11,1.8,-2.96,1,1
16368.546,0.95,0.22,0.186,2.69,1.37,-3.05,1,1
16368.562,0.95,0.216,0.191,2.38,0.76,-2.96,1,1
16368.578,0.952,0.215,0.185,2.56,0.12,-2.62,1,1
16368.578,0.96,0.218,0.18,2.59,-0.24,-2.47,1,1
16368.593,0.957,0.22,0.175,1.89,-0.06,-2.44,1,1
16368.593,0.954,0.217,0.172,1.16,0.18,-2.14,1,1
16368.609,0.959,0.215,0.173,0.7,0.27,-1.89,1,1
16368.625,0.961,0.218,0.177,0.64,0.61,-1.95,1,1
16368.64,0.954,0.219,0.175,1.01,1.01,-2.2,1,1
16368.64,0.946,0.215,0.172,1.16,1.01,-1.92,1,1
16368.656,0.952,0.218,0.174,0.73,0.58,-1.43,1,1
16368.656,0.959,0.223,0.173,0.12,0.64,-1.56,1,1
16368.671,0.958,0.221,0.181,-0.06,1.01,-1.95,1,1
16368.687,0.956,0.222,0.187,0.15,1.5,-2.04,1,1
16368.687,0.948,0.228,0.192,0.82,1.83,-1.92,1,1
16368.703,0.944,0.233,0.197,1.19,1.13,-1.68,1,1
16368.718,0.943,0.234,0.194,0.85,-0.06,-1.5,1,1
16368.718,0.952,0.238,0.195,0.34,-1.07,-1.56,1,1
16368.734,0.949,0.237,0.191,0.85,-1.46,-1.56,1,1
16368.734,0.949,0.238,0.184,1.46,-1.86,-1.07,1,1
16368.75,0.952,0.239,0.177,1.46,-2.04,-0.7,1,1
16368.765,0.953,0.234,0.172,1.34,-2.11,-0.73,1,1
16368.765,0.957,0.232,0.167,1.68,-1.89,-0.76,1,1
16368.781,0.958,0.229,0.162,1.92,-1.19,-1.07,1,1
16368.796,0.957,0.227,0.163,2.29,-0.12,-1.4,1,1
16368.796,0.953,0.227,0.167,3.39,1.37,-1.86,1,1
16368.812,0.945,0.226,0.172,3.45,1.4,-1.89,1,1
16368.828,0.948,0.225,0.177,3.39,1.8,-1.77,1,1
16368.828,0.942,0.229,0.181,2.84,1.62,-1.19,1,1
16368.843,0.941,0.231,0.178,1.34,1.13,-0.52,1,1
16368.859,0.946,0.231,0.182,0.24,1.13,-0.18,1,1
16368.859,0.941,0.229,0.184,-0.15,1.4,-0.09,1,1
16368.875,0.943,0.228,0.186,-0.58,1.31,0.46,1,1
16368.875,0.944,0.23,0.187,-0.7,1.4,0.92,1,1
16368.89,0.944,0.226,0.177,-0.37,0.76,1.04,1,1
16368.906,0.952,0.224,0.17,-1.01,0.18,0.89,1,1
16368.906,0.954,0.217,0.171,-1.77,0.52,0.43,1,1
16368.921,0.955,0.211,0.17,-1.25,1.56,0.15,1,1
16368.937,0.954,0.216,0.169,-0.31,2.35,-0.03,1,1
16368.953,0.953,0.215,0.169,-0.12,2.84,-0.46,1,1
16368.953,0.951,0.217,0.169,-0.61,2.75,-0.49,1,1
16368.953,0.955,0.217,0.169,-1.04,2.47,-0.12,1,1
16368.968,0.962,0.217,0.171,-1.59,2.53,0.21,1,1
16368.984,0.964,0.213,0.17,-1.65,3.02,0.03,1,1
16368.984,0.963,0.212,0.174,-1.31,3.36,-0.37,1,1
16369.0,0.96,0.22,0.18,-1.28,3.48,-0.73,1,1
16369.015,0.954,0.224,0.187,-1.46,2.87,-0.95,1,1
16369.015,0.951,0.224,0.194,-1.62,1.83,-0.92,1,1
16369.031,0.952,0.221,0.193,-1.22,0.73,-0.73,1,1
16369.046,0.962,0.233,0.189,-0.64,0.15,-0.64,1,1
16369.046,0.957,0.24,0.19,-0.58,0.37,-1.13,1,1
16369.062,0.947,0.24,0.198,-0.82,0.21,-1.56,1,1
16369.078,0.941,0.241,0.201,-0.4,-0.34,-1.46,1,1
16369.078,0.935,0.24,0.193,0.55,-1.43,-1.16,1,1
16369.093,0.941,0.237,0.183,1.01,-2.62,-0.92,1,1
16369.109,0.949,0.24,0.174,1.37,-3.08,-0.76,1,1
16369.109,0.951,0.244,0.169,1.65,-2.56,-0.76,1,1
16369.125,0.954,0.242,0.168,1.65,-1.65,-0.85,1,1
16369.125,0.95,0.241,0.172,1.89,-0.55,-1.04,1,1
16369.14,0.945,0.244,0.174,2.72,0.49,-1.13,1,1
16369.156,0.936,0.243,0.18,3.05,1.13,-1.01,1,1
16369.171,0.935,0.245,0.183,2.93,1.22,-0.7,1,1
16369.171,0.937,0.247,0.185,2.93,1.16,-0.18,1,1
16369.187,0.937,0.246,0.191,2.75,0.98,0.52,1,1
16369.187,0.943,0.242,0.191,2.2,0.7,1.28,1,1
16369.203,0.944,0.239,0.197,1.92,0.85,1.31,1,1
16369.218,0.942,0.236,0.202,1.98,0.85,1.37,1,1
16369.218,0.945,0.233,0.206,2.11,0.58,1.77,1,1
16369.234,0.948,0.235,0.206,2.41,0.43,1.92,1,1
16369.25,0.948,0.233,0.205,1.92,0.15,1.83,1,1
16369.25,0.947,0.225,0.205,1.53,-0.09,1.71,1,1
16369.265,0.95,0.222,0.203,1.62,-0.24,1.83,1,1
16369.265,0.95,0.226,0.201,1.65,-0.27,1.68,1,1
16369.281,0.943,0.221,0.203,1.19,-0.37,1.5,1,1
16369.296,0.949,0.214,0.198,0.67,-0.92,1.25,1,1
16369.296,0.954,0.209,0.195,0.4,-0.89,0.98,1,1
16369.312,0.957,0.208,0.197,0.61,-0.18,0.4,1,1
16369.328,0.951,0.214,0.205,1.1,0.85,0.0,1,1
16369.328,0.942,0.224,0.208,1.22,1.19,-0.21,1,1
16369.343,0.939,0.23,0.213,-0.03,0.55,-0.15,1,1
16369.359,0.939,0.227,0.217,-1.43,-0.98,0.06,1,1
16369.359,0.945,0.225,0.211,-1.5,-1.98,0.4,1,1
16369.375,0.95,0.228,0.202,-1.01,-2.35,0.98,1,1
16369.39,0.95,0.226,0.196,-1.01,-2.2,0.89,1,1
16369.39,0.948,0.222,0.194,-1.71,-2.11,0.49,1,1
16369.406,0.948,0.221,0.195,-2.44,-2.29,0.52,1,1
16369.406,0.947,0.219,0.194,-2.59,-2.23,0.34,1,1
16369.421,0.951,0.215,0.188,-2.5,-1.95,0.27,1,1
16369.437,0.956,0.218,0.187,-2.56,-1.56,-0.18,1,1
16369.437,0.956,0.219,0.19,-2.17,-0.55,-0.73,1,1
16369.453,0.949,0.225,0.193,-1.62,0.27,-0.76,1,1
16369.468,0.949,0.227,0.191,-1.62,0.64,-0.61,1,1
16369.468,0.947,0.225,0.195,-1.95,0.73,-0.37,1,1
16369.484,0.949,0.217,0.201,-2.17,0.95,-0.31,1,1
16369.484,0.942,0.209,0.197,-0.92,1.77,-0.21,1,1
16369.5,0.94,0.223,0.206,0.15,1.92,0.4,1,1
16369.515,0.945,0.244,0.205,1.28,1.46,1.74,1,1
16369.515,0.948,0.229,0.201,1.16,0.24,2.44,1,1
16369.531,0.948,0.227,0.199,-0.49,-1.16,1.86,1,1
16369.546,0.952,0.232,0.2,-1.19,-2.01,1.77,1,1
16369.546,0.962,0.218,0.189,-0.37,-2.41,1.4,1,1
16369.562,0.964,0.225,0.185,-0.09,-2.01,0.7,1,1
16369.578,0.959,0.227,0.18,-0.15,-1.34,-0.15,1,1
16369.578,0.951,0.223,0.182,-1.1,-1.28,-0.92,1,1
16369.593,0.95,0.223,0.186,-2.56,-1.8,-1.28,1,1
16369.609,0.951,0.22,0.189,-2.75,-2.08,-1.22,1,1
16369.609,0.952,0.221,0.187,-2.2,-1.86,-0.73,1,1
16369.625,0.95,0.222,0.188,-1.98,-1.59,-0.37,1,1
16369.625,0.951,0.22,0.189,-2.17,-1.56,-0.37,1,1
16369.64,0.953,0.217,0.195,-2.72,-1.65,-0.4,1,1
16369.656,0.951,0.211,0.198,-2.72,-1.77,-0.7,1,1
16369.656,0.95,0.208,0.197,-2.11,-2.04,-1.07,1,1
16369.671,0.952,0.209,0.194,-1.4,-2.35,-1.89,1,1
16369.687,0.95,0.211,0.193,-0.55,-2.29,-2.66,1,1
16369.703,0.944,0.216,0.193,0.12,-2.23,-3.36,1,1
16369.703,0.939,0.221,0.188,0.58,-2.38,-3.72,1,1
16369.703,0.939,0.227,0.187,0.89,-2.72,-3.72,1,1
16369.718,0.938,0.231,0.181,0.85,-3.02,-3.2,1,1
16369.734,0.939,0.23,0.179,0.15,-3.14,-2.56,1,1
16369.734,0.946,0.231,0.178,-0.43,-2.99,-2.04,1,1
16369.75,0.947,0.235,0.178,-0.58,-2.14,-1.71,1,1
16369.765,0.938,0.229,0.179,-0.82,-1.5,-1.46,1,1
16369.765,0.944,0.229,0.187,-1.31,-1.53,-1.37,1,1
16369.781,0.948,0.233,0.19,0.03,-0.95,-1.53,1,1
16369.796,0.944,0.23,0.187,0.43,-0.73,-1.43,1,1
16369.796,0.947,0.228,0.187,0.79,-0.43,-1.65,1,1
16369.812,0.948,0.234,0.187,0.43,-0.21,-1.92,1,1
16369.828,0.938,0.222,0.19,0.24,-0.18,-1.83,1,1
16369.828,0.939,0.219,0.192,0.79,-0.43,-1.68,1,1
16369.843,0.945,0.225,0.19,1.28,-0.92,-1.86,1,1
16369.859,0.944,0.226,0.183,1.4,-0.89,-2.04,1,1
16369.859,0.949,0.225,0.185,1.16,-0.76,-1.98,1,1
16369.875,0.952,0.225,0.187,1.25,-0.4,-2.32,1,1
16369.875,0.946,0.224,0.188,1.98,0.18,-2.93,1,1
16369.89,0.942,0.222,0.189,2.5,0.64,-3.2,1,1
16369.906,0.94,0.223,0.187,2.78,0.98,-3.57,1,1
16369.921,0.939,0.229,0.183,2.75,1.1,-3.97,1,1
16369.921,0.943,0.229,0.18,2.38,0.95,-4.06,1,1
16369.937,0.944,0.23,0.179,2.14,1.25,-4.18,1,1
16369.937,0.94,0.232,0.183,2.38,1.74,-4.24,1,1
16369.953,0.935,0.237,0.191,2.38,1.92,-4.0,1,1
16369.968,0.934,0.238,0.196,2.17,1.37,-3.72,1,1
16369.968,0.941,0.237,0.192,2.2,0.82,-3.42,1,1
16369.984,0.943,0.242,0.19,2.38,0.92,-3.6,1,1
16370.0,0.935,0.242,0.189,2.26,1.28,-3.91,1,1
16370.0,0.934,0.242,0.191,1.53,0.89,-3.85,1,1
16370.015,0.945,0.245,0.191,1.13,0.43,-3.85,1,1
16370.015,0.945,0.244,0.189,1.53,0.7,-3.97,1,1
16370.031,0.942,0.244,0.189,2.01,1.16,-4.0,1,1
16370.046,0.942,0.247,0.191,2.14,1.4,-3.81,1,1
16370.046,0.944,0.243,0.19,2.2,1.62,-3.91,1,1
16370.062,0.944,0.24,0.188,2.38,1.8,-4.06,1,1
16370.078,0.94,0.241,0.187,2.59,2.2,-3.85,1,1
16370.078,0.937,0.241,0.189,2.56,2.29,-3.88,1,1
16370.093,0.936,0.246,0.191,2.04,2.17,-3.94,1,1
16370.109,0.935,0.243,0.194,1.77,2.11,-4.0,1,1
16370.109,0.936,0.242,0.199,1.92,1.89,-4.09,1,1
16370.125,0.938,0.244,0.197,2.47,1.53,-4.27,1,1
16370.14,0.941,0.249,0.194,2.99,1.77,-4.61,1,1
16370.14,0.938,0.249,0.193,2.87,2.41,-5.01,1,1
16370.156,0.931,0.249,0.192,2.53,3.08,-5.13,1,1
16370.156,0.925,0.245,0.193,2.41,3.48,-4.82,1,1
16370.171,0.917,0.246,0.19,2.01,3.42,-4.39,1,1
16370.187,0.917,0.242,0.18,1.13,2.84,-4.06,1,1
16370.187,0.924,0.236,0.179,-0.09,2.35,-3.66,1,1
16370.203,0.934,0.229,0.177,-0.49,2.32,-3.88,1,1
16370.218,0.943,0.226,0.173,0.21,2.75,-4.49,1,1
16370.218,0.952,0.228,0.17,0.89,3.42,-5.34,1,1
16370.234,0.956,0.233,0.17,1.1,4.09,-6.47,1,1
16370.234,0.96,0.237,0.175,1.53,4.21,-7.45,1,1
16370.25,0.968,0.25,0.181,1.98,4.18,-7.69,1,1
16370.265,0.973,0.263,0.185,2.53,4.33,-7.81,1,1
16370.265,0.969,0.273,0.191,2.5,4.49,-7.72,1,1
16370.281,0.968,0.284,0.198,1.95,4.12,-7.02,1,1
16370.296,0.967,0.292,0.207,1.43,3.54,-5.92,1,1
16370.296,0.963,0.292,0.218,1.46,3.11,-4.76,1,1
16370.312,0.961,0.294,0.225,1.71,2.56,-3.69,1,1
16370.328,0.957,0.303,0.235,2.11,1.89,-2.59,1,1
16370.328,0.953,0.311,0.244,2.17,1.01,-2.29,1,1
16370.343,0.946,0.313,0.249,2.38,0.24,-2.32,1,1
16370.359,0.937,0.316,0.255,3.3,-0.37,-1.86,1,1
16370.359,0.926,0.317,0.25,4.52,-0.79,-1.19,1,1
16370.375,0.915,0.313,0.248,5.43,-1.56,-0.55,1,1
16370.39,0.909,0.313,0.245,6.1,-2.75,-0.09,1,1
16370.39,0.904,0.306,0.23,6.59,-4.0,0.43,1,1
16370.406,0.903,0.297,0.214,6.71,-4.64,0.98,1,1
16370.406,0.91,0.29,0.2,7.02,-4.85,1.28,1,1
16370.421,0.918,0.288,0.193,7.29,-3.91,0.95,1,1
16370.437,0.917,0.283,0.191,7.39,-2.08,0.52,1,1
16370.437,0.91,0.281,0.195,8.03,-0.49,0.31,1,1
16370.453,0.909,0.282,0.203,8.39,0.61,0.18,1,1
16370.453,0.91,0.285,0.205,8.42,1.37,0.09,1,1
16370.468,0.908,0.285,0.207,8.18,1.92,0.37,1,1
16370.484,0.912,0.284,0.213,7.17,2.32,0.73,1,1
16370.484,0.919,0.284,0.218,6.1,2.66,0.89,1,1
16370.5,0.923,0.279,0.222,5.22,2.87,0.82,1,1
16370.515,0.926,0.274,0.226,4.61,3.23,0.64,1,1
16370.531,0.929,0.272,0.228,4.39,3.36,0.46,1,1
16370.531,0.934,0.269,0.232,4.33,3.14,0.09,1,1
16370.546,0.938,0.266,0.236,4.18,3.11,-0.46,1,1
16370.546,0.938,0.267,0.241,4.27,3.42,-0.98,1,1
16370.562,0.932,0.268,0.245,4.21,3.23,-1.07,1,1
16370.578,0.931,0.27,0.248,3.6,2.17,-0.61,1,1
16370.578,0.935,0.271,0.245,2.62,0.73,-0.27,1,1
16370.593,0.938,0.264,0.241,1.22,-0.55,-0.24,1,1
16370.609,0.942,0.256,0.236,0.21,-1.56,-0.49,1,1
16370.609,0.945,0.251,0.228,0.24,-2.44,-1.01,1,1
16370.625,0.946,0.249,0.219,0.79,-2.84,-1.8,1,1
16370.64,0.95,0.25,0.211,1.1,-3.05,-2.56,1,1
16370.64,0.949,0.256,0.203,1.07,-2.99,-3.3,1,1
16370.656,0.944,0.258,0.197,1.13,-2.59,-3.75,1,1
16370.656,0.944,0.267,0.202,1.07,-2.66,-3.88,1,1
16370.671,0.942,0.277,0.199,1.1,-2.5,-3.69,1,1
16370.687,0.935,0.283,0.197,0.49,-2.23,-2.87,1,1
16370.687,0.932,0.28,0.194,-0.27,-2.14,-1.92,1,1
16370.703,0.935,0.275,0.188,-0.79,-2.04,-1.31,1,1
16370.718,0.939,0.275,0.187,-0.98,-1.68,-1.31,1,1
16370.718,0.936,0.281,0.182,-0.55,-0.73,-1.62,1,1
16370.734,0.925,0.288,0.182,-0.89,-0.24,-1.46,1,1
16370.75,0.921,0.292,0.187,-1.95,-0.7,-1.04,1,1
16370.75,0.925,0.297,0.197,-2.32,-1.37,-0.24,1,1
16370.765,0.929,0.296,0.196,-2.17,-1.92,0.64,1,1
16370.765,0.933,0.29,0.189,-1.5,-1.62,1.59,1,1
16370.781,0.94,0.287,0.189,-1.01,-0.73,1.46,1,1
16370.796,0.942,0.286,0.188,-0.55,-0.06,1.37,1,1
16370.796,0.937,0.279,0.196,0.0,0.37,1.31,1,1
16370.812,0.939,0.279,0.197,0.85,0.58,0.89,1,1
16370.828,0.935,0.275,0.196,1.62,0.67,0.55,1,1
16370.828,0.936,0.273,0.201,2.66,0.49,0.27,1,1
16370.843,0.939,0.272,0.199,3.63,0.27,-0.27,1,1
16370.843,0.936,0.27,0.198,4.3,0.18,-0.95,1,1
16370.859,0.929,0.274,0.2,4.76,0.43,-1.22,1,1
16370.875,0.925,0.273,0.2,4.73,-0.15,-1.1,1,1
16370.875,0.93,0.28,0.203,4.52,-0.89,-0.64,1,1
16370.89,0.928,0.288,0.206,4.39,-0.98,-0.21,1,1
16370.906,0.924,0.286,0.2,3.69,-1.28,0.61,1,1
16370.906,0.926,0.282,0.196,2.44,-1.8,1.68,1,1
16370.921,0.929,0.279,0.199,1.34,-2.08,2.29,1,1
16370.937,0.928,0.274,0.201,0.95,-1.86,2.5,1,1
16370.937,0.925,0.269,0.203,1.13,-1.56,2.53,1,1
16370.953,0.922,0.269,0.202,1.74,-1.37,2.2,1,1
16370.968,0.921,0.269,0.198,2.38,-1.4,1.68,1,1
16370.968,0.922,0.267,0.201,2.78,-1.5,0.95,1,1
16370.984,0.925,0.271,0.2,2.9,-1.5,0.27,1,1
16370.984,0.925,0.271,0.197,3.08,-1.25,-0.12,1,1
16371.0,0.927,0.271,0.199,3.45,-0.73,-0.73,1,1
16371.015,0.922,0.275,0.203,3.75,-0.21,-1.1,1,1
16371.015,0.922,0.275,0.204,3.69,-0.18,-1.53,1,1
16371.031,0.923,0.276,0.206,3.57,-0.34,-1.8,1,1
16371.046,0.925,0.273,0.205,4.06,-0.43,-2.04,1,1
16371.046,0.926,0.276,0.206,4.27,0.0,-2.23,1,1
16371.062,0.925,0.276,0.207,4.03,0.27,-2.41,1,1
16371.078,0.926,0.273,0.202,3.94,0.4,-2.41,1,1
16371.078,0.929,0.275,0.205,3.91,0.73,-2.47,1,1
16371.093,0.92,0.276,0.206,4.0,0.79,-2.47,1,1
16371.093,0.919,0.28,0.203,3.66,0.55,-2.04,1,1
16371.109,0.918,0.282,0.201,2.93,0.18,-1.68,1,1
16371.125,0.921,0.279,0.199,2.14,0.12,-1.53,1,1
16371.125,0.92,0.282,0.205,1.65,0.0,-1.28,1,1
16371.14,0.922,0.279,0.203,1.65,-0.49,-1.07,1,1
16371.156,0.93,0.277,0.201,1.83,-0.73,-1.25,1,1
16371.156,0.935,0.282,0.2,1.98,-0.64,-1.92,1,1
16371.171,0.932,0.285,0.202,2.2,-0.37,-2.59,1,1
16371.187,0.928,0.286,0.205,2.78,-0.03,-2.93,1,1
16371.203,0.925,0.288,0.202,3.14,0.12,-2.93,1,1
16371.203,0.929,0.291,0.201,3.11,-0.49,-3.2,1,1
16371.218,0.928,0.29,0.199,3.3,-0.55,-3.66,1,1
16371.218,0.924,0.29,0.199,3.39,-0.15,-3.88,1,1
16371.234,0.921,0.291,0.198,3.75,-0.03,-3.45,1,1
16371.234,0.921,0.291,0.194,3.85,-0.09,-2.99,1,1
16371.25,0.924,0.292,0.191,3.33,-0.34,-2.72,1,1
16371.265,0.928,0.292,0.189,2.53,-0.24,-2.32,1,1
16371.281,0.931,0.292,0.194,1.98,0.24,-1.95,1,1
16371.281,0.931,0.294,0.196,1.86,0.79,-1.56,1,1
16371.296,0.929,0.294,0.201,1.8,0.95,-1.31,1,1
16371.296,0.93,0.293,0.206,1.92,0.85,-1.1,1,1
16371.312,0.933,0.295,0.21,2.11,0.7,-1.07,1,1
16371.328,0.934,0.295,0.214,2.44,0.64,-1.16,1,1
16371.328,0.93,0.296,0.219,2.72,0.55,-1.19,1,1
16371.343,0.93,0.294,0.226,2.99,0.24,-1.31,1,1
16371.359,0.931,0.296,0.227,3.45,-0.4,-1.59,1,1
16371.359,0.928,0.295,0.223,4.03,-0.89,-2.11,1,1
16371.375,0.924,0.29,0.221,4.3,-1.22,-2.23,1,1
16371.375,0.925,0.292,0.221,4.55,-1.59,-2.23,1,1
16371.39,0.928,0.297,0.219,4.73,-2.01,-2.44,1,1
16371.406,0.923,0.3,0.217,4.33,-1.89,-2.14,1,1
16371.406,0.919,0.303,0.22,3.81,-1.8,-1.86,1,1
16371.421,0.915,0.302,0.219,3.54,-1.89,-1.34,1,1
16371.437,0.911,0.299,0.217,3.02,-1.98,-0.67,1,1
16371.437,0.907,0.291,0.209,2.35,-2.38,0.06,1,1
16371.453,0.91,0.283,0.201,1.53,-2.59,0.46,1,1
16371.468,0.912,0.272,0.193,0.7,-2.38,0.49,1,1
16371.468,0.917,0.263,0.188,0.18,-2.11,0.27,1,1
16371.484,0.922,0.254,0.184,0.0,-1.37,-0.76,1,1
16371.484,0.922,0.245,0.185,0.46,-0.24,-2.23,1,1
16371.5,0.921,0.248,0.182,1.56,0.64,-3.6,1,1
16371.515,0.925,0.254,0.177,2.04,1.1,-4.82,1,1
16371.515,0.927,0.26,0.177,1.59,1.62,-5.52,1,1
16371.531,0.928,0.267,0.176,0.89,2.26,-5.4,1,1
16371.546,0.935,0.277,0.177,-0.49,2.84,-5.07,1,1
16371.546,0.94,0.284,0.186,-2.14,3.48,-4.94,1,1
16371.562,0.941,0.284,0.196,-3.3,3.85,-4.73,1,1
16371.578,0.94,0.289,0.203,-3.54,4.0,-4.24,1,1
16371.578,0.941,0.298,0.209,-3.39,3.75,-4.06,1,1
16371.593,0.945,0.307,0.219,-3.6,2.93,-4.3,1,1
16371.593,0.943,0.309,0.227,-3.45,2.26,-4.33,1,1
16371.609,0.939,0.315,0.229,-2.69,1.4,-3.91,1,1
16371.625,0.935,0.326,0.23,-1.98,0.31,-3.63,1,1
16371.625,0.933,0.329,0.223,-1.56,-1.07,-3.3,1,1
16371.64,0.933,0.327,0.213,-1.62,-2.53,-2.81,1,1
16371.656,0.933,0.329,0.206,-1.62,-3.54,-2.04,1,1
16371.656,0.933,0.328,0.203,-1.56,-4.12,-1.16,1,1
16371.671,0.931,0.324,0.199,-1.4,-4.33,-0.7,1,1
16371.687,0.928,0.324,0.196,-1.01,-4.27,-0.4,1,1
16371.687,0.923,0.323,0.196,-0.52,-4.3,0.0,1,1
16371.703,0.92,0.323,0.193,-0.12,-4.64,0.52,1,1
16371.718,0.918,0.324,0.192,-0.03,-4.73,1.04,1,1
16371.718,0.913,0.321,0.193,-0.27,-4.73,1.43,1,1
16371.734,0.91,0.323,0.193,-0.73,-5.19,2.17,1,1
16371.734,0.912,0.318,0.191,-0.95,-5.25,3.08,1,1
16371.75,0.912,0.309,0.189,-1.43,-5.46,3.2,1,1
16371.765,0.914,0.303,0.188,-1.22,-5.46,2.47,1,1
16371.765,0.92,0.297,0.182,-0.79,-4.88,1.53,1,1
16371.781,0.925,0.293,0.179,-0.12,-3.6,0.76,1,1
16371.796,0.922,0.3,0.182,0.67,-1.92,0.43,1,1
16371.812,0.922,0.302,0.186,0.92,-0.64,0.37,1,1
16371.812,0.921,0.303,0.194,0.64,0.09,0.64,1,1
16371.828,0.921,0.306,0.198,0.37,0.43,1.01,1,1
16371.828,0.922,0.306,0.201,0.46,0.73,1.28,1,1
16371.843,0.92,0.306,0.206,-0.06,0.55,1.65,1,1
16371.859,0.921,0.305,0.209,-1.01,-0.09,2.04,1,1
16371.859,0.924,0.305,0.207,-1.92,-0.49,2.44,1,1
16371.875,0.929,0.304,0.207,-2.75,-0.64,2.56,1,1
16371.875,0.932,0.305,0.209,-3.14,-0.34,2.47,1,1
16371.89,0.934,0.305,0.212,-3.3,0.15,2.35,1,1
16371.906,0.935,0.307,0.212,-2.93,0.49,2.26,1,1
16371.906,0.936,0.311,0.213,-2.81,0.67,2.17,1,1
16371.921,0.931,0.315,0.218,-2.59,0.92,2.11,1,1
16371.937,0.926,0.318,0.219,-2.26,0.92,2.53,1,1
16371.937,0.929,0.324,0.218,-2.2,0.43,3.39,1,1
16371.953,0.929,0.331,0.22,-2.96,0.06,4.18,1,1
16371.968,0.927,0.33,0.227,-4.27,-0.64,4.97,1,1
16371.968,0.929,0.32,0.221,-5.34,-1.59,5.8,1,1
16371.984,0.925,0.323,0.22,-6.56,-2.04,6.84,1,1
16371.984,0.924,0.31,0.217,-7.08,-3.02,7.87,1,1
16372.0,0.926,0.31,0.212,-8.21,-4.06,8.91,1,1
16372.015,0.926,0.302,0.211,-9.4,-4.61,9.83,1,1
16372.031,0.935,0.287,0.205,-9.67,-4.97,10.5,1,1
16372.031,0.936,0.279,0.203,-8.61,-4.24,10.83,1,1
16372.046,0.94,0.269,0.208,-6.41,-3.36,10.83,1,1
16372.046,0.931,0.264,0.207,-4.55,-2.81,10.1,1,1
16372.062,0.926,0.262,0.208,-3.75,-2.93,9.19,1,1
16372.078,0.925,0.255,0.212,-3.33,-3.81,8.24,1,1
16372.078,0.926,0.25,0.21,-3.05,-4.94,6.84,1,1
16372.093,0.926,0.247,0.208,-2.96,-5.68,5.49,1,1
16372.109,0.927,0.247,0.204,-3.33,-6.47,4.46,1,1
16372.109,0.933,0.247,0.196,-3.78,-6.87,3.6,1,1
16372.125,0.936,0.25,0.19,-4.43,-6.59,3.08,1,1
16372.125,0.938,0.251,0.187,-4.97,-5.52,2.59,1,1
16372.14,0.936,0.252,0.191,-5.04,-4.03,2.29,1,1
16372.156,0.928,0.259,0.197,-4.85,-2.96,2.26,1,1
16372.171,0.919,0.26,0.203,-4.79,-2.66,1.98,1,1
16372.171,0.914,0.256,0.206,-4.55,-3.23,1.68,1,1
16372.187,0.918,0.257,0.198,-4.0,-4.18,1.56,1,1
16372.187,0.918,0.26,0.188,-3.63,-5.04,1.19,1,1
16372.203,0.928,0.257,0.18,-4.43,-5.8,0.85,1,1
16372.218,0.94,0.259,0.176,-5.04,-5.49,0.43,1,1
16372.218,0.945,0.255,0.174,-4.61,-4.46,-0.15,1,1
16372.234,0.949,0.258,0.172,-4.12,-2.81,-1.1,1,1
16372.25,0.947,0.262,0.172,-3.88,-1.25,-2.14,1,1
16372.25,0.943,0.265,0.178,-3.6,0.12,-2.96,1,1
16372.265,0.939,0.271,0.192,-2.96,1.01,-3.14,1,1
16372.265,0.936,0.274,0.199,-1.83,1.13,-2.59,1,1
16372.281,0.937,0.278,0.201,-0.64,1.1,-1.37,1,1
16372.296,0.936,0.287,0.207,-0.06,0.79,-0.24,1,1
16372.296,0.934,0.289,0.207,-0.89,-0.4,0.49,1,1
16372.312,0.939,0.286,0.209,-2.81,-1.92,1.5,1,1
16372.328,0.945,0.282,0.21,-3.81,-2.62,2.62,1,1
16372.328,0.948,0.279,0.206,-3.78,-2.44,3.6,1,1
16372.343,0.946,0.274,0.198,-4.79,-2.29,3.94,1,1
16372.343,0.946,0.268,0.198,-7.11,-2.47,3.72,1,1
16372.359,0.947,0.259,0.199,-8.21,-2.32,3.48,1,1
16372.375,0.941,0.256,0.182,-7.26,-1.68,3.54,1,1
16372.39,0.94,0.264,0.176,-7.75,-0.92,3.57,1,1
16372.39,0.936,0.264,0.183,-10.32,-0.79,2.93,1,1
16372.406,0.928,0.265,0.174,-14.19,-1.34,2.29,1,1
16372.406,0.935,0.269,0.163,-19.32,-1.86,2.5,1,1
16372.421,0.952,0.267,0.162,-24.29,-0.82,2.96,1,1
16372.437,0.959,0.249,0.137,-27.28,2.35,2.81,1,1
16372.437,0.975,0.248,0.143,-29.42,7.17,2.75,1,1
16372.453,0.967,0.249,0.163,-28.35,13.7,2.56,1,1
16372.468,0.938,0.253,0.188,-26.58,18.77,2.38,1,1
16372.468,0.906,0.25,0.224,-25.18,20.11,2.99,1,1
16372.484,0.873,0.251,0.266,-22.71,17.76,4.33,1,1
16372.5,0.867,0.248,0.265,-20.26,12.09,5.98,1,1
16372.5,0.886,0.254,0.239,-20.78,5.68,7.39,1,1
16372.515,0.914,0.26,0.226,-22.4,2.23,8.58,1,1
16372.515,0.932,0.27,0.242,-23.71,0.92,9.98,1,1
16372.531,0.943,0.261,0.234,-24.08,0.21,11.17,1,1
16372.546,0.947,0.253,0.217,-25.7,0.58,12.05,1,1
16372.562,0.94,0.24,0.247,-27.01,0.79,12.24,1,1
16372.562,0.922,0.228,0.276,-26.4,-1.22,11.96,1,1
16372.578,0.923,0.224,0.286,-24.38,-5.22,11.72,1,1
16372.578,0.932,0.219,0.271,-21.73,-9.09,11.17,1,1
16372.593,0.932,0.221,0.274,-20.2,-12.24,10.65,1,1
16372.593,0.918,0.219,0.282,-18.98,-15.69,11.63,1,1
16372.609,0.924,0.205,0.304,-18.01,-20.11,13.61,1,1
16372.625,0.921,0.204,0.316,-15.75,-24.93,14.65,1,1
16372.64,0.909,0.199,0.288,-13.76,-30.52,15.69,1,1
16372.64,0.924,0.203,0.267,-14.95,-36.38,16.85,1,1
16372.656,0.934,0.196,0.253,-15.81,-40.74,17.46,1,1
16372.656,0.943,0.183,0.23,-16.17,-43.82,17.24,1,1
16372.671,0.954,0.178,0.22,-16.39,-45.35,16.79,1,1
16372.687,0.949,0.174,0.215,-13.55,-45.75,16.48,1,1
16372.687,0.955,0.172,0.197,-9.34,-45.63,16.63,1,1
16372.703,0.964,0.161,0.178,-4.46,-44.34,16.33,1,1
16372.718,0.962,0.161,0.162,0.89,-42.15,16.27,1,1
16372.718,0.965,0.168,0.158,4.61,-39.86,15.59,1,1
16372.734,0.963,0.177,0.151,6.96,-37.9,14.53,1,1
16372.734,0.964,0.173,0.141,13.4,-32.44,13.64,1,1
16372.75,0.979,0.171,0.105,16.17,-25.76,12.94,1,1
16372.765,1.028,0.175,0.048,19.32,-13.76,11.47,1,1
16372.765,1.028,0.198,0.032,19.62,-1.95,9.46,1,1
16372.781,1.002,0.195,0.039,15.72,7.81,7.81,1,1
16372.796,0.971,0.198,0.069,11.32,15.29,6.96,1,1
16372.796,0.928,0.194,0.111,7.42,18.59,6.74,1,1
16372.812,0.916,0.171,0.148,3.11,16.51,6.38,1,1
16372.828,0.934,0.161,0.17,0.4,12.39,5.19,1,1
16372.828,0.966,0.151,0.173,0.43,8.36,3.02,1,1
16372.843,0.997,0.145,0.186,2.17,6.41,-0.52,1,1
16372.859,0.998,0.15,0.187,7.29,7.02,-3.2,1,1
16372.859,0.99,0.171,0.183,12.02,8.09,-3.88,1,1
16372.875,0.991,0.185,0.179,11.96,7.87,-4.46,1,1
16372.89,0.988,0.18,0.172,9.25,7.14,-5.01,1,1
16372.89,0.99,0.176,0.169,7.54,6.93,-4.94,1,1
16372.906,0.977,0.18,0.174,7.42,7.81,-4.09,1,1
16372.906,0.956,0.177,0.172,6.01,7.11,-3.11,1,1
16372.921,0.96,0.168,0.18,2.44,4.55,-3.08,1,1
16372.937,0.959,0.157,0.189,0.61,2.14,-3.94,1,1
16372.937,0.961,0.139,0.187,1.92,-0.21,-5.4,1,1
16372.953,0.974,0.144,0.18,4.79,-1.89,-7.69,1,1
16372.968,0.974,0.151,0.169,7.51,-2.11,-10.62,1,1
16372.968,0.96,0.156,0.159,9.61,-1.8,-13.09,1,1
16372.984,0.952,0.183,0.164,10.38,-1.8,-13.92,1,1
16372.984,0.944,0.208,0.166,10.44,-2.5,-13.09,1,1
16373.0,0.933,0.213,0.151,8.76,-3.48,-10.96,1,1
16373.015,0.936,0.213,0.139,5.65,-4.67,-8.36,1,1
16373.015,0.947,0.222,0.134,2.17,-5.19,-5.95,1,1
16373.031,0.959,0.21,0.13,-0.43,-4.58,-4.21,1,1
16373.046,0.962,0.191,0.13,-1.13,-2.72,-3.27,1,1
16373.046,0.951,0.184,0.137,-0.34,-0.76,-3.42,1,1
16373.062,0.948,0.179,0.152,1.13,-0.21,-4.24,1,1
16373.078,0.951,0.173,0.16,3.39,-0.82,-5.58,1,1
16373.078,0.952,0.178,0.16,6.65,-1.4,-7.26,1,1
16373.093,0.953,0.194,0.157,9.46,-1.8,-8.15,1,1
16373.109,0.952,0.213,0.154,10.38,-2.17,-7.75,1,1
16373.109,0.948,0.223,0.154,9.64,-2.72,-6.1,1,1
16373.125,0.948,0.239,0.164,7.69,-3.33,-3.45,1,1
16373.14,0.942,0.242,0.165,5.49,-4.46,-0.37,1,1
16373.14,0.952,0.237,0.173,3.02,-5.95,2.5,1,1
16373.156,0.957,0.23,0.179,2.32,-7.26,4.73,1,1
16373.171,0.963,0.219,0.172,2.78,-8.85,6.01,1,1
16373.171,0.969,0.216,0.17,3.57,-10.07,6.13,1,1
16373.187,0.955,0.217,0.176,6.01,-10.77,5.8,1,1
16373.187,0.942,0.219,0.179,7.75,-13.03,5.46,1,1
16373.203,0.927,0.224,0.184,8.97,-16.88,5.34,1,1
16373.218,0.918,0.224,0.186,11.47,-21.42,5.71,1,1
16373.218,0.916,0.223,0.17,14.56,-25.97,6.59,1,1
16373.234,0.915,0.224,0.159,16.82,-30.06,7.35,1,1
16373.234,0.904,0.218,0.141,19.75,-33.69,7.97,1,1
16373.25,0.902,0.216,0.108,23.07,-36.65,8.64,1,1
16373.265,0.917,0.206,0.021,25.15,-37.97,8.82,1,1
16373.265,0.975,0.205,-0.02,23.59,-34.15,8.55,1,1
16373.281,1.011,0.205,-0.014,23.53,-24.54,8.15,1,1
16373.296,1.003,0.203,-0.005,21.03,-14.71,8.3,1,1
16373.296,0.99,0.193,0.03,15.2,-7.14,9.28,1,1
16373.312,0.979,0.174,0.073,10.65,-2.26,10.86,1,1
16373.328,0.981,0.148,0.105,8.7,-0.37,11.32,1,1
16373.328,0.994,0.126,0.115,9.0,-0.24,9.92,1,1
16373.343,1.004,0.114,0.114,10.77,-0.34,6.65,1,1
16373.359,1.018,0.108,0.096,12.36,0.06,1.98,1,1
16373.359,1.026,0.108,0.085,12.6,1.53,-3.23,1,1
16373.375,1.031,0.119,0.083,11.78,3.66,-8.64,1,1
16373.375,1.019,0.128,0.084,10.1,6.2,-12.7,1,1
16373.39,1.009,0.135,0.089,8.09,8.24,-14.98,1,1
16373.406,0.983,0.158,0.116,5.71,9.92,-15.53,1,1
16373.406,0.949,0.17,0.135,4.0,9.34,-14.13,1,1
16373.421,0.937,0.18,0.152,1.92,5.95,-11.2,1,1
16373.437,0.949,0.184,0.146,0.09,1.31,-8.48,1,1
16373.437,0.977,0.182,0.129,-1.46,-2.08,-6.38,1,1
16373.453,0.996,0.18,0.11,-3.02,-2.78,-5.19,1,1
16373.453,1.005,0.179,0.101,-4.43,-1.92,-5.19,1,1
16373.468,1.01,0.177,0.09,-5.83,-0.49,-5.98,1,1
16373.484,1.009,0.175,0.078,-7.08,1.65,-7.29,1,1
16373.484,1.007,0.181,0.086,-8.18,4.36,-8.88,1,1
16373.5,0.991,0.183,0.092,-9.06,5.98,-11.2,1,1
16373.515,0.978,0.193,0.104,-9.95,6.38,-12.73,1,1
16373.515,0.953,0.202,0.131,-9.43,6.04,-12.7,1,1
16373.531,0.94,0.211,0.125,-8.88,4.3,-10.44,1,1
16373.546,0.951,0.224,0.118,-11.41,1.5,-7.97,1,1
16373.546,0.968,0.211,0.118,-14.4,-0.37,-6.1,1,1
16373.562,0.978,0.2,0.112,-14.37,-0.55,-4.76,1,1
16373.578,0.984,0.198,0.104,-11.57,0.89,-3.72,1,1
16373.578,0.985,0.204,0.102,-8.7,2.66,-3.42,1,1
16373.593,0.982,0.206,0.093,-7.35,4.06,-3.81,1,1
16373.609,0.977,0.208,0.098,-6.96,5.58,-4.58,1,1
16373.609,0.954,0.212,0.11,-5.62,6.38,-4.76,1,1
16373.625,0.952,0.221,0.119,-5.52,5.34,-4.06,1,1
16373.64,0.957,0.224,0.125,-6.29,3.78,-3.51,1,1
16373.64,0.953,0.216,0.123,-6.26,2.53,-2.87,1,1
16373.656,0.955,0.223,0.12,-6.23,1.46,-1.46,1,1
16373.656,0.963,0.223,0.119,-6.41,0.89,0.09,1,1
16373.671,0.969,0.218,0.116,-6.53,0.92,0.85,1,1
16373.687,0.968,0.219,0.122,-5.92,0.98,1.16,1,1
16373.687,0.966,0.221,0.129,-4.55,1.04,1.31,1,1
16373.703,0.963,0.219,0.138,-2.17,0.92,1.25,1,1
16373.718,0.958,0.22,0.134,-0.15,-0.03,1.1,1,1
16373.718,0.964,0.227,0.13,1.31,-1.53,0.64,1,1
16373.734,0.968,0.231,0.121,2.04,-1.01,0.67,1,1
16373.734,0.971,0.228,0.118,2.72,0.18,1.1,1,1
16373.75,0.963,0.226,0.114,2.75,0.92,1.68,1,1
16373.765,0.962,0.221,0.116,2.23,1.37,2.32,1,1
16373.765,0.96,0.218,0.125,1.59,1.65,2.69,1,1
16373.781,0.956,0.213,0.128,1.25,1.25,2.96,1,1
16373.796,0.966,0.214,0.132,0.98,0.37,3.14,1,1
16373.796,0.972,0.212,0.13,1.1,0.0,2.62,1,1
16373.812,0.969,0.206,0.131,1.8,0.12,2.08,1,1
16373.828,0.967,0.211,0.136,2.87,0.18,1.65,1,1
16373.828,0.971,0.217,0.13,3.23,-0.09,1.25,1,1
16373.843,0.973,0.212,0.124,2.84,-0.18,1.1,1,1
16373.843,0.97,0.216,0.126,2.69,-0.15,1.22,1,1
16373.859,0.971,0.217,0.127,2.38,-0.12,1.22,1,1
16373.875,0.967,0.217,0.123,1.89,-0.15,1.01,1,1
16373.875,0.958,0.217,0.128,0.92,-0.46,0.95,1,1
16373.89,0.959,0.216,0.136,-0.09,-1.46,1.16,1,1
16373.906,0.96,0.212,0.133,0.06,-2.41,1.53,1,1
16373.906,0.955,0.207,0.124,0.55,-3.05,1.86,1,1
16373.921,0.958,0.203,0.119,-0.09,-3.94,1.71,1,1
16373.937,0.968,0.195,0.116,-0.92,-4.36,0.67,1,1
16373.937,0.968,0.187,0.113,-0.12,-3.85,-0.7,1,1
16373.953,0.964,0.192,0.11,1.13,-3.14,-1.89,1,1
16373.968,0.957,0.197,0.112,1.5,-2.5,-2.78,1,1
16373.968,0.951,0.203,0.113,1.25,-2.17,-3.14,1,1
16373.984,0.946,0.206,0.111,0.73,-2.53,-2.87,1,1
16373.984,0.946,0.209,0.115,-0.49,-3.17,-2.5,1,1
16374.0,0.946,0.206,0.113,-0.79,-3.48,-2.32,1,1
16374.015,0.949,0.202,0.112,-0.4,-3.51,-2.11,1,1
16374.015,0.954,0.2,0.108,-0.64,-3.51,-2.35,1,1
16374.031,0.955,0.203,0.11,-0.85,-3.05,-3.14,1,1
16374.046,0.949,0.203,0.11,-0.73,-2.59,-3.6,1,1
16374.046,0.947,0.206,0.114,-1.13,-2.69,-3.88,1,1
16374.062,0.956,0.207,0.116,-0.67,-3.23,-4.0,1,1
16374.078,0.97,0.207,0.104,0.03,-3.08,-4.46,1,1
16374.078,0.973,0.206,0.102,0.09,-1.98,-4.88,1,1
16374.093,0.967,0.205,0.101,0.64,-0.37,-5.46,1,1
16374.093,0.959,0.209,0.112,1.07,0.7,-5.92,1,1
16374.109,0.954,0.218,0.122,1.59,0.49,-6.29,1,1
16374.125,0.948,0.227,0.121,2.35,-0.21,-5.8,1,1
16374.125,0.952,0.231,0.115,2.11,-1.01,-4.49,1,1
16374.14,0.957,0.233,0.11,1.04,-1.56,-3.3,1,1
16374.156,0.968,0.236,0.108,0.09,-1.59,-1.92,1,1
16374.171,0.968,0.236,0.107,-0.34,-1.07,-0.85,1,1
16374.171,0.972,0.232,0.112,-1.62,-0.82,-0.31,1,1
16374.187,0.977,0.229,0.117,-2.44,-0.55,-0.27,1,1
16374.187,0.974,0.222,0.118,-1.92,-0.18,-0.61,1,1
16374.203,0.966,0.218,0.119,-1.22,0.12,-1.01,1,1
16374.218,0.965,0.217,0.124,-1.43,-0.55,-1.37,1,1
16374.218,0.972,0.219,0.126,-1.68,-1.65,-2.11,1,1
16374.234,0.975,0.216,0.121,-1.19,-1.71,-2.23,1,1
16374.234,0.976,0.22,0.117,-0.98,-1.5,-2.04,1,1
16374.25,0.979,0.222,0.12,-1.62,-1.07,-2.23,1,1
16374.265,0.97,0.221,0.13,-1.77,-0.67,-2.62,1,1
16374.265,0.96,0.222,0.136,-0.67,-0.73,-2.41,1,1
16374.281,0.958,0.227,0.129,0.12,-1.68,-1.59,1,1
16374.296,0.967,0.226,0.118,0.31,-2.47,-1.19,1,1
16374.296,0.971,0.22,0.115,-0.27,-2.69,-1.5,1,1
16374.312,0.973,0.217,0.119,-0.43,-2.53,-2.04,1,1
16374.328,0.977,0.212,0.121,0.76,-2.08,-2.84,1,1
16374.328,0.975,0.21,0.123,2.32,-1.46,-4.27,1,1
16374.343,0.964,0.207,0.123,3.75,-1.19,-5.83,1,1
16374.359,0.959,0.205,0.124,5.16,-1.19,-7.26,1,1
16374.359,0.96,0.21,0.122,6.71,-1.25,-8.27,1,1
16374.375,0.957,0.22,0.118,7.45,-1.22,-8.85,1,1
16374.39,0.953,0.232,0.115,7.02,-1.13,-8.79,1,1
16374.39,0.948,0.244,0.109,5.43,-1.34,-7.87,1,1
16374.406,0.95,0.252,0.109,2.84,-1.62,-6.16,1,1
16374.406,0.946,0.253,0.112,-0.06,-1.74,-4.3,1,1
16374.421,0.952,0.246,0.115,-2.56,-2.14,-2.66,1,1
16374.437,0.96,0.239,0.117,-3.42,-2.23,-1.83,1,1
16374.437,0.96,0.23,0.125,-2.78,-1.8,-1.89,1,1
16374.453,0.949,0.222,0.131,-1.22,-2.04,-2.78,1,1
16374.468,0.95,0.222,0.128,-0.27,-3.3,-4.06,1,1
16374.468,0.954,0.219,0.117,0.52,-4.49,-5.68,1,1
16374.484,0.953,0.215,0.107,1.83,-4.49,-6.9,1,1
16374.484,0.957,0.223,0.1,2.81,-3.75,-7.78,1,1
16374.5,0.954,0.232,0.091,3.11,-2.47,-8.67,1,1
16374.515,0.943,0.236,0.089,2.78,-1.1,-8.85,1,1
16374.515,0.936,0.247,0.096,2.01,0.0,-8.09,1,1
16374.531,0.93,0.252,0.097,0.89,0.34,-6.81,1,1
16374.546,0.939,0.248,0.099,-0.64,-0.12,-5.43,1,1
16374.546,0.947,0.247,0.102,-1.04,-0.15,-4.39,1,1
16374.562,0.949,0.241,0.096,-0.18,0.15,-3.66,1,1
16374.578,0.954,0.242,0.092,0.03,-0.21,-2.96,1,1
16374.578,0.959,0.246,0.095,-0.52,-0.76,-3.11,1,1
16374.593,0.971,0.241,0.094,-0.49,-1.53,-3.3,1,1
16374.609,0.978,0.241,0.089,0.7,-1.53,-3.45,1,1
16374.609,0.982,0.242,0.08,2.47,-1.01,-3.94,1,1
16374.625,0.981,0.242,0.074,3.42,-0.37,-4.94,1,1
16374.625,0.98,0.241,0.074,4.3,0.58,-6.13,1,1
16374.64,0.968,0.247,0.078,5.83,1.95,-7.08,1,1
16374.656,0.949,0.261,0.087,6.56,2.72,-7.29,1,1
16374.656,0.939,0.271,0.098,5.55,2.11,-6.56,1,1
16374.671,0.942,0.271,0.1,4.36,0.89,-5.22,1,1
16374.687,0.945,0.267,0.102,4.15,0.46,-3.72,1,1
16374.687,0.944,0.266,0.099,4.52,0.79,-2.59,1,1
16374.703,0.946,0.266,0.099,3.54,1.07,-1.37,1,1
16374.718,0.944,0.264,0.102,3.11,1.59,-1.28,1,1
16374.718,0.945,0.256,0.101,3.42,2.29,-1.34,1,1
16374.734,0.94,0.246,0.102,4.06,2.35,-1.92,1,1
16374.734,0.94,0.244,0.104,4.76,2.08,-2.62,1,1
16374.75,0.941,0.242,0.101,5.43,1.86,-3.36,1,1
16374.765,0.948,0.246,0.098,5.92,2.08,-4.15,1,1
16374.765,0.952,0.249,0.093,6.07,2.78,-4.88,1,1
16374.781,0.955,0.251,0.094,5.83,3.78,-5.28,1,1
16374.796,0.95,0.257,0.099,5.68,5.1,-5.49,1,1
16374.796,0.945,0.262,0.106,5.07,5.49,-5.68,1,1
16374.812,0.946,0.27,0.114,3.97,5.34,-5.19,1,1
16374.828,0.945,0.274,0.12,2.87,5.16,-4.43,1,1
16374.828,0.949,0.277,0.128,1.77,4.61,-3.48,1,1
16374.843,0.953,0.282,0.133,1.19,3.97,-2.35,1,1
16374.859,0.952,0.28,0.134,0.37,3.48,-1.46,1,1
16374.859,0.954,0.279,0.143,-0.31,2.5,-0.76,1,1
16374.875,0.95,0.276,0.147,-0.49,1.25,-0.27,1,1
16374.875,0.957,0.271,0.146,-0.43,-0.27,-0.12,1,1
16374.89,0.963,0.273,0.142,-0.06,-1.28,-0.12,1,1
16374.906,0.963,0.272,0.133,0.34,-1.86,-0.31,1,1
16374.921,0.966,0.27,0.129,0.52,-1.98,-0.49,1,1
16374.921,0.957,0.271,0.13,0.67,-1.83,-0.76,1,1
16374.937,0.949,0.265,0.132,1.04,-2.14,-0.61,1,1
16374.937,0.946,0.268,0.131,1.77,-2.93,0.0,1,1
16374.953,0.946,0.271,0.127,2.32,-3.85,1.04,1,1
16374.968,0.943,0.278,0.126,2.41,-4.36,2.01,1,1
16374.968,0.941,0.28,0.121,1.53,-5.04,2.59,1,1
16374.984,0.939,0.271,0.119,-0.09,-5.92,2.87,1,1
16375.0,0.939,0.266,0.114,-1.4,-6.93,2.72,1,1
16375.0,0.938,0.259,0.111,-1.74,-7.51,2.38,1,1
16375.015,0.939,0.252,0.105,-1.13,-7.87,1.92,1,1
16375.015,0.942,0.249,0.104,0.27,-8.06,1.43,1,1
16375.031,0.94,0.246,0.102,3.11,-8.0,0.79,1,1
16375.046,0.942,0.251,0.095,4.97,-7.66,-0.31,1,1
16375.046,0.948,0.246,0.094,5.92,-7.51,-1.86,1,1
16375.062,0.946,0.244,0.095,8.76,-6.93,-3.42,1,1
16375.078,0.944,0.253,0.095,13.49,-5.52,-4.27,1,1
16375.078,0.943,0.272,0.081,17.76,-3.91,-4.43,1,1
16375.093,0.945,0.289,0.07,18.01,-2.56,-4.24,1,1
16375.093,0.937,0.297,0.064,14.56,-1.74,-3.63,1,1
16375.109,0.958,0.303,0.067,8.45,-1.62,-3.02,1,1
16375.125,0.946,0.277,0.065,8.51,1.65,-1.68,1,1
16375.125,0.942,0.301,0.094,6.16,3.45,0.03,1,1
16375.14,0.949,0.28,0.094,3.45,3.69,0.58,1,1
16375.156,0.946,0.259,0.101,2.11,4.06,0.34,1,1
16375.156,0.951,0.264,0.103,1.74,4.33,-0.21,1,1
16375.171,0.955,0.261,0.108,2.81,4.58,-1.37,1,1
16375.187,0.954,0.258,0.109,3.91,4.58,-2.93,1,1
16375.187,0.948,0.267,0.108,4.73,4.43,-4.09,1,1
16375.203,0.954,0.276,0.111,4.85,4.12,-4.43,1,1
16375.218,0.949,0.287,0.115,4.97,4.09,-4.33,1,1
16375.218,0.941,0.294,0.118,4.0,3.69,-3.85,1,1
16375.234,0.944,0.293,0.122,2.04,2.47,-3.08,1,1
16375.234,0.946,0.29,0.123,1.01,1.62,-2.23,1,1
16375.25,0.947,0.286,0.122,1.1,0.98,-1.5,1,1
16375.265,0.95,0.279,0.116,0.98,0.37,-1.1,1,1
16375.281,0.958,0.273,0.11,0.82,0.37,-1.37,1,1
16375.281,0.957,0.276,0.117,0.85,0.85,-2.14,1,1
16375.296,0.952,0.276,0.117,1.31,1.01,-2.47,1,1
16375.296,0.948,0.276,0.114,1.46,0.85,-2.44,1,1
16375.312,0.956,0.276,0.112,0.76,0.55,-2.69,1,1
16375.328,0.957,0.274,0.114,0.55,0.67,-3.2,1,1
16375.328,0.949,0.279,0.117,1.19,1.13,-3.39,1,1
16375.343,0.941,0.283,0.116,1.68,1.37,-2.96,1,1
16375.359,0.941,0.29,0.12,1.19,0.82,-2.17,1,1
16375.359,0.939,0.292,0.121,1.01,0.24,-1.28,1,1
16375.375,0.943,0.288,0.119,1.22,0.0,-0.24,1,1
16375.375,0.944,0.286,0.118,1.68,0.06,0.61,1,1
16375.39,0.946,0.286,0.117,2.66,0.52,1.19,1,1
16375.406,0.942,0.281,0.114,3.91,0.82,1.77,1,1
16375.406,0.944,0.272,0.109,5.19,1.13,2.29,1,1
16375.421,0.945,0.271,0.109,7.26,1.92,2.62,1,1
16375.437,0.949,0.271,0.106,10.53,3.23,2.56,1,1
16375.437,0.948,0.267,0.104,12.91,4.09,1.65,1,1
16375.453,0.941,0.269,0.108,13.82,4.0,-0.09,1,1
16375.468,0.935,0.271,0.111,14.28,3.36,-2.11,1,1
16375.468,0.935,0.271,0.116,15.02,2.01,-3.97,1,1
16375.484,0.932,0.275,0.106,15.75,1.01,-5.22,1,1
16375.5,0.937,0.289,0.094,14.71,0.43,-5.52,1,1
16375.5,0.944,0.3,0.092,12.7,1.07,-4.94,1,1
16375.515,0.941,0.302,0.097,11.44,2.47,-3.69,1,1
16375.515,0.933,0.31,0.1,10.01,3.57,-1.77,1,1
16375.531,0.934,0.316,0.099,7.05,3.63,0.49,1,1
16375.546,0.939,0.307,0.105,2.81,3.17,1.98,1,1
16375.562,0.944,0.297,0.115,0.21,2.75,3.14,1,1
16375.562,0.95,0.291,0.115,-0.18,2.59,3.94,1,1
16375.578,0.956,0.287,0.11,-0.92,2.53,3.6,1,1
16375.578,0.957,0.28,0.114,-2.99,1.92,2.32,1,1
16375.593,0.958,0.269,0.118,-4.61,1.13,0.49,1,1
16375.609,0.96,0.262,0.118,-4.49,0.79,-1.07,1,1
16375.609,0.96,0.268,0.121,-3.72,0.98,-2.01,1,1
16375.625,0.953,0.269,0.123,-2.78,1.25,-2.75,1,1
16375.625,0.947,0.27,0.128,-2.14,0.85,-2.93,1,1
16375.64,0.949,0.277,0.128,-1.4,0.18,-2.5,1,1
16375.656,0.949,0.281,0.12,-1.04,-0.31,-1.8,1,1
16375.656,0.949,0.282,0.118,-1.8,-0.55,-1.37,1,1
16375.671,0.95,0.283,0.117,-2.87,-0.79,-1.13,1,1
16375.687,0.951,0.284,0.12,-3.42,-0.61,-0.89,1,1
16375.687,0.946,0.287,0.124,-3.69,-0.95,-0.46,1,1
16375.703,0.945,0.285,0.12,-4.0,-1.56,-0.7,1,1
16375.718,0.946,0.285,0.117,-4.0,-1.74,-0.76,1,1
16375.718,0.947,0.283,0.11,-3.85,-2.14,-0.61,1,1
16375.734,0.951,0.281,0.114,-3.23,-2.11,-0.61,1,1
16375.734,0.948,0.284,0.109,-1.86,-1.5,-0.67,1,1
16375.75,0.942,0.285,0.108,-1.01,-1.43,-0.82,1,1
16375.765,0.938,0.283,0.108,-1.37,-1.74,-1.28,1,1
16375.781,0.943,0.282,0.106,-1.53,-1.92,-1.83,1,1
16375.781,0.945,0.29,0.102,-1.37,-1.4,-1.77,1,1
16375.796,0.941,0.295,0.101,-1.86,-0.67,-1.62,1,1
16375.796,0.943,0.292,0.103,-3.02,-0.43,-1.31,1,1
16375.812,0.938,0.297,0.112,-4.03,-0.31,-1.34,1,1
16375.828,0.935,0.292,0.115,-3.88,-0.27,-0.89,1,1
16375.828,0.94,0.295,0.119,-3.14,-0.27,0.24,1,1
16375.843,0.946,0.304,0.118,-1.71,0.03,1.1,1,1
16375.859,0.944,0.3,0.117,-1.46,0.21,1.01,1,1
16375.859,0.94,0.292,0.124,-1.89,0.21,1.01,1,1
16375.875,0.936,0.287,0.128,-0.92,0.24,1.31,1,1
16375.875,0.937,0.278,0.118,0.76,-0.15,1.34,1,1
16375.89,0.943,0.27,0.112,1.37,-0.27,0.31,1,1
16375.906,0.944,0.271,0.114,1.77,0.06,-1.34,1,1
16375.906,0.933,0.285,0.117,2.56,0.52,-2.32,1,1
16375.921,0.929,0.3,0.118,2.04,0.12,-1.95,1,1
16375.937,0.933,0.308,0.124,0.46,-0.27,-0.89,1,1
16375.937,0.934,0.305,0.127,-0.52,-0.55,0.7,1,1
16375.953,0.937,0.302,0.129,-1.22,-0.89,2.11,1,1
16375.953,0.939,0.291,0.126,-1.86,-1.34,2.69,1,1
16375.968,0.944,0.282,0.124,-2.14,-1.62,2.78,1,1
16375.984,0.946,0.274,0.121,-1.43,-1.56,2.23,1,1
16376.0,0.946,0.271,0.119,-0.7,-1.01,1.22,1,1
16376.0,0.942,0.268,0.118,-0.34,-0.67,0.15,1,1
16376.015,0.941,0.27,0.118,0.03,-0.76,-1.01,1,1
16376.015,0.938,0.274,0.117,0.76,-0.82,-1.8,1,1
16376.031,0.938,0.279,0.114,1.01,-0.61,-2.38,1,1
16376.046,0.94,0.283,0.111,0.61,-0.55,-2.2,1,1
16376.046,0.942,0.288,0.111,-0.06,-0.18,-1.68,1,1
16376.062,0.943,0.286,0.114,-0.98,0.31,-1.01,1,1
16376.078,0.941,0.283,0.12,-1.65,0.67,-0.52,1,1
16376.078,0.939,0.282,0.123,-1.68,0.89,-0.15,1,1
16376.093,0.942,0.282,0.129,-0.98,0.82,-0.06,1,1
16376.093,0.946,0.284,0.127,-0.12,0.7,-0.43,1,1
16376.109,0.943,0.289,0.127,0.7,0.52,-0.82,1,1
16376.125,0.943,0.291,0.129,0.4,-0.09,-0.98,1,1
16376.125,0.946,0.295,0.127,0.0,-0.7,-1.01,1,1
16376.14,0.952,0.292,0.126,0.0,-0.73,-1.04,1,1
16376.156,0.95,0.291,0.124,0.58,-0.52,-1.1,1,1
16376.156,0.943,0.292,0.127,0.79,-0.67,-1.19,1,1
16376.171,0.938,0.291,0.127,0.76,-1.22,-1.1,1,1
16376.187,0.945,0.289,0.12,0.89,-1.8,-0.55,1,1
16376.187,0.954,0.29,0.113,0.79,-1.77,-0.37,1,1
16376.203,0.949,0.287,0.113,0.34,-0.89,-0.55,1,1
16376.218,0.942,0.285,0.118,-0.12,-0.43,-0.49,1,1
16376.218,0.943,0.285,0.12,-0.24,-0.52,-0.31,1,1
16376.234,0.945,0.281,0.12,-0.34,-0.64,-0.34,1,1
16376.234,0.943,0.282,0.119,-0.27,-0.24,-0.46,1,1
16376.25,0.938,0.288,0.123,-0.43,0.06,-0.4,1,1
16376.265,0.935,0.285,0.124,-0.76,-0.06,-0.12,1,1
16376.265,0.94,0.282,0.123,-0.7,-0.4,0.0,1,1
16376.281,0.938,0.287,0.124,-0.31,-0.4,0.12,1,1
16376.296,0.938,0.289,0.125,-0.03,-0.34,0.37,1,1
16376.312,0.937,0.289,0.124,0.06,-0.61,0.55,1,1
16376.312,0.943,0.292,0.125,0.55,-0.76,0.79,1,1
16376.328,0.942,0.293,0.124,1.43,-0.73,1.04,1,1
16376.328,0.943,0.293,0.125,2.08,-0.85,1.43,1,1
16376.343,0.947,0.291,0.123,2.29,-0.73,1.92,1,1
16376.343,0.944,0.288,0.12,2.66,-0.61,2.2,1,1
16376.359,0.946,0.289,0.121,2.99,-0.43,2.41,1,1
16376.375,0.944,0.288,0.125,2.87,-0.52,2.04,1,1
16376.375,0.939,0.287,0.125,2.72,-1.01,1.8,1,1
16376.39,0.937,0.288,0.127,2.9,-1.65,2.29,1,1
16376.406,0.939,0.285,0.123,3.51,-2.17,3.02,1,1
16376.406,0.942,0.288,0.118,4.15,-2.17,3.94,1,1
16376.421,0.945,0.287,0.118,4.0,-2.23,4.55,1,1
16376.437,0.947,0.29,0.121,3.3,-2.44,5.01,1,1
16376.437,0.946,0.29,0.124,2.56,-2.75,5.28,1,1
16376.453,0.944,0.285,0.128,2.38,-3.11,5.62,1,1
16376.468,0.951,0.289,0.128,2.66,-3.33,6.1,1,1
16376.468,0.957,0.289,0.12,1.86,-3.33,5.89,1,1
16376.484,0.951,0.281,0.119,0.03,-2.99,4.97,1,1
16376.484,0.951,0.273,0.12,-1.4,-2.41,4.06,1,1
16376.5,0.947,0.273,0.118,-1.68,-2.01,3.2,1,1
16376.515,0.942,0.27,0.114,-2.04,-1.77,2.66,1,1
16376.515,0.939,0.269,0.118,-2.14,-1.62,2.72,1,1
16376.531,0.938,0.272,0.116,-1.59,-1.37,3.48,1,1
16376.546,0.943,0.274,0.114,-1.59,-1.34,4.0,1,1
16376.546,0.942,0.274,0.117,-1.95,-1.34,4.21,1,1
16376.562,0.94,0.274,0.117,-2.53,-1.5,4.36,1,1
16376.578,0.94,0.273,0.119,-3.2,-1.86,4.61,1,1
16376.578,0.942,0.277,0.115,-4.39,-2.59,4.91,1,1
16376.593,0.946,0.277,0.111,-6.13,-3.05,5.37,1,1
16376.609,0.953,0.277,0.107,-7.9,-2.99,5.8,1,1
16376.609,0.954,0.271,0.107,-9.0,-2.47,6.23,1,1
16376.625,0.954,0.266,0.109,-9.06,-1.83,6.5,1,1
16376.625,0.946,0.265,0.112,-8.03,-1.25,6.71,1,1
16376.64,0.939,0.273,0.119,-6.99,-1.01,7.14,1,1
16376.656,0.937,0.28,0.118,-6.99,-1.34,7.9,1,1
16376.656,0.934,0.285,0.118,-8.3,-2.44,8.85,1,1
16376.671,0.93,0.286,0.128,-10.47,-5.62,11.6,1,1
16376.687,0.928,0.28,0.136,-9.61,-7.69,13.58,1,1
16376.687,0.925,0.273,0.139,-8.45,-9.98,15.44,1,1
16376.703,0.927,0.27,0.14,-8.39,-13.06,16.45,1,1
16376.718,0.946,0.248,0.151,-8.3,-16.6,16.39,1,1
16376.718,0.971,0.247,0.136,-5.43,-18.16,16.17,1,1
16376.734,0.986,0.241,0.12,-2.35,-17.21,15.9,1,1
16376.734,0.987,0.248,0.115,-1.01,-15.08,15.17,1,1
16376.75,0.974,0.251,0.112,-0.7,-13.18,15.17,1,1
16376.765,0.962,0.245,0.124,-1.95,-13.03,15.59,1,1
16376.781,0.964,0.227,0.13,-2.41,-14.25,15.9,1,1
16376.781,0.974,0.215,0.125,-0.79,-15.44,15.44,1,1
16376.796,0.985,0.209,0.107,2.41,-15.5,14.59,1,1
16376.796,0.993,0.198,0.089,5.28,-14.25,12.79,1,1
16376.812,0.997,0.192,0.071,6.96,-12.36,9.86,1,1
16376.828,0.995,0.186,0.061,8.27,-10.07,6.59,1,1
16376.828,0.99,0.2,0.049,8.3,-7.63,4.03,1,1
16376.843,0.984,0.212,0.042,6.16,-4.97,2.38,1,1
16376.843,0.974,0.215,0.044,3.54,-2.26,1.5,1,1
16376.859,0.954,0.218,0.059,1.56,0.37,1.43,1,1
16376.875,0.941,0.211,0.077,0.31,1.28,1.83,1,1
16376.89,0.942,0.208,0.08,-0.06,0.95,2.87,1,1
16376.89,0.953,0.208,0.076,0.49,1.04,3.66,1,1
16376.906,0.956,0.201,0.069,0.92,1.37,3.42,1,1
16376.906,0.955,0.197,0.077,0.95,1.83,2.84,1,1
16376.921,0.958,0.203,0.085,1.68,2.14,2.5,1,1
16376.937,0.96,0.212,0.086,1.98,2.23,2.04,1,1
16376.937,0.957,0.22,0.086,0.64,1.92,1.5,1,1
16376.953,0.958,0.22,0.095,-1.04,1.46,1.22,1,1
16376.968,0.959,0.219,0.095,-1.62,0.98,1.53,1,1
16376.968,0.957,0.222,0.098,-2.14,0.67,2.08,1,1
16376.984,0.96,0.212,0.101,-3.42,-0.12,2.14,1,1
16376.984,0.968,0.202,0.109,-3.78,-1.04,1.5,1,1
16377.0,0.968,0.2,0.11,-1.89,-1.56,0.18,1,1
16377.015,0.967,0.201,0.107,0.12,-2.23,-1.25,1,1
16377.015,0.966,0.21,0.1,1.43,-2.99,-2.53,1,1
16377.031,0.961,0.222,0.092,1.5,-3.48,-3.05,1,1
16377.046,0.953,0.23,0.092,0.03,-4.09,-2.53,1,1
16377.062,0.949,0.236,0.086,-1.83,-4.97,-1.25,1,1
16377.062,0.946,0.235,0.087,-4.03,-5.77,0.52,1,1
16377.078,0.949,0.226,0.081,-6.29,-6.9,1.68,1,1
16377.078,0.952,0.208,0.087,-7.75,-7.11,2.72,1,1
16377.093,0.959,0.187,0.104,-5.83,-6.62,3.02,1,1
16377.109,0.955,0.185,0.099,-1.34,-6.13,2.44,1,1
16377.109,0.968,0.203,0.085,1.53,-5.86,2.14,1,1
16377.125,0.971,0.214,0.075,2.23,-4.88,1.46,1,1
16377.125,0.97,0.214,0.073,0.79,-4.12,0.92,1,1
16377.14,0.971,0.22,0.075,-1.13,-3.63,0.98,1,1
16377.156,0.975,0.216,0.068,-2.01,-2.81,1.86,1,1
16377.156,0.979,0.213,0.064,-2.69,-1.46,2.44,1,1
16377.171,0.973,0.212,0.068,-3.81,-0.27,2.38,1,1
16377.187,0.974,0.206,0.083,-4.46,-0.09,2.08,1,1
16377.187,0.975,0.203,0.094,-4.21,-0.58,1.46,1,1
16377.203,0.979,0.207,0.096,-3.23,-1.68,0.67,1,1
16377.218,0.989,0.204,0.083,-2.35,-2.56,-0.21,1,1
16377.218,0.995,0.211,0.081,-1.68,-2.29,-0.92,1,1
16377.234,0.996,0.211,0.079,-0.7,-1.62,-1.19,1,1
16377.234,0.996,0.217,0.075,-0.24,-0.7,-1.31,1,1
16377.25,0.985,0.222,0.074,0.24,0.52,-0.92,1,1
16377.265,0.971,0.223,0.075,-0.27,1.04,-0.06,1,1
16377.281,0.969,0.222,0.082,-1.37,0.37,0.7,1,1
16377.281,0.968,0.217,0.083,-1.74,-0.55,1.01,1,1
16377.296,0.971,0.211,0.076,-1.25,-1.25,0.98,1,1
16377.296,0.969,0.216,0.076,-0.58,-1.62,0.79,1,1
16377.312,0.967,0.211,0.076,-0.58,-2.01,0.15,1,1
16377.328,0.969,0.206,0.076,-0.37,-1.98,-0.4,1,1
16377.328,0.961,0.203,0.073,1.1,-1.25,-0.64,1,1
16377.343,0.954,0.201,0.074,1.77,-0.7,-0.49,1,1
16377.359,0.958,0.193,0.078,2.2,-0.58,-0.79,1,1
16377.359,0.962,0.187,0.074,3.81,-0.43,-1.34,1,1
16377.375,0.966,0.189,0.066,5.07,0.12,-2.26,1,1
16377.375,0.967,0.192,0.069,5.58,1.13,-3.48,1,1
16377.39,0.959,0.193,0.073,5.37,2.04,-4.18,1,1
16377.406,0.956,0.194,0.08,4.64,2.5,-4.33,1,1
16377.406,0.957,0.191,0.082,4.21,3.27,-4.24,1,1
16377.421,0.958,0.192,0.079,3.39,4.21,-3.81,1,1
16377.437,0.957,0.192,0.088,1.71,4.97,-3.42,1,1
16377.437,0.949,0.193,0.102,0.12,4.58,-3.11,1,1
16377.453,0.954,0.198,0.101,-0.58,3.57,-2.44,1,1
16377.468,0.971,0.207,0.099,-1.46,3.11,-1.77,1,1
16377.468,0.977,0.211,0.1,-1.83,3.51,-1.89,1,1
16377.484,0.981,0.216,0.1,-1.77,4.3,-2.17,1,1
16377.5,0.981,0.229,0.102,-1.65,4.94,-2.32,1,1
16377.5,0.976,0.24,0.107,-1.4,4.97,-2.35,1,1
16377.515,0.974,0.244,0.108,-1.19,4.39,-2.47,1,1
16377.515,0.976,0.247,0.102,-1.34,3.75,-2.53,1,1
16377.531,0.971,0.248,0.101,-1.4,3.66,-2.38,1,1
16377.546,0.962,0.249,0.1,-1.19,3.45,-1.95,1,1
16377.546,0.956,0.252,0.102,-1.43,2.32,-1.34,1,1
16377.562,0.957,0.251,0.108,-1.8,0.64,-0.64,1,1
16377.578,0.957,0.245,0.103,-1.01,-0.58,0.43,1,1
16377.578,0.961,0.245,0.101,-0.18,-1.34,1.43,1,1
16377.593,0.964,0.242,0.098,0.18,-2.17,1.86,1,1
16377.593,0.965,0.233,0.094,0.46,-2.62,1.95,1,1
16377.609,0.969,0.227,0.089,0.98,-2.44,1.86,1,1
16377.625,0.964,0.225,0.086,1.62,-1.86,1.8,1,1
16377.625,0.961,0.222,0.085,1.8,-1.59,1.59,1,1
16377.64,0.96,0.215,0.088,1.8,-1.74,1.13,1,1
16377.656,0.963,0.211,0.087,2.81,-1.1,1.1,1,1
16377.656,0.959,0.208,0.083,3.08,-0.7,0.89,1,1
16377.671,0.959,0.207,0.079,2.26,-0.18,0.49,1,1
16377.687,0.963,0.2,0.078,2.17,0.46,-0.46,1,1
16377.687,0.963,0.196,0.092,3.2,1.13,-1.53,1,1
16377.703,0.963,0.205,0.098,3.88,1.5,-2.35,1,1
16377.718,0.961,0.209,0.102,3.57,1.43,-2.75,1,1
16377.718,0.96,0.216,0.107,3.27,1.19,-2.56,1,1
16377.734,0.959,0.22,0.105,3.2,0.95,-2.26,1,1
16377.734,0.962,0.217,0.104,2.53,0.7,-1.83,1,1
16377.75,0.956,0.216,0.104,1.92,0.46,-1.31,1,1
16377.765,0.956,0.213,0.098,1.56,0.15,-0.92,1,1
16377.765,0.962,0.208,0.094,1.43,0.15,-0.61,1,1
16377.781,0.966,0.211,0.089,1.46,0.52,-0.85,1,1
16377.796,0.964,0.214,0.086,1.16,1.5,-1.07,1,1
16377.812,0.958,0.217,0.093,0.15,1.98,-1.43,1,1
16377.812,0.959,0.222,0.101,-0.31,1.95,-1.74,1,1
16377.828,0.953,0.227,0.102,-0.4,1.56,-1.65,1,1
16377.828,0.955,0.226,0.102,-0.67,0.85,-1.43,1,1
16377.843,0.96,0.225,0.101,-0.89,0.21,-1.43,1,1
16377.859,0.963,0.223,0.099,-0.67,0.21,-1.46,1,1
16377.859,0.967,0.223,0.097,0.24,0.76,-1.43,1,1
16377.875,0.969,0.229,0.097,0.85,1.5,-1.74,1,1
16377.875,0.967,0.232,0.1,0.55,1.8,-2.23,1,1
16377.89,0.963,0.234,0.108,0.21,1.89,-2.44,1,1
16377.906,0.961,0.232,0.108,0.7,1.56,-2.44,1,1
16377.906,0.963,0.234,0.106,1.34,1.28,-2.11,1,1
16377.921,0.959,0.238,0.106,1.25,0.82,-1.77,1,1
16377.937,0.964,0.234,0.107,0.43,0.09,-1.37,1,1
16377.937,0.97,0.228,0.105,0.85,-0.18,-0.85,1,1
16377.953,0.971,0.23,0.099,1.71,0.06,-0.64,1,1
16377.968,0.963,0.229,0.105,1.8,0.37,-0.73,1,1
16377.968,0.962,0.226,0.107,1.59,-0.27,-0.82,1,1
16377.984,0.968,0.22,0.103,2.26,-0.92,-0.92,1,1
16378.0,0.976,0.228,0.1,2.9,-0.76,-1.13,1,1
16378.0,0.964,0.233,0.1,2.81,-0.12,-1.1,1,1
16378.015,0.96,0.231,0.104,2.17,-0.12,-0.61,1,1
16378.031,0.963,0.229,0.106,1.34,-0.67,-0.06,1,1
16378.031,0.963,0.227,0.105,1.01,-0.92,0.0,1,1
16378.046,0.958,0.225,0.103,0.92,-1.01,0.37,1,1
16378.046,0.96,0.226,0.108,0.7,-1.04,0.67,1,1
16378.062,0.961,0.227,0.108,0.7,-1.19,0.7,1,1
16378.078,0.961,0.223,0.105,0.79,-1.22,0.82,1,1
16378.078,0.957,0.221,0.104,1.13,-0.85,0.95,1,1
16378.093,0.963,0.221,0.102,0.85,-0.89,0.73,1,1
16378.109,0.965,0.22,0.098,0.43,-0.7,0.09,1,1
16378.109,0.966,0.218,0.097,0.4,-0.18,-0.21,1,1
16378.125,0.961,0.219,0.096,0.31,0.49,-0.34,1,1
16378.125,0.96,0.221,0.101,0.34,0.85,-0.55,1,1
16378.14,0.956,0.227,0.106,0.73,1.01,-0.46,1,1
16378.156,0.951,0.229,0.106,0.52,0.85,-0.06,1,1
16378.156,0.953,0.221,0.105,-0.12,0.43,0.61,1,1
16378.171,0.954,0.215,0.102,-0.12,0.18,1.01,1,1
16378.187,0.955,0.208,0.094,-0.21,0.06,0.67,1,1
16378.187,0.962,0.2,0.089,-0.46,0.12,0.12,1,1
16378.203,0.966,0.2,0.091,-0.4,0.89,-0.37,1,1
16378.218,0.966,0.205,0.094,0.09,1.92,-0.67,1,1
16378.218,0.96,0.211,0.095,-0.34,2.75,-1.04,1,1
16378.234,0.952,0.213,0.101,-1.25,3.11,-1.22,1,1
16378.25,0.953,0.216,0.109,-1.98,2.84,-1.28,1,1
16378.25,0.954,0.224,0.114,-2.35,2.5,-1.53,1,1
16378.265,0.958,0.226,0.124,-2.5,2.01,-1.8,1,1
16378.265,0.959,0.234,0.127,-1.65,1.56,-2.11,1,1
16378.281,0.96,0.243,0.13,-0.52,0.67,-2.2,1,1
16378.296,0.963,0.249,0.125,-0.24,-0.61,-2.26,1,1
16378.296,0.97,0.25,0.118,-0.4,-1.37,-2.26,1,1
16378.312,0.97,0.254,0.116,-0.31,-1.37,-1.83,1,1
16378.328,0.969,0.256,0.114,-0.09,-1.1,-1.07,1,1
16378.328,0.964,0.255,0.112,0.06,-0.85,-0.37,1,1
16378.343,0.961,0.254,0.109,0.15,-0.76,0.64,1,1
16378.343,0.958,0.252,0.108,-0.52,-0.79,1.68,1,1
16378.359,0.955,0.245,0.112,-1.25,-1.19,2.14,1,1
16378.375,0.96,0.237,0.115,-1.28,-1.92,2.56,1,1
16378.375,0.966,0.231,0.113,-0.49,-2.41,2.47,1,1
16378.39,0.971,0.225,0.109,0.43,-2.38,1.68,1,1
16378.406,0.966,0.221,0.108,1.13,-2.14,0.73,1,1
16378.406,0.962,0.218,0.111,1.62,-1.8,-0.06,1,1
16378.421,0.955,0.222,0.117,2.17,-1.8,-0.43,1,1
16378.437,0.954,0.219,0.114,2.35,-2.47,-0.46,1,1
16378.437,0.957,0.218,0.107,2.23,-2.9,-0.4,1,1
16378.453,0.962,0.221,0.098,2.04,-2.78,0.03,1,1
16378.468,0.966,0.221,0.093,1.22,-2.23,0.37,1,1
16378.468,0.965,0.218,0.093,0.0,-1.46,0.46,1,1
16378.484,0.963,0.216,0.1,-0.85,-0.82,0.37,1,1
16378.5,0.961,0.215,0.107,-0.7,-0.55,0.27,1,1
16378.5,0.956,0.218,0.111,0.06,-0.58,0.06,1,1
16378.515,0.954,0.223,0.114,0.31,-1.19,-0.24,1,1
16378.515,0.96,0.221,0.114,0.15,-2.08,-0.46,1,1
16378.531,0.961,0.22,0.11,0.58,-2.14,-0.55,1,1
16378.546,0.967,0.222,0.108,0.89,-1.95,-0.43,1,1
16378.562,0.965,0.223,0.107,1.04,-1.59,-0.76,1,1
16378.562,0.96,0.226,0.111,0.76,-1.31,-0.89,1,1
16378.578,0.956,0.226,0.11,0.43,-1.56,-0.43,1,1
16378.578,0.959,0.223,0.107,0.06,-1.95,-0.46,1,1
16378.593,0.959,0.222,0.102,-0.24,-2.14,-0.46,1,1
16378.593,0.962,0.222,0.098,-0.15,-2.08,-0.55,1,1
16378.609,0.963,0.221,0.094,0.12,-1.56,-0.92,1,1
16378.625,0.961,0.221,0.093,0.09,-0.92,-1.56,1,1
16378.64,0.95,0.224,0.1,0.31,-0.58,-1.89,1,1
16378.64,0.948,0.226,0.097,0.21,-1.04,-1.34,1,1
16378.656,0.955,0.233,0.094,-0.37,-0.85,-1.04,1,1
16378.656,0.956,0.23,0.095,-0.64,-0.37,-0.31,1,1
16378.671,0.966,0.237,0.095,-1.25,0.24,0.03,1,1
16378.687,0.967,0.234,0.103,-1.92,0.85,-0.24,1,1
16378.687,0.961,0.233,0.111,-1.43,1.22,-0.43,1,1
16378.703,0.958,0.238,0.116,0.03,1.28,-0.37,1,1
16378.718,0.963,0.243,0.115,0.58,0.46,-0.34,1,1
16378.718,0.965,0.243,0.115,0.79,-0.43,-0.61,1,1
16378.734,0.965,0.242,0.114,1.43,-0.95,-0.55,1,1
16378.734,0.965,0.245,0.108,1.92,-1.37,0.0,1,1
16378.75,0.968,0.245,0.108,1.8,-1.53,0.52,1,1
16378.765,0.967,0.24,0.104,1.83,-1.5,1.19,1,1
16378.765,0.965,0.237,0.101,1.5,-1.37,1.74,1,1
16378.781,0.965,0.232,0.099,0.98,-1.22,1.95,1,1
16378.796,0.961,0.224,0.102,0.15,-1.19,1.92,1,1
16378.796,0.962,0.222,0.102,0.09,-1.13,1.98,1,1
16378.812,0.96,0.22,0.097,0.15,-1.04,1.92,1,1
16378.828,0.96,0.214,0.101,-0.15,-1.04,1.56,1,1
16378.828,0.964,0.21,0.1,0.24,-1.07,1.01,1,1
16378.843,0.965,0.217,0.101,1.1,-0.37,0.52,1,1
16378.859,0.955,0.222,0.103,1.37,0.03,0.24,1,1
16378.859,0.956,0.226,0.11,0.64,-0.43,0.37,1,1
16378.875,0.957,0.227,0.117,-0.03,-1.04,0.64,1,1
16378.875,0.955,0.224,0.116,0.46,-1.37,0.98,1,1
16378.89,0.961,0.224,0.109,0.82,-1.59,1.31,1,1
16378.906,0.964,0.225,0.105,0.31,-1.4,1.31,1,1
16378.906,0.96,0.222,0.104,-0.12,-0.98,1.22,1,1
16378.921,0.964,0.224,0.102,-0.24,-0.55,1.28,1,1
16378.937,0.968,0.228,0.103,-0.37,-0.21,0.95,1,1
16378.937,0.963,0.23,0.106,-0.49,0.0,0.46,1,1
16378.953,0.963,0.233,0.106,-0.67,0.0,0.43,1,1
16378.953,0.966,0.235,0.106,-1.01,-0.18,0.7,1,1
16378.968,0.965,0.229,0.108,-1.4,-0.31,0.58,1,1
16378.984,0.963,0.226,0.113,-0.89,-0.18,0.61,1,1
16378.984,0.961,0.229,0.115,0.34,-0.21,0.79,1,1
16379.0,0.956,0.234,0.112,0.73,-0.95,1.01,1,1
16379.015,0.959,0.227,0.104,-0.12,-1.71,1.25,1,1
16379.015,0.962,0.225,0.102,-1.13,-1.95,1.65,1,1
16379.031,0.965,0.219,0.098,-1.19,-1.68,2.17,1,1
16379.046,0.963,0.218,0.094,-1.22,-1.04,2.53,1,1
16379.046,0.957,0.217,0.091,-1.65,-0.49,2.5,1,1
16379.062,0.958,0.214,0.093,-2.08,-0.37,2.59,1,1
16379.078,0.96,0.214,0.092,-2.53,-0.21,2.59,1,1
16379.093,0.958,0.214,0.093,-2.17,0.09,2.32,1,1
16379.093,0.961,0.219,0.099,-1.71,0.49,1.95,1,1
16379.093,0.961,0.226,0.102,-1.4,0.43,1.56,1,1
16379.109,0.958,0.228,0.104,-0.98,0.37,1.65,1,1
16379.125,0.961,0.235,0.106,-1.04,0.0,2.11,1,1
16379.125,0.97,0.238,0.109,-1.77,-0.55,2.62,1,1
16379.14,0.97,0.23,0.111,-2.17,-0.52,3.08,1,1
16379.156,0.97,0.227,0.115,-1.86,-0.34,3.45,1,1
16379.156,0.97,0.223,0.118,-0.67,-0.15,3.39,1,1
16379.171,0.963,0.216,0.116,0.58,-0.06,3.2,1,1
16379.187,0.964,0.216,0.115,0.82,-0.64,2.99,1,1
16379.187,0.961,0.213,0.111,0.67,-1.13,2.78,1,1
16379.203,0.964,0.209,0.104,0.92,-0.98,2.75,1,1
16379.218,0.965,0.209,0.103,0.49,-0.46,2.75,1,1
16379.218,0.961,0.202,0.111,-0.27,-0.43,2.53,1,1
16379.234,0.958,0.199,0.118,-0.58,-0.34,2.35,1,1
16379.25,0.956,0.204,0.125,0.03,-0.27,2.04,1,1
16379.25,0.951,0.21,0.127,0.21,-0.52,1.8,1,1
16379.265,0.954,0.219,0.125,-1.34,-1.34,1.86,1,1
16379.265,0.955,0.221,0.126,-3.17,-1.43,1.95,1,1
16379.281,0.953,0.216,0.124,-4.49,-1.22,2.08,1,1
16379.296,0.949,0.214,0.122,-5.4,-1.1,2.29,1,1
16379.296,0.946,0.205,0.118,-6.41,-1.19,2.38,1,1
16379.312,0.955,0.197,0.114,-6.68,-1.1,2.29,1,1
16379.328,0.961,0.193,0.115,-6.01,-0.43,1.89,1,1
16379.328,0.957,0.188,0.113,-4.97,0.18,1.13,1,1
16379.343,0.956,0.194,0.11,-3.97,0.46,0.31,1,1
16379.359,0.958,0.198,0.099,-4.06,-0.03,-0.58,1,1
16379.359,0.96,0.201,0.087,-4.7,-0.43,-1.04,1,1
16379.375,0.963,0.207,0.067,-5.43,-0.64,-0.89,1,1
16379.39,0.978,0.208,0.058,-6.44,-0.76,-0.73,1,1
16379.39,0.988,0.209,0.056,-6.29,-0.18,-0.67,1,1
16379.406,0.991,0.213,0.06,-4.55,1.16,-0.18,1,1
16379.406,0.996,0.226,0.064,-3.05,2.38,0.43,1,1
16379.421,0.995,0.237,0.079,-2.44,3.2,0.98,1,1
16379.437,0.99,0.238,0.096,-1.8,3.54,1.56,1,1
16379.437,0.988,0.239,0.11,-0.49,2.87,2.41,1,1
16379.453,0.98,0.236,0.115,1.04,1.68,3.3,1,1
16379.468,0.973,0.229,0.111,1.31,-0.06,4.15,1,1
16379.468,0.974,0.216,0.102,0.98,-2.08,4.73,1,1
16379.484,0.973,0.201,0.084,1.13,-2.99,5.49,1,1
16379.5,0.977,0.189,0.067,1.28,-3.08,6.29,1,1
16379.5,0.986,0.186,0.067,0.98,-2.08,6.07,1,1
16379.515,0.975,0.178,0.07,1.37,-0.34,5.55,1,1
16379.515,0.963,0.173,0.075,2.08,0.79,5.58,1,1
16379.531,0.962,0.174,0.071,2.38,1.1,5.86,1,1
16379.546,0.964,0.171,0.061,2.66,1.43,5.8,1,1
16379.546,0.971,0.162,0.052,2.78,1.71,5.65,1,1
16379.562,0.989,0.163,0.054,3.33,2.5,5.4,1,1
16379.578,0.991,0.169,0.066,4.79,4.18,4.52,1,1
16379.578,0.976,0.177,0.078,6.68,5.52,3.97,1,1
16379.593,0.963,0.183,0.082,7.14,5.16,3.81,1,1
16379.609,0.957,0.185,0.079,6.81,3.78,4.43,1,1
16379.609,0.968,0.184,0.067,6.74,2.93,5.52,1,1
16379.625,0.982,0.191,0.067,5.37,5.07,6.23,1,1
16379.625,0.979,0.193,0.067,4.61,5.92,6.41,1,1
16379.64,0.973,0.191,0.076,5.46,6.38,6.29,1,1
16379.656,0.992,0.205,0.103,8.3,7.35,5.65,1,1
16379.656,0.991,0.237,0.167,11.75,7.9,5.07,1,1
16379.671,0.972,0.256,0.191,15.32,7.17,5.22,1,1
16379.687,0.96,0.269,0.203,17.18,4.76,6.41,1,1
16379.687,0.957,0.267,0.209,16.66,1.34,7.87,1,1
16379.703,0.964,0.255,0.208,15.35,-1.56,9.25,1,1
16379.718,0.965,0.241,0.196,14.77,-2.99,10.35,1,1
16379.718,0.958,0.226,0.188,13.92,-3.27,10.86,1,1
16379.734,0.952,0.209,0.177,12.36,-3.81,11.17,1,1
16379.75,0.95,0.188,0.165,11.02,-4.79,10.99,1,1
16379.75,0.97,0.174,0.152,10.16,-5.1,10.25,1,1
16379.765,0.988,0.173,0.159,10.22,-3.54,8.64,1,1
16379.765,0.976,0.177,0.174,11.54,-1.4,6.71,1,1
16379.781,0.956,0.183,0.189,11.81,-1.01,5.71,1,1
16379.796,0.953,0.187,0.195,10.32,-2.75,5.58,1,1
16379.796,0.961,0.185,0.194,8.33,-4.76,5.22,1,1
16379.812,0.968,0.177,0.186,7.29,-5.43,4.55,1,1
16379.828,0.967,0.169,0.186,7.05,-5.16,3.57,1,1
16379.828,0.954,0.165,0.186,6.71,-5.04,2.29,1,1
16379.843,0.94,0.163,0.191,5.58,-5.89,1.19,1,1
16379.859,0.935,0.158,0.186,5.22,-7.63,0.73,1,1
16379.859,0.946,0.16,0.165,5.16,-9.03,0.46,1,1
16379.875,0.951,0.161,0.148,4.24,-9.19,-0.21,1,1
16379.875,0.948,0.162,0.14,3.11,-8.61,-0.64,1,1
16379.89,0.947,0.17,0.13,2.11,-8.0,-0.4,1,1
16379.906,0.951,0.172,0.122,0.15,-7.81,0.06,1,1
16379.906,0.96,0.17,0.123,-2.17,-7.54,0.49,1,1
16379.921,0.97,0.168,0.124,-3.14,-6.65,0.85,1,1
16379.937,0.975,0.174,0.133,-2.78,-5.49,0.95,1,1
16379.937,0.974,0.179,0.143,-2.17,-5.28,0.46,1,1
16379.953,0.969,0.18,0.146,-2.17,-5.89,-0.18,1,1
16379.968,0.969,0.181,0.143,-2.47,-7.08,-0.31,1,1
16379.968,0.98,0.177,0.129,-2.78,-7.93,-0.18,1,1
16379.984,0.982,0.176,0.119,-3.54,-8.0,0.06,1,1
16379.984,0.978,0.17,0.114,-4.67,-7.9,0.49,1,1
16380.0,0.98,0.165,0.111,-5.65,-7.54,1.04,1,1
16380.015,0.977,0.16,0.106,-6.35,-7.05,1.53,1,1
16380.015,0.972,0.152,0.107,-6.62,-6.74,2.01,1,1
16380.031,0.975,0.148,0.104,-6.29,-6.47,2.29,1,1
16380.046,0.976,0.153,0.104,-6.04,-6.2,2.14,1,1
16380.046,0.971,0.151,0.099,-6.07,-5.83,1.71,1,1
16380.062,0.97,0.155,0.099,-6.13,-5.68,1.86,1,1
16380.078,0.97,0.158,0.099,-5.83,-5.52,2.2,1,1
16380.093,0.967,0.156,0.092,-5.49,-5.4,2.62,1,1
16380.093,0.966,0.159,0.087,-5.68,-5.34,2.9,1,1
16380.093,0.965,0.158,0.089,-6.41,-5.28,2.93,1,1
16380.109,0.961,0.151,0.091,-6.68,-5.46,2.53,1,1
16380.125,0.961,0.147,0.09,-6.16,-5.74,2.11,1,1
16380.125,0.961,0.151,0.08,-5.31,-5.98,1.56,1,1
16380.14,0.962,0.155,0.074,-4.94,-5.71,1.16,1,1
16380.156,0.956,0.159,0.07,-5.37,-5.49,0.76,1,1
16380.156,0.953,0.158,0.074,-6.29,-5.71,0.64,1,1
16380.171,0.952,0.158,0.078,-6.35,-6.16,0.37,1,1
16380.187,0.955,0.157,0.068,-5.58,-6.71,-0.27,1,1
16380.187,0.962,0.154,0.063,-5.22,-6.9,-1.01,1,1
16380.203,0.964,0.159,0.068,-4.82,-6.44,-1.83,1,1
16380.218,0.963,0.166,0.077,-3.48,-5.52,-2.44,1,1
16380.218,0.965,0.179,0.087,-2.11,-4.76,-2.44,1,1
16380.234,0.964,0.184,0.089,-1.59,-4.82,-1.86,1,1
16380.234,0.971,0.18,0.092,-1.92,-5.46,-1.46,1,1
16380.25,0.97,0.181,0.094,-1.65,-5.86,-1.19,1,1
16380.265,0.978,0.179,0.083,-1.56,-6.01,-0.85,1,1
16380.265,0.986,0.185,0.088,-2.2,-5.43,-1.34,1,1
16380.281,0.97,0.177,0.089,-2.44,-4.7,-1.95,1,1
16380.296,0.966,0.177,0.096,-2.81,-4.3,-1.8,1,1
16380.312,0.966,0.18,0.098,-2.69,-4.36,-1.53,1,1
16380.312,0.97,0.177,0.09,-2.84,-4.43,-1.28,1,1
16380.328,0.982,0.181,0.085,-4.21,-3.75,-1.07,1,1
16380.328,0.986,0.185,0.092,-5.77,-2.26,-1.22,1,1
16380.343,0.974,0.19,0.1,-6.56,-0.92,-1.01,1,1
16380.359,0.964,0.188,0.116,-7.26,-0.92,0.15,1,1
16380.359,0.969,0.191,0.119,-7.78,-1.92,1.62,1,1
16380.375,0.981,0.187,0.109,-8.67,-2.9,2.72,1,1
16380.39,0.991,0.177,0.109,-9.67,-3.2,2.44,1,1
16380.39,0.99,0.165,0.106,-9.46,-3.23,1.5,1,1
16380.406,1.0,0.154,0.089,-8.88,-3.2,0.18,1,1
16380.421,1.002,0.161,0.093,-9.89,-2.84,-1.59,1,1
16380.437,0.989,0.152,0.101,-10.68,-2.99,-3.51,1,1
16380.437,0.994,0.153,0.103,-10.5,-4.49,-4.21,1,1
16380.453,1.015,0.153,0.091,-9.67,-7.39,-3.75,1,1
16380.468,1.046,0.158,0.065,-7.87,-11.69,-3.02,1,1
16380.468,1.081,0.16,0.027,-5.34,-16.33,-1.71,1,1
16380.484,1.114,0.171,-0.003,-3.88,-20.54,0.12,1,1
16380.5,1.115,0.181,-0.021,-3.17,-23.32,1.65,1,1
16380.5,1.077,0.19,-0.019,-2.35,-24.41,3.2,1,1
16380.515,1.02,0.197,-0.01,-1.5,-24.72,5.25,1,1
16380.531,0.98,0.2,0.003,-1.1,-24.75,7.75,1,1
16380.531,0.96,0.204,0.005,-0.82,-24.38,9.89,1,1
16380.546,0.946,0.193,0.007,-0.61,-23.13,11.57,1,1
16380.562,0.936,0.185,0.013,-0.15,-20.33,12.91,1,1
16380.578,0.922,0.163,0.012,-0.18,-17.3,13.79,1,1
16380.593,0.922,0.147,0.022,-1.65,-15.2,13.82,1,1
16380.593,0.916,0.123,0.021,-2.35,-13.28,12.48,1,1
16380.609,0.923,0.104,0.012,-2.9,-11.57,10.22,1,1
16380.625,0.929,0.105,0.014,-2.59,-9.19,7.29,1,1
16380.625,0.927,0.099,0.012,-1.4,-3.88,2.5,1,1
16380.64,0.934,0.108,0.012,-2.01,-1.92,1.07,1,1
16380.64,0.936,0.112,0.011,-2.5,-0.58,0.34,1,1
16380.656,0.944,0.108,0.016,-1.86,0.31,-0.21,1,1
16380.671,0.959,0.116,0.04,-0.55,-0.37,-0.7,1,1
16380.671,0.979,0.124,0.036,0.21,-1.95,-0.58,1,1
16380.687,1.0,0.13,0.024,-0.18,-3.85,-0.06,1,1
16380.687,1.031,0.14,0.009,-1.65,-4.85,0.61,1,1
16380.687,1.046,0.153,0.005,-3.81,-4.09,1.31,1,1
16380.703,1.035,0.153,0.01,-5.34,-2.96,1.95,1,1
16380.703,1.018,0.153,0.023,-6.04,-2.35,2.66,1,1
16380.718,0.995,0.16,0.039,-5.98,-2.66,3.75,1,1
16380.718,0.977,0.161,0.041,-5.34,-3.97,4.82,1,1
16380.734,0.964,0.16,0.031,-4.79,-5.49,5.92,1,1
16380.75,0.955,0.154,0.014,-4.85,-6.56,7.26,1,1
16380.75,0.946,0.139,-0.007,-5.46,-6.47,8.21,1,1
16380.765,0.932,0.118,-0.027,-5.98,-5.43,8.85,1,1
16380.781,0.917,0.099,-0.05,-6.84,-3.54,9.52,1,1
16380.781,0.904,0.09,-0.054,-9.28,-1.04,10.56,1,1
16380.796,0.904,0.063,-0.053,-12.27,1.07,11.78,1,1
16380.796,0.926,0.046,-0.036,-14.95,3.48,11.57,1,1
16380.812,0.935,0.042,-0.017,-16.08,6.32,9.77,1,1
16380.828,0.963,0.047,0.02,-15.5,8.21,6.35,1,1
16380.828,0.97,0.067,0.05,-11.81,9.13,1.95,1,1
16380.843,0.987,0.089,0.062,-7.57,8.03,-2.62,1,1
16380.859,1.016,0.123,0.066,-4.33,5.83,-6.9,1,1
16380.859,1.027,0.155,0.055,-1.62,4.21,-10.01,1,1
16380.875,1.034,0.191,0.056,0.34,3.57,-10.99,1,1
16380.89,1.014,0.224,0.053,1.16,2.9,-9.92,1,1
16380.89,1.006,0.239,0.051,0.21,1.01,-7.51,1,1
16380.906,1.004,0.245,0.048,-0.55,-0.64,-4.79,1,1
16380.906,0.996,0.231,0.039,0.43,-1.25,-2.17,1,1
16380.921,0.991,0.226,0.028,2.44,-1.16,0.09,1,1
16380.937,0.983,0.217,0.021,3.36,-0.58,1.31,1,1
16380.937,0.974,0.198,0.026,3.75,-0.21,1.53,1,1
16380.953,0.969,0.18,0.03,5.43,-0.09,1.77,1,1
16380.968,0.978,0.179,0.042,7.63,0.12,1.86,1,1
16380.968,0.974,0.175,0.044,9.83,0.64,1.68,1,1
16380.984,0.97,0.171,0.05,9.89,0.34,2.32,1,1
16380.984,0.975,0.155,0.051,8.0,-0.85,2.93,1,1
16381.0,0.994,0.125,0.043,6.32,-1.43,3.27,1,1
16381.015,1.013,0.104,0.038,6.13,-0.27,2.81,1,1
16381.031,1.016,0.093,0.037,7.05,2.38,1.37,1,1
16381.031,1.007,0.09,0.047,6.56,4.52,-0.55,1,1
16381.046,0.995,0.094,0.068,4.7,5.04,-2.35,1,1
16381.046,0.99,0.096,0.079,3.08,4.12,-2.96,1,1
16381.062,0.992,0.099,0.082,1.95,2.84,-2.41,1,1
16381.078,0.994,0.109,0.074,0.7,1.77,-1.16,1,1
16381.078,1.002,0.113,0.056,-2.23,0.76,0.37,1,1
16381.093,1.012,0.111,0.063,-5.71,0.58,1.53,1,1
16381.109,1.017,0.11,0.069,-6.5,0.61,1.95,1,1
16381.109,1.015,0.118,0.075,-5.28,0.64,1.83,1,1
16381.125,1.009,0.13,0.068,-4.21,-0.09,1.31,1,1
16381.125,1.001,0.132,0.061,-3.6,-1.53,0.85,1,1
16381.14,0.995,0.133,0.043,-2.93,-2.66,0.7,1,1
16381.156,1.001,0.134,0.018,-2.29,-3.11,0.67,1,1
16381.156,0.997,0.134,-0.0,-2.38,-2.04,0.61,1,1
16381.171,0.978,0.136,0.002,-2.5,0.06,1.1,1,1
16381.187,0.958,0.135,0.008,-2.44,1.62,2.17,1,1
16381.203,0.949,0.132,0.011,-2.66,1.95,3.69,1,1
16381.203,0.949,0.121,0.008,-3.51,2.14,4.7,1,1
16381.218,0.954,0.107,0.008,-3.66,2.53,4.94,1,1
16381.218,0.956,0.101,0.008,-2.9,3.14,4.06,1,1
16381.234,0.964,0.102,0.009,-1.86,3.85,2.35,1,1
16381.25,0.965,0.105,0.015,-0.55,4.79,0.64,1,1
16381.25,0.958,0.107,0.022,0.89,5.65,-1.04,1,1
16381.265,0.949,0.113,0.026,2.11,5.8,-2.17,1,1
16381.265,0.942,0.129,0.034,2.53,5.65,-2.47,1,1
16381.281,0.938,0.138,0.036,1.77,5.01,-2.04,1,1
16381.296,0.938,0.134,0.034,-0.67,3.85,-1.19,1,1
16381.296,0.952,0.125,0.033,-2.62,2.78,-0.43,1,1
16381.312,0.959,0.114,0.028,-3.2,2.2,-0.98,1,1
16381.328,0.96,0.096,0.021,-3.27,1.31,-2.41,1,1
16381.328,0.966,0.083,-0.0,-1.86,0.89,-4.18,1,1
16381.343,0.982,0.095,-0.012,-0.15,1.34,-6.23,1,1
16381.359,1.002,0.115,-0.001,0.49,2.62,-8.51,1,1
16381.359,0.999,0.144,0.036,1.28,4.39,-10.13,1,1
16381.375,0.983,0.16,0.058,3.39,4.21,-10.01,1,1
16381.375,0.992,0.179,0.055,4.55,1.56,-8.3,1,1
16381.39,1.009,0.188,0.053,4.21,-1.71,-6.16,1,1
16381.406,1.017,0.177,0.038,3.6,-4.79,-3.81,1,1
16381.421,1.03,0.165,0.007,3.08,-6.9,-1.22,1,1
16381.421,1.051,0.153,-0.006,2.66,-6.93,0.7,1,1
16381.437,1.043,0.142,-0.009,2.96,-5.1,1.62,1,1
16381.437,1.021,0.126,-0.011,3.51,-3.57,2.38,1,1
16381.453,1.024,0.119,0.008,3.78,-2.9,3.17,1,1
16381.468,1.021,0.122,0.021,5.22,-2.41,3.48,1,1
16381.468,1.024,0.119,0.024,6.59,-2.62,2.96,1,1
16381.484,1.045,0.132,0.053,7.66,-3.23,1.65,1,1
16381.484,1.04,0.151,0.074,11.35,-3.27,-0.34,1,1
16381.5,1.027,0.166,0.07,14.92,-4.39,-1.28,1,1
16381.515,1.031,0.182,0.063,15.81,-6.47,-0.73,1,1
16381.515,1.023,0.188,0.046,15.29,-7.69,0.61,1,1
16381.531,1.006,0.181,0.026,13.61,-8.24,3.05,1,1
16381.546,0.991,0.174,0.004,10.56,-8.97,6.68,1,1
16381.546,0.975,0.145,-0.025,7.32,-8.97,10.68,1,1
16381.562,0.959,0.105,-0.053,5.71,-8.21,14.95,1,1
16381.578,0.959,0.071,-0.096,4.85,-7.35,19.14,1,1
16381.578,0.972,0.017,-0.138,1.28,-6.32,21.06,1,1
16381.593,0.992,-0.042,-0.141,-5.07,-1.43,15.2,1,1
16381.609,1.025,-0.056,-0.118,-3.78,2.29,7.14,1,1
16381.609,1.044,-0.036,-0.072,-0.21,4.76,-2.81,1,1
16381.625,0.994,0.045,0.031,5.68,4.18,-11.72,1,1
16381.625,0.964,0.1,0.044,11.87,0.21,-16.82,1,1
16381.64,0.943,0.153,0.025,14.74,-4.94,-17.67,1,1
16381.656,0.936,0.181,-0.012,13.55,-9.46,-15.2,1,1
16381.671,0.94,0.186,-0.07,10.19,-11.38,-10.68,1,1
16381.671,0.961,0.165,-0.122,5.07,-10.22,-5.4,1,1
16381.687,0.995,0.142,-0.147,0.58,-5.43,-1.34,1,1
16381.687,1.018,0.132,-0.131,-1.5,1.83,0.34,1,1
16381.703,1.012,0.13,-0.091,-0.76,8.03,-0.31,1,1
16381.718,0.982,0.14,-0.039,2.62,9.61,-2.04,1,1
16381.718,0.963,0.142,-0.008,7.69,8.0,-2.47,1,1
16381.734,0.959,0.147,-0.006,11.9,5.77,-1.01,1,1
16381.734,0.957,0.148,-0.029,13.92,3.88,0.85,1,1
16381.75,0.95,0.134,-0.069,13.25,3.97,3.17,1,1
16381.765,0.971,0.129,-0.089,9.0,6.38,6.38,1,1
16381.765,0.991,0.124,-0.092,4.39,12.12,9.52,1,1
16381.781,1.004,0.117,-0.046,0.79,19.23,11.72,1,1
16381.796,0.996,0.117,0.016,0.43,24.17,12.09,1,1
16381.796,0.998,0.106,0.069,2.44,25.7,11.6,1,1
16381.812,0.981,0.106,0.11,5.71,24.96,10.65,1,1
16381.828,0.983,0.109,0.126,9.03,20.51,9.64,1,1
16381.843,0.976,0.103,0.094,10.71,14.53,9.16,1,1
16381.843,0.999,0.098,0.036,9.22,8.15,9.74,1,1
16381.843,1.035,0.071,-0.028,6.96,6.1,11.26,1,1
16381.859,1.077,0.077,-0.037,4.43,10.19,12.88,1,1
16381.875,1.042,0.099,-0.013,1.77,16.72,13.0,1,1
16381.89,0.993,0.08,0.021,-1.37,19.01,13.92,1,1
16381.89,0.987,0.084,0.049,-4.61,17.21,15.59,1,1
16381.906,0.97,0.056,0.05,-5.98,13.64,16.94,1,1
16381.906,0.969,0.035,0.043,-6.38,10.13,18.13,1,1
16381.921,0.987,0.032,0.031,-7.14,7.78,18.49,1,1
16381.937,1.009,0.027,0.041,-6.53,9.03,17.79,1,1
16381.937,1.028,0.039,0.044,-4.94,12.73,16.27,1,1
16381.953,1.045,0.057,0.052,-5.95,16.66,13.95,1,1
16381.968,1.036,0.062,0.076,-7.51,20.81,11.54,1,1
16381.968,1.022,0.079,0.103,-7.39,23.13,10.13,1,1
16381.984,1.001,0.075,0.117,-5.1,23.41,9.22,1,1
16381.984,0.981,0.079,0.122,-3.14,22.68,9.06,1,1
16382.0,0.976,0.114,0.146,-3.2,22.34,10.44,1,1
16382.015,0.948,0.115,0.162,-5.46,20.75,12.88,1,1
16382.015,0.97,0.102,0.152,-8.06,16.36,15.78,1,1
16382.031,1.003,0.08,0.144,-9.28,14.25,18.22,1,1
16382.046,1.015,0.058,0.14,-9.43,14.83,19.53,1,1
16382.046,1.017,0.057,0.14,-8.45,16.45,18.74,1,1
16382.062,1.01,0.055,0.145,-8.7,17.58,15.99,1,1
16382.078,0.986,0.03,0.152,-10.32,18.22,12.7,1,1
16382.093,0.986,0.038,0.155,-10.5,16.54,8.21,1,1
16382.093,0.987,0.035,0.153,-11.05,15.41,3.54,1,1
16382.109,0.972,0.027,0.158,-12.54,15.5,-0.15,1,1
16382.109,0.963,0.055,0.164,-10.99,14.92,-3.97,1,1
16382.125,0.94,0.066,0.164,-8.39,14.22,-5.8,1,1
16382.14,0.92,0.079,0.155,-8.51,14.68,-3.97,1,1
16382.14,0.923,0.089,0.136,-11.78,15.81,0.12,1,1
16382.156,0.937,0.085,0.145,-16.6,17.94,4.21,1,1
16382.156,0.948,0.064,0.163,-19.5,20.94,7.57,1,1
16382.171,0.962,0.054,0.199,-21.45,23.56,8.36,1,1
16382.187,0.948,0.031,0.224,-22.31,24.66,5.8,1,1
16382.187,0.944,0.003,0.23,-20.42,23.62,0.4,1,1
16382.203,0.96,-0.006,0.221,-16.17,22.31,-6.56,1,1
16382.218,0.965,0.012,0.199,-11.96,22.71,-14.22,1,1
16382.234,0.963,0.047,0.189,-10.77,24.29,-20.14,1,1
16382.234,0.964,0.077,0.214,-11.72,26.15,-23.01,1,1
16382.234,0.935,0.113,0.285,-11.78,29.63,-20.36,1,1
16382.25,0.898,0.127,0.294,-9.31,29.42,-13.55,1,1
16382.265,0.929,0.159,0.275,-11.11,26.28,-5.62,1,1
16382.265,0.95,0.153,0.265,-15.29,24.48,0.21,1,1
16382.281,0.96,0.124,0.28,-18.92,24.63,4.03,1,1
16382.296,0.962,0.119,0.302,-18.89,25.33,6.29,1,1
16382.296,0.954,0.113,0.307,-17.64,24.14,6.29,1,1
16382.312,0.96,0.093,0.297,-17.91,20.87,5.28,1,1
16382.328,0.972,0.088,0.276,-18.04,18.19,3.97,1,1
16382.328,0.973,0.063,0.247,-17.98,17.21,2.69,1,1
16382.343,0.971,0.045,0.24,-17.58,17.85,2.26,1,1
16382.359,0.968,0.052,0.24,-15.47,19.04,2.53,1,1
16382.359,0.962,0.047,0.238,-14.68,20.02,2.84,1,1
16382.375,0.958,0.034,0.248,-15.29,20.84,3.78,1,1
16382.375,0.945,0.03,0.247,-15.44,20.84,3.69,1,1
16382.39,0.952,-0.002,0.246,-16.21,20.63,2.99,1,1
16382.406,0.953,-0.025,0.252,-17.0,21.52,1.04,1,1
16382.421,0.953,-0.036,0.247,-16.14,22.55,-2.78,1,1
16382.421,0.96,-0.028,0.248,-14.5,23.71,-7.69,1,1
16382.437,0.967,-0.003,0.268,-12.57,26.0,-11.93,1,1
16382.437,0.958,0.04,0.3,-11.38,28.44,-14.77,1,1
16382.453,0.939,0.047,0.329,-12.12,28.93,-15.96,1,1
16382.468,0.926,0.034,0.351,-12.21,27.74,-15.84,1,1
16382.468,0.916,0.029,0.342,-9.16,26.09,-15.23,1,1
16382.484,0.925,0.049,0.315,-8.21,23.19,-16.54,1,1
16382.5,0.944,0.038,0.299,-11.02,21.67,-18.8,1,1
16382.5,0.949,0.04,0.306,-11.72,23.74,-19.96,1,1
16382.515,0.923,0.044,0.314,-10.13,27.13,-20.05,1,1
16382.515,0.95,0.041,0.312,-9.83,28.47,-18.74,1,1
16382.531,0.963,0.064,0.337,-12.63,28.72,-20.36,1,1
16382.546,0.94,0.033,0.387,-15.53,30.06,-21.0,1,1
16382.546,0.928,0.103,0.426,-14.1,29.88,-20.33,1,1
16382.562,0.92,0.154,0.439,-13.58,25.79,-19.1,1,1
16382.578,0.918,0.164,0.436,-18.25,17.91,-9.09,1,1
16382.578,0.943,0.155,0.435,-16.69,16.97,-4.18,1,1
16382.593,0.95,0.156,0.42,-15.5,16.02,-1.74,1,1
16382.593,0.955,0.134,0.403,-13.73,15.69,-2.23,1,1
16382.609,0.948,0.089,0.343,-10.35,15.59,-4.79,1,1
16382.625,0.942,0.082,0.302,-6.84,16.17,-9.09,1,1
16382.625,0.934,0.076,0.269,-4.94,17.67,-12.67,1,1
16382.64,0.915,0.078,0.247,-5.8,19.75,-13.82,1,1
16382.656,0.904,0.081,0.255,-9.92,22.74,-12.76,1,1
16382.656,0.907,0.094,0.303,-16.08,25.85,-10.38,1,1
16382.671,0.907,0.099,0.353,-19.47,28.23,-8.27,1,1
16382.687,0.915,0.121,0.397,-19.26,29.24,-7.14,1,1
16382.687,0.911,0.152,0.419,-18.07,28.26,-7.9,1,1
16382.703,0.917,0.153,0.424,-16.42,26.58,-8.21,1,1
16382.718,0.92,0.153,0.406,-15.53,26.28,-6.47,1,1
16382.718,0.917,0.135,0.396,-17.15,27.77,-3.17,1,1
16382.734,0.925,0.12,0.426,-19.41,30.09,-0.15,1,1
16382.734,0.912,0.12,0.466,-19.32,31.65,1.1,1,1
16382.75,0.886,0.117,0.484,-17.94,30.43,0.82,1,1
16382.765,0.88,0.102,0.48,-17.03,27.01,0.46,1,1
16382.781,0.893,0.088,0.453,-16.57,24.72,-0.27,1,1
16382.781,0.889,0.074,0.426,-16.82,25.03,-1.56,1,1
16382.796,0.891,0.061,0.42,-16.91,27.25,-2.99,1,1
16382.796,0.888,0.055,0.418,-15.44,29.82,-4.94,1,1
16382.812,0.908,0.059,0.43,-12.33,33.88,-7.08,1,1
16382.828,0.908,0.073,0.425,-9.37,39.74,-9.43,1,1
16382.828,0.882,0.105,0.469,-10.25,46.42,-9.25,1,1
16382.843,0.819,0.13,0.575,-15.26,48.46,-4.58,1,1
16382.859,0.781,0.119,0.664,-22.61,41.99,1.34,1,1
16382.859,0.774,0.079,0.699,-27.07,30.34,6.16,1,1
16382.875,0.815,0.035,0.674,-26.03,17.61,8.51,1,1
16382.875,0.879,-0.005,0.602,-20.33,9.19,7.26,1,1
16382.89,0.91,-0.015,0.532,-14.1,8.06,3.42,1,1
16382.906,0.904,0.008,0.49,-9.92,11.14,-0.82,1,1
16382.906,0.89,0.012,0.471,-9.77,15.14,-3.78,1,1
16382.921,0.86,0.017,0.477,-13.46,17.55,-6.29,1,1
16382.937,0.831,0.012,0.499,-17.73,17.52,-8.76,1,1
16382.937,0.821,0.016,0.515,-18.01,15.69,-11.96,1,1
16382.953,0.819,0.033,0.523,-12.54,13.21,-14.59,1,1
16382.968,0.81,0.071,0.517,-7.57,11.87,-15.81,1,1
16382.968,0.827,0.093,0.517,-7.72,10.68,-16.02,1,1
16382.984,0.823,0.115,0.532,-9.52,10.25,-15.59,1,1
16382.984,0.808,0.111,0.543,-10.9,9.4,-14.98,1,1
16383.0,0.806,0.116,0.526,-9.74,6.96,-14.53,1,1
16383.015,0.823,0.131,0.486,-7.6,4.46,-14.07,1,1
16383.015,0.837,0.138,0.456,-7.75,4.46,-12.82,1,1
16383.031,0.839,0.133,0.458,-9.37,6.32,-9.92,1,1
16383.046,0.84,0.139,0.484,-11.38,9.55,-5.4,1,1
16383.046,0.826,0.13,0.515,-13.76,12.12,-1.16,1,1
16383.062,0.814,0.12,0.54,-15.05,12.76,1.4,1,1
16383.078,0.805,0.098,0.553,-13.73,12.15,1.95,1,1
16383.078,0.814,0.093,0.541,-11.35,10.93,1.92,1,1
16383.093,0.828,0.078,0.519,-9.67,9.64,0.58,1,1
16383.109,0.849,0.06,0.512,-9.52,9.19,-0.85,1,1
16383.109,0.862,0.058,0.512,-9.37,10.22,-2.84,1,1
16383.125,0.846,0.049,0.521,-8.85,12.02,-5.28,1,1
16383.125,0.834,0.054,0.532,-8.73,12.63,-7.45,1,1
16383.14,0.827,0.052,0.536,-8.51,12.82,-9.19,1,1
16383.156,0.822,0.063,0.539,-8.21,12.79,-9.92,1,1
16383.156,0.811,0.076,0.548,-8.27,12.36,-10.16,1,1
16383.171,0.81,0.071,0.554,-9.34,11.54,-9.4,1,1
16383.187,0.821,0.069,0.551,-10.62,11.47,-8.09,1,1
16383.187,0.816,0.057,0.557,-10.99,12.3,-7.42,1,1
16383.203,0.817,0.06,0.56,-10.86,12.97,-8.09,1,1
16383.218,0.821,0.058,0.56,-9.28,13.18,-10.59,1,1
16383.218,0.814,0.061,0.546,-6.38,13.31,-13.37,1,1
16383.234,0.818,0.076,0.523,-4.82,13.49,-14.28,1,1
16383.25,0.819,0.073,0.516,-5.55,13.82,-13.79,1,1
16383.25,0.809,0.066,0.512,-7.75,13.98,-11.81,1,1
16383.265,0.82,0.071,0.52,-10.93,14.5,-9.16,1,1
16383.281,0.811,0.052,0.548,-11.6,15.23,-7.75,1,1
16383.281,0.814,0.055,0.568,-10.22,14.92,-7.78,1,1
16383.296,0.83,0.074,0.575,-8.45,14.1,-9.13,1,1
16383.296,0.834,0.095,0.578,-5.86,12.97,-11.08,1,1
16383.312,0.831,0.109,0.582,-3.78,12.15,-11.02,1,1
16383.328,0.824,0.139,0.583,-4.58,11.72,-8.76,1,1
16383.343,0.823,0.131,0.581,-7.42,10.5,-5.71,1,1
16383.343,0.827,0.112,0.575,-9.37,9.7,-2.41,1,1
16383.343,0.83,0.102,0.582,-10.04,9.64,0.89,1,1
16383.359,0.827,0.093,0.598,-10.62,9.67,2.23,1,1
16383.375,0.823,0.061,0.613,-10.74,9.64,2.93,1,1
16383.375,0.828,0.062,0.644,-9.28,9.61,2.87,1,1
16383.39,0.813,0.06,0.674,-6.32,8.21,0.52,1,1
16383.406,0.813,0.06,0.684,-3.08,4.79,-2.35,1,1
16383.406,0.815,0.067,0.668,0.09,0.89,-4.88,1,1
16383.421,0.824,0.07,0.633,2.04,-2.47,-7.26,1,1
16383.437,0.83,0.071,0.598,2.26,-3.66,-9.25,1,1
16383.437,0.819,0.078,0.572,2.35,-2.75,-10.68,1,1
16383.453,0.804,0.091,0.565,2.04,-0.52,-10.35,1,1
16383.468,0.798,0.103,0.564,0.37,1.31,-9.49,1,1
16383.468,0.788,0.09,0.561,-1.13,3.05,-8.7,1,1
16383.484,0.785,0.089,0.564,-1.86,4.94,-7.39,1,1
16383.484,0.786,0.076,0.565,-1.4,7.11,-5.89,1,1
16383.5,0.786,0.068,0.57,-1.59,8.82,-5.4,1,1
16383.515,0.782,0.063,0.599,-2.32,10.04,-6.32,1,1
16383.515,0.774,0.063,0.626,-2.17,10.19,-7.97,1,1
16383.531,0.756,0.064,0.636,-1.74,9.19,-10.01,1,1
16383.546,0.746,0.082,0.636,-2.11,7.26,-11.66,1,1
16383.546,0.733,0.083,0.611,-3.54,4.55,-13.0,1,1
16383.562,0.748,0.096,0.582,-4.0,6.47,-12.54,1,1
16383.578,0.761,0.106,0.561,-5.28,10.13,-11.2,1,1
16383.578,0.763,0.118,0.568,-5.28,13.46,-9.58,1,1
16383.593,0.716,0.125,0.622,-4.43,14.13,-7.23,1,1
16383.593,0.726,0.142,0.63,-4.24,12.18,-5.22,1,1
16383.609,0.733,0.124,0.623,-4.73,9.86,-3.6,1,1
16383.625,0.75,0.107,0.621,-5.92,8.55,-0.98,1,1
16383.625,0.777,0.109,0.619,-6.74,8.7,1.01,1,1
16383.64,0.774,0.107,0.622,-7.81,9.64,0.67,1,1
16383.656,0.778,0.101,0.642,-8.76,9.46,-1.4,1,1
16383.656,0.81,0.115,0.666,-6.68,9.16,-4.33,1,1
16383.671,0.816,0.133,0.682,-3.02,9.55,-7.02,1,1
16383.687,0.812,0.144,0.693,-1.34,8.88,-8.15,1,1
16383.687,0.803,0.16,0.695,-1.62,6.93,-8.39,1,1
16383.703,0.79,0.151,0.688,-2.53,4.27,-7.75,1,1
16383.718,0.786,0.152,0.681,-3.3,3.11,-5.8,1,1
16383.718,0.776,0.166,0.687,-3.14,3.27,-3.2,1,1
16383.734,0.753,0.135,0.709,-3.57,2.62,-0.61,1,1
16383.734,0.754,0.116,0.739,-3.33,1.98,-1.07,1,1
16383.75,0.76,0.109,0.733,0.18,-0.64,-1.68,1,1
16383.765,0.783,0.095,0.698,4.24,-4.09,-3.2,1,1
16383.765,0.805,0.108,0.645,5.77,-7.05,-5.28,1,1
16383.781,0.812,0.12,0.589,6.74,-7.2,-5.4,1,1
16383.796,0.798,0.125,0.561,5.8,-5.13,-2.01,1,1
16383.812,0.809,0.11,0.52,2.11,-0.95,3.17,1,1
16383.812,0.821,0.082,0.497,-2.93,4.7,8.3,1,1
16383.828,0.806,0.044,0.518,-7.78,11.87,12.39,1,1
16383.828,0.795,0.016,0.554,-11.35,17.3,13.31,1,1
16383.843,0.793,-0.007,0.601,-13.49,19.2,11.02,1,1
16383.859,0.786,-0.017,0.644,-12.3,19.01,7.42,1,1
16383.859,0.778,0.001,0.671,-9.03,17.73,4.21,1,1
16383.875,0.778,0.031,0.681,-6.65,14.31,1.43,1,1
16383.875,0.78,0.066,0.675,-6.47,9.95,-1.1,1,1
16383.89,0.782,0.094,0.664,-5.77,6.32,-2.96,1,1
16383.906,0.776,0.117,0.652,-3.75,4.03,-2.44,1,1
16383.906,0.762,0.135,0.633,-1.98,2.81,0.98,1,1
16383.921,0.766,0.14,0.621,-3.81,1.86,5.04,1,1
16383.937,0.78,0.116,0.627,-6.84,1.43,8.21,1,1
16383.937,0.776,0.104,0.642,-7.2,1.43,10.07,1,1
16383.953,0.771,0.084,0.642,-5.98,0.18,9.86,1,1
16383.968,0.767,0.059,0.626,-5.4,-1.4,7.93,1,1
16383.968,0.768,0.05,0.605,-4.46,-1.46,5.37,1,1
16383.984,0.772,0.045,0.579,-2.5,0.09,2.59,1,1
16384.0,0.763,0.037,0.573,-1.86,3.63,1.16,1,1
16384.0,0.748,0.046,0.61,-2.81,6.44,0.67,1,1
16384.015,0.744,0.04,0.653,-3.48,7.08,-0.03,1,1
16384.015,0.753,0.017,0.692,-1.92,5.86,-1.16,1,1
16384.031,0.788,0.021,0.726,3.39,3.51,-3.51,1,1
16384.046,0.829,0.034,0.739,9.03,0.03,-8.94,1,1
16384.046,0.847,0.031,0.748,14.1,-4.15,-16.82,1,1
16384.062,0.844,0.063,0.756,19.71,-8.85,-23.1,1,1
16384.078,0.828,0.105,0.73,21.94,-14.37,-26.34,1,1
16384.078,0.806,0.134,0.689,19.5,-19.62,-25.91,1,1
16384.093,0.775,0.15,0.641,15.75,-22.8,-21.52,1,1
16384.109,0.761,0.151,0.58,12.27,-23.87,-14.98,1,1
16384.109,0.766,0.13,0.54,7.75,-21.58,-7.93,1,1
16384.125,0.773,0.12,0.531,3.69,-16.24,-1.71,1,1
16384.125,0.763,0.102,0.532,1.95,-10.56,1.98,1,1
16384.14,0.772,0.072,0.558,0.55,-6.87,3.63,1,1
16384.156,0.777,0.062,0.578,-0.4,-5.01,3.51,1,1
16384.171,0.775,0.058,0.585,-2.11,-4.3,2.96,1,1
16384.171,0.775,0.068,0.588,-3.91,-3.08,2.23,1,1
16384.187,0.764,0.075,0.597,-6.16,-1.8,1.1,1,1
16384.187,0.759,0.114,0.608,-7.9,-0.49,-0.12,1,1
16384.203,0.755,0.134,0.595,-7.78,0.46,-1.04,1,1
16384.218,0.76,0.141,0.581,-8.88,1.68,0.21,1,1
16384.218,0.773,0.156,0.573,-10.9,3.69,2.99,1,1
16384.234,0.77,0.14,0.584,-14.04,6.59,6.13,1,1
16384.25,0.742,0.119,0.607,-16.39,8.97,8.85,1,1
16384.25,0.74,0.101,0.617,-17.82,10.04,11.38,1,1
16384.265,0.751,0.088,0.617,-18.77,10.65,11.35,1,1
16384.265,0.774,0.057,0.618,-17.79,11.29,9.7,1,1
16384.281,0.791,0.06,0.641,-15.44,12.7,6.35,1,1
16384.296,0.787,0.039,0.677,-13.03,12.73,1.5,1,1
16384.296,0.795,0.044,0.687,-9.09,11.05,-3.97,1,1
16384.312,0.796,0.064,0.67,-3.33,9.0,-9.7,1,1
16384.328,0.785,0.088,0.64,0.31,8.06,-13.95,1,1
16384.328,0.786,0.121,0.614,1.4,8.27,-15.9,1,1
16384.343,0.749,0.161,0.612,-0.89,10.59,-15.02,1,1
16384.359,0.722,0.175,0.65,-5.28,10.93,-11.11,1,1
16384.359,0.727,0.166,0.673,-8.33,9.46,-5.89,1,1
16384.375,0.725,0.139,0.673,-8.7,7.48,-0.67,1,1
16384.375,0.751,0.108,0.659,-8.06,5.37,3.57,1,1
16384.39,0.777,0.088,0.642,-7.87,4.15,5.52,1,1
16384.406,0.778,0.063,0.637,-7.32,4.09,4.58,1,1
16384.406,0.779,0.048,0.642,-6.47,4.21,1.89,1,1
16384.421,0.775,0.048,0.655,-4.88,4.0,-1.1,1,1
16384.437,0.785,0.053,0.663,-3.3,2.66,-4.39,1,1
16384.437,0.768,0.047,0.655,-1.46,1.31,-7.81,1,1
16384.453,0.748,0.041,0.651,-0.37,0.0,-9.61,1,1
16384.468,0.745,0.066,0.65,0.24,-0.52,-9.83,1,1
16384.468,0.725,0.083,0.647,1.37,-1.07,-9.31,1,1
16384.484,0.711,0.087,0.634,2.32,-2.29,-6.35,1,1
16384.484,0.729,0.103,0.599,1.07,-2.96,-1.62,1,1
16384.5,0.75,0.084,0.592,-3.14,-2.01,2.04,1,1
16384.515,0.764,0.08,0.612,-6.68,0.21,3.85,1,1
16384.515,0.761,0.082,0.638,-6.13,2.04,3.45,1,1
16384.531,0.745,0.069,0.671,-3.94,2.5,1.8,1,1
16384.546,0.726,0.079,0.68,-0.4,-2.59,-0.34,1,1
16384.562,0.727,0.072,0.648,-1.56,-3.51,0.03,1,1
16384.562,0.75,0.063,0.61,-2.87,-1.5,-0.06,1,1
16384.578,0.777,0.08,0.641,-4.03,0.89,-1.77,1,1
16384.578,0.772,0.08,0.69,-3.2,1.71,-4.0,1,1
16384.593,0.763,0.092,0.72,1.62,0.64,-6.38,1,1
16384.609,0.743,0.101,0.719,7.2,-1.59,-8.97,1,1
16384.609,0.722,0.112,0.712,10.62,-5.01,-9.52,1,1
16384.625,0.725,0.124,0.671,10.22,-8.67,-7.51,1,1
16384.625,0.743,0.125,0.633,7.2,-10.13,-5.1,1,1
16384.64,0.747,0.12,0.609,5.49,-8.79,-3.39,1,1
16384.656,0.741,0.121,0.596,5.16,-6.13,-1.53,1,1
16384.656,0.741,0.106,0.601,2.81,-3.75,1.01,1,1
16384.671,0.747,0.088,0.616,-0.95,-1.83,3.78,1,1
16384.687,0.744,0.067,0.62,-3.36,-0.4,5.55,1,1
16384.687,0.749,0.047,0.63,-4.3,0.52,5.28,1,1
16384.703,0.76,0.05,0.644,-3.08,1.37,3.17,1,1
16384.718,0.757,0.067,0.659,-0.43,1.74,0.67,1,1
16384.718,0.754,0.073,0.674,1.07,0.73,-1.16,1,1
16384.734,0.763,0.079,0.669,2.08,-1.04,-2.23,1,1
16384.75,0.761,0.081,0.649,2.69,-2.47,-3.08,1,1
16384.75,0.76,0.089,0.636,2.17,-3.02,-3.05,1,1
16384.765,0.758,0.113,0.63,0.15,-2.47,-1.71,1,1
16384.765,0.747,0.124,0.622,-1.68,-1.07,0.76,1,1
16384.781,0.751,0.122,0.628,-3.3,0.46,3.6,1,1
16384.796,0.755,0.122,0.63,-4.0,1.65,5.52,1,1
16384.796,0.748,0.11,0.629,-4.39,2.66,6.81,1,1
16384.812,0.751,0.095,0.635,-5.46,3.11,7.9,1,1
16384.828,0.768,0.084,0.633,-6.81,3.45,8.12,1,1
16384.828,0.777,0.069,0.635,-7.78,4.49,6.62,1,1
16384.843,0.764,0.055,0.646,-7.54,5.62,4.24,1,1
16384.859,0.747,0.051,0.66,-7.35,5.46,2.04,1,1
16384.859,0.721,0.041,0.663,-7.26,4.0,1.01,1,1
16384.875,0.713,0.04,0.642,-8.24,2.38,2.29,1,1
16384.875,0.741,0.052,0.618,-10.41,1.86,3.48,1,1
16384.89,0.757,0.058,0.606,-12.12,3.72,3.63,1,1
16384.906,0.762,0.069,0.616,-12.7,6.96,3.69,1,1
16384.921,0.773,0.08,0.659,-12.18,9.09,3.94,1,1
16384.921,0.777,0.083,0.693,-10.38,9.43,4.7,1,1
16384.937,0.775,0.081,0.709,-9.52,7.72,5.95,1,1
16384.937,0.769,0.065,0.715,-9.77,4.79,6.29,1,1
16384.953,0.764,0.062,0.701,-8.33,1.89,5.89,1,1
16384.968,0.756,0.066,0.684,-6.47,-0.03,5.58,1,1
16384.968,0.752,0.067,0.668,-6.07,-1.19,5.28,1,1
16384.984,0.758,0.067,0.659,-6.29,-1.89,5.13,1,1
16384.984,0.756,0.057,0.647,-5.65,-1.86,4.85,1,1
16385.0,0.747,0.044,0.644,-5.19,-1.37,4.97,1,1
16385.015,0.749,0.042,0.641,-5.49,-1.16,5.04,1,1
16385.015,0.741,0.034,0.642,-5.95,-0.73,4.0,1,1
16385.031,0.746,0.028,0.644,-5.49,-0.67,3.14,1,1
16385.046,0.753,0.039,0.652,-4.46,-0.46,1.86,1,1
16385.062,0.747,0.042,0.661,-2.75,-0.58,-0.27,1,1
16385.062,0.753,0.05,0.669,-0.95,-0.73,-1.65,1,1
16385.078,0.759,0.057,0.663,0.49,-0.82,-2.44,1,1
16385.078,0.749,0.063,0.669,1.22,-0.49,-3.17,1,1
16385.093,0.73,0.074,0.683,2.11,-0.92,-3.05,1,1
16385.109,0.732,0.084,0.684,2.72,-2.96,-2.38,1,1
16385.109,0.743,0.09,0.681,3.05,-4.85,-1.83,1,1
16385.125,0.752,0.093,0.669,3.57,-5.86,-0.85,1,1
16385.14,0.756,0.095,0.658,4.09,-5.68,-0.03,1,1
16385.14,0.753,0.09,0.666,4.43,-5.04,0.64,1,1
16385.156,0.75,0.084,0.678,5.07,-5.01,1.01,1,1
16385.156,0.74,0.077,0.683,6.38,-5.95,1.01,1,1
16385.171,0.732,0.074,0.68,8.03,-7.87,0.79,1,1
16385.187,0.726,0.077,0.656,9.06,-10.28,0.31,1,1
16385.187,0.736,0.072,0.616,8.7,-11.6,0.85,1,1
16385.203,0.743,0.073,0.592,6.87,-10.07,2.87,1,1
16385.218,0.75,0.068,0.586,4.06,-7.11,4.97,1,1
16385.218,0.752,0.058,0.598,1.31,-4.43,5.71,1,1
16385.234,0.751,0.048,0.629,0.67,-2.38,5.1,1,1
16385.234,0.751,0.042,0.648,1.8,-1.98,3.45,1,1
16385.25,0.751,0.039,0.656,3.23,-2.72,1.28,1,1
16385.265,0.746,0.045,0.66,4.3,-3.81,-0.55,1,1
16385.281,0.748,0.046,0.651,4.33,-5.19,-1.65,1,1
16385.281,0.756,0.048,0.638,4.39,-5.4,-1.95,1,1
16385.296,0.748,0.052,0.623,4.24,-4.3,-1.59,1,1
16385.296,0.749,0.057,0.625,2.41,-3.17,-0.92,1,1
16385.312,0.752,0.055,0.631,0.46,-2.32,-0.43,1,1
16385.328,0.764,0.053,0.636,0.15,-1.46,0.09,1,1
16385.328,0.781,0.059,0.637,0.82,-0.34,0.06,1,1
16385.343,0.785,0.055,0.646,1.62,1.01,-0.76,1,1
16385.359,0.78,0.054,0.666,1.89,1.59,-1.22,1,1
16385.359,0.768,0.057,0.68,1.5,1.1,-1.13,1,1
16385.375,0.763,0.06,0.682,0.76,-0.43,-0.95,1,1
16385.375,0.757,0.069,0.674,0.03,-1.95,-0.24,1,1
16385.39,0.756,0.072,0.663,-0.52,-2.84,0.37,1,1
16385.406,0.757,0.078,0.648,-0.4,-3.23,1.07,1,1
16385.406,0.763,0.074,0.641,-0.18,-2.93,1.46,1,1
