timestamp,ax,ay,az,gx,gy,gz,orient_label,motion_label
18045.718,-0.411,-0.013,0.952,3.66,4.94,-2.9,3,1
18045.734,-0.411,-0.036,0.987,7.93,4.91,-4.76,3,1
18045.75,-0.414,-0.044,0.998,10.44,2.78,-7.97,3,1
18045.75,-0.427,-0.042,1.004,9.92,-1.01,-11.96,3,1
18045.765,-0.442,-0.039,0.989,9.03,-4.36,-14.83,3,1
18045.781,-0.435,-0.024,0.957,8.42,-6.59,-15.17,3,1
18045.781,-0.412,0.008,0.921,7.23,-6.41,-14.37,3,1
18045.796,-0.413,0.033,0.896,4.88,-3.45,-12.51,3,1
18045.796,-0.425,0.043,0.9,2.2,0.03,-8.82,3,1
18045.812,-0.43,0.045,0.903,0.21,2.14,-4.12,3,1
18045.828,-0.431,0.031,0.905,-1.92,3.3,-0.46,3,1
18045.828,-0.427,0.01,0.91,-3.69,3.72,1.83,3,1
18045.843,-0.428,-0.005,0.913,-3.6,3.51,2.56,3,1
18045.859,-0.432,-0.009,0.909,-2.72,2.32,2.26,3,1
18045.859,-0.429,-0.015,0.9,-2.38,0.43,0.98,3,1
18045.875,-0.43,-0.023,0.88,-1.65,-1.16,-0.58,3,1
18045.89,-0.42,-0.027,0.869,-0.15,-2.2,-2.26,3,1
18045.89,-0.43,-0.011,0.861,3.2,-2.5,-4.21,3,1
18045.906,-0.429,0.018,0.846,4.7,-2.99,-4.49,3,1
18045.921,-0.424,0.025,0.836,3.66,-3.14,-3.48,3,1
18045.921,-0.43,0.037,0.843,2.32,-2.32,-1.74,3,1
18045.937,-0.444,0.029,0.847,1.43,-1.4,0.98,3,1
18045.937,-0.445,0.013,0.843,0.06,-0.76,4.0,3,1
18045.953,-0.445,-0.014,0.845,-1.13,0.27,4.82,3,1
18045.968,-0.453,-0.036,0.858,-1.13,1.65,3.81,3,1
18045.968,-0.442,-0.048,0.88,0.31,2.66,2.14,3,1
18045.984,-0.438,-0.049,0.905,3.08,3.2,-1.37,3,1
18046.0,-0.446,-0.044,0.927,5.71,2.69,-5.52,3,1
18046.0,-0.453,-0.035,0.945,7.51,1.34,-8.48,3,1
18046.015,-0.451,-0.019,0.96,8.55,-0.76,-10.74,3,1
18046.015,-0.453,-0.001,0.959,9.13,-2.69,-12.09,3,1
18046.031,-0.457,0.019,0.946,8.03,-3.54,-11.54,3,1
18046.046,-0.454,0.031,0.934,5.1,-3.33,-10.04,3,1
18046.046,-0.446,0.031,0.926,2.41,-2.35,-8.18,3,1
18046.062,-0.439,0.033,0.919,0.64,-0.76,-6.1,3,1
18046.078,-0.444,0.035,0.924,-0.34,0.61,-4.46,3,1
18046.078,-0.449,0.028,0.922,-0.92,0.85,-2.81,3,1
18046.093,-0.438,0.018,0.915,-1.43,0.03,-1.86,3,1
18046.109,-0.429,0.002,0.904,-0.37,-1.37,-4.3,3,1
18046.109,-0.431,-0.008,0.89,0.49,-0.95,-5.22,3,1
18046.125,-0.432,-0.006,0.882,1.07,-0.64,-5.68,3,1
18046.14,-0.428,-0.007,0.885,1.4,-0.55,-6.47,3,1
18046.14,-0.418,-0.027,0.889,2.59,-0.61,-7.72,3,1
18046.156,-0.428,-0.033,0.902,4.82,-1.62,-9.49,3,1
18046.156,-0.433,-0.039,0.9,7.35,-3.75,-11.51,3,1
18046.171,-0.433,-0.052,0.9,9.77,-6.47,-13.89,3,1
18046.187,-0.413,-0.077,0.913,13.15,-10.07,-17.91,3,1
18046.203,-0.4,-0.085,0.908,19.35,-13.64,-23.83,3,1
18046.203,-0.396,-0.073,0.908,24.69,-16.94,-30.43,3,1
18046.218,-0.389,-0.069,0.925,28.6,-20.29,-37.35,3,1
18046.218,-0.39,-0.053,0.956,33.02,-23.38,-43.46,3,1
18046.234,-0.389,-0.036,0.989,37.78,-27.41,-48.92,3,1
18046.25,-0.384,-0.024,1.033,42.05,-32.38,-53.93,3,1
18046.25,-0.392,-0.02,1.089,46.57,-38.06,-59.14,3,1
18046.265,-0.398,-0.037,1.141,52.92,-45.47,-64.33,3,1
18046.281,-0.408,-0.042,1.186,60.09,-54.08,-70.38,3,1
18046.281,-0.431,-0.053,1.215,69.55,-64.03,-78.89,3,1
18046.296,-0.456,-0.045,1.224,80.14,-75.59,-88.38,3,1
18046.296,-0.452,-0.027,1.217,90.06,-89.45,-98.06,3,1
18046.312,-0.43,-0.016,1.21,99.7,-102.15,-106.69,3,1
18046.328,-0.411,-0.001,1.193,108.07,-111.39,-112.83,3,1
18046.328,-0.391,-0.001,1.167,113.8,-117.13,-116.95,3,1
18046.343,-0.373,-0.011,1.14,117.77,-119.54,-119.08,3,1
18046.359,-0.363,-0.012,1.103,119.57,-119.69,-121.49,3,1
18046.359,-0.346,-0.006,1.067,119.24,-117.86,-125.28,3,1
18046.375,-0.334,0.004,1.03,111.09,-113.25,-131.08,3,1
18046.39,-0.323,-0.019,0.987,92.87,-108.22,-141.51,3,1
18046.406,-0.283,-0.061,1.057,68.06,-89.48,-166.11,3,1
18046.406,-0.426,-0.068,1.107,78.74,-80.2,-176.58,3,1
18046.421,-0.479,-0.031,1.081,85.76,-78.71,-175.27,3,1
18046.437,-0.497,0.058,1.154,83.71,-82.4,-170.78,3,1
18046.437,-0.553,0.065,1.193,83.77,-87.86,-166.48,3,1
18046.453,-0.54,0.081,1.202,77.27,-103.55,-161.99,3,1
18046.468,-0.67,0.269,0.841,61.74,-121.56,-152.9,3,1
18046.468,-0.466,0.688,0.834,-13.21,-139.77,-123.48,3,1
18046.484,-0.234,0.313,1.551,-72.24,-140.42,-108.19,3,1
18046.5,-0.509,-0.223,1.785,-35.77,-148.29,-107.55,3,1
18046.5,-0.513,0.121,1.525,23.83,-175.85,-83.65,3,1
18046.515,-0.216,0.427,1.275,54.23,-197.33,-60.27,3,1
18046.531,-0.005,0.337,1.171,51.48,-202.31,-62.17,3,1
18046.531,-0.008,0.219,0.984,33.23,-194.65,-73.31,3,1
18046.546,0.094,0.15,0.857,18.77,-183.63,-78.13,3,1
18046.546,0.173,0.174,0.774,22.52,-160.16,-78.8,3,1
18046.562,0.231,0.217,0.767,25.91,-127.84,-72.63,3,1
18046.578,0.22,0.347,0.901,20.94,-96.62,-65.83,3,1
18046.578,0.132,0.461,1.178,18.56,-75.14,-58.08,3,1
18046.593,0.002,0.469,1.434,32.01,-71.08,-46.75,3,1
18046.609,-0.087,0.517,1.583,56.73,-83.83,-28.2,3,1
18046.609,-0.079,0.645,1.625,88.41,-106.14,-5.65,3,1
18046.625,-0.014,0.79,1.554,116.0,-129.58,17.52,3,1
18046.64,0.101,0.892,1.405,123.97,-150.0,41.29,3,1
18046.64,0.248,0.919,1.242,110.2,-164.59,63.72,3,1
18046.656,0.398,0.858,1.112,88.66,-170.72,82.89,3,1
18046.656,0.54,0.734,1.016,72.54,-166.54,98.24,3,1
18046.671,0.658,0.605,0.967,70.25,-152.26,110.63,3,1
18046.687,0.702,0.517,0.963,83.04,-131.9,119.63,3,1
18046.687,0.703,0.454,0.925,104.5,-112.58,126.04,3,1
18046.703,0.716,0.45,0.889,120.12,-96.71,131.23,3,1
18046.718,0.693,0.464,0.855,123.29,-85.39,132.97,3,1
18046.734,0.603,0.379,0.767,84.51,-83.41,130.38,3,1
18046.75,0.58,0.275,0.727,54.2,-89.48,127.57,3,1
18046.75,0.561,0.146,0.687,25.18,-96.47,121.68,3,1
18046.765,0.524,-0.028,0.625,5.55,-102.48,112.43,3,1
18046.781,0.568,-0.198,0.562,4.55,-104.13,104.4,3,1
18046.781,0.639,-0.275,0.499,24.05,-94.85,96.1,3,1
18046.796,0.669,-0.3,0.411,59.24,-74.07,85.06,3,1
18046.812,0.653,-0.285,0.316,97.84,-47.06,72.7,3,1
18046.812,0.574,-0.239,0.224,126.96,-19.2,57.59,3,1
18046.828,0.539,-0.213,0.162,134.62,2.11,42.21,3,1
18046.828,0.456,-0.172,0.141,123.26,17.18,21.64,3,1
18046.843,0.433,-0.103,0.137,101.44,21.45,1.16,3,1
18046.859,0.42,-0.063,0.138,77.88,25.24,-17.4,3,1
18046.859,0.394,-0.062,0.132,57.77,33.81,-27.83,3,1
18046.875,0.419,-0.025,0.163,47.88,46.75,-31.8,3,1
18046.89,0.368,0.081,0.24,51.45,64.03,-28.63,3,1
18046.89,0.384,0.187,-0.011,71.05,88.53,-18.37,3,1
18046.906,0.445,0.223,0.083,57.92,109.93,-14.89,3,1
18046.921,0.32,0.353,0.198,33.27,123.84,-18.07,3,1
18046.921,0.282,0.445,0.145,22.1,135.69,-6.96,3,1
18046.937,0.272,0.513,0.196,-5.07,140.26,1.83,3,1
18046.937,0.217,0.632,0.321,-40.01,138.8,4.79,3,1
18046.953,0.157,0.621,0.431,-69.52,129.64,12.63,3,1
18046.968,0.15,0.537,0.552,-94.15,111.7,24.48,3,1
18046.968,0.174,0.441,0.616,-106.66,89.91,35.43,3,1
18046.984,0.21,0.31,0.624,-104.53,69.15,40.44,3,1
18047.0,0.278,0.22,0.643,-93.33,56.7,38.27,3,1
18047.0,0.322,0.224,0.652,-77.91,56.52,26.06,3,1
18047.015,0.299,0.271,0.674,-61.4,64.61,8.24,3,1
18047.031,0.228,0.341,0.75,-46.48,77.36,-5.86,3,1
18047.031,0.127,0.452,0.987,-37.69,88.11,-14.01,3,1
18047.046,-0.177,0.865,1.593,-36.44,82.67,-15.29,3,1
18047.046,-0.111,0.945,1.659,-23.96,30.24,2.9,3,1
18047.062,0.103,0.764,1.19,-29.69,-27.19,12.05,3,1
18047.078,0.214,0.53,0.96,-45.47,-40.04,27.38,3,1
18047.078,0.199,0.33,0.846,-39.95,-26.09,33.17,3,1
18047.093,0.271,0.211,0.719,-32.75,-12.7,30.37,3,1
18047.109,0.304,0.194,0.655,-26.95,-1.86,23.56,3,1
18047.109,0.313,0.142,0.633,-21.39,9.89,18.31,3,1
18047.125,0.342,0.153,0.634,-12.05,22.98,14.8,3,1
18047.14,0.303,0.164,0.771,-3.72,33.45,10.99,3,1
18047.14,0.231,0.188,0.956,5.1,34.88,8.64,3,1
18047.156,0.276,0.213,0.95,17.3,29.91,8.73,3,1
18047.171,0.317,0.28,0.991,24.26,28.57,5.83,3,1
18047.171,0.276,0.292,1.004,31.5,28.9,0.4,3,1
18047.187,0.286,0.309,0.997,37.84,27.44,1.13,3,1
18047.187,0.294,0.318,0.95,41.14,26.28,1.83,3,1
18047.203,0.29,0.296,0.89,41.02,25.42,0.12,3,1
18047.218,0.291,0.307,0.859,35.22,25.33,0.09,3,1
18047.218,0.273,0.311,0.853,27.53,27.25,-0.98,3,1
18047.234,0.26,0.308,0.852,21.85,28.23,-3.27,3,1
18047.25,0.249,0.34,0.862,16.21,28.93,-2.47,3,1
18047.25,0.224,0.332,0.872,13.7,28.81,-3.57,3,1
18047.265,0.215,0.314,0.89,15.9,25.18,-4.49,3,1
18047.265,0.201,0.323,0.884,23.19,20.87,-5.16,3,1
18047.281,0.185,0.352,0.881,28.2,15.59,-4.52,3,1
18047.296,0.16,0.355,0.888,30.03,10.47,-1.86,3,1
18047.296,0.181,0.327,0.886,29.85,5.31,2.66,3,1
18047.312,0.212,0.313,0.883,28.05,3.54,5.58,3,1
18047.328,0.225,0.311,0.897,23.99,3.14,4.85,3,1
18047.328,0.232,0.31,0.913,15.63,0.79,0.67,3,1
18047.343,0.229,0.313,0.934,4.73,-3.05,-3.75,3,1
18047.359,0.23,0.309,0.949,-4.94,-7.6,-7.05,3,1
18047.359,0.22,0.319,0.968,-10.62,-12.24,-9.52,3,1
18047.375,0.208,0.336,0.97,-12.12,-17.0,-8.88,3,1
18047.375,0.235,0.342,0.93,-11.38,-21.39,-4.33,3,1
18047.39,0.271,0.352,0.921,-8.09,-22.49,0.64,3,1
18047.406,0.281,0.352,0.924,-2.99,-22.03,3.45,3,1
18047.406,0.301,0.336,0.912,0.95,-22.1,4.27,3,1
18047.421,0.333,0.323,0.886,3.42,-21.24,3.2,3,1
18047.437,0.351,0.33,0.866,5.65,-18.22,-0.24,3,1
18047.437,0.34,0.34,0.856,7.63,-13.61,-2.78,3,1
18047.453,0.33,0.367,0.855,8.97,-10.96,-1.71,3,1
18047.468,0.344,0.382,0.854,9.55,-10.86,-1.13,3,1
18047.468,0.347,0.39,0.869,7.97,-9.28,-1.5,3,1
18047.484,0.32,0.393,0.882,4.7,-7.72,-2.53,3,1
18047.484,0.292,0.374,0.894,0.15,-10.38,-2.44,3,1
18047.5,0.296,0.356,0.892,-2.04,-13.76,-0.46,3,1
18047.515,0.294,0.356,0.881,-0.46,-13.61,2.29,3,1
18047.515,0.291,0.348,0.878,1.86,-12.51,5.01,3,1
18047.531,0.297,0.354,0.89,4.06,-12.12,7.97,3,1
18047.546,0.297,0.37,0.897,4.64,-12.91,10.28,3,1
18047.546,0.297,0.378,0.898,1.62,-15.93,11.84,3,1
18047.562,0.305,0.362,0.882,-3.94,-21.33,12.45,3,1
18047.578,0.323,0.349,0.853,-10.59,-26.28,12.7,3,1
18047.578,0.34,0.343,0.834,-17.7,-30.43,11.96,3,1
18047.593,0.361,0.337,0.816,-24.26,-32.17,10.74,3,1
18047.609,0.387,0.332,0.778,-28.47,-29.69,10.28,3,1
18047.609,0.407,0.321,0.765,-30.21,-23.1,11.57,3,1
18047.625,0.417,0.316,0.798,-29.3,-14.56,13.37,3,1
18047.64,0.419,0.333,0.85,-25.12,-6.68,16.21,3,1
18047.64,0.419,0.335,0.886,-19.81,-1.46,18.37,3,1
18047.656,0.415,0.31,0.907,-15.59,0.21,18.49,3,1
18047.656,0.41,0.286,0.921,-11.35,0.24,17.0,3,1
18047.671,0.403,0.264,0.906,-5.62,0.27,14.19,3,1
18047.687,0.4,0.244,0.889,-0.49,0.85,11.69,3,1
18047.687,0.396,0.239,0.878,2.66,1.62,9.09,3,1
18047.703,0.379,0.255,0.874,4.82,2.93,6.35,3,1
18047.718,0.356,0.296,0.895,7.17,3.48,6.5,3,1
18047.718,0.354,0.315,0.904,10.59,2.93,9.46,3,1
18047.734,0.361,0.326,0.91,13.06,2.41,11.9,3,1
18047.75,0.362,0.323,0.888,14.4,1.31,12.12,3,1
18047.75,0.366,0.312,0.864,13.58,0.18,11.51,3,1
18047.765,0.382,0.31,0.851,10.1,-1.22,9.31,3,1
18047.765,0.381,0.318,0.834,5.25,-2.14,5.98,3,1
18047.781,0.372,0.346,0.833,-0.49,-2.5,4.94,3,1
18047.796,0.376,0.365,0.841,-4.49,-2.38,6.81,3,1
18047.812,0.37,0.377,0.862,-7.11,-1.43,9.8,3,1
18047.812,0.353,0.369,0.868,-8.76,-0.98,14.16,3,1
18047.828,0.365,0.332,0.875,-9.89,-1.37,19.47,3,1
18047.828,0.373,0.294,0.878,-9.61,-0.98,22.98,3,1
18047.843,0.382,0.27,0.881,-7.51,-0.4,24.6,3,1
18047.859,0.396,0.266,0.884,-2.99,0.7,25.33,3,1
18047.859,0.404,0.256,0.874,1.07,2.14,24.32,3,1
18047.875,0.398,0.253,0.881,3.66,3.11,21.49,3,1
18047.875,0.397,0.247,0.886,6.53,4.43,19.29,3,1
18047.89,0.397,0.246,0.887,9.28,5.92,17.64,3,1
18047.906,0.403,0.236,0.891,12.05,7.35,15.84,3,1
18047.921,0.411,0.231,0.883,14.22,7.42,12.42,3,1
18047.921,0.415,0.24,0.874,15.53,7.08,7.97,3,1
18047.937,0.422,0.247,0.866,15.75,6.81,3.97,3,1
18047.937,0.42,0.268,0.858,16.02,6.9,-0.37,3,1
18047.953,0.414,0.31,0.856,16.36,7.54,-3.97,3,1
18047.968,0.398,0.354,0.848,16.21,8.79,-4.76,3,1
18047.968,0.386,0.371,0.841,15.17,10.01,-2.78,3,1
18047.984,0.374,0.365,0.837,12.24,10.22,-1.28,3,1
18047.984,0.361,0.352,0.839,7.57,9.92,-0.15,3,1
18048.0,0.358,0.338,0.86,2.11,9.37,2.04,3,1
18048.015,0.372,0.321,0.876,-0.85,8.33,2.56,3,1
18048.015,0.361,0.301,0.875,-2.59,6.2,2.32,3,1
18048.031,0.378,0.296,0.887,-3.66,2.93,-0.4,3,1
18048.046,0.371,0.286,0.881,-4.76,2.62,-2.23,3,1
18048.046,0.383,0.302,0.876,-5.13,-0.06,-4.82,3,1
18048.062,0.383,0.327,0.874,-7.29,-2.23,-8.0,3,1
18048.078,0.362,0.351,0.871,-11.93,-4.03,-8.15,3,1
18048.093,0.362,0.387,0.834,-19.78,-1.46,-0.4,3,1
18048.109,0.346,0.35,0.851,-23.32,-1.56,3.3,3,1
18048.109,0.367,0.338,0.824,-28.2,-2.23,6.01,3,1
18048.125,0.384,0.354,0.833,-34.18,-2.44,6.81,3,1
18048.125,0.381,0.347,0.845,-39.67,-2.14,7.81,3,1
18048.14,0.377,0.337,0.867,-45.41,-1.77,10.56,3,1
18048.156,0.404,0.301,0.85,-49.93,-0.7,12.18,3,1
18048.156,0.378,0.25,0.902,-53.16,1.07,10.96,3,1
18048.171,0.363,0.192,0.924,-51.48,0.46,10.96,3,1
18048.187,0.376,0.137,0.943,-47.33,2.01,9.4,3,1
18048.187,0.356,0.078,0.978,-37.63,6.87,6.2,3,1
18048.203,0.318,0.033,0.998,-23.53,9.16,3.2,3,1
18048.218,0.304,0.019,1.013,-7.2,8.79,2.01,3,1
18048.218,0.283,0.024,1.012,11.38,6.01,2.04,3,1
18048.234,0.264,0.046,0.996,29.45,-0.64,2.72,3,1
18048.25,0.286,0.102,0.985,43.73,-10.77,2.72,3,1
18048.265,0.304,0.371,0.917,45.72,-42.36,-2.32,3,1
18048.281,0.376,0.479,0.844,24.96,-55.88,-4.7,3,1
18048.281,0.362,0.557,0.922,11.41,-58.44,0.12,3,1
18048.296,0.371,0.552,0.882,17.55,-53.38,22.22,3,1
18048.296,0.437,0.322,0.875,9.03,-48.59,35.49,3,1
18048.312,0.487,0.21,0.849,7.87,-45.78,32.53,3,1
18048.328,0.514,0.17,0.725,15.38,-35.92,32.29,3,1
18048.328,0.514,0.156,0.7,23.71,-22.55,27.74,3,1
18048.343,0.555,0.17,0.677,28.78,-9.22,22.98,3,1
18048.359,0.574,0.229,0.67,25.51,6.5,16.82,3,1
18048.359,0.57,0.261,0.676,24.11,23.22,10.13,3,1
18048.375,0.526,0.275,0.688,23.59,38.12,5.52,3,1
18048.39,0.5,0.307,0.733,19.44,49.13,3.3,3,1
18048.39,0.473,0.327,0.779,12.97,56.4,1.53,3,1
18048.406,0.436,0.331,0.819,4.21,58.6,-0.82,3,1
18048.406,0.402,0.315,0.858,-7.63,55.51,-4.33,3,1
18048.437,0.279,0.272,1.064,-32.69,34.46,-15.38,3,1
18048.453,0.259,0.203,1.153,-33.11,10.65,-15.47,3,1
18048.453,0.37,0.178,1.011,-29.79,-10.41,-17.0,3,1
18048.468,0.376,0.154,0.896,-25.21,-11.81,-21.03,3,1
18048.468,0.394,0.077,0.863,-19.1,-7.84,-23.41,3,1
18048.484,0.391,0.087,0.898,-11.08,-3.57,-27.5,3,1
18048.5,0.402,0.152,0.904,0.24,1.28,-29.88,3,1
18048.5,0.407,0.209,0.912,6.32,4.82,-33.23,3,1
18048.515,0.396,0.229,0.908,9.25,6.1,-38.91,3,1
18048.515,0.384,0.241,0.907,11.81,5.68,-44.47,3,1
18048.531,0.37,0.26,0.895,14.74,4.46,-47.79,3,1
18048.546,0.378,0.269,0.863,17.12,3.2,-49.5,3,1
18048.546,0.372,0.309,0.867,17.49,4.46,-49.96,3,1
18048.562,0.364,0.351,0.885,17.4,6.81,-48.43,3,1
18048.578,0.329,0.361,0.894,18.31,7.63,-46.45,3,1
18048.578,0.282,0.405,0.924,21.94,6.44,-39.92,3,1
18048.609,0.273,0.428,0.879,20.97,-0.4,-23.56,3,1
18048.609,0.28,0.443,0.884,11.9,-4.27,-16.79,3,1
18048.625,0.279,0.395,0.849,3.3,-9.58,-13.55,3,1
18048.64,0.284,0.353,0.831,-4.03,-12.42,-9.06,3,1
18048.64,0.32,0.35,0.839,-8.51,-12.05,-3.27,3,1
18048.656,0.333,0.342,0.852,-12.05,-9.86,-0.15,3,1
18048.656,0.335,0.323,0.881,-14.28,-7.42,2.44,3,1
18048.671,0.344,0.287,0.894,-13.76,-6.68,3.97,3,1
18048.687,0.354,0.267,0.91,-11.02,-6.41,4.46,3,1
18048.687,0.365,0.275,0.915,-7.05,-4.85,5.46,3,1
18048.703,0.373,0.263,0.908,-1.59,-3.54,5.55,3,1
18048.718,0.375,0.256,0.901,3.81,-2.56,4.46,3,1
18048.718,0.379,0.27,0.895,8.64,-1.77,3.17,3,1
18048.734,0.366,0.307,0.901,12.51,-1.1,2.5,3,1
18048.75,0.354,0.337,0.89,15.56,-1.13,3.57,3,1
18048.75,0.351,0.34,0.878,17.21,-1.59,5.52,3,1
18048.781,0.358,0.327,0.856,17.43,-0.18,8.85,3,1
18048.781,0.357,0.334,0.865,17.94,2.38,10.74,3,1
18048.796,0.354,0.323,0.865,18.74,4.27,11.63,3,1
18048.796,0.352,0.316,0.863,18.28,5.07,10.8,3,1
18048.812,0.35,0.315,0.853,17.3,5.46,9.58,3,1
18048.828,0.355,0.319,0.862,15.32,6.2,8.33,3,1
18048.828,0.355,0.311,0.863,13.15,6.53,6.26,3,1
18048.843,0.357,0.311,0.861,11.6,5.43,3.51,3,1
18048.859,0.356,0.335,0.868,9.77,4.46,1.62,3,1
18048.859,0.353,0.349,0.872,8.97,4.36,1.22,3,1
18048.875,0.351,0.357,0.874,9.58,4.76,2.29,3,1
18048.89,0.343,0.362,0.875,9.7,4.09,3.48,3,1
18048.89,0.332,0.377,0.885,9.37,2.32,5.13,3,1
18048.906,0.352,0.387,0.871,11.47,2.01,10.32,3,1
18048.906,0.342,0.372,0.862,10.59,1.28,11.99,3,1
18048.921,0.342,0.364,0.853,9.61,1.28,14.71,3,1
18048.953,0.357,0.34,0.853,6.84,1.83,18.46,3,1
18048.953,0.369,0.33,0.857,5.8,2.78,18.77,3,1
18048.968,0.374,0.299,0.851,4.46,2.56,16.36,3,1
18048.968,0.388,0.281,0.86,2.17,1.65,11.57,3,1
18048.984,0.394,0.277,0.861,0.61,0.82,4.94,3,1
18049.0,0.379,0.288,0.862,-0.31,0.37,-2.26,3,1
18049.0,0.377,0.322,0.866,1.86,0.82,-6.01,3,1
18049.015,0.365,0.351,0.862,4.85,1.8,-7.75,3,1
18049.015,0.352,0.366,0.856,6.1,3.63,-7.54,3,1
18049.031,0.337,0.368,0.871,5.83,5.74,-5.4,3,1
18049.046,0.329,0.36,0.885,5.8,5.55,-3.11,3,1
18049.046,0.334,0.345,0.877,3.81,0.4,-2.62,3,1
18049.062,0.341,0.343,0.86,1.53,-1.19,-3.33,3,1
18049.078,0.347,0.36,0.855,-0.73,-2.23,-3.85,3,1
18049.093,0.351,0.376,0.85,-3.85,-3.08,-4.09,3,1
18049.093,0.352,0.379,0.839,-8.09,-4.33,-4.46,3,1
18049.109,0.354,0.364,0.849,-11.78,-5.46,-5.04,3,1
18049.109,0.359,0.354,0.872,-15.26,-6.93,-5.95,3,1
18049.125,0.357,0.331,0.872,-17.37,-9.03,-8.7,3,1
18049.14,0.357,0.31,0.871,-18.22,-9.25,-10.04,3,1
18049.14,0.363,0.284,0.877,-15.53,-7.9,-10.38,3,1
18049.156,0.363,0.284,0.899,-10.38,-5.01,-10.16,3,1
18049.156,0.36,0.294,0.913,-4.06,-3.17,-10.44,3,1
18049.171,0.35,0.287,0.901,1.34,-3.51,-11.87,3,1
18049.187,0.358,0.302,0.872,3.05,-4.09,-13.49,3,1
18049.203,0.371,0.309,0.828,3.08,-2.81,-15.41,3,1
18049.203,0.356,0.333,0.845,3.08,0.7,-16.05,3,1
18049.218,0.349,0.374,0.879,5.62,4.03,-12.76,3,1
18049.218,0.34,0.39,0.88,8.51,4.76,-9.4,3,1
18049.234,0.34,0.377,0.874,8.0,4.09,-7.48,3,1
18049.25,0.326,0.366,0.889,6.53,2.35,-7.05,3,1
18049.25,0.318,0.368,0.897,6.56,0.18,-5.01,3,1
18049.265,0.333,0.349,0.878,7.39,-1.98,-3.39,3,1
18049.265,0.341,0.334,0.864,7.26,-2.81,-3.3,3,1
18049.281,0.347,0.339,0.856,7.14,-2.41,-3.91,3,1
18049.296,0.347,0.346,0.852,7.72,-1.19,-4.43,3,1
18049.296,0.341,0.366,0.874,7.63,0.06,-4.09,3,1
18049.312,0.334,0.377,0.893,8.36,-0.37,-3.14,3,1
18049.328,0.334,0.377,0.885,9.86,-1.77,-1.71,3,1
18049.328,0.338,0.375,0.853,9.98,-2.59,-0.55,3,1
18049.343,0.336,0.38,0.834,7.75,-2.53,-0.55,3,1
18049.359,0.323,0.401,0.834,4.55,-3.05,-0.34,3,1
18049.359,0.331,0.419,0.823,0.09,-4.7,0.58,3,1
18049.375,0.341,0.429,0.817,-6.53,-5.16,1.28,3,1
18049.375,0.344,0.401,0.821,-11.96,-3.91,2.17,3,1
18049.39,0.343,0.366,0.833,-15.26,-2.23,2.87,3,1
18049.406,0.35,0.34,0.851,-16.85,-1.37,3.08,3,1
18049.421,0.356,0.319,0.881,-16.66,-0.37,2.69,3,1
18049.421,0.353,0.308,0.902,-14.22,0.09,2.59,3,1
18049.437,0.358,0.305,0.891,-9.92,-0.73,2.32,3,1
18049.437,0.369,0.331,0.883,-6.78,-0.79,1.95,3,1
18049.453,0.366,0.341,0.871,-4.76,-0.73,1.19,3,1
18049.468,0.362,0.35,0.852,-5.07,-1.16,-0.09,3,1
18049.468,0.363,0.379,0.85,-8.06,-1.1,-0.43,3,1
18049.484,0.331,0.398,0.88,-10.44,-1.4,1.31,3,1
18049.484,0.35,0.366,0.878,-11.93,-2.66,4.55,3,1
18049.5,0.348,0.333,0.875,-13.12,-1.22,5.16,3,1
18049.515,0.34,0.273,0.877,-10.68,1.25,4.97,3,1
18049.531,0.337,0.23,0.881,-5.86,3.11,3.51,3,1
18049.531,0.327,0.21,0.89,0.18,4.97,0.92,3,1
18049.546,0.317,0.219,0.898,6.5,6.29,-1.53,3,1
18049.546,0.313,0.25,0.884,13.18,7.2,-2.29,3,1
18049.562,0.327,0.273,0.891,18.62,6.38,-2.35,3,1
18049.578,0.34,0.306,0.89,25.51,4.85,-2.93,3,1
18049.578,0.334,0.379,0.923,30.95,3.51,-3.08,3,1
18049.593,0.3,0.454,0.91,32.41,-4.0,-2.81,3,1
18049.609,0.329,0.515,0.889,26.52,-13.52,-1.95,3,1
18049.609,0.26,0.565,0.867,17.73,-22.46,-1.13,3,1
18049.625,0.228,0.559,0.839,3.3,-31.22,5.37,3,1
18049.64,0.265,0.454,0.845,-16.17,-39.19,13.52,3,1
18049.64,0.33,0.323,0.864,-28.81,-45.53,15.59,3,1
18049.656,0.387,0.286,0.854,-27.53,-45.87,16.94,3,1
18049.656,0.419,0.244,0.865,-19.99,-42.42,15.53,3,1
18049.671,0.453,0.214,0.867,-12.3,-39.25,9.92,3,1
18049.687,0.456,0.255,0.855,-5.13,-35.0,3.91,3,1
18049.703,0.464,0.299,0.84,1.34,-31.1,-0.24,3,1
18049.703,0.472,0.311,0.814,3.78,-27.5,-4.18,3,1
18049.718,0.465,0.313,0.798,5.37,-22.64,-6.96,3,1
18049.718,0.462,0.325,0.787,8.36,-16.94,-7.87,3,1
18049.734,0.46,0.348,0.784,9.64,-10.99,-8.64,3,1
18049.75,0.438,0.354,0.773,8.85,-5.1,-9.7,3,1
18049.75,0.425,0.35,0.775,6.74,-0.06,-9.55,3,1
18049.765,0.426,0.353,0.78,4.55,4.12,-9.61,3,1
18049.765,0.427,0.368,0.792,0.89,7.75,-10.1,3,1
18049.781,0.408,0.388,0.8,-4.85,10.47,-10.74,3,1
18049.796,0.393,0.385,0.808,-10.22,10.93,-11.6,3,1
18049.812,0.396,0.381,0.805,-14.65,10.19,-11.63,3,1
18049.812,0.404,0.382,0.803,-18.71,10.32,-11.57,3,1
18049.828,0.411,0.377,0.803,-22.22,12.21,-10.99,3,1
18049.828,0.416,0.368,0.812,-23.59,16.08,-10.01,3,1
18049.843,0.414,0.342,0.805,-21.88,21.12,-9.25,3,1
18049.859,0.412,0.327,0.82,-19.01,26.89,-8.67,3,1
18049.859,0.336,0.339,0.967,-15.26,30.43,-8.36,3,1
18049.875,0.281,0.292,1.092,-8.3,20.78,-6.99,3,1
18049.875,0.329,0.285,1.014,-4.39,5.07,-8.33,3,1
18049.89,0.327,0.289,0.929,1.74,-0.43,-8.67,3,1
18049.906,0.334,0.247,0.885,8.67,-1.46,-7.42,3,1
18049.906,0.34,0.276,0.867,11.72,-0.58,-5.55,3,1
18049.921,0.339,0.321,0.863,11.02,0.92,-4.7,3,1
18049.937,0.344,0.331,0.866,9.37,1.62,-3.14,3,1
18049.937,0.36,0.351,0.864,10.32,1.53,-1.37,3,1
18049.953,0.362,0.37,0.859,11.96,1.59,-0.37,3,1
18049.968,0.369,0.382,0.839,11.87,1.16,-0.12,3,1
18049.968,0.383,0.393,0.824,11.23,2.38,-0.21,3,1
18049.984,0.368,0.386,0.838,9.98,4.67,0.18,3,1
18049.984,0.354,0.364,0.842,7.23,4.3,0.27,3,1
18050.0,0.359,0.368,0.862,4.7,3.48,1.8,3,1
18050.015,0.36,0.364,0.861,4.33,3.23,3.42,3,1
18050.015,0.361,0.351,0.858,5.22,2.87,4.27,3,1
18050.031,0.364,0.346,0.85,5.92,3.02,4.39,3,1
18050.046,0.36,0.361,0.855,6.93,5.62,5.31,3,1
18050.046,0.353,0.355,0.855,7.57,6.81,6.2,3,1
18050.062,0.349,0.358,0.859,7.87,7.23,6.96,3,1
18050.078,0.337,0.363,0.871,6.84,6.5,7.42,3,1
18050.078,0.338,0.354,0.866,4.82,4.15,7.51,3,1
18050.093,0.348,0.347,0.87,1.37,0.95,6.74,3,1
18050.109,0.352,0.348,0.876,-3.08,-1.92,4.61,3,1
18050.109,0.355,0.346,0.857,-5.46,-4.7,2.87,3,1
18050.125,0.369,0.354,0.833,-5.55,-5.55,2.14,3,1
18050.14,0.375,0.368,0.851,-1.77,-0.52,2.66,3,1
18050.156,0.367,0.357,0.864,-0.18,1.5,2.11,3,1
18050.156,0.366,0.334,0.865,1.77,1.68,1.04,3,1
18050.171,0.363,0.326,0.863,4.12,1.25,-0.15,3,1
18050.187,0.366,0.337,0.865,6.16,1.68,-0.49,3,1
18050.203,0.365,0.357,0.864,6.87,1.89,-0.55,3,1
18050.203,0.363,0.363,0.855,5.95,0.95,-1.22,3,1
18050.218,0.363,0.363,0.843,3.94,-0.21,-1.98,3,1
18050.218,0.359,0.368,0.843,1.65,-0.03,-1.71,3,1
18050.234,0.353,0.373,0.854,-0.24,0.79,-0.18,3,1
18050.25,0.349,0.37,0.863,-2.11,0.49,0.7,3,1
18050.25,0.346,0.358,0.863,-3.91,-0.49,0.67,3,1
18050.265,0.346,0.344,0.864,-4.36,-0.79,0.98,3,1
18050.265,0.349,0.343,0.866,-4.09,-0.95,1.56,3,1
18050.281,0.351,0.347,0.864,-4.58,-1.68,1.37,3,1
18050.296,0.358,0.348,0.863,-4.49,-2.04,0.82,3,1
18050.312,0.367,0.343,0.868,-0.82,-0.76,-0.15,3,1
18050.328,0.364,0.348,0.868,0.92,-0.58,-1.16,3,1
18050.328,0.36,0.347,0.857,2.81,-0.73,-2.38,3,1
18050.343,0.357,0.349,0.855,4.49,-0.37,-2.56,3,1
18050.359,0.359,0.36,0.858,5.83,0.43,-1.71,3,1
18050.359,0.363,0.365,0.864,6.32,0.85,-1.16,3,1
18050.375,0.359,0.361,0.856,5.52,0.64,-1.53,3,1
18050.375,0.355,0.366,0.849,3.69,-0.21,-1.8,3,1
18050.39,0.357,0.372,0.843,2.08,-1.04,-1.53,3,1
18050.406,0.357,0.384,0.841,-0.31,-1.62,-1.31,3,1
18050.421,0.359,0.383,0.842,-3.88,-1.92,-1.37,3,1
18050.421,0.354,0.369,0.844,-7.29,-2.17,-1.46,3,1
18050.437,0.355,0.355,0.854,-8.7,-2.23,-1.1,3,1
18050.437,0.358,0.339,0.862,-8.51,-2.11,-1.31,3,1
18050.453,0.359,0.327,0.869,-7.63,-1.53,-2.04,3,1
18050.468,0.356,0.331,0.885,-5.8,-0.46,-2.35,3,1
18050.468,0.354,0.33,0.89,-2.04,-0.09,-2.14,3,1
18050.484,0.355,0.335,0.884,2.04,-0.09,-1.8,3,1
18050.5,0.356,0.335,0.875,4.82,-0.15,-1.89,3,1
18050.5,0.357,0.344,0.866,6.68,0.03,-1.83,3,1
18050.515,0.36,0.357,0.857,8.39,0.4,-1.4,3,1
18050.515,0.365,0.363,0.852,8.79,0.46,-1.25,3,1
18050.531,0.36,0.37,0.85,7.81,0.21,-1.71,3,1
18050.546,0.351,0.383,0.846,6.2,-0.21,-1.19,3,1
18050.546,0.351,0.384,0.849,4.43,-0.12,0.52,3,1
18050.562,0.357,0.377,0.854,3.27,0.09,2.17,3,1
18050.578,0.354,0.35,0.845,1.89,-0.61,1.59,3,1
18050.578,0.359,0.35,0.851,-0.06,-1.34,0.31,3,1
18050.593,0.359,0.358,0.857,-1.04,-1.62,-0.64,3,1
18050.609,0.362,0.356,0.855,-1.16,-1.62,-1.68,3,1
18050.609,0.359,0.353,0.853,-0.95,-1.5,-2.9,3,1
18050.625,0.358,0.355,0.853,-1.31,-1.59,-4.03,3,1
18050.64,0.351,0.355,0.865,-2.38,-2.01,-5.25,3,1
18050.64,0.337,0.37,0.865,-2.01,-2.23,-5.46,3,1
18050.656,0.338,0.381,0.867,-0.24,-1.46,-2.47,3,1
18050.656,0.341,0.367,0.87,1.77,-0.82,-0.09,3,1
18050.671,0.339,0.353,0.865,2.47,-0.82,0.95,3,1
18050.687,0.347,0.356,0.859,1.5,-1.62,1.53,3,1
18050.687,0.358,0.369,0.858,0.67,-2.23,2.35,3,1
18050.703,0.365,0.375,0.851,0.61,-2.56,3.02,3,1
18050.718,0.369,0.369,0.845,-0.18,-2.69,3.11,3,1
18050.718,0.371,0.361,0.847,-1.86,-2.69,2.87,3,1
18050.734,0.375,0.351,0.847,-2.87,-2.9,2.23,3,1
18050.75,0.37,0.351,0.85,-3.23,-2.23,1.19,3,1
18050.75,0.361,0.344,0.856,-2.84,-1.31,0.12,3,1
18050.765,0.354,0.341,0.866,-2.26,-0.82,-0.46,3,1
18050.765,0.359,0.353,0.879,-2.04,-0.85,-0.52,3,1
18050.781,0.355,0.349,0.873,-0.85,-0.67,-0.85,3,1
18050.796,0.35,0.339,0.863,1.07,-0.55,-0.64,3,1
18050.796,0.355,0.336,0.857,4.27,-0.03,-0.24,3,1
18050.812,0.35,0.35,0.862,7.14,1.1,-0.98,3,1
18050.828,0.339,0.377,0.865,9.13,1.83,-1.59,3,1
18050.828,0.334,0.392,0.858,9.74,1.37,-1.28,3,1
18050.843,0.337,0.394,0.842,8.21,0.03,-0.27,3,1
18050.859,0.349,0.391,0.824,5.13,-1.68,0.73,3,1
18050.859,0.357,0.409,0.833,0.12,-2.53,1.98,3,1
18050.875,0.359,0.403,0.839,-4.82,-3.39,2.78,3,1
18050.875,0.362,0.375,0.835,-8.45,-4.39,2.87,3,1
18050.89,0.364,0.349,0.846,-10.01,-4.52,2.53,3,1
18050.906,0.364,0.345,0.866,-10.8,-4.03,2.17,3,1
18050.906,0.361,0.341,0.878,-10.71,-3.69,1.56,3,1
18050.921,0.363,0.325,0.876,-9.4,-3.94,0.82,3,1
18050.937,0.364,0.317,0.873,-6.9,-4.0,0.31,3,1
18050.937,0.367,0.323,0.871,-4.43,-3.57,0.21,3,1
18050.953,0.365,0.334,0.872,-2.23,-2.5,0.4,3,1
18050.968,0.363,0.337,0.868,-0.24,-1.98,0.37,3,1
18050.968,0.366,0.346,0.861,1.5,-2.2,-0.09,3,1
18050.984,0.365,0.351,0.848,3.02,-1.98,-0.61,3,1
18051.0,0.366,0.376,0.848,3.63,-0.64,-0.76,3,1
18051.015,0.359,0.372,0.84,3.54,-0.7,-1.13,3,1
18051.015,0.351,0.381,0.847,1.37,-0.52,0.03,3,1
18051.031,0.345,0.376,0.848,-0.24,-0.76,1.46,3,1
18051.046,0.344,0.366,0.854,-1.77,-1.34,2.26,3,1
18051.046,0.351,0.361,0.866,-2.35,-2.08,2.56,3,1
18051.062,0.359,0.345,0.867,-2.75,-3.2,2.44,3,1
18051.078,0.371,0.331,0.865,-2.47,-4.12,1.77,3,1
18051.093,0.378,0.331,0.86,-1.65,-4.15,1.04,3,1
18051.093,0.383,0.326,0.851,-0.27,-3.54,-0.4,3,1
18051.109,0.387,0.343,0.856,0.85,-2.66,-1.07,3,1
18051.109,0.386,0.35,0.855,2.47,-1.74,-1.83,3,1
18051.125,0.382,0.347,0.853,3.69,-1.1,-2.69,3,1
18051.125,0.379,0.357,0.85,4.0,-0.67,-3.33,3,1
18051.14,0.373,0.36,0.844,4.46,-0.4,-3.85,3,1
18051.156,0.373,0.374,0.848,4.27,-0.15,-3.75,3,1
18051.171,0.363,0.367,0.843,3.33,1.07,-3.63,3,1
18051.187,0.359,0.361,0.846,3.39,1.95,-2.9,3,1
18051.187,0.35,0.356,0.851,3.17,2.78,-2.38,3,1
18051.203,0.341,0.361,0.865,1.98,2.66,-1.89,3,1
18051.218,0.338,0.364,0.872,1.1,1.56,-1.19,3,1
18051.218,0.34,0.365,0.876,1.16,0.49,0.06,3,1
18051.234,0.336,0.369,0.871,1.1,-0.55,1.01,3,1
18051.25,0.34,0.367,0.864,0.58,-1.83,1.65,3,1
18051.25,0.345,0.365,0.857,0.0,-3.11,2.29,3,1
18051.265,0.354,0.368,0.85,-0.43,-3.88,2.47,3,1
18051.265,0.361,0.378,0.851,-1.22,-4.09,2.75,3,1
18051.281,0.36,0.377,0.849,-2.26,-4.76,2.35,3,1
18051.296,0.362,0.372,0.858,-3.81,-6.32,1.98,3,1
18051.296,0.371,0.364,0.858,-5.52,-9.06,0.4,3,1
18051.312,0.369,0.357,0.866,-8.58,-12.6,-2.41,3,1
18051.328,0.361,0.36,0.876,-13.18,-17.18,-5.74,3,1
18051.328,0.364,0.351,0.873,-17.0,-22.8,-8.67,3,1
18051.343,0.367,0.343,0.879,-20.51,-27.74,-11.2,3,1
18051.359,0.376,0.329,0.881,-21.76,-30.73,-13.18,3,1
18051.359,0.376,0.321,0.873,-21.15,-31.65,-14.34,3,1
18051.375,0.377,0.318,0.875,-18.37,-30.34,-14.25,3,1
18051.39,0.382,0.305,0.871,-11.78,-27.44,-12.97,3,1
18051.39,0.394,0.307,0.868,-3.23,-22.98,-10.47,3,1
18051.406,0.398,0.312,0.859,4.73,-18.43,-9.28,3,1
18051.406,0.396,0.312,0.848,10.19,-14.71,-9.06,3,1
18051.421,0.402,0.323,0.835,13.46,-11.41,-8.94,3,1
18051.437,0.404,0.336,0.818,15.44,-8.48,-8.76,3,1
18051.437,0.406,0.354,0.817,16.75,-6.26,-8.39,3,1
18051.453,0.41,0.386,0.821,17.15,-4.36,-7.39,3,1
18051.468,0.402,0.402,0.82,16.57,-3.2,-6.56,3,1
18051.468,0.396,0.415,0.817,15.63,-2.87,-4.91,3,1
18051.484,0.389,0.414,0.815,14.89,-2.23,-2.26,3,1
18051.5,0.381,0.409,0.823,13.92,-3.02,0.12,3,1
18051.515,0.38,0.369,0.857,10.13,-8.94,2.01,3,1
18051.515,0.38,0.336,0.875,8.55,-13.25,1.56,3,1
18051.531,0.39,0.329,0.862,8.7,-16.45,1.25,3,1
18051.546,0.433,0.346,0.826,11.26,-14.83,3.6,3,1
18051.546,0.455,0.339,0.805,14.8,-9.0,4.18,3,1
18051.562,0.461,0.33,0.769,19.14,-0.82,3.75,3,1
18051.578,0.468,0.336,0.733,23.22,7.97,3.85,3,1
18051.578,0.47,0.364,0.722,22.13,16.66,2.81,3,1
18051.593,0.455,0.399,0.716,18.19,24.75,0.61,3,1
18051.609,0.427,0.44,0.72,13.76,31.98,-0.31,3,1
18051.609,0.41,0.456,0.724,9.37,38.03,1.25,3,1
18051.625,0.407,0.463,0.724,4.21,43.52,4.12,3,1
18051.625,0.412,0.449,0.736,-2.38,47.33,5.19,3,1
18051.64,0.386,0.455,0.757,-10.28,50.48,3.48,3,1
18051.656,0.359,0.451,0.79,-16.21,53.41,3.91,3,1
18051.671,0.355,0.425,0.834,-19.29,54.63,5.19,3,1
18051.671,0.335,0.409,0.855,-21.09,54.11,4.76,3,1
18051.687,0.316,0.395,0.891,-23.04,51.09,3.6,3,1
18051.687,0.3,0.363,0.921,-25.67,44.04,0.12,3,1
18051.703,0.188,0.392,1.049,-29.15,34.33,-3.14,3,1
18051.718,0.116,0.351,1.242,-26.18,12.73,0.73,3,1
18051.718,0.235,0.269,1.11,-20.23,-18.71,2.38,3,1
18051.734,0.275,0.264,0.971,-14.47,-31.98,0.43,3,1
18051.75,0.282,0.284,0.914,-4.52,-34.85,0.37,3,1
18051.75,0.3,0.323,0.91,5.13,-35.46,3.3,3,1
18051.765,0.287,0.376,0.904,10.53,-35.34,5.95,3,1
18051.765,0.287,0.408,0.899,10.41,-37.35,9.77,3,1
18051.781,0.309,0.417,0.88,9.34,-40.96,14.34,3,1
18051.796,0.333,0.4,0.847,8.42,-43.4,18.49,3,1
18051.796,0.365,0.383,0.818,7.35,-43.95,21.42,3,1
18051.812,0.394,0.373,0.787,6.62,-42.15,23.07,3,1
18051.828,0.424,0.362,0.775,6.01,-37.51,24.2,3,1
18051.828,0.458,0.347,0.758,5.8,-31.4,23.99,3,1
18051.843,0.479,0.33,0.75,6.59,-23.16,22.25,3,1
18051.859,0.499,0.317,0.746,9.09,-13.67,19.44,3,1
18051.859,0.504,0.302,0.753,11.54,-4.49,15.44,3,1
18051.875,0.493,0.302,0.77,13.18,3.23,10.56,3,1
18051.875,0.464,0.316,0.801,12.76,8.21,4.97,3,1
18051.89,0.43,0.334,0.826,10.1,9.09,-0.03,3,1
18051.906,0.411,0.356,0.824,6.68,7.63,-3.48,3,1
18051.906,0.395,0.392,0.819,3.39,6.07,-5.1,3,1
18051.921,0.354,0.424,0.841,0.43,4.12,-3.88,3,1
18051.937,0.349,0.421,0.861,-2.66,-1.19,-0.52,3,1
18051.937,0.36,0.413,0.873,-7.39,-8.12,2.38,3,1
18051.953,0.383,0.381,0.856,-10.74,-12.48,4.03,3,1
18051.968,0.401,0.351,0.836,-11.69,-12.97,4.64,3,1
18051.968,0.417,0.329,0.826,-8.55,-10.83,5.04,3,1
18051.984,0.433,0.325,0.811,-4.73,-6.99,4.06,3,1
18052.0,0.431,0.338,0.808,-2.9,-2.38,2.29,3,1
18052.0,0.43,0.36,0.82,-4.36,2.44,-0.12,3,1
18052.015,0.422,0.354,0.817,-5.43,2.5,-0.98,3,1
18052.015,0.422,0.359,0.82,-6.81,2.41,-1.68,3,1
18052.046,0.423,0.366,0.823,-7.69,2.56,-2.66,3,1
18052.046,0.409,0.356,0.823,-7.81,3.2,-3.81,3,1
18052.062,0.413,0.356,0.824,-8.03,3.33,-4.39,3,1
18052.062,0.401,0.358,0.822,-8.7,4.0,-5.04,3,1
18052.078,0.397,0.359,0.828,-9.92,4.46,-4.76,3,1
18052.078,0.392,0.366,0.839,-11.35,4.73,-3.63,3,1
18052.093,0.39,0.355,0.85,-11.87,4.58,-2.69,3,1
18052.109,0.385,0.352,0.855,-12.88,3.48,-1.83,3,1
18052.109,0.383,0.343,0.861,-14.59,1.92,-1.31,3,1
18052.125,0.387,0.333,0.865,-15.78,0.27,-0.92,3,1
18052.125,0.392,0.321,0.87,-15.75,-0.82,-0.4,3,1
18052.14,0.398,0.323,0.866,-13.89,-1.13,0.52,3,1
18052.156,0.405,0.331,0.867,-10.35,-0.49,1.68,3,1
18052.156,0.402,0.318,0.862,-6.53,0.24,1.53,3,1
18052.171,0.407,0.325,0.859,-4.03,0.61,0.89,3,1
18052.187,0.407,0.329,0.856,-2.84,1.37,0.21,3,1
18052.187,0.4,0.319,0.849,-1.98,1.77,-0.31,3,1
18052.203,0.406,0.326,0.847,-0.92,1.86,0.4,3,1
18052.218,0.412,0.334,0.844,0.4,3.23,1.13,3,1
18052.218,0.408,0.326,0.839,2.23,5.28,1.37,3,1
18052.234,0.403,0.327,0.838,3.57,6.81,1.43,3,1
18052.25,0.405,0.33,0.841,3.75,7.78,1.37,3,1
18052.25,0.409,0.327,0.846,2.66,8.64,0.34,3,1
18052.265,0.411,0.326,0.875,1.19,9.4,-1.56,3,1
18052.265,0.4,0.322,0.897,0.64,9.77,-3.54,3,1
18052.281,0.398,0.329,0.89,2.59,8.27,-4.58,3,1
18052.296,0.411,0.337,0.856,5.28,7.35,-5.28,3,1
18052.296,0.384,0.341,0.858,5.22,6.99,-7.6,3,1
18052.312,0.315,0.347,0.949,4.12,5.31,-6.59,3,1
18052.328,0.368,0.297,0.994,5.22,-5.89,-4.15,3,1
18052.343,0.353,0.297,0.939,8.51,-17.7,-9.06,3,1
18052.343,0.381,0.283,0.844,14.13,-20.17,-9.09,3,1
18052.359,0.406,0.288,0.801,17.98,-16.39,-9.8,3,1
18052.359,0.388,0.321,0.794,20.26,-10.86,-10.5,3,1
18052.375,0.376,0.359,0.801,19.01,-7.66,-10.35,3,1
18052.39,0.381,0.404,0.806,14.28,-7.26,-9.58,3,1
18052.39,0.388,0.423,0.796,8.94,-7.29,-8.24,3,1
18052.406,0.393,0.404,0.793,4.06,-6.41,-7.35,3,1
18052.406,0.391,0.381,0.802,0.43,-5.77,-7.72,3,1
18052.421,0.39,0.372,0.818,-3.51,-6.68,-9.16,3,1
18052.437,0.383,0.366,0.84,-7.57,-8.67,-11.29,3,1
18052.453,0.374,0.361,0.873,-11.23,-11.87,-13.0,3,1
18052.453,0.378,0.34,0.886,-14.68,-16.54,-14.8,3,1
18052.468,0.38,0.325,0.884,-16.39,-21.24,-17.12,3,1
18052.468,0.383,0.318,0.877,-15.32,-23.96,-17.85,3,1
18052.484,0.395,0.322,0.866,-11.29,-24.51,-17.06,3,1
18052.5,0.408,0.344,0.849,-5.34,-22.16,-14.83,3,1
18052.5,0.412,0.361,0.834,0.55,-18.46,-12.18,3,1
18052.515,0.417,0.373,0.823,4.33,-15.23,-9.7,3,1
18052.531,0.417,0.382,0.81,5.65,-12.27,-7.66,3,1
18052.531,0.413,0.382,0.804,4.76,-10.59,-6.53,3,1
18052.546,0.417,0.389,0.808,2.17,-9.52,-5.43,3,1
18052.546,0.418,0.383,0.802,-0.73,-8.7,-5.04,3,1
18052.562,0.412,0.384,0.805,-3.33,-7.54,-4.39,3,1
18052.578,0.411,0.388,0.813,-4.39,-6.26,-2.66,3,1
18052.578,0.411,0.384,0.822,-4.49,-4.88,-0.58,3,1
18052.593,0.408,0.368,0.825,-4.21,-3.39,0.79,3,1
18052.609,0.404,0.351,0.842,-3.36,-2.9,1.5,3,1
18052.609,0.403,0.341,0.847,-1.77,-2.93,1.68,3,1
18052.625,0.412,0.337,0.843,0.06,-3.2,1.46,3,1
18052.625,0.416,0.344,0.837,2.32,-2.75,1.19,3,1
18052.64,0.417,0.349,0.827,4.7,-1.89,1.16,3,1
18052.656,0.411,0.356,0.82,6.41,-0.7,1.16,3,1
18052.656,0.405,0.379,0.821,6.65,0.82,2.38,3,1
18052.671,0.384,0.405,0.834,5.77,1.43,4.18,3,1
18052.687,0.346,0.41,0.865,4.21,-1.31,7.45,3,1
18052.687,0.346,0.414,0.891,2.01,-9.0,11.41,3,1
18052.718,0.366,0.41,0.867,-1.34,-22.49,21.58,3,1
18052.718,0.394,0.372,0.825,-2.9,-24.54,27.01,3,1
18052.734,0.445,0.34,0.787,-2.93,-22.92,30.92,3,1
18052.75,0.491,0.317,0.763,-2.26,-17.76,31.31,3,1
18052.75,0.521,0.307,0.748,-1.56,-9.61,28.32,3,1
18052.765,0.521,0.303,0.738,-1.31,0.58,24.48,3,1
18052.781,0.521,0.294,0.728,0.12,10.41,20.91,3,1
18052.781,0.529,0.303,0.727,1.83,19.84,17.76,3,1
18052.796,0.525,0.317,0.737,3.33,29.69,14.53,3,1
18052.796,0.506,0.33,0.75,5.13,39.31,12.02,3,1
18052.812,0.479,0.329,0.768,6.35,46.02,9.0,3,1
18052.828,0.454,0.341,0.797,5.28,49.41,5.77,3,1
18052.828,0.432,0.357,0.828,2.72,50.26,3.2,3,1
18052.843,0.409,0.347,0.85,0.24,49.07,1.25,3,1
18052.859,0.4,0.334,0.868,0.06,46.66,0.31,3,1
18052.859,0.399,0.332,0.862,0.85,43.21,-1.74,3,1
18052.89,0.378,0.324,0.87,-7.29,36.47,-9.98,3,1
18052.89,0.362,0.31,0.872,-13.7,30.61,-15.53,3,1
18052.906,0.301,0.323,0.97,-19.01,22.22,-20.78,3,1
18052.906,0.314,0.318,1.029,-17.55,6.81,-22.46,3,1
18052.921,0.329,0.334,0.956,-16.91,-6.74,-24.48,3,1
18052.937,0.351,0.309,0.891,-18.16,-13.25,-27.07,3,1
18052.937,0.363,0.271,0.874,-17.49,-14.16,-28.99,3,1
18052.953,0.365,0.276,0.859,-13.46,-12.82,-29.63,3,1
18052.968,0.37,0.297,0.852,-12.27,-11.14,-30.21,3,1
18052.968,0.374,0.317,0.857,-13.95,-9.55,-32.01,3,1
18052.984,0.368,0.326,0.854,-13.31,-7.23,-32.59,3,1
18053.0,0.363,0.344,0.848,-5.25,-0.21,-26.86,3,1
18053.0,0.362,0.366,0.842,-3.51,3.05,-23.59,3,1
18053.015,0.346,0.382,0.84,-3.48,6.53,-18.43,3,1
18053.015,0.313,0.397,0.854,-1.59,10.19,-10.16,3,1
18053.031,0.314,0.403,0.862,0.85,13.28,-1.68,3,1
18053.046,0.287,0.412,0.88,-1.04,15.2,9.89,3,1
18053.062,0.26,0.413,0.904,-3.17,12.27,16.97,3,1
18053.078,0.236,0.446,0.991,-2.93,6.07,26.67,3,1
18053.078,0.215,0.493,1.087,6.16,-2.32,41.99,3,1
18053.093,0.233,0.471,1.05,16.69,-14.74,57.99,3,1
18053.109,0.256,0.382,0.986,19.14,-28.38,66.26,3,1
18053.109,0.286,0.298,0.948,17.88,-40.65,68.36,3,1
18053.125,0.345,0.248,0.88,15.44,-50.02,66.26,3,1
18053.14,0.401,0.215,0.793,9.55,-53.62,60.0,3,1
18053.14,0.449,0.178,0.72,1.65,-49.68,50.97,3,1
18053.156,0.499,0.193,0.696,-3.54,-40.22,41.41,3,1
18053.156,0.547,0.236,0.702,-3.27,-27.07,33.45,3,1
18053.171,0.571,0.28,0.677,-1.16,-11.35,26.58,3,1
18053.187,0.583,0.306,0.669,-2.56,3.88,19.14,3,1
18053.187,0.576,0.31,0.653,-8.55,18.37,11.29,3,1
18053.203,0.57,0.321,0.598,-15.26,34.52,5.74,3,1
18053.218,0.542,0.328,0.565,-39.64,70.07,-5.13,3,1
18053.234,0.436,0.384,0.751,-63.72,82.25,-12.7,3,1
18053.25,0.291,0.586,1.113,-100.07,73.98,-14.62,3,1
18053.25,0.078,0.388,1.493,-92.44,43.67,-0.64,3,1
18053.265,0.363,0.192,1.189,-62.96,-2.14,21.3,3,1
18053.265,0.46,0.103,0.897,-58.75,-5.16,19.71,3,1
18053.281,0.365,-0.144,1.007,-41.72,12.18,7.17,3,1
18053.296,0.275,-0.118,1.044,-12.09,15.78,1.28,3,1
18053.296,0.337,0.049,0.953,5.77,10.65,-2.5,3,1
18053.312,0.329,0.096,0.954,15.2,12.88,-7.84,3,1
18053.328,0.308,0.151,0.934,29.05,13.21,-8.55,3,1
18053.328,0.322,0.233,0.88,41.23,9.37,-7.45,3,1
18053.343,0.321,0.267,0.868,46.14,5.92,-7.29,3,1
18053.359,0.319,0.29,0.882,48.55,2.47,-6.81,3,1
18053.359,0.324,0.302,0.887,52.86,-1.77,-6.59,3,1
18053.375,0.318,0.311,0.859,57.47,-6.65,-7.23,3,1
18053.39,0.356,0.401,0.873,46.6,-12.24,-5.71,3,1
18053.406,0.364,0.417,0.883,38.15,-12.24,-4.52,3,1
18053.406,0.352,0.391,0.883,31.19,-12.39,-2.5,3,1
18053.421,0.326,0.355,0.909,29.91,-14.86,-0.09,3,1
18053.437,0.327,0.375,0.904,31.04,-20.29,4.43,3,1
18053.437,0.34,0.353,0.918,26.12,-26.46,7.54,3,1
18053.453,0.352,0.33,0.9,22.64,-32.87,8.03,3,1
18053.468,0.338,0.353,0.906,10.1,-36.07,10.22,3,1
18053.468,0.373,0.305,0.882,0.27,-40.93,9.43,3,1
18053.484,0.415,0.249,0.834,0.24,-40.65,9.74,3,1
18053.484,0.443,0.248,0.797,3.27,-36.71,7.6,3,1
18053.5,0.468,0.258,0.784,5.68,-30.58,2.93,3,1
18053.515,0.472,0.273,0.777,5.71,-23.26,-2.56,3,1
18053.531,0.473,0.296,0.777,3.91,-16.6,-7.81,3,1
18053.531,0.469,0.314,0.783,1.71,-10.59,-11.87,3,1
18053.546,0.456,0.334,0.784,0.18,-5.04,-14.1,3,1
18053.562,0.415,0.399,0.846,1.62,3.27,-10.53,3,1
18053.578,0.385,0.402,0.872,-0.03,2.11,-7.75,3,1
18053.593,0.379,0.374,0.885,-3.57,-2.99,-4.97,3,1
18053.593,0.384,0.36,0.877,-6.01,-8.51,-3.36,3,1
18053.609,0.384,0.337,0.862,-7.48,-12.42,-2.2,3,1
18053.609,0.397,0.324,0.868,-7.97,-15.53,-1.92,3,1
18053.625,0.407,0.327,0.861,-6.35,-17.46,-1.65,3,1
18053.64,0.41,0.316,0.836,-4.67,-16.97,-0.76,3,1
18053.64,0.423,0.319,0.849,-2.56,-14.56,0.92,3,1
18053.656,0.443,0.323,0.862,0.58,-12.88,1.77,3,1
18053.656,0.441,0.313,0.818,0.4,-11.38,0.31,3,1
18053.671,0.414,0.327,0.82,-1.16,-8.12,-0.85,3,1
18053.687,0.43,0.303,0.825,0.67,-5.98,0.95,3,1
18053.687,0.456,0.304,0.802,1.5,-3.48,0.92,3,1
18053.703,0.45,0.313,0.793,0.76,1.68,0.09,3,1
18053.718,0.447,0.305,0.807,0.55,7.11,0.03,3,1
18053.734,0.45,0.315,0.792,-2.32,11.54,-4.03,3,1
18053.734,0.425,0.325,0.803,-8.36,11.57,-7.17,3,1
18053.75,0.394,0.339,0.883,-14.1,9.09,-8.12,3,1
18053.765,0.404,0.33,0.93,-14.92,1.56,-8.06,3,1
18053.781,0.432,0.298,0.883,-14.37,-5.34,-10.16,3,1
18053.781,0.428,0.266,0.83,-15.96,-7.08,-14.68,3,1
18053.796,0.436,0.242,0.79,-16.02,-5.04,-18.34,3,1
18053.796,0.45,0.24,0.809,-16.57,-1.74,-22.52,3,1
18053.812,0.435,0.246,0.819,-17.0,1.04,-28.17,3,1
18053.828,0.44,0.256,0.83,-21.12,1.04,-35.04,3,1
18053.828,0.437,0.263,0.85,-26.61,-0.7,-43.55,3,1
18053.843,0.426,0.265,0.863,-30.18,-2.38,-51.42,3,1
18053.859,0.428,0.277,0.872,-31.95,-3.85,-57.47,3,1
18053.859,0.41,0.289,0.883,-32.72,-4.67,-62.69,3,1
18053.875,0.384,0.311,0.912,-32.9,-6.68,-65.68,3,1
18053.875,0.375,0.321,0.926,-30.43,-9.34,-64.82,3,1
18053.906,0.356,0.321,0.918,-19.78,-12.36,-57.01,3,1
18053.921,0.35,0.335,0.905,-13.7,-13.28,-52.25,3,1
18053.921,0.332,0.34,0.879,-8.33,-12.88,-45.56,3,1
18053.937,0.338,0.344,0.864,-2.66,-12.15,-36.38,3,1
18053.937,0.357,0.364,0.85,2.56,-10.74,-28.32,3,1
18053.953,0.364,0.37,0.833,4.09,-8.24,-23.1,3,1
18053.968,0.372,0.353,0.82,2.69,-5.25,-19.14,3,1
18053.968,0.394,0.349,0.828,3.63,3.81,-14.16,3,1
18053.984,0.368,0.335,0.842,6.59,7.42,-7.97,3,1
18054.0,0.363,0.339,0.86,11.26,11.29,-1.5,3,1
18054.0,0.371,0.347,0.862,14.89,15.11,1.8,3,1
18054.015,0.345,0.337,0.892,17.76,17.27,4.09,3,1
18054.015,0.31,0.37,0.904,20.05,16.3,8.3,3,1
18054.031,0.294,0.409,0.909,21.03,12.97,14.77,3,1
18054.046,0.258,0.475,0.988,24.45,8.79,25.27,3,1
18054.046,0.215,0.523,1.059,35.07,2.04,43.31,3,1
18054.062,0.233,0.516,1.01,47.49,-6.16,66.47,3,1
18054.078,0.28,0.48,0.909,54.11,-11.9,85.51,3,1
18054.078,0.332,0.401,0.845,55.97,-14.04,95.31,3,1
18054.093,0.382,0.317,0.784,55.79,-11.87,98.88,3,1
18054.109,0.428,0.275,0.738,53.1,-7.32,96.9,3,1
18054.109,0.477,0.246,0.712,47.18,-1.86,88.6,3,1
18054.125,0.503,0.237,0.698,39.61,5.04,75.53,3,1
18054.125,0.513,0.257,0.693,31.62,13.49,64.3,3,1
18054.14,0.553,0.255,0.71,26.15,22.46,54.84,3,1
18054.156,0.586,0.246,0.713,22.92,30.52,41.35,3,1
18054.156,0.57,0.251,0.692,16.72,37.42,24.17,3,1
18054.171,0.534,0.254,0.701,7.6,43.52,9.43,3,1
18054.187,0.513,0.277,0.746,-1.53,47.55,-1.59,3,1
18054.203,0.46,0.331,0.853,-10.22,49.23,-10.07,3,1
18054.203,0.292,0.371,1.13,-13.86,39.25,-15.17,3,1
18054.218,0.355,0.306,1.111,-6.16,10.59,-16.33,3,1
18054.218,0.428,0.278,0.883,-2.84,-5.13,-22.77,3,1
18054.234,0.367,0.246,0.808,-3.14,-5.37,-30.64,3,1
18054.25,0.378,0.264,0.812,-5.31,-5.55,-34.36,3,1
18054.25,0.382,0.319,0.827,-4.49,-2.72,-34.79,3,1
18054.265,0.365,0.378,0.85,-1.62,0.73,-33.36,3,1
18054.265,0.367,0.44,0.873,-1.43,0.85,-30.85,3,1
18054.281,0.346,0.461,0.864,-3.91,-1.68,-29.88,3,1
18054.296,0.334,0.425,0.849,-8.09,-5.31,-27.89,3,1
18054.296,0.339,0.41,0.856,-10.47,-8.76,-24.75,3,1
18054.312,0.336,0.409,0.851,-10.59,-10.22,-20.94,3,1
18054.328,0.344,0.394,0.841,-11.54,-9.89,-17.06,3,1
18054.328,0.353,0.365,0.844,-12.48,-8.61,-14.8,3,1
18054.343,0.349,0.342,0.854,-11.35,-6.68,-13.7,3,1
18054.359,0.348,0.339,0.868,-8.15,-4.7,-11.51,3,1
18054.359,0.359,0.348,0.882,-3.57,-2.84,-8.51,3,1
18054.375,0.361,0.352,0.879,0.67,-1.77,-6.93,3,1
18054.375,0.361,0.356,0.863,2.59,-2.32,-6.32,3,1
18054.39,0.372,0.368,0.838,2.62,-3.42,-5.52,3,1
18054.406,0.387,0.368,0.83,0.85,-3.85,-5.34,3,1
18054.421,0.387,0.379,0.833,-0.15,-3.42,-5.71,3,1
18054.421,0.388,0.386,0.83,0.31,-2.11,-4.7,3,1
18054.437,0.378,0.37,0.843,-0.34,-1.13,-4.33,3,1
18054.437,0.368,0.379,0.863,0.92,-0.37,-2.96,3,1
18054.453,0.367,0.384,0.865,1.25,-0.4,-1.31,3,1
18054.468,0.369,0.349,0.853,1.1,-0.4,-1.28,3,1
18054.468,0.358,0.327,0.85,2.08,0.73,-1.46,3,1
18054.484,0.362,0.323,0.859,3.78,0.61,-1.89,3,1
18054.5,0.363,0.348,0.864,4.27,-0.03,-2.96,3,1
18054.5,0.366,0.373,0.858,3.45,-0.95,-4.33,3,1
18054.515,0.364,0.377,0.844,2.47,-1.8,-4.91,3,1
18054.515,0.364,0.378,0.836,1.89,-2.53,-4.21,3,1
18054.531,0.368,0.392,0.838,1.13,-2.9,-3.63,3,1
18054.546,0.36,0.409,0.858,-0.49,-2.5,-1.95,3,1
18054.546,0.367,0.386,0.862,-0.43,-2.44,0.4,3,1
18054.562,0.371,0.362,0.858,0.03,-3.23,1.83,3,1
18054.578,0.382,0.336,0.836,-0.4,-5.1,0.89,3,1
18054.578,0.389,0.349,0.826,-2.01,-5.8,-1.4,3,1
18054.593,0.39,0.365,0.816,-3.36,-4.94,-3.14,3,1
18054.609,0.389,0.384,0.821,-5.07,-3.27,-3.94,3,1
18054.609,0.376,0.395,0.837,-6.99,-2.17,-4.15,3,1
18054.625,0.366,0.405,0.857,-10.41,-3.57,-4.82,3,1
18054.64,0.366,0.421,0.838,-15.41,-5.22,-4.43,3,1
18054.64,0.371,0.416,0.817,-20.97,-4.24,-2.11,3,1
18054.656,0.369,0.412,0.833,-25.7,-2.41,0.03,3,1
18054.656,0.371,0.43,0.863,-30.52,-2.01,2.26,3,1
18054.671,0.357,0.4,0.845,-35.07,-2.5,3.72,3,1
18054.687,0.359,0.367,0.862,-38.97,-3.2,5.4,3,1
18054.703,0.366,0.308,0.86,-36.96,-4.52,6.65,3,1
18054.703,0.385,0.258,0.852,-32.59,-3.78,6.68,3,1
18054.718,0.382,0.208,0.87,-25.21,0.82,5.65,3,1
18054.718,0.37,0.171,0.891,-14.4,5.74,4.18,3,1
18054.734,0.364,0.167,0.912,-1.65,8.76,2.87,3,1
18054.75,0.341,0.165,0.926,13.0,9.19,1.59,3,1
18054.765,0.346,0.213,0.937,26.58,7.05,0.79,3,1
18054.765,0.358,0.257,0.932,40.13,4.21,2.01,3,1
18054.765,0.352,0.352,0.946,48.62,-1.25,2.84,3,1
18054.781,0.362,0.432,0.864,49.56,-9.16,2.84,3,1
18054.796,0.406,0.476,0.75,39.0,-10.07,3.54,3,1
18054.796,0.394,0.476,0.796,24.93,-4.12,3.94,3,1
18054.812,0.33,0.416,0.834,19.65,-1.19,6.9,3,1
18054.828,0.308,0.414,0.845,14.19,-4.12,12.45,3,1
18054.828,0.327,0.381,0.839,7.32,-9.58,16.08,3,1
18054.843,0.378,0.349,0.844,1.89,-12.27,17.55,3,1
18054.859,0.409,0.338,0.839,2.04,-10.68,17.73,3,1
18054.859,0.418,0.312,0.832,3.45,-9.19,14.65,3,1
18054.875,0.434,0.308,0.817,4.33,-8.12,10.35,3,1
18054.875,0.444,0.329,0.803,3.91,-6.23,5.16,3,1
18054.89,0.448,0.342,0.796,2.23,-3.48,0.4,3,1
18054.906,0.447,0.345,0.787,0.98,-0.73,-4.06,3,1
18054.906,0.453,0.374,0.786,0.76,3.11,-7.2,3,1
18054.921,0.43,0.404,0.802,-0.06,7.97,-8.94,3,1
18054.937,0.397,0.407,0.826,-2.72,10.62,-9.19,3,1
18054.937,0.372,0.404,0.833,-6.35,10.25,-8.3,3,1
18054.953,0.367,0.39,0.834,-13.0,7.11,-5.37,3,1
18054.968,0.37,0.374,0.84,-17.06,6.2,-4.43,3,1
18054.968,0.372,0.369,0.852,-20.45,4.73,-4.39,3,1
18054.984,0.361,0.355,0.863,-22.0,2.04,-4.55,3,1
18055.0,0.371,0.329,0.873,-21.61,-0.24,-4.43,3,1
18055.0,0.38,0.333,0.872,-20.57,-0.46,-4.09,3,1
18055.015,0.386,0.327,0.875,-18.19,0.7,-4.06,3,1
18055.015,0.374,0.309,0.874,-14.95,1.68,-4.55,3,1
18055.031,0.384,0.295,0.868,-11.9,1.92,-4.73,3,1
18055.046,0.393,0.308,0.865,-8.97,4.21,-5.1,3,1
18055.046,0.391,0.309,0.863,-5.16,7.17,-5.77,3,1
18055.062,0.39,0.3,0.872,-2.11,8.91,-7.26,3,1
18055.078,0.392,0.306,0.876,-0.4,9.55,-9.61,3,1
18055.078,0.384,0.323,0.863,0.03,9.25,-12.51,3,1
18055.093,0.381,0.328,0.871,0.64,9.58,-14.65,3,1
18055.109,0.374,0.338,0.86,1.37,9.4,-16.63,3,1
18055.109,0.333,0.355,0.867,0.89,9.34,-17.85,3,1
18055.125,0.304,0.38,0.934,1.28,7.08,-15.38,3,1
18055.125,0.318,0.377,0.941,3.57,1.31,-11.11,3,1
18055.14,0.316,0.352,0.902,5.28,-2.87,-8.06,3,1
18055.156,0.336,0.314,0.879,7.66,-4.49,-5.49,3,1
18055.156,0.348,0.304,0.864,9.49,-4.55,-4.76,3,1
18055.171,0.347,0.322,0.854,10.83,-3.54,-4.79,3,1
18055.187,0.355,0.348,0.854,10.9,-2.66,-4.64,3,1
18055.187,0.359,0.37,0.855,10.41,-2.44,-5.1,3,1
18055.203,0.355,0.382,0.853,9.67,-2.66,-5.22,3,1
18055.218,0.354,0.385,0.845,8.64,-2.87,-4.36,3,1
18055.218,0.35,0.381,0.831,6.68,-2.62,-3.54,3,1
18055.234,0.348,0.375,0.824,4.03,-1.98,-2.56,3,1
18055.25,0.349,0.375,0.831,1.56,-0.55,-0.76,3,1
18055.25,0.35,0.375,0.85,0.4,1.5,1.71,3,1
18055.265,0.35,0.363,0.866,0.37,2.99,3.17,3,1
18055.265,0.352,0.342,0.868,0.61,2.38,3.05,3,1
18055.281,0.354,0.337,0.858,0.76,1.07,2.17,3,1
18055.296,0.361,0.358,0.857,0.58,1.04,1.77,3,1
18055.312,0.359,0.364,0.852,0.82,1.83,1.65,3,1
18055.312,0.358,0.354,0.848,1.37,2.87,1.74,3,1
18055.328,0.358,0.358,0.853,1.53,3.97,2.35,3,1
18055.328,0.353,0.365,0.869,1.37,4.97,2.87,3,1
18055.343,0.341,0.361,0.877,2.2,5.28,3.63,3,1
18055.359,0.341,0.358,0.884,3.42,4.64,4.97,3,1
18055.359,0.345,0.355,0.884,4.58,3.23,5.49,3,1
18055.375,0.348,0.349,0.878,5.07,1.71,4.91,3,1
18055.39,0.346,0.344,0.866,5.34,0.12,3.51,3,1
18055.39,0.345,0.349,0.859,5.1,-0.92,2.2,3,1
18055.406,0.35,0.359,0.856,5.22,-1.28,2.23,3,1
18055.406,0.346,0.371,0.854,5.07,-1.04,2.5,3,1
18055.421,0.342,0.379,0.854,4.3,-0.34,3.66,3,1
18055.437,0.337,0.38,0.864,4.24,0.24,5.43,3,1
18055.437,0.334,0.38,0.867,5.52,0.37,8.15,3,1
18055.453,0.335,0.381,0.874,5.95,0.31,10.83,3,1
18055.468,0.347,0.382,0.875,7.32,0.34,13.55,3,1
18055.468,0.355,0.356,0.864,9.55,0.09,14.31,3,1
18055.484,0.359,0.347,0.855,10.1,-0.95,13.0,3,1
18055.5,0.361,0.348,0.848,8.3,-2.11,10.5,3,1
18055.5,0.369,0.345,0.847,5.86,-2.69,8.15,3,1
18055.515,0.376,0.34,0.845,4.39,-3.02,5.65,3,1
18055.531,0.378,0.339,0.839,3.75,-3.63,2.14,3,1
18055.531,0.377,0.356,0.837,1.92,-4.18,-1.01,3,1
18055.546,0.374,0.37,0.84,0.15,-4.52,-3.51,3,1
18055.546,0.37,0.382,0.834,-0.52,-4.46,-4.27,3,1
18055.562,0.366,0.383,0.83,-2.04,-4.46,-4.61,3,1
18055.578,0.364,0.383,0.842,-4.49,-4.3,-4.61,3,1
18055.578,0.36,0.38,0.848,-6.1,-4.06,-3.97,3,1
18055.593,0.358,0.369,0.849,-7.23,-3.88,-3.08,3,1
18055.609,0.36,0.351,0.855,-8.12,-4.0,-2.75,3,1
18055.609,0.363,0.338,0.858,-8.85,-4.52,-3.88,3,1
18055.625,0.362,0.341,0.861,-9.37,-5.62,-5.58,3,1
18055.625,0.362,0.348,0.867,-9.61,-6.74,-6.9,3,1
18055.64,0.367,0.343,0.865,-9.25,-7.87,-8.48,3,1
18055.656,0.372,0.336,0.866,-9.25,-9.58,-11.08,3,1
18055.656,0.372,0.33,0.877,-9.74,-11.72,-15.32,3,1
18055.671,0.363,0.335,0.885,-10.68,-14.71,-19.65,3,1
18055.687,0.353,0.334,0.89,-11.17,-17.58,-22.49,3,1
18055.687,0.352,0.331,0.888,-10.41,-20.14,-23.65,3,1
18055.703,0.356,0.337,0.874,-7.97,-20.78,-23.07,3,1
18055.718,0.363,0.35,0.864,-3.75,-18.68,-20.26,3,1
18055.718,0.37,0.361,0.858,1.28,-15.87,-17.33,3,1
18055.734,0.367,0.365,0.85,4.18,-13.92,-15.63,3,1
18055.75,0.365,0.368,0.842,4.43,-13.03,-14.65,3,1
18055.75,0.361,0.373,0.846,3.66,-12.76,-13.73,3,1
18055.765,0.363,0.375,0.847,2.62,-13.03,-12.39,3,1
18055.765,0.368,0.382,0.842,2.08,-12.73,-10.71,3,1
18055.781,0.374,0.386,0.839,2.35,-11.78,-8.45,3,1
18055.796,0.377,0.384,0.832,2.5,-10.9,-6.71,3,1
18055.796,0.379,0.381,0.826,2.32,-9.31,-5.22,3,1
18055.812,0.383,0.38,0.823,2.11,-7.57,-3.91,3,1
18055.828,0.386,0.374,0.829,1.4,-6.59,-3.72,3,1
18055.828,0.383,0.372,0.832,0.37,-6.5,-4.33,3,1
18055.843,0.383,0.37,0.832,-0.31,-6.04,-4.55,3,1
18055.859,0.383,0.369,0.834,-0.49,-5.83,-5.04,3,1
18055.859,0.381,0.374,0.84,-1.31,-6.16,-6.13,3,1
18055.875,0.375,0.374,0.843,-2.14,-6.56,-6.87,3,1
18055.89,0.372,0.372,0.845,-2.66,-6.99,-7.11,3,1
18055.89,0.37,0.375,0.84,-3.02,-7.29,-6.9,3,1
18055.906,0.373,0.377,0.843,-3.02,-7.23,-5.98,3,1
18055.906,0.379,0.383,0.853,-2.66,-7.45,-4.97,3,1
18055.921,0.376,0.386,0.85,-2.26,-8.27,-4.52,3,1
18055.937,0.381,0.383,0.849,-2.32,-9.13,-3.66,3,1
18055.937,0.388,0.379,0.846,-2.41,-9.0,-2.11,3,1
18055.953,0.396,0.359,0.834,-2.26,-8.06,-2.84,3,1
18055.968,0.397,0.349,0.826,-1.95,-7.26,-3.91,3,1
18055.984,0.407,0.344,0.83,-1.95,-5.8,-5.37,3,1
18055.984,0.403,0.352,0.838,-1.86,-4.36,-7.29,3,1
18055.984,0.392,0.358,0.839,-1.37,-3.51,-8.48,3,1
18056.015,0.39,0.363,0.839,-0.64,-2.9,-8.61,3,1
18056.015,0.386,0.368,0.84,0.43,-2.29,-8.45,3,1
18056.031,0.382,0.373,0.838,0.76,-1.95,-8.27,3,1
18056.031,0.381,0.373,0.826,0.4,-1.71,-8.15,3,1
18056.046,0.382,0.379,0.835,-0.43,-0.92,-7.72,3,1
18056.046,0.377,0.386,0.838,0.09,-0.03,-6.53,3,1
18056.062,0.383,0.391,0.84,0.58,0.43,-4.67,3,1
18056.078,0.378,0.393,0.842,0.15,0.76,-3.66,3,1
18056.078,0.374,0.38,0.838,-0.31,0.46,-2.62,3,1
18056.093,0.379,0.374,0.835,-0.85,-0.27,-1.89,3,1
18056.109,0.383,0.374,0.836,-1.5,-0.82,-2.08,3,1
18056.109,0.383,0.378,0.839,-1.86,-1.34,-2.32,3,1
18056.125,0.385,0.374,0.835,-2.01,-1.77,-2.32,3,1
18056.14,0.39,0.373,0.832,-2.38,-1.77,-2.35,3,1
18056.14,0.394,0.369,0.836,-2.5,-1.1,-2.47,3,1
18056.156,0.392,0.362,0.84,-1.98,-0.06,-2.59,3,1
18056.156,0.39,0.36,0.854,-1.37,0.64,-2.78,3,1
18056.171,0.389,0.348,0.859,0.0,0.55,-3.45,3,1
18056.187,0.385,0.346,0.848,0.98,-0.09,-5.01,3,1
18056.203,0.38,0.356,0.845,1.19,-0.46,-6.62,3,1
18056.203,0.378,0.367,0.839,1.71,-0.89,-7.32,3,1
18056.218,0.377,0.383,0.832,1.5,-1.43,-7.9,3,1
18056.218,0.373,0.396,0.83,0.31,-2.04,-8.03,3,1
18056.234,0.366,0.4,0.849,-0.98,-2.93,-7.39,3,1
18056.25,0.369,0.367,0.831,-4.24,-5.37,-7.81,3,1
18056.25,0.386,0.367,0.834,-6.1,-5.49,-8.82,3,1
18056.265,0.374,0.379,0.851,-2.78,-3.66,-7.08,3,1
18056.281,0.381,0.363,0.838,-0.67,-4.27,-6.65,3,1
18056.281,0.379,0.372,0.847,-0.73,-3.51,-6.62,3,1
18056.296,0.379,0.377,0.853,0.06,-3.33,-6.5,3,1
18056.296,0.384,0.372,0.842,2.04,-3.14,-5.62,3,1
18056.312,0.386,0.371,0.845,4.24,-1.77,-4.61,3,1
18056.328,0.383,0.379,0.847,7.23,-0.31,-3.36,3,1
18056.328,0.382,0.374,0.84,8.85,0.55,-2.35,3,1
18056.343,0.379,0.365,0.83,8.33,0.76,-2.66,3,1
18056.359,0.378,0.385,0.826,6.35,-0.06,-3.69,3,1
18056.359,0.381,0.403,0.827,3.97,-0.73,-4.36,3,1
18056.375,0.378,0.405,0.819,2.08,-1.07,-4.15,3,1
18056.375,0.377,0.404,0.818,-0.31,-1.46,-4.15,3,1
18056.39,0.376,0.401,0.819,-2.87,-1.77,-4.39,3,1
18056.406,0.371,0.403,0.825,-4.67,-1.25,-3.57,3,1
18056.406,0.376,0.395,0.847,-5.4,-0.21,-1.8,3,1
18056.421,0.37,0.384,0.869,-5.19,0.61,-0.92,3,1
18056.437,0.364,0.364,0.879,-3.3,0.21,-0.95,3,1
18056.437,0.358,0.372,0.872,-1.16,-1.34,-0.46,3,1
18056.453,0.369,0.389,0.857,-0.7,-3.81,-0.12,3,1
18056.468,0.364,0.405,0.811,-3.08,-5.98,-1.01,3,1
18056.468,0.381,0.444,0.764,-10.13,-6.38,-1.56,3,1
18056.484,0.405,0.472,0.751,-21.3,-3.69,-0.98,3,1
18056.5,0.411,0.469,0.769,-33.48,0.4,-0.46,3,1
18056.5,0.421,0.443,0.823,-42.85,4.33,1.28,3,1
18056.515,0.405,0.373,0.892,-45.26,8.12,2.69,3,1
18056.515,0.381,0.306,0.949,-37.72,9.03,3.69,3,1
18056.531,0.383,0.272,0.907,-25.36,7.14,4.58,3,1
18056.546,0.38,0.254,0.893,-14.68,7.39,2.53,3,1
18056.562,0.356,0.221,0.887,-4.27,7.45,-0.15,3,1
18056.578,0.361,0.238,0.861,2.44,6.9,-1.74,3,1
18056.578,0.352,0.255,0.845,6.78,7.2,-3.08,3,1
18056.593,0.343,0.256,0.845,10.65,7.17,-4.3,3,1
18056.593,0.336,0.271,0.845,16.36,6.23,-5.62,3,1
18056.609,0.331,0.307,0.853,24.29,2.99,-6.71,3,1
18056.609,0.33,0.34,0.857,31.13,-2.59,-6.9,3,1
18056.625,0.337,0.376,0.857,34.7,-8.36,-6.74,3,1
18056.625,0.347,0.423,0.832,34.18,-13.18,-5.92,3,1
18056.64,0.38,0.473,0.799,28.2,-13.37,-3.23,3,1
18056.656,0.401,0.459,0.831,19.41,-7.26,-0.98,3,1
18056.671,0.404,0.377,0.836,14.37,2.08,-0.03,3,1
18056.671,0.368,0.333,0.838,15.66,8.94,0.0,3,1
18056.687,0.369,0.33,0.854,19.56,10.22,0.03,3,1
18056.687,0.367,0.37,0.863,23.38,9.25,-0.4,3,1
18056.703,0.363,0.422,0.85,24.57,7.84,0.4,3,1
18056.718,0.364,0.46,0.827,21.33,5.86,1.16,3,1
18056.718,0.362,0.475,0.81,16.11,4.27,1.59,3,1
18056.734,0.353,0.472,0.799,10.07,2.72,2.72,3,1
18056.75,0.358,0.46,0.803,3.97,1.34,4.09,3,1
18056.75,0.358,0.439,0.804,-1.28,0.49,5.04,3,1
18056.765,0.361,0.42,0.82,-5.65,-0.15,5.28,3,1
18056.781,0.364,0.403,0.836,-7.72,-0.67,4.94,3,1
18056.781,0.365,0.382,0.838,-8.27,-0.49,4.55,3,1
18056.796,0.373,0.367,0.863,-7.57,-0.06,4.12,3,1
18056.796,0.374,0.369,0.875,-5.74,-0.43,2.17,3,1
18056.812,0.364,0.365,0.868,-4.82,-2.32,-0.18,3,1
18056.828,0.374,0.366,0.853,-4.46,-4.36,-1.83,3,1
18056.828,0.371,0.355,0.845,-4.21,-6.38,-4.3,3,1
18056.843,0.381,0.344,0.826,-5.98,-8.91,-9.25,3,1
18056.859,0.379,0.382,0.827,-5.89,-8.18,-12.33,3,1
18056.875,0.376,0.402,0.83,-4.7,-6.68,-12.33,3,1
18056.875,0.372,0.415,0.847,-2.62,-4.88,-11.11,3,1
18056.89,0.361,0.433,0.856,1.37,-3.17,-8.3,3,1
18056.89,0.357,0.435,0.846,4.79,-1.86,-3.91,3,1
18056.906,0.35,0.417,0.843,5.46,-0.7,-0.12,3,1
18056.906,0.346,0.384,0.833,4.21,-1.16,0.89,3,1
18056.921,0.345,0.383,0.821,-0.52,-3.2,1.53,3,1
18056.937,0.356,0.4,0.823,-2.87,-2.9,2.29,3,1
18056.937,0.36,0.414,0.826,-5.1,-2.69,2.78,3,1
18056.953,0.365,0.411,0.824,-7.08,-2.66,2.93,3,1
18056.968,0.378,0.388,0.826,-8.09,-2.35,2.96,3,1
18056.968,0.381,0.375,0.835,-7.87,-1.31,2.66,3,1
18056.984,0.383,0.367,0.844,-6.07,0.09,2.26,3,1
18057.0,0.384,0.361,0.853,-3.27,1.25,1.95,3,1
18057.0,0.381,0.358,0.861,0.15,2.2,1.43,3,1
18057.015,0.374,0.36,0.859,3.91,3.05,0.95,3,1
18057.015,0.37,0.367,0.851,7.17,3.66,0.73,3,1
18057.031,0.367,0.374,0.851,9.22,3.72,0.09,3,1
18057.046,0.363,0.388,0.851,9.8,3.11,-0.61,3,1
18057.046,0.36,0.402,0.841,10.22,2.32,-0.49,3,1
18057.062,0.358,0.409,0.827,9.55,1.77,0.0,3,1
18057.078,0.359,0.413,0.822,7.11,1.04,-0.15,3,1
18057.093,0.358,0.414,0.814,4.24,0.06,-0.55,3,1
18057.093,0.362,0.423,0.824,1.43,-0.37,-0.03,3,1
18057.109,0.36,0.43,0.835,-0.76,-0.34,0.89,3,1
18057.109,0.354,0.416,0.833,-2.2,-0.24,1.98,3,1
18057.125,0.349,0.396,0.828,-1.95,0.7,3.91,3,1
18057.14,0.351,0.392,0.83,-0.37,2.66,7.57,3,1
18057.14,0.356,0.396,0.847,1.43,4.18,10.01,3,1
18057.156,0.353,0.394,0.858,2.11,4.33,10.44,3,1
18057.156,0.344,0.393,0.859,1.65,2.9,10.65,3,1
18057.171,0.348,0.391,0.857,2.53,1.28,11.75,3,1
18057.187,0.354,0.403,0.855,4.21,0.0,13.06,3,1
18057.187,0.356,0.411,0.857,3.97,-2.11,13.18,3,1
18057.203,0.353,0.408,0.85,1.89,-4.97,12.36,3,1
18057.218,0.352,0.413,0.854,0.03,-7.87,12.02,3,1
18057.218,0.338,0.424,0.876,-0.43,-11.6,12.42,3,1
18057.234,0.357,0.42,0.904,-2.5,-18.01,12.27,3,1
18057.25,0.344,0.411,0.891,-2.87,-25.82,9.67,3,1
18057.25,0.34,0.398,0.863,-5.16,-32.29,8.48,3,1
18057.265,0.368,0.363,0.86,-11.11,-40.41,4.85,3,1
18057.281,0.371,0.346,0.849,-15.41,-45.69,0.03,3,1
18057.281,0.38,0.351,0.823,-19.71,-50.11,-4.46,3,1
18057.296,0.405,0.368,0.796,-25.36,-52.06,-7.57,3,1
18057.296,0.442,0.376,0.758,-30.21,-49.26,-9.55,3,1
18057.312,0.464,0.361,0.73,-32.47,-41.96,-10.19,3,1
18057.328,0.475,0.364,0.756,-32.84,-32.65,-9.92,3,1
18057.328,0.467,0.365,0.788,-29.18,-25.21,-9.28,3,1
18057.343,0.445,0.38,0.845,-23.9,-20.14,-7.29,3,1
18057.359,0.438,0.369,0.897,-16.51,-19.71,-3.27,3,1
18057.359,0.443,0.351,0.878,-9.43,-22.1,0.15,3,1
18057.375,0.444,0.326,0.822,-4.52,-23.68,1.04,3,1
18057.375,0.459,0.308,0.789,-1.98,-23.19,-0.03,3,1
18057.39,0.462,0.303,0.781,0.37,-21.21,-1.68,3,1
18057.406,0.455,0.306,0.784,2.56,-18.74,-1.98,3,1
18057.421,0.45,0.319,0.792,3.2,-16.66,-1.98,3,1
18057.421,0.453,0.352,0.807,4.61,-14.56,-0.67,3,1
18057.437,0.426,0.37,0.836,8.39,-11.75,2.41,3,1
18057.437,0.402,0.374,0.864,15.66,-9.49,9.0,3,1
18057.453,0.414,0.409,0.873,22.86,-10.1,18.07,3,1
18057.468,0.446,0.424,0.842,26.76,-10.86,25.73,3,1
18057.468,0.492,0.401,0.786,30.82,-5.89,32.17,3,1
18057.484,0.491,0.371,0.701,36.99,5.07,37.78,3,1
18057.5,0.502,0.342,0.652,41.26,17.06,42.45,3,1
18057.5,0.522,0.333,0.63,43.89,32.14,45.38,3,1
18057.515,0.518,0.349,0.616,43.09,48.92,45.93,3,1
18057.531,0.514,0.375,0.672,36.71,61.71,42.94,3,1
18057.531,0.512,0.401,0.717,28.32,68.36,36.5,3,1
18057.546,0.494,0.423,0.71,21.0,74.95,31.46,3,1
18057.562,0.474,0.41,0.746,16.63,82.03,28.9,3,1
18057.562,0.457,0.391,0.771,14.44,85.76,25.12,3,1
18057.578,0.43,0.382,0.792,9.13,86.06,20.14,3,1
18057.578,0.408,0.351,0.821,1.86,81.73,12.39,3,1
18057.593,0.381,0.342,0.86,-7.78,74.07,3.11,3,1
18057.609,0.273,0.363,1.023,-16.85,62.32,-5.43,3,1
18057.609,0.152,0.379,1.299,-20.08,33.2,-6.16,3,1
18057.625,0.3,0.312,1.187,-16.14,-8.7,-5.1,3,1
18057.64,0.375,0.277,0.95,-9.16,-28.6,-12.36,3,1
18057.64,0.358,0.285,0.865,-2.11,-34.03,-19.44,3,1
18057.656,0.36,0.32,0.844,2.87,-35.71,-22.28,3,1
18057.656,0.354,0.374,0.845,6.13,-35.43,-21.45,3,1
18057.671,0.339,0.397,0.828,2.56,-36.9,-20.29,3,1
18057.687,0.369,0.426,0.833,-2.9,-37.66,-15.69,3,1
18057.703,0.387,0.417,0.818,-1.74,-34.52,-9.64,3,1
18057.703,0.401,0.388,0.791,2.17,-30.27,-4.79,3,1
18057.718,0.413,0.381,0.773,4.76,-25.73,-1.83,3,1
18057.718,0.429,0.38,0.787,5.37,-21.39,-0.12,3,1
18057.734,0.449,0.38,0.793,7.29,-16.91,1.04,3,1
18057.75,0.458,0.382,0.783,11.63,-10.68,2.5,3,1
18057.75,0.456,0.368,0.79,15.99,-4.88,3.36,3,1
18057.765,0.448,0.359,0.799,18.25,-1.22,2.35,3,1
18057.765,0.44,0.366,0.797,18.04,0.43,0.09,3,1
18057.781,0.426,0.385,0.788,15.9,0.73,-2.35,3,1
18057.796,0.425,0.411,0.79,13.43,0.98,-3.23,3,1
18057.812,0.413,0.437,0.805,11.32,0.82,-3.08,3,1
18057.812,0.394,0.444,0.812,8.55,-0.76,-2.23,3,1
18057.828,0.391,0.436,0.818,4.61,-4.24,-1.37,3,1
18057.828,0.392,0.431,0.818,0.67,-7.05,-0.27,3,1
18057.843,0.395,0.418,0.804,-2.44,-9.13,0.34,3,1
18057.859,0.4,0.402,0.781,-5.46,-10.13,0.37,3,1
18057.859,0.405,0.394,0.772,-7.54,-8.45,1.1,3,1
18057.875,0.415,0.399,0.77,-8.94,-5.13,3.05,3,1
18057.89,0.434,0.403,0.767,-11.96,-2.23,3.81,3,1
18057.89,0.445,0.405,0.783,-15.38,1.37,3.39,3,1
18057.906,0.424,0.4,0.802,-16.75,4.85,3.88,3,1
18057.906,0.418,0.395,0.808,-18.83,4.18,4.43,3,1
18057.921,0.419,0.383,0.829,-18.19,3.08,3.23,3,1
18057.937,0.424,0.37,0.83,-16.24,3.6,2.66,3,1
18057.937,0.433,0.369,0.799,-15.2,5.52,3.39,3,1
18057.953,0.432,0.391,0.797,-15.69,8.73,4.76,3,1
18057.968,0.429,0.422,0.802,-19.17,11.17,5.74,3,1
18057.968,0.43,0.436,0.824,-24.2,12.15,6.01,3,1
18057.984,0.396,0.404,0.845,-27.19,13.31,6.68,3,1
18058.0,0.385,0.357,0.852,-28.5,11.84,7.72,3,1
18058.0,0.398,0.312,0.862,-28.53,8.67,6.96,3,1
18058.015,0.416,0.267,0.85,-26.46,6.96,4.58,3,1
18058.015,0.393,0.246,0.907,-20.6,6.93,1.68,3,1
18058.031,0.394,0.23,0.894,-10.19,4.73,0.34,3,1
18058.062,0.422,0.271,0.896,-4.94,5.04,-0.52,3,1
18058.062,0.4,0.265,0.907,1.31,5.86,-2.78,3,1
18058.062,0.395,0.27,0.879,8.18,4.7,-4.49,3,1
18058.078,0.399,0.298,0.871,13.37,3.14,-5.77,3,1
18058.078,0.371,0.324,0.876,18.16,1.46,-6.56,3,1
18058.093,0.35,0.357,0.858,21.36,-1.43,-4.64,3,1
18058.109,0.362,0.373,0.841,21.7,-5.04,-1.46,3,1
18058.109,0.369,0.384,0.847,20.39,-8.7,0.7,3,1
18058.125,0.378,0.393,0.864,18.92,-13.06,2.5,3,1
18058.14,0.365,0.38,0.855,18.04,-19.1,3.78,3,1
18058.14,0.407,0.367,0.778,13.12,-23.04,3.75,3,1
18058.156,0.413,0.368,0.763,5.49,-21.79,1.8,3,1
18058.171,0.45,0.35,0.778,1.43,-18.8,1.37,3,1
18058.171,0.485,0.375,0.762,-0.27,-13.76,-0.18,3,1
18058.187,0.466,0.409,0.751,-4.15,-5.86,-2.08,3,1
18058.187,0.463,0.404,0.799,-7.39,0.73,-1.34,3,1
18058.203,0.454,0.397,0.816,-7.26,3.6,-1.46,3,1
18058.218,0.432,0.377,0.813,-7.02,4.06,-1.62,3,1
18058.218,0.438,0.357,0.82,-8.33,3.94,-1.98,3,1
18058.234,0.432,0.353,0.84,-8.91,4.91,-3.27,3,1
18058.25,0.422,0.34,0.845,-6.99,5.55,-4.12,3,1
18058.25,0.421,0.327,0.817,-5.46,5.68,-5.37,3,1
18058.265,0.436,0.321,0.798,-5.07,7.72,-6.93,3,1
18058.265,0.44,0.345,0.793,-4.64,12.39,-8.73,3,1
18058.281,0.431,0.353,0.801,-5.25,17.58,-9.86,3,1
18058.296,0.422,0.352,0.812,-7.17,20.51,-11.47,3,1
18058.296,0.418,0.344,0.822,-8.67,21.94,-12.94,3,1
18058.312,0.412,0.349,0.855,-10.01,22.61,-14.47,3,1
18058.328,0.394,0.36,0.87,-9.67,22.22,-15.53,3,1
18058.328,0.389,0.351,0.859,-8.88,20.87,-16.27,3,1
18058.343,0.383,0.338,0.863,-7.78,19.96,-16.97,3,1
18058.359,0.366,0.34,0.869,-5.28,19.17,-17.0,3,1
18058.359,0.353,0.356,0.872,-3.3,18.4,-15.2,3,1
18058.375,0.35,0.368,0.884,-1.01,18.19,-12.54,3,1
18058.39,0.337,0.371,0.885,1.89,17.64,-10.01,3,1
18058.39,0.334,0.364,0.89,3.78,15.9,-7.11,3,1
18058.406,0.344,0.36,0.878,4.43,13.25,-5.46,3,1
18058.406,0.35,0.361,0.872,4.61,11.96,-5.22,3,1
18058.421,0.328,0.356,0.862,5.07,11.17,-5.28,3,1
18058.437,0.344,0.372,0.852,2.84,9.49,-3.27,3,1
18058.437,0.358,0.379,0.839,2.08,8.91,-2.14,3,1
18058.453,0.359,0.379,0.828,0.79,9.34,-2.47,3,1
18058.468,0.347,0.383,0.841,-2.17,9.83,-2.75,3,1
18058.468,0.347,0.378,0.84,-4.91,8.76,-2.93,3,1
18058.484,0.348,0.379,0.84,-7.81,8.88,-2.84,3,1
18058.5,0.341,0.372,0.853,-8.67,10.38,-1.25,3,1
18058.5,0.354,0.356,0.856,-7.75,12.45,0.76,3,1
18058.515,0.356,0.347,0.871,-5.37,14.98,1.71,3,1
18058.531,0.33,0.342,0.9,-2.72,15.53,1.19,3,1
18058.531,0.315,0.336,0.943,-1.1,11.26,0.12,3,1
18058.546,0.298,0.331,0.961,1.13,3.72,-1.65,3,1
18058.546,0.315,0.325,0.928,3.17,-4.94,-3.3,3,1
18058.562,0.334,0.342,0.86,5.07,-9.31,-3.97,3,1
18058.578,0.359,0.361,0.827,5.04,-7.93,-3.51,3,1
18058.593,0.357,0.357,0.819,4.46,-4.24,-3.63,3,1
18058.593,0.346,0.362,0.823,2.81,-1.34,-4.03,3,1
18058.609,0.346,0.383,0.845,-0.34,0.49,-4.03,3,1
18058.609,0.339,0.389,0.861,-2.53,1.22,-3.54,3,1
18058.625,0.328,0.385,0.874,-3.85,0.92,-2.72,3,1
18058.625,0.323,0.375,0.891,-4.73,-0.7,-1.8,3,1
18058.64,0.321,0.364,0.91,-4.7,-3.57,-1.1,3,1
18058.656,0.319,0.37,0.903,-4.79,-7.26,-0.76,3,1
18058.671,0.327,0.361,0.87,-5.13,-10.62,-1.13,3,1
18058.671,0.336,0.36,0.856,-6.13,-11.17,-1.04,3,1
18058.687,0.335,0.363,0.849,-5.65,-9.83,-0.4,3,1
18058.687,0.338,0.359,0.842,-5.1,-8.45,0.52,3,1
18058.703,0.345,0.344,0.845,-5.34,-7.11,1.07,3,1
18058.718,0.346,0.331,0.862,-4.88,-5.95,1.01,3,1
18058.718,0.346,0.329,0.876,-3.45,-5.55,0.98,3,1
18058.734,0.358,0.332,0.869,-2.2,-4.85,1.25,3,1
18058.75,0.366,0.336,0.869,-0.73,-2.84,1.43,3,1
18058.75,0.36,0.33,0.869,2.11,-0.95,1.37,3,1
18058.765,0.354,0.34,0.878,4.58,-0.21,1.86,3,1
18058.765,0.346,0.359,0.87,6.59,0.0,2.69,3,1
18058.781,0.341,0.375,0.851,7.75,0.18,3.97,3,1
18058.796,0.343,0.367,0.836,8.06,1.01,5.65,3,1
18058.812,0.346,0.376,0.83,7.26,3.17,7.97,3,1
18058.812,0.349,0.394,0.836,5.31,5.01,9.89,3,1
18058.828,0.355,0.384,0.844,1.86,5.92,10.22,3,1
18058.828,0.351,0.379,0.862,-2.32,6.04,9.92,3,1
18058.843,0.341,0.373,0.888,-5.4,4.52,9.37,3,1
18058.859,0.335,0.362,0.875,-7.35,1.83,8.58,3,1
18058.859,0.35,0.342,0.856,-9.4,0.12,7.69,3,1
18058.875,0.355,0.333,0.865,-11.2,0.52,6.47,3,1
18058.875,0.362,0.326,0.892,-10.16,0.92,4.94,3,1
18058.89,0.35,0.333,0.887,-4.76,1.65,3.91,3,1
18058.906,0.354,0.334,0.885,-2.38,3.02,3.78,3,1
18058.906,0.359,0.322,0.86,-1.65,4.85,2.32,3,1
18058.921,0.379,0.323,0.849,-3.17,7.57,-0.52,3,1
18058.937,0.359,0.362,0.854,-5.65,8.45,-3.3,3,1
18058.937,0.347,0.392,0.831,-9.95,7.39,-4.36,3,1
18058.953,0.332,0.411,0.837,-15.72,6.29,-3.42,3,1
18058.968,0.317,0.404,0.83,-20.17,4.94,-0.52,3,1
18058.968,0.321,0.368,0.83,-25.06,4.55,2.38,3,1
18058.984,0.29,0.329,0.888,-27.04,4.15,4.33,3,1
18059.0,0.302,0.271,0.9,-24.81,1.98,6.96,3,1
18059.0,0.306,0.238,0.941,-19.47,0.7,7.9,3,1
18059.015,0.3,0.193,0.963,-9.64,-2.11,7.9,3,1
18059.015,0.324,0.187,0.968,0.4,-6.53,7.32,3,1
18059.031,0.357,0.193,0.924,9.98,-10.47,4.85,3,1
18059.046,0.396,0.252,0.896,17.12,-8.15,3.51,3,1
18059.046,0.39,0.299,0.901,23.47,-1.28,2.2,3,1
18059.062,0.354,0.33,0.894,26.67,2.17,0.06,3,1
18059.078,0.354,0.356,0.836,26.43,1.59,-0.64,3,1
18059.078,0.329,0.394,0.844,22.92,1.92,-1.01,3,1
18059.093,0.293,0.389,0.877,21.27,-0.03,1.71,3,1
18059.109,0.299,0.398,0.899,17.33,-6.47,4.43,3,1
18059.109,0.3,0.415,0.907,12.6,-13.89,5.49,3,1
18059.125,0.294,0.403,0.867,8.33,-21.67,6.13,3,1
18059.14,0.321,0.44,0.76,-1.07,-26.95,7.51,3,1
18059.14,0.354,0.465,0.725,-18.56,-25.3,9.34,3,1
18059.156,0.368,0.436,0.748,-33.33,-19.41,11.57,3,1
18059.156,0.378,0.402,0.773,-41.02,-13.98,14.47,3,1
18059.171,0.398,0.387,0.794,-46.08,-9.92,17.12,3,1
18059.187,0.402,0.355,0.829,-50.36,-6.65,17.37,3,1
18059.187,0.402,0.288,0.865,-50.69,-4.79,15.99,3,1
18059.203,0.408,0.251,0.894,-46.72,-3.48,14.5,3,1
18059.218,0.398,0.215,0.909,-41.38,-1.95,12.3,3,1
18059.234,0.392,0.19,0.931,-35.4,-0.43,11.02,3,1
18059.234,0.392,0.165,0.946,-27.56,0.43,9.64,3,1
18059.25,0.391,0.147,0.95,-20.14,0.76,7.11,3,1
18059.25,0.392,0.152,0.959,-13.12,1.16,3.72,3,1
18059.265,0.387,0.152,0.951,-4.27,1.22,-0.21,3,1
18059.281,0.386,0.197,0.941,3.36,1.5,-2.84,3,1
18059.281,0.384,0.237,0.917,10.22,2.11,-4.36,3,1
18059.296,0.379,0.261,0.877,14.83,3.36,-4.85,3,1
18059.296,0.376,0.28,0.856,16.51,5.68,-4.33,3,1
18059.312,0.372,0.304,0.866,15.63,7.57,-3.39,3,1
18059.328,0.362,0.321,0.865,12.42,8.36,-2.62,3,1
18059.328,0.363,0.319,0.846,8.42,8.61,-1.92,3,1
18059.343,0.371,0.301,0.855,5.1,9.34,-1.07,3,1
18059.359,0.372,0.293,0.873,3.42,10.22,-1.01,3,1
18059.359,0.365,0.284,0.889,3.02,11.35,-0.7,3,1
18059.375,0.362,0.264,0.89,4.18,11.81,-0.61,3,1
18059.39,0.36,0.262,0.897,6.2,12.39,-1.04,3,1
18059.39,0.355,0.269,0.899,8.85,13.06,-1.4,3,1
18059.406,0.35,0.284,0.896,10.77,13.31,-1.56,3,1
18059.406,0.346,0.299,0.876,11.35,12.91,-2.08,3,1
18059.421,0.342,0.318,0.86,9.74,13.12,-2.01,3,1
18059.437,0.339,0.323,0.859,6.74,14.31,-1.16,3,1
18059.437,0.343,0.324,0.866,4.3,15.05,-0.73,3,1
18059.453,0.327,0.339,0.878,1.74,15.14,0.34,3,1
18059.468,0.325,0.338,0.877,-1.37,14.74,2.5,3,1
18059.468,0.334,0.319,0.887,-3.75,14.71,4.43,3,1
18059.484,0.332,0.296,0.903,-3.69,15.11,5.86,3,1
18059.5,0.331,0.28,0.918,-2.04,15.14,7.08,3,1
18059.5,0.338,0.273,0.909,0.55,15.05,7.97,3,1
18059.515,0.343,0.269,0.895,4.55,15.99,8.27,3,1
18059.515,0.336,0.28,0.907,7.42,17.4,8.24,3,1
18059.531,0.326,0.29,0.905,8.21,17.06,7.63,3,1
18059.546,0.313,0.301,0.91,7.75,16.02,7.11,3,1
18059.546,0.314,0.289,0.912,6.99,13.73,6.53,3,1
18059.562,0.32,0.283,0.905,6.71,11.02,5.13,3,1
18059.578,0.314,0.286,0.913,6.53,9.13,3.66,3,1
18059.578,0.306,0.288,0.928,6.68,6.71,1.86,3,1
18059.593,0.306,0.295,0.932,6.84,3.27,-0.27,3,1
18059.609,0.285,0.303,0.942,6.78,-0.55,-2.75,3,1
18059.609,0.262,0.314,0.94,7.11,-5.62,-2.41,3,1
18059.625,0.271,0.324,0.928,7.81,-10.47,0.24,3,1
18059.64,0.277,0.333,0.885,8.82,-12.79,2.9,3,1
18059.64,0.274,0.38,0.903,9.22,-12.82,7.54,3,1
18059.656,0.257,0.365,0.967,9.06,-15.53,14.92,3,1
18059.656,0.268,0.302,0.967,6.68,-25.33,16.91,3,1
18059.671,0.306,0.282,0.944,4.55,-33.08,17.4,3,1
18059.687,0.336,0.265,0.903,6.44,-35.34,17.46,3,1
18059.703,0.343,0.266,0.904,9.89,-34.58,16.66,3,1
18059.703,0.333,0.284,0.919,14.19,-34.88,16.05,3,1
18059.718,0.326,0.312,0.925,15.11,-38.45,16.08,3,1
18059.718,0.335,0.32,0.909,13.73,-45.11,15.78,3,1
18059.734,0.365,0.318,0.876,12.18,-50.75,15.69,3,1
18059.75,0.395,0.317,0.839,10.53,-51.67,15.14,3,1
18059.75,0.433,0.299,0.81,9.37,-48.01,14.28,3,1
18059.765,0.473,0.275,0.801,10.22,-40.41,12.24,3,1
18059.781,0.487,0.256,0.766,11.99,-30.37,8.45,3,1
18059.781,0.486,0.269,0.74,12.79,-19.26,4.33,3,1
18059.796,0.488,0.284,0.733,12.3,-8.3,0.76,3,1
18059.796,0.506,0.292,0.73,10.1,2.44,-2.5,3,1
18059.812,0.507,0.316,0.722,7.02,12.85,-6.32,3,1
18059.828,0.465,0.346,0.763,3.39,22.13,-10.32,3,1
18059.828,0.337,0.372,0.957,1.89,25.06,-9.55,3,1
18059.843,0.375,0.29,0.997,4.18,13.21,-5.52,3,1
18059.859,0.357,0.277,0.961,6.2,4.67,-6.93,3,1
18059.859,0.368,0.249,0.903,14.74,2.69,-6.1,3,1
18059.875,0.388,0.236,0.864,28.5,8.36,-7.66,3,1
18059.89,0.39,0.266,0.81,32.5,16.48,-5.68,3,1
18059.89,0.394,0.341,0.814,32.23,21.39,-4.58,3,1
18059.906,0.394,0.369,0.811,28.47,23.56,-5.4,3,1
18059.906,0.367,0.419,0.809,23.59,24.05,-4.27,3,1
18059.921,0.356,0.427,0.814,18.01,23.1,-2.78,3,1
18059.937,0.348,0.423,0.818,10.65,20.91,-1.71,3,1
18059.937,0.341,0.414,0.85,3.72,17.85,-0.89,3,1
18059.953,0.324,0.41,0.892,-1.22,13.86,0.34,3,1
18059.968,0.319,0.383,0.923,-3.63,7.14,1.34,3,1
18059.968,0.325,0.337,0.884,-4.55,0.0,0.92,3,1
18059.984,0.352,0.315,0.847,-5.65,-2.23,0.12,3,1
18060.0,0.359,0.326,0.866,-3.66,0.58,0.52,3,1
18060.0,0.359,0.332,0.87,1.01,2.78,1.28,3,1
18060.015,0.367,0.353,0.855,2.14,3.39,1.25,3,1
18060.015,0.37,0.364,0.853,1.83,3.88,0.92,3,1
18060.031,0.365,0.375,0.855,1.28,3.85,1.01,3,1
18060.046,0.363,0.374,0.848,0.34,2.87,0.76,3,1
18060.046,0.36,0.373,0.837,-1.98,1.65,0.06,3,1
18060.062,0.367,0.387,0.822,-5.52,1.5,-0.37,3,1
18060.078,0.35,0.417,0.852,-9.89,1.8,0.31,3,1
18060.078,0.338,0.41,0.833,-16.36,-0.73,0.34,3,1
18060.093,0.351,0.409,0.842,-24.54,-2.93,1.07,3,1
18060.109,0.347,0.4,0.865,-30.06,-4.7,1.83,3,1
18060.109,0.354,0.392,0.839,-35.22,-6.81,3.08,3,1
18060.125,0.375,0.368,0.821,-42.05,-6.93,3.14,3,1
18060.14,0.38,0.353,0.849,-47.98,-4.15,2.11,3,1
18060.14,0.342,0.331,0.89,-48.71,-2.93,2.75,3,1
18060.156,0.362,0.279,0.879,-46.05,-4.97,3.78,3,1
18060.156,0.349,0.256,0.892,-42.02,-4.43,3.3,3,1
18060.171,0.329,0.219,0.917,-33.97,-3.91,3.69,3,1
18060.187,0.331,0.183,0.937,-23.22,-4.79,5.37,3,1
18060.203,0.329,0.18,0.943,-10.35,-5.19,7.29,3,1
18060.203,0.337,0.197,0.94,1.4,-5.16,9.0,3,1
18060.218,0.351,0.224,0.949,10.8,-6.56,9.06,3,1
18060.218,0.354,0.265,0.946,18.95,-9.83,8.45,3,1
18060.234,0.341,0.313,0.907,23.13,-14.31,7.87,3,1
18060.25,0.403,0.332,0.797,19.65,-14.62,8.18,3,1
18060.25,0.423,0.337,0.821,13.0,-5.52,6.68,3,1
18060.265,0.388,0.275,0.85,13.86,2.69,6.5,3,1
18060.265,0.375,0.265,0.862,13.7,4.18,5.65,3,1
18060.281,0.374,0.294,0.882,11.26,2.23,3.91,3,1
18060.296,0.356,0.313,0.895,7.48,-1.65,2.32,3,1
18060.296,0.353,0.286,0.9,1.22,-8.33,0.67,3,1
18060.312,0.359,0.276,0.905,-1.5,-16.36,-2.75,3,1
18060.328,0.428,0.309,0.881,-2.11,-19.84,-2.23,3,1
18060.328,0.424,0.314,0.87,-3.39,-18.62,-5.16,3,1
18060.343,0.436,0.304,0.847,1.8,-13.55,-4.67,3,1
18060.359,0.448,0.308,0.812,8.48,-7.11,-3.72,3,1
18060.359,0.45,0.323,0.798,11.38,-0.64,-5.07,3,1
18060.375,0.437,0.326,0.796,10.07,5.89,-7.42,3,1
18060.39,0.41,0.32,0.809,7.17,10.9,-9.89,3,1
18060.39,0.384,0.313,0.834,3.75,12.33,-12.09,3,1
18060.406,0.365,0.336,0.876,-1.37,9.64,-14.31,3,1
18060.406,0.348,0.349,0.909,-7.97,3.57,-16.39,3,1
18060.421,0.336,0.335,0.926,-12.42,-4.52,-18.13,3,1
18060.437,0.321,0.316,0.926,-14.31,-12.67,-18.95,3,1
18060.437,0.32,0.318,0.916,-15.11,-18.92,-17.4,3,1
18060.453,0.336,0.329,0.905,-13.64,-21.45,-13.55,3,1
18060.468,0.352,0.328,0.896,-8.85,-20.14,-8.33,3,1
18060.468,0.363,0.308,0.906,-2.08,-17.85,-3.33,3,1
18060.484,0.374,0.292,0.894,4.61,-16.27,-0.31,3,1
18060.5,0.383,0.298,0.875,8.27,-15.5,1.07,3,1
18060.5,0.388,0.295,0.865,8.85,-15.66,0.79,3,1
18060.515,0.395,0.301,0.855,8.06,-16.54,-0.4,3,1
18060.531,0.407,0.322,0.849,7.48,-16.75,-1.01,3,1
18060.531,0.411,0.342,0.835,6.74,-15.9,-0.98,3,1
18060.546,0.414,0.344,0.819,5.8,-14.1,-0.31,3,1
18060.546,0.422,0.332,0.815,4.61,-11.38,0.31,3,1
18060.562,0.425,0.319,0.809,2.99,-7.93,0.31,3,1
18060.578,0.424,0.313,0.807,0.34,-4.49,-0.37,3,1
18060.578,0.424,0.306,0.819,-2.29,-1.13,-1.46,3,1
18060.593,0.421,0.301,0.836,-3.88,2.01,-2.53,3,1
18060.609,0.419,0.293,0.852,-4.12,3.66,-4.52,3,1
18060.609,0.41,0.297,0.848,-4.85,3.33,-7.42,3,1
18060.625,0.414,0.301,0.855,-5.22,2.78,-10.1,3,1
18060.64,0.414,0.312,0.871,-5.31,2.96,-12.05,3,1
18060.64,0.409,0.316,0.867,-4.7,3.51,-13.06,3,1
18060.656,0.398,0.313,0.845,-2.9,4.79,-12.91,3,1
18060.656,0.404,0.308,0.842,0.24,7.08,-11.32,3,1
18060.671,0.405,0.328,0.833,2.08,10.04,-9.4,3,1
18060.687,0.367,0.344,0.879,1.86,12.24,-7.69,3,1
18060.687,0.362,0.312,0.933,2.32,8.79,-6.07,3,1
18060.703,0.368,0.297,0.902,3.94,3.72,-6.47,3,1
18060.718,0.37,0.305,0.87,6.5,1.86,-6.01,3,1
18060.734,0.383,0.314,0.863,8.97,2.75,-4.94,3,1
18060.734,0.374,0.316,0.855,11.02,5.19,-4.27,3,1
18060.734,0.366,0.325,0.853,12.42,7.32,-3.14,3,1
18060.75,0.363,0.336,0.853,13.21,8.79,-1.62,3,1
18060.765,0.357,0.356,0.87,13.28,9.67,-0.15,3,1
18060.781,0.363,0.357,0.849,13.95,9.77,1.4,3,1
18060.781,0.371,0.369,0.831,14.65,11.29,3.36,3,1
18060.796,0.365,0.364,0.833,14.37,13.67,5.89,3,1
18060.796,0.367,0.353,0.84,13.18,14.28,7.48,3,1
18060.812,0.371,0.371,0.86,10.68,13.73,8.0,3,1
18060.828,0.364,0.382,0.87,6.9,11.81,8.12,3,1
18060.843,0.362,0.36,0.856,3.3,8.18,7.72,3,1
18060.843,0.365,0.341,0.84,0.61,5.55,7.26,3,1
18060.859,0.378,0.359,0.835,-0.52,6.13,7.75,3,1
18060.859,0.364,0.373,0.844,0.18,12.91,12.12,3,1
18060.875,0.363,0.361,0.856,3.08,16.3,14.19,3,1
18060.89,0.351,0.343,0.869,6.47,17.73,15.38,3,1
18060.89,0.328,0.336,0.869,8.21,18.71,17.79,3,1
18060.906,0.346,0.344,0.877,9.77,21.18,21.73,3,1
18060.906,0.356,0.329,0.881,13.28,22.89,22.8,3,1
18060.921,0.343,0.327,0.878,15.14,21.67,20.72,3,1
18060.937,0.335,0.335,0.885,13.06,18.22,18.52,3,1
18060.937,0.345,0.347,0.891,10.77,14.83,18.13,3,1
18060.953,0.339,0.355,0.888,10.71,12.33,18.49,3,1
18060.968,0.333,0.366,0.878,12.09,10.38,20.91,3,1
18060.968,0.365,0.388,0.871,15.99,10.44,25.09,3,1
18060.984,0.373,0.381,0.857,20.54,11.87,26.64,3,1
18061.0,0.358,0.368,0.854,20.75,12.48,25.24,3,1
18061.0,0.344,0.36,0.87,19.29,12.24,24.17,3,1
18061.015,0.344,0.356,0.817,17.33,11.69,25.06,3,1
18061.015,0.358,0.362,0.772,7.69,11.32,24.72,3,1
18061.031,0.355,0.345,0.799,-5.71,10.16,20.87,3,1
18061.046,0.348,0.304,0.864,-16.79,6.81,14.53,3,1
18061.046,0.338,0.298,0.911,-21.94,2.35,8.3,3,1
18061.062,0.333,0.309,0.923,-20.97,-0.49,5.86,3,1
18061.078,0.34,0.302,0.926,-15.84,-0.7,6.62,3,1
18061.078,0.35,0.283,0.926,-7.78,0.95,7.87,3,1
18061.093,0.356,0.274,0.916,0.67,2.87,8.0,3,1
18061.109,0.358,0.283,0.905,7.23,4.09,7.48,3,1
18061.109,0.371,0.309,0.887,12.51,4.64,7.14,3,1
18061.125,0.377,0.321,0.867,14.56,4.24,4.85,3,1
18061.125,0.374,0.326,0.859,14.16,3.66,1.71,3,1
18061.14,0.369,0.339,0.849,12.94,2.59,-1.25,3,1
18061.156,0.355,0.356,0.833,10.44,1.31,-3.66,3,1
18061.156,0.351,0.37,0.83,6.99,0.52,-4.67,3,1
18061.171,0.341,0.387,0.844,3.57,0.89,-4.24,3,1
18061.187,0.34,0.39,0.864,1.01,1.83,-2.66,3,1
18061.203,0.338,0.354,0.88,-0.06,2.17,-2.11,3,1
18061.203,0.33,0.322,0.879,0.34,1.77,-2.66,3,1
18061.218,0.329,0.311,0.877,1.31,1.8,-3.05,3,1
18061.218,0.328,0.32,0.877,2.14,1.86,-3.51,3,1
18061.234,0.336,0.34,0.886,2.04,1.16,-4.0,3,1
18061.25,0.336,0.365,0.876,0.79,-0.7,-4.79,3,1
18061.25,0.329,0.396,0.845,-2.14,-3.81,-5.71,3,1
18061.265,0.325,0.431,0.826,-8.7,-6.62,-4.79,3,1
18061.265,0.332,0.432,0.818,-15.38,-7.45,-1.37,3,1
18061.281,0.343,0.4,0.826,-20.69,-6.41,2.01,3,1
18061.296,0.344,0.347,0.868,-24.57,-4.82,3.66,3,1
18061.296,0.354,0.299,0.929,-24.2,-4.7,4.12,3,1
18061.312,0.358,0.271,0.939,-18.95,-5.25,3.94,3,1
18061.328,0.367,0.254,0.91,-11.87,-4.76,3.3,3,1
18061.328,0.367,0.239,0.898,-4.64,-2.14,1.5,3,1
18061.343,0.358,0.239,0.898,2.5,1.04,-0.73,3,1
18061.359,0.351,0.258,0.866,8.85,3.27,-1.89,3,1
18061.359,0.373,0.316,0.839,10.41,5.89,-2.69,3,1
18061.375,0.335,0.385,0.866,8.24,8.91,-4.03,3,1
18061.39,0.337,0.399,0.835,5.31,7.08,-3.36,3,1
18061.39,0.339,0.434,0.811,-3.57,5.28,-3.69,3,1
18061.406,0.3,0.431,0.828,-13.03,6.13,-3.05,3,1
18061.406,0.29,0.398,0.839,-20.2,6.23,-0.24,3,1
18061.421,0.278,0.378,0.855,-24.81,5.31,2.11,3,1
18061.437,0.261,0.36,0.891,-27.31,3.63,5.16,3,1
18061.437,0.258,0.332,0.925,-26.86,1.13,10.8,3,1
18061.453,0.301,0.292,0.939,-23.59,-3.72,15.69,3,1
18061.468,0.324,0.259,0.952,-20.05,-10.5,15.56,3,1
18061.468,0.324,0.25,0.994,-16.17,-17.33,13.34,3,1
18061.484,0.357,0.245,0.946,-9.77,-23.8,13.03,3,1
18061.5,0.408,0.287,0.825,-9.13,-22.86,11.63,3,1
18061.5,0.441,0.311,0.83,-10.68,-13.18,10.22,3,1
18061.515,0.438,0.32,0.866,-8.3,-5.58,8.91,3,1
18061.515,0.406,0.311,0.865,-5.31,-3.11,7.35,3,1
18061.531,0.392,0.299,0.869,-4.15,-2.38,7.6,3,1
18061.546,0.392,0.269,0.882,-1.89,-1.01,7.48,3,1
18061.546,0.332,0.246,0.928,2.81,-0.06,6.84,3,1
18061.562,0.34,0.224,0.91,7.48,-1.31,7.63,3,1
18061.578,0.318,0.216,0.899,10.19,1.22,7.14,3,1
18061.578,0.313,0.211,0.905,13.0,3.33,6.5,3,1
18061.593,0.321,0.232,0.898,15.2,1.86,4.97,3,1
18061.609,0.341,0.272,0.885,16.36,-1.53,3.54,3,1
18061.609,0.354,0.313,0.896,16.51,-3.69,2.32,3,1
18061.625,0.338,0.324,0.945,17.58,-6.96,1.16,3,1
18061.625,0.398,0.307,0.898,20.14,-11.66,0.82,3,1
18061.64,0.384,0.311,0.874,21.18,-10.8,-2.66,3,1
18061.656,0.363,0.295,0.835,22.58,-8.79,-4.49,3,1
18061.656,0.358,0.308,0.837,19.84,-7.72,-5.71,3,1
18061.671,0.329,0.336,0.895,17.58,-8.06,-6.07,3,1
18061.687,0.276,0.346,0.887,15.63,-12.33,-2.66,3,1
18061.687,0.33,0.327,0.946,1.74,-25.79,-2.59,3,1
18061.703,0.364,0.29,0.93,-6.71,-39.0,-8.97,3,1
18061.718,0.372,0.309,0.921,-11.11,-47.73,-13.73,3,1
18061.718,0.391,0.28,0.912,-13.37,-56.09,-20.11,3,1
18061.734,0.408,0.287,0.876,-14.77,-62.01,-26.22,3,1
18061.75,0.434,0.305,0.835,-15.69,-62.56,-29.85,3,1
18061.75,0.458,0.296,0.815,-15.35,-58.32,-32.56,3,1
18061.765,0.477,0.281,0.789,-13.89,-51.82,-35.58,3,1
18061.765,0.482,0.284,0.772,-12.36,-43.31,-38.39,3,1
18061.781,0.492,0.285,0.761,-10.35,-34.18,-40.68,3,1
18061.796,0.494,0.288,0.753,-7.05,-24.05,-42.6,3,1
18061.812,0.485,0.306,0.75,-3.45,-13.31,-43.61,3,1
18061.812,0.464,0.342,0.764,-1.56,-3.51,-44.04,3,1
18061.828,0.439,0.38,0.791,-1.71,4.15,-42.51,3,1
18061.828,0.425,0.414,0.801,-2.62,9.64,-39.0,3,1
18061.843,0.417,0.433,0.796,-1.92,18.34,-27.62,3,1
18061.859,0.391,0.43,0.784,-3.85,22.1,-20.72,3,1
18061.859,0.377,0.424,0.791,-7.81,24.26,-16.24,3,1
18061.875,0.388,0.413,0.809,-13.15,24.75,-15.5,3,1
18061.89,0.358,0.349,0.832,-18.56,23.5,-14.83,3,1
18061.89,0.317,0.369,0.913,-20.39,21.94,-11.99,3,1
18061.906,0.323,0.349,0.954,-17.49,16.3,-6.38,3,1
18061.906,0.34,0.331,0.908,-15.9,11.51,-2.72,3,1
18061.921,0.335,0.304,0.884,-12.82,11.96,0.85,3,1
18061.937,0.35,0.272,0.896,-7.51,14.74,5.4,3,1
18061.937,0.349,0.272,0.911,-0.98,18.28,8.27,3,1
18061.953,0.329,0.274,0.928,5.58,20.11,9.49,3,1
18061.968,0.329,0.279,0.94,10.22,19.68,11.17,3,1
18061.968,0.339,0.309,0.919,16.02,18.89,12.45,3,1
18061.984,0.336,0.332,0.885,23.13,19.17,14.8,3,1
18062.0,0.336,0.368,0.868,28.29,21.91,19.41,3,1
18062.0,0.343,0.383,0.852,30.37,23.56,23.22,3,1
18062.015,0.353,0.378,0.845,29.88,24.29,25.15,3,1
18062.031,0.336,0.375,0.843,27.07,23.96,25.24,3,1
18062.031,0.34,0.379,0.845,22.89,21.94,25.54,3,1
18062.046,0.35,0.391,0.839,18.86,20.33,26.06,3,1
18062.046,0.368,0.387,0.842,15.84,18.95,25.88,3,1
18062.062,0.364,0.37,0.831,11.35,16.75,23.22,3,1
18062.078,0.365,0.36,0.836,3.63,13.31,19.44,3,1
18062.078,0.366,0.342,0.855,-3.94,9.55,14.25,3,1
18062.093,0.375,0.325,0.87,-10.1,4.91,8.33,3,1
18062.109,0.363,0.307,0.873,-14.53,0.98,1.98,3,1
18062.109,0.358,0.3,0.89,-17.06,-1.8,-2.62,3,1
18062.125,0.349,0.301,0.895,-15.75,-3.66,-4.94,3,1
18062.14,0.356,0.305,0.894,-11.66,-2.75,-4.79,3,1
18062.14,0.361,0.312,0.878,-6.68,0.18,-3.94,3,1
18062.156,0.358,0.323,0.896,-1.53,3.91,-2.66,3,1
18062.156,0.355,0.306,0.894,2.53,4.36,-2.87,3,1
18062.171,0.356,0.311,0.882,3.57,3.54,-5.22,3,1
18062.187,0.345,0.315,0.89,4.3,2.75,-7.32,3,1
18062.187,0.337,0.311,0.882,5.07,0.37,-9.0,3,1
18062.203,0.342,0.341,0.884,5.65,-1.98,-9.74,3,1
18062.218,0.342,0.36,0.877,5.92,-3.11,-10.65,3,1
18062.218,0.329,0.352,0.861,5.77,-2.99,-11.23,3,1
18062.234,0.328,0.354,0.851,4.91,-2.08,-10.28,3,1
18062.25,0.331,0.369,0.847,3.11,0.92,-9.22,3,1
18062.25,0.307,0.339,0.871,1.98,4.0,-8.85,3,1
18062.265,0.293,0.33,0.903,3.02,4.09,-7.17,3,1
18062.281,0.301,0.341,0.899,3.78,2.29,-5.89,3,1
18062.281,0.298,0.363,0.904,2.9,0.27,-4.79,3,1
18062.296,0.294,0.353,0.895,2.38,-2.38,-4.18,3,1
18062.296,0.31,0.354,0.856,2.62,-5.13,-1.86,3,1
18062.312,0.331,0.384,0.85,1.53,-5.46,0.61,3,1
18062.328,0.335,0.395,0.842,-0.4,-4.36,2.78,3,1
18062.328,0.349,0.379,0.846,-2.69,-3.6,4.61,3,1
18062.343,0.358,0.361,0.855,-4.27,-3.17,4.33,3,1
18062.359,0.351,0.338,0.859,-4.64,-2.69,2.87,3,1
18062.359,0.346,0.328,0.866,-4.67,-2.47,2.01,3,1
18062.375,0.347,0.334,0.874,-5.13,-2.81,1.5,3,1
18062.39,0.349,0.34,0.874,-5.92,-3.54,0.12,3,1
18062.39,0.342,0.345,0.876,-6.59,-3.23,-1.28,3,1
18062.406,0.327,0.348,0.88,-6.9,-2.69,-0.58,3,1
18062.406,0.319,0.359,0.893,-7.51,-3.23,0.98,3,1
18062.421,0.32,0.36,0.922,-8.03,-4.88,2.69,3,1
18062.437,0.317,0.351,0.926,-7.51,-8.0,3.42,3,1
18062.437,0.326,0.342,0.888,-7.29,-11.47,3.88,3,1
18062.453,0.345,0.347,0.845,-9.31,-12.39,4.67,3,1
18062.468,0.377,0.358,0.815,-12.7,-12.15,4.33,3,1
18062.468,0.39,0.387,0.805,-18.4,-9.83,2.66,3,1
18062.484,0.396,0.38,0.798,-24.45,-5.16,1.83,3,1
18062.5,0.377,0.356,0.85,-28.87,0.95,1.74,3,1
18062.5,0.33,0.297,0.881,-27.53,3.27,2.96,3,1
18062.515,0.343,0.244,0.884,-24.11,3.63,4.18,3,1
18062.515,0.302,0.214,0.912,-15.84,7.69,3.02,3,1
18062.531,0.263,0.244,0.972,-6.04,8.0,2.2,3,1
18062.546,0.249,0.276,0.986,5.55,3.33,7.66,3,1
18062.546,0.26,0.309,0.999,13.52,-4.18,12.79,3,1
18062.562,0.296,0.378,0.986,13.82,-17.49,12.67,3,1
18062.578,0.299,0.408,0.907,10.83,-31.77,11.57,3,1
18062.578,0.354,0.405,0.695,-1.83,-40.59,11.72,3,1
18062.593,0.434,0.422,0.618,-25.7,-33.94,11.54,3,1
18062.609,0.484,0.371,0.639,-44.71,-16.21,11.54,3,1
18062.609,0.483,0.322,0.739,-53.1,1.46,12.09,3,1
18062.625,0.477,0.267,0.873,-52.22,11.66,11.11,3,1
18062.64,0.461,0.21,0.965,-45.53,15.14,7.57,3,1
18062.64,0.458,0.125,0.998,-34.21,15.2,1.28,3,1
18062.656,0.416,0.042,1.028,-17.06,17.15,-6.41,3,1
18062.671,0.36,-0.014,1.056,7.66,19.47,-11.05,3,1
18062.671,0.315,-0.005,1.027,33.05,20.78,-14.4,3,1
18062.687,0.286,0.086,0.982,54.69,20.63,-17.21,3,1
18062.687,0.27,0.256,0.939,68.36,17.3,-17.21,3,1
18062.703,0.26,0.41,0.894,72.82,9.46,-15.14,3,1
18062.718,0.261,0.527,0.881,66.44,0.55,-11.35,3,1
18062.734,0.276,0.529,0.83,53.16,-7.54,-5.46,3,1
18062.734,0.304,0.479,0.798,34.7,-12.12,-1.31,3,1
18062.734,0.285,0.405,0.822,22.28,-11.72,4.0,3,1
18062.75,0.289,0.36,0.849,14.56,-12.63,9.74,3,1
18062.765,0.298,0.37,0.918,9.22,-15.14,13.76,3,1
18062.781,0.266,0.386,0.87,9.46,-18.8,18.92,3,1
18062.781,0.319,0.34,0.915,2.78,-26.61,23.29,3,1
18062.796,0.36,0.291,0.914,-4.12,-36.32,18.49,3,1
18062.796,0.355,0.289,0.89,-6.99,-45.01,12.51,3,1
18062.812,0.409,0.289,0.811,-8.0,-49.38,9.64,3,1
18062.828,0.491,0.293,0.785,-10.1,-43.67,6.74,3,1
18062.828,0.509,0.273,0.782,4.18,-18.4,-0.52,3,1
18062.843,0.496,0.291,0.778,10.86,-8.64,-3.14,3,1
18062.859,0.502,0.333,0.793,12.63,-2.2,-7.2,3,1
18062.859,0.464,0.346,0.78,9.89,1.25,-11.14,3,1
18062.875,0.461,0.344,0.765,5.04,3.85,-15.02,3,1
18062.875,0.439,0.352,0.774,-1.89,6.29,-19.81,3,1
18062.89,0.434,0.345,0.792,-9.8,5.98,-23.93,3,1
18062.906,0.413,0.349,0.778,-18.31,5.01,-28.78,3,1
18062.906,0.406,0.352,0.773,-28.11,6.35,-31.98,3,1
18062.921,0.408,0.347,0.79,-34.49,11.23,-32.47,3,1
18062.937,0.402,0.349,0.805,-34.33,19.1,-30.49,3,1
18062.937,0.384,0.357,0.824,-32.26,27.04,-27.99,3,1
18062.953,0.359,0.342,0.852,-31.95,31.74,-26.25,3,1
18062.968,0.347,0.324,0.879,-32.84,33.05,-25.67,3,1
18062.968,0.341,0.313,0.899,-33.36,32.84,-25.67,3,1
18062.984,0.324,0.325,0.92,-32.75,31.8,-26.31,3,1
18063.0,0.308,0.313,0.939,-31.34,28.99,-25.48,3,1
18063.0,0.273,0.322,0.953,-28.75,26.09,-23.47,3,1
18063.015,0.176,0.367,1.093,-20.63,20.94,-16.21,3,1
18063.031,0.224,0.29,1.109,-8.15,4.58,-3.91,3,1
18063.031,0.284,0.268,1.0,-3.6,-10.13,-1.1,3,1
18063.046,0.294,0.22,0.923,2.11,-12.82,-2.2,3,1
18063.062,0.311,0.195,0.886,10.04,-9.83,-1.68,3,1
18063.062,0.313,0.244,0.884,16.08,-4.94,-0.67,3,1
18063.078,0.316,0.289,0.897,19.17,-1.77,0.52,3,1
18063.078,0.322,0.327,0.904,19.65,-1.37,1.56,3,1
18063.093,0.321,0.349,0.897,19.14,-2.35,2.38,3,1
18063.109,0.316,0.364,0.896,18.37,-4.18,3.72,3,1
18063.109,0.312,0.36,0.89,17.98,-5.92,5.92,3,1
18063.125,0.308,0.354,0.881,16.69,-7.32,8.61,3,1
18063.14,0.311,0.349,0.88,14.47,-8.36,11.35,3,1
18063.14,0.321,0.35,0.876,12.82,-9.31,13.98,3,1
18063.156,0.329,0.349,0.866,12.02,-9.89,15.87,3,1
18063.156,0.334,0.341,0.859,11.17,-9.67,17.0,3,1
18063.171,0.349,0.334,0.851,9.8,-8.97,18.16,3,1
18063.187,0.354,0.331,0.847,9.0,-7.45,18.59,3,1
18063.187,0.363,0.327,0.842,8.21,-6.01,18.1,3,1
18063.203,0.37,0.33,0.842,6.81,-3.88,16.94,3,1
18063.218,0.371,0.329,0.842,4.73,-1.86,15.69,3,1
18063.218,0.371,0.326,0.849,3.2,0.0,14.56,3,1
18063.234,0.369,0.323,0.854,2.53,1.59,13.76,3,1
18063.25,0.374,0.323,0.862,2.44,2.78,12.36,3,1
18063.25,0.361,0.318,0.866,1.71,3.63,9.98,3,1
18063.265,0.355,0.308,0.875,0.95,4.39,9.74,3,1
18063.281,0.358,0.31,0.89,2.59,5.22,10.65,3,1
18063.281,0.355,0.308,0.897,5.83,5.86,10.74,3,1
18063.296,0.35,0.301,0.901,8.06,5.65,10.71,3,1
18063.296,0.353,0.307,0.895,10.13,4.73,10.96,3,1
18063.312,0.363,0.312,0.889,11.9,3.17,10.13,3,1
18063.328,0.367,0.309,0.877,11.75,1.19,7.57,3,1
18063.328,0.372,0.322,0.865,10.44,-1.04,4.61,3,1
18063.343,0.364,0.332,0.849,8.94,-1.8,2.59,3,1
18063.359,0.371,0.345,0.842,7.29,-1.46,1.8,3,1
18063.359,0.376,0.354,0.841,6.56,-0.03,1.04,3,1
18063.375,0.365,0.356,0.842,5.34,0.79,-0.52,3,1
18063.39,0.355,0.35,0.839,4.43,1.25,-2.32,3,1
18063.39,0.339,0.365,0.857,1.95,1.65,-4.3,3,1
18063.406,0.33,0.382,0.881,-1.19,-1.37,-5.83,3,1
18063.421,0.315,0.385,0.895,-4.46,-6.29,-5.16,3,1
18063.421,0.299,0.358,0.934,-5.83,-10.5,-2.66,3,1
18063.437,0.297,0.307,0.98,-2.38,-15.35,0.31,3,1
18063.437,0.312,0.266,1.0,4.49,-21.55,3.14,3,1
18063.453,0.334,0.254,0.965,13.15,-26.92,3.6,3,1
18063.468,0.349,0.259,0.922,21.49,-28.32,3.75,3,1
18063.484,0.36,0.275,0.904,27.25,-27.99,2.78,3,1
18063.484,0.378,0.312,0.877,31.07,-28.53,1.65,3,1
18063.5,0.384,0.352,0.846,32.69,-27.56,1.74,3,1
18063.5,0.394,0.387,0.802,34.36,-24.29,4.49,3,1
18063.515,0.42,0.428,0.759,34.12,-19.29,8.45,3,1
18063.531,0.426,0.444,0.71,29.11,-13.76,10.22,3,1
18063.531,0.428,0.439,0.7,17.3,-9.34,9.31,3,1
18063.546,0.438,0.42,0.704,2.17,-6.59,7.39,3,1
18063.546,0.465,0.413,0.669,-11.57,-3.27,5.31,3,1
18063.562,0.486,0.411,0.624,-23.19,5.43,2.93,3,1
18063.578,0.472,0.42,0.639,-36.56,17.12,-0.67,3,1
18063.578,0.426,0.401,0.716,-50.97,26.25,-4.49,3,1
18063.593,0.346,0.518,0.879,-75.23,24.48,-7.6,3,1
18063.609,0.367,0.49,0.861,-92.44,12.6,-7.66,3,1
18063.609,0.369,0.378,0.795,-97.84,5.83,-5.83,3,1
18063.625,0.392,0.391,0.766,-109.56,4.58,-6.74,3,1
18063.64,0.317,0.378,0.835,-122.78,6.07,-10.04,3,1
18063.64,0.226,0.348,1.081,-125.58,1.31,-0.82,3,1
18063.656,0.378,0.272,1.079,-115.18,-13.98,12.51,3,1
18063.671,0.394,0.156,0.946,-104.16,-13.18,15.69,3,1
18063.671,0.383,-0.053,0.959,-88.72,-3.69,15.81,3,1
18063.687,0.35,-0.163,1.036,-65.37,2.81,14.62,3,1
18063.687,0.387,-0.123,1.012,-39.77,4.03,10.16,3,1
18063.703,0.375,-0.101,0.983,-18.77,6.32,2.75,3,1
18063.718,0.372,-0.057,1.002,0.09,7.48,-1.92,3,1
18063.718,0.379,0.054,0.977,19.26,7.05,-3.97,3,1
18063.734,0.38,0.141,0.947,33.88,6.99,-5.62,3,1
18063.75,0.381,0.189,0.926,43.12,6.29,-7.6,3,1
18063.75,0.372,0.24,0.898,48.77,4.09,-8.36,3,1
18063.765,0.36,0.278,0.885,52.22,1.16,-7.87,3,1
18063.781,0.343,0.286,0.89,54.6,-1.89,-6.81,3,1
18063.781,0.33,0.302,0.911,58.02,-6.62,-5.98,3,1
18063.796,0.316,0.327,0.926,62.23,-14.71,-4.7,3,1
18063.796,0.293,0.352,0.914,64.0,-23.74,-1.4,3,1
18063.812,0.363,0.384,0.771,36.96,-25.54,5.95,3,1
18063.828,0.39,0.36,0.782,16.39,-18.52,6.07,3,1
18063.828,0.322,0.292,0.796,-1.31,-22.61,5.89,3,1
18063.843,0.383,0.346,0.975,-6.47,-30.03,6.38,3,1
18063.859,0.361,0.354,0.946,-3.57,-34.67,9.89,3,1
18063.859,0.392,0.256,0.952,0.76,-39.52,13.25,3,1
18063.875,0.411,0.246,0.937,5.83,-45.72,12.48,3,1
18063.875,0.408,0.247,0.831,7.26,-50.17,8.42,3,1
18063.89,0.447,0.242,0.76,-0.85,-48.16,4.88,3,1
18063.906,0.492,0.219,0.754,-6.38,-38.54,2.69,3,1
18063.906,0.51,0.224,0.744,-4.09,-26.0,1.37,3,1
18063.921,0.516,0.239,0.756,-1.8,-14.59,-0.15,3,1
18063.937,0.516,0.25,0.789,-4.36,-6.29,-2.75,3,1
18063.937,0.516,0.296,0.776,-6.59,-0.09,-4.58,3,1
18063.953,0.529,0.325,0.778,-5.62,7.84,-2.11,3,1
18063.968,0.519,0.316,0.787,-3.54,16.48,0.18,3,1
18063.968,0.487,0.302,0.787,-3.36,23.32,0.18,3,1
18063.984,0.456,0.281,0.799,-5.71,27.77,0.12,3,1
18064.0,0.445,0.275,0.836,-9.31,29.97,0.37,3,1
18064.0,0.435,0.253,0.86,-11.29,31.31,0.52,3,1
18064.015,0.413,0.234,0.873,-10.77,31.95,-0.18,3,1
18064.015,0.393,0.236,0.891,-9.64,31.04,-2.04,3,1
18064.031,0.38,0.226,0.917,-9.8,29.08,-4.43,3,1
18064.046,0.369,0.206,0.925,-10.01,25.82,-6.84,3,1
18064.062,0.354,0.208,0.941,-9.98,21.94,-9.0,3,1
18064.062,0.305,0.225,1.028,-6.9,16.54,-9.77,3,1
18064.078,0.322,0.203,1.067,1.22,5.22,-7.78,3,1
18064.078,0.352,0.21,1.015,8.61,-5.58,-7.57,3,1
18064.093,0.357,0.214,0.955,16.14,-11.54,-8.58,3,1
18064.109,0.369,0.216,0.905,21.7,-14.13,-8.82,3,1
18064.109,0.378,0.245,0.885,23.65,-14.37,-7.57,3,1
18064.125,0.389,0.267,0.866,24.75,-13.79,-6.13,3,1
18064.14,0.407,0.293,0.847,24.93,-12.7,-4.36,3,1
18064.14,0.414,0.311,0.84,23.93,-12.12,-3.48,3,1
18064.156,0.411,0.316,0.842,21.39,-12.27,-2.96,3,1
18064.156,0.422,0.33,0.834,19.47,-12.57,-1.16,3,1
18064.171,0.433,0.332,0.82,17.58,-11.75,0.31,3,1
18064.187,0.433,0.327,0.819,13.58,-10.62,0.27,3,1
18064.187,0.434,0.308,0.808,9.43,-9.49,-0.27,3,1
18064.203,0.439,0.295,0.806,6.1,-7.08,-0.61,3,1
18064.218,0.434,0.29,0.814,4.12,-4.36,-1.5,3,1
18064.218,0.425,0.295,0.828,2.29,-2.01,-2.84,3,1
18064.234,0.417,0.298,0.843,0.27,-0.24,-3.66,3,1
18064.25,0.409,0.302,0.862,-0.37,1.31,-3.51,3,1
18064.25,0.394,0.299,0.873,0.34,2.01,-2.69,3,1
18064.265,0.395,0.291,0.875,1.25,1.28,-1.8,3,1
18064.265,0.396,0.289,0.875,1.98,0.06,-1.86,3,1
18064.281,0.396,0.296,0.877,2.87,-0.52,-1.83,3,1
18064.296,0.398,0.304,0.875,4.43,-1.07,-1.28,3,1
18064.296,0.402,0.302,0.867,5.83,-1.98,-0.98,3,1
18064.312,0.402,0.3,0.861,6.23,-2.93,-1.31,3,1
18064.328,0.405,0.311,0.858,5.62,-3.97,-1.74,3,1
18064.328,0.404,0.312,0.861,4.18,-5.19,-1.86,3,1
18064.343,0.397,0.317,0.879,2.56,-6.9,-1.56,3,1
18064.359,0.398,0.302,0.852,0.73,-9.74,-1.68,3,1
18064.375,0.416,0.306,0.849,-1.65,-10.9,-1.13,3,1
18064.375,0.416,0.299,0.84,-1.83,-9.74,-0.67,3,1
18064.39,0.424,0.294,0.834,-1.59,-7.97,0.55,3,1
18064.39,0.434,0.291,0.834,-1.65,-5.43,1.1,3,1
18064.406,0.433,0.29,0.847,-1.65,-2.69,1.13,3,1
18064.421,0.422,0.297,0.862,-0.64,-0.89,1.65,3,1
18064.421,0.422,0.302,0.866,0.95,-0.7,2.5,3,1
18064.437,0.43,0.292,0.862,2.26,-0.95,2.59,3,1
18064.437,0.428,0.288,0.86,3.27,-1.07,1.43,3,1
18064.453,0.421,0.299,0.863,4.97,-0.89,0.92,3,1
18064.468,0.414,0.302,0.862,7.66,-0.58,1.8,3,1
18064.468,0.411,0.301,0.86,9.98,0.06,3.51,3,1
18064.484,0.41,0.316,0.884,11.6,0.06,4.82,3,1
18064.5,0.399,0.317,0.858,14.59,-0.31,6.5,3,1
18064.5,0.417,0.318,0.849,15.05,-0.7,8.79,3,1
18064.515,0.417,0.317,0.84,15.44,-0.24,9.4,3,1
18064.515,0.415,0.317,0.834,15.14,0.92,9.89,3,1
18064.531,0.416,0.33,0.84,15.17,2.9,12.42,3,1
18064.546,0.424,0.332,0.847,16.3,4.64,15.26,3,1
18064.562,0.426,0.313,0.842,16.51,5.07,15.17,3,1
18064.562,0.419,0.304,0.834,13.86,4.3,13.0,3,1
18064.578,0.424,0.297,0.827,10.41,2.81,10.59,3,1
18064.578,0.427,0.3,0.817,8.03,2.56,8.45,3,1
18064.593,0.432,0.312,0.822,6.2,4.0,7.81,3,1
18064.609,0.432,0.322,0.838,5.77,5.28,7.57,3,1
18064.625,0.43,0.329,0.845,5.83,5.68,7.23,3,1
18064.625,0.435,0.323,0.843,6.01,4.94,6.23,3,1
18064.625,0.427,0.316,0.836,5.52,4.27,4.58,3,1
18064.64,0.424,0.317,0.841,4.39,3.94,3.63,3,1
18064.656,0.432,0.318,0.846,4.43,3.97,2.9,3,1
18064.656,0.425,0.313,0.844,4.39,3.54,1.8,3,1
18064.671,0.425,0.316,0.838,2.41,1.83,-0.4,3,1
18064.687,0.414,0.316,0.844,-0.61,-0.12,-2.44,3,1
18064.703,0.424,0.328,0.84,-2.66,-2.2,-3.3,3,1
18064.703,0.416,0.333,0.828,-5.07,-2.87,-4.03,3,1
18064.718,0.415,0.334,0.836,-7.78,-2.62,-3.72,3,1
18064.718,0.405,0.33,0.851,-8.88,-1.83,-2.08,3,1
18064.734,0.406,0.314,0.862,-8.45,-0.89,0.27,3,1
18064.75,0.408,0.295,0.869,-8.27,-0.89,1.13,3,1
18064.765,0.407,0.282,0.866,-7.78,-1.37,0.21,3,1
18064.765,0.406,0.291,0.871,-5.43,-0.73,0.18,3,1
18064.765,0.409,0.303,0.868,-1.01,0.46,1.77,3,1
18064.781,0.421,0.31,0.862,2.69,1.74,2.41,3,1
18064.796,0.416,0.317,0.853,5.95,3.51,2.59,3,1
18064.796,0.415,0.322,0.839,7.6,4.82,4.18,3,1
18064.812,0.411,0.334,0.838,9.0,5.46,5.52,3,1
18064.828,0.417,0.339,0.834,8.67,5.68,5.62,3,1
18064.828,0.403,0.338,0.839,6.29,4.64,5.04,3,1
18064.843,0.4,0.337,0.843,3.45,2.9,4.7,3,1
18064.859,0.403,0.332,0.842,1.92,2.14,5.58,3,1
18064.859,0.414,0.323,0.847,1.95,2.72,6.53,3,1
18064.875,0.415,0.317,0.855,3.02,3.48,6.68,3,1
18064.89,0.408,0.301,0.853,2.44,2.62,5.22,3,1
18064.89,0.403,0.297,0.858,-0.21,0.64,3.11,3,1
18064.906,0.407,0.295,0.858,-2.41,-1.74,1.77,3,1
18064.921,0.419,0.307,0.853,-3.63,-3.08,0.98,3,1
18064.921,0.426,0.316,0.848,-4.24,-3.36,0.06,3,1
18064.937,0.423,0.312,0.843,-4.97,-3.94,-1.01,3,1
18064.937,0.424,0.314,0.849,-5.46,-3.66,-0.89,3,1
18064.953,0.426,0.319,0.856,-4.49,-2.69,0.64,3,1
18064.968,0.421,0.302,0.862,-2.72,-1.74,1.62,3,1
18064.968,0.412,0.296,0.867,-0.61,-0.85,2.59,3,1
18064.984,0.415,0.316,0.871,2.59,0.49,4.94,3,1
18065.0,0.416,0.312,0.865,6.2,1.59,6.93,3,1
18065.0,0.416,0.305,0.855,7.97,1.86,7.08,3,1
18065.015,0.411,0.334,0.86,11.47,2.2,7.32,3,1
18065.015,0.414,0.347,0.843,15.11,3.42,9.34,3,1
18065.031,0.394,0.332,0.853,14.37,3.51,9.37,3,1
18065.046,0.392,0.343,0.869,15.93,4.27,12.45,3,1
18065.062,0.392,0.346,0.866,19.44,4.24,15.26,3,1
18065.062,0.397,0.325,0.86,22.83,4.67,17.24,3,1
18065.078,0.398,0.313,0.854,24.23,4.91,17.3,3,1
18065.078,0.4,0.304,0.846,24.66,4.76,16.91,3,1
18065.093,0.41,0.319,0.847,25.18,5.25,16.82,3,1
18065.109,0.429,0.32,0.846,26.58,5.8,16.72,3,1
18065.109,0.434,0.308,0.832,27.59,6.32,14.83,3,1
18065.125,0.432,0.309,0.826,26.31,6.26,11.99,3,1
18065.14,0.43,0.315,0.823,23.53,5.58,9.06,3,1
18065.14,0.429,0.323,0.817,19.62,4.55,7.05,3,1
18065.156,0.433,0.345,0.804,14.59,3.02,5.16,3,1
18065.156,0.432,0.374,0.811,6.9,0.03,2.53,3,1
18065.171,0.399,0.409,0.84,0.61,-4.49,0.55,3,1
18065.187,0.362,0.421,0.837,-4.09,-11.9,2.35,3,1
18065.187,0.38,0.402,0.87,-13.09,-22.92,4.21,3,1
18065.203,0.408,0.375,0.84,-20.36,-32.38,4.36,3,1
18065.218,0.405,0.335,0.791,-24.84,-33.42,5.4,3,1
18065.218,0.444,0.298,0.796,-25.61,-30.09,7.23,3,1
18065.234,0.486,0.285,0.796,-22.83,-24.32,6.23,3,1
18065.25,0.508,0.284,0.787,-19.99,-16.05,2.26,3,1
18065.25,0.496,0.283,0.778,-17.61,-6.87,-2.47,3,1
18065.265,0.496,0.284,0.773,-14.1,1.46,-5.04,3,1
18065.265,0.494,0.303,0.777,-9.98,10.74,-5.31,3,1
18065.281,0.484,0.306,0.795,-6.16,19.56,-5.28,3,1
18065.296,0.463,0.303,0.813,-4.09,25.36,-6.59,3,1
18065.296,0.436,0.313,0.834,-4.33,27.41,-8.06,3,1
18065.312,0.42,0.316,0.853,-6.59,25.3,-9.28,3,1
18065.328,0.426,0.317,0.867,-8.7,21.67,-10.1,3,1
18065.328,0.42,0.311,0.866,-8.39,19.32,-10.38,3,1
18065.343,0.414,0.311,0.87,-8.94,17.03,-11.35,3,1
18065.359,0.387,0.312,0.9,-9.67,13.64,-12.57,3,1
18065.375,0.392,0.311,0.927,-8.51,7.81,-11.99,3,1
18065.375,0.399,0.3,0.916,-6.44,2.14,-12.51,3,1
18065.39,0.404,0.284,0.888,-4.03,-0.98,-13.89,3,1
18065.39,0.403,0.287,0.864,-1.8,-1.77,-14.92,3,1
18065.406,0.406,0.286,0.849,0.79,-0.24,-15.2,3,1
18065.421,0.408,0.298,0.84,2.41,2.04,-15.72,3,1
18065.421,0.399,0.315,0.84,2.5,3.42,-17.4,3,1
18065.437,0.395,0.333,0.838,0.64,3.05,-19.53,3,1
18065.437,0.391,0.344,0.839,-1.22,2.53,-20.75,3,1
18065.453,0.384,0.35,0.841,-2.11,2.69,-20.69,3,1
18065.468,0.369,0.353,0.832,-3.3,3.02,-19.38,3,1
18065.468,0.383,0.342,0.829,-6.99,3.94,-17.24,3,1
18065.484,0.367,0.344,0.863,-8.15,5.4,-15.47,3,1
18065.5,0.371,0.352,0.875,-3.94,6.62,-10.65,3,1
18065.5,0.379,0.363,0.877,-0.61,7.14,-7.08,3,1
18065.515,0.378,0.338,0.869,-0.31,6.32,-5.92,3,1
18065.531,0.375,0.321,0.834,-2.81,4.33,-5.95,3,1
18065.531,0.4,0.33,0.818,-6.56,4.61,-5.22,3,1
18065.546,0.417,0.341,0.805,-9.89,8.03,-4.73,3,1
18065.562,0.423,0.339,0.792,-12.51,12.76,-4.39,3,1
18065.562,0.435,0.323,0.775,-15.69,17.61,-4.82,3,1
18065.578,0.455,0.308,0.759,-20.63,24.02,-7.29,3,1
18065.578,0.451,0.298,0.775,-23.5,33.11,-10.65,3,1
18065.593,0.416,0.295,0.805,-23.16,42.45,-13.15,3,1
18065.609,0.395,0.294,0.855,-23.32,48.19,-15.32,3,1
18065.609,0.371,0.296,0.888,-20.36,51.61,-16.36,3,1
18065.625,0.346,0.283,0.911,-15.05,53.9,-16.24,3,1
18065.64,0.338,0.26,0.927,-7.72,56.4,-15.72,3,1
18065.64,0.315,0.262,0.932,1.28,59.39,-14.5,3,1
18065.656,0.289,0.275,0.946,10.56,61.59,-12.21,3,1
18065.656,0.242,0.305,0.972,16.27,59.42,-11.84,3,1
18065.671,0.177,0.375,1.016,17.76,51.0,-10.47,3,1
18065.687,0.13,0.423,1.027,16.75,36.62,-4.55,3,1
18065.687,0.142,0.421,1.019,12.48,19.26,2.62,3,1
18065.703,0.133,0.419,1.035,8.06,2.38,7.29,3,1
18065.718,0.099,0.413,1.096,5.28,-17.3,11.66,3,1
18065.718,0.087,0.405,1.13,4.82,-41.44,18.65,3,1
18065.734,0.13,0.357,1.067,4.73,-64.42,27.13,3,1
18065.75,0.178,0.31,0.988,2.66,-81.09,31.4,3,1
18065.75,0.215,0.289,0.958,2.84,-90.37,33.33,3,1
18065.765,0.261,0.286,0.917,7.97,-92.59,37.39,3,1
18065.781,0.316,0.277,0.86,12.76,-91.1,41.96,3,1
18065.781,0.393,0.278,0.828,14.25,-82.09,40.22,3,1
18065.796,0.461,0.267,0.803,15.84,-73.03,34.36,3,1
18065.796,0.519,0.257,0.748,19.29,-59.14,27.44,3,1
18065.812,0.548,0.28,0.671,19.04,-44.62,22.25,3,1
18065.828,0.6,0.287,0.65,14.28,-31.01,16.33,3,1
18065.828,0.618,0.252,0.6,9.25,-14.31,7.48,3,1
18065.843,0.627,0.23,0.568,5.83,6.41,-0.15,3,1
18065.859,0.629,0.253,0.566,3.08,30.18,-7.02,3,1
18065.875,0.537,0.304,0.754,-2.08,50.51,-14.62,3,1
18065.875,0.301,0.375,1.111,-3.02,46.57,-18.16,3,1
18065.89,0.417,0.346,1.034,6.04,25.09,-11.6,3,1
18065.89,0.407,0.322,0.923,10.04,18.89,-10.96,3,1
18065.906,0.358,0.244,0.872,17.24,18.92,-13.79,3,1
18065.921,0.356,0.234,0.84,21.39,18.8,-13.4,3,1
18065.921,0.344,0.295,0.826,22.37,20.48,-13.43,3,1
18065.937,0.341,0.357,0.833,19.5,21.61,-14.01,3,1
18065.937,0.349,0.391,0.842,14.86,21.33,-14.31,3,1
18065.953,0.336,0.412,0.847,11.14,21.12,-13.06,3,1
18065.968,0.328,0.418,0.849,6.47,18.43,-11.47,3,1
18065.968,0.331,0.409,0.854,2.2,14.56,-10.1,3,1
18065.984,0.329,0.394,0.848,-1.56,12.36,-8.39,3,1
18066.0,0.326,0.377,0.845,-4.43,11.17,-5.77,3,1
18066.0,0.34,0.37,0.857,-6.32,10.83,-2.99,3,1
18066.015,0.342,0.364,0.881,-6.53,10.5,-1.59,3,1
18066.015,0.338,0.344,0.884,-5.22,8.97,-1.31,3,1
18066.031,0.35,0.337,0.871,-3.75,7.54,-0.98,3,1
18066.046,0.364,0.351,0.864,-2.93,7.81,-0.27,3,1
18066.046,0.375,0.344,0.857,-1.65,8.91,-0.12,3,1
18066.062,0.378,0.321,0.853,0.06,9.67,-1.19,3,1
18066.078,0.376,0.329,0.864,1.56,9.89,-2.44,3,1
18066.078,0.376,0.346,0.86,1.68,9.06,-4.24,3,1
18066.093,0.369,0.352,0.851,-0.06,8.36,-5.98,3,1
18066.109,0.365,0.351,0.836,-1.43,9.06,-6.99,3,1
18066.109,0.358,0.349,0.847,-1.5,11.44,-6.44,3,1
18066.125,0.334,0.363,0.887,-1.95,12.42,-5.89,3,1
18066.14,0.316,0.367,0.901,-2.04,11.23,-4.33,3,1
18066.14,0.315,0.35,0.89,-1.62,10.47,-2.01,3,1
18066.156,0.321,0.323,0.872,0.03,10.74,-0.67,3,1
18066.156,0.329,0.317,0.864,1.68,12.6,0.12,3,1
18066.171,0.347,0.314,0.871,4.24,15.9,0.31,3,1
18066.187,0.351,0.32,0.854,7.05,19.1,-1.37,3,1
18066.203,0.359,0.333,0.844,8.3,21.79,-3.69,3,1
18066.203,0.356,0.349,0.832,8.24,24.32,-5.62,3,1
18066.218,0.345,0.377,0.844,6.13,25.82,-7.14,3,1
18066.218,0.317,0.398,0.855,2.26,24.87,-8.51,3,1
18066.234,0.31,0.392,0.848,-2.32,22.95,-7.97,3,1
18066.25,0.308,0.389,0.865,-6.04,22.74,-6.93,3,1
18066.25,0.281,0.381,0.903,-6.38,22.52,-5.62,3,1
18066.265,0.264,0.37,0.928,-4.49,20.91,-3.05,3,1
18066.265,0.254,0.362,0.963,-1.98,17.15,-0.7,3,1
18066.281,0.223,0.353,1.004,1.53,9.89,0.7,3,1
18066.296,0.229,0.328,0.955,5.01,0.12,1.92,3,1
18066.296,0.279,0.319,0.881,4.97,-4.76,1.8,3,1
18066.312,0.285,0.321,0.856,5.8,-2.35,1.31,3,1
18066.328,0.281,0.342,0.85,6.78,1.04,2.11,3,1
18066.328,0.297,0.364,0.848,5.58,2.75,2.75,3,1
18066.343,0.307,0.385,0.849,2.08,3.69,1.46,3,1
18066.359,0.302,0.397,0.856,-1.31,5.13,0.43,3,1
18066.359,0.302,0.383,0.866,-3.78,5.22,0.03,3,1
18066.375,0.293,0.374,0.86,-7.32,3.75,-0.67,3,1
18066.39,0.294,0.388,0.869,-12.63,2.04,-0.52,3,1
18066.39,0.292,0.409,0.901,-17.94,0.24,0.15,3,1
18066.406,0.292,0.411,0.93,-20.91,-4.27,0.73,3,1
18066.406,0.311,0.405,0.947,-22.43,-10.04,0.43,3,1
18066.421,0.327,0.395,0.941,-22.0,-14.65,-1.16,3,1
18066.437,0.353,0.352,0.944,-18.95,-17.18,-3.42,3,1
18066.453,0.299,0.323,0.959,-11.75,-16.85,-5.58,3,1
18066.453,0.317,0.268,0.909,-1.04,-14.44,-2.87,3,1
18066.468,0.316,0.24,0.861,9.83,-6.96,-1.22,3,1
18066.468,0.274,0.218,0.851,20.84,2.32,-0.27,3,1
18066.484,0.251,0.218,0.871,29.21,8.36,1.22,3,1
18066.5,0.227,0.23,0.896,33.2,9.89,1.01,3,1
18066.5,0.188,0.261,0.91,33.75,9.37,0.92,3,1
18066.515,0.209,0.282,0.888,32.35,6.1,3.14,3,1
18066.515,0.291,0.333,0.904,29.33,0.0,3.27,3,1
18066.531,0.29,0.421,0.959,31.89,-5.16,2.41,3,1
18066.546,0.284,0.482,0.916,38.54,-11.41,6.26,3,1
18066.562,0.321,0.506,0.836,35.4,-16.36,7.87,3,1
18066.562,0.302,0.48,0.774,23.26,-16.54,6.38,3,1
18066.578,0.328,0.418,0.765,10.41,-13.92,6.44,3,1
18066.593,0.311,0.369,0.777,3.85,-10.5,6.23,3,1
18066.593,0.316,0.358,0.783,-1.62,-9.22,7.05,3,1
18066.609,0.36,0.373,0.781,-9.92,-8.21,5.43,3,1
18066.609,0.398,0.369,0.791,-16.14,-4.52,1.59,3,1
18066.625,0.412,0.372,0.801,-19.41,0.95,-4.15,3,1
18066.625,0.394,0.384,0.817,-19.75,7.45,-9.34,3,1
18066.64,0.375,0.396,0.842,-18.92,13.21,-12.02,3,1
18066.656,0.348,0.409,0.835,-17.27,18.71,-12.7,3,1
18066.671,0.319,0.393,0.844,-15.78,24.57,-12.24,3,1
18066.671,0.301,0.359,0.87,-15.02,27.25,-12.33,3,1
18066.687,0.28,0.349,0.886,-17.46,26.49,-14.07,3,1
18066.687,0.259,0.346,0.9,-21.52,23.68,-16.17,3,1
18066.703,0.224,0.357,0.933,-24.48,19.5,-16.94,3,1
18066.718,0.166,0.392,1.041,-22.22,12.91,-13.28,3,1
18066.718,0.193,0.38,1.056,-15.38,0.27,-5.43,3,1
18066.734,0.222,0.335,0.99,-11.41,-10.99,-2.5,3,1
18066.75,0.246,0.3,0.947,-5.55,-14.62,-0.18,3,1
18066.75,0.26,0.306,0.929,2.01,-14.98,2.75,3,1
18066.765,0.262,0.334,0.925,9.61,-19.62,4.46,3,1
18066.765,0.26,0.368,0.93,10.99,-23.59,5.62,3,1
18066.781,0.269,0.387,0.923,11.81,-27.07,6.2,3,1
18066.796,0.274,0.384,0.898,11.17,-28.99,6.71,3,1
18066.812,0.288,0.373,0.853,9.55,-29.79,7.57,3,1
18066.812,0.301,0.365,0.838,6.81,-29.36,7.78,3,1
18066.828,0.314,0.367,0.832,3.05,-27.83,7.29,3,1
18066.828,0.325,0.372,0.83,0.09,-25.57,6.99,3,1
18066.843,0.335,0.374,0.829,-2.14,-23.19,6.96,3,1
18066.859,0.352,0.377,0.821,-4.24,-19.9,6.71,3,1
18066.859,0.362,0.366,0.816,-6.07,-15.63,6.29,3,1
18066.875,0.369,0.354,0.821,-8.21,-11.47,5.46,3,1
18066.89,0.371,0.348,0.823,-10.19,-8.21,3.94,3,1
18066.89,0.37,0.349,0.837,-11.81,-5.34,2.5,3,1
18066.906,0.362,0.354,0.854,-12.27,-3.14,1.31,3,1
18066.921,0.345,0.357,0.873,-12.73,-2.08,0.79,3,1
18066.921,0.342,0.341,0.882,-12.73,-2.01,1.1,3,1
18066.937,0.338,0.321,0.887,-11.44,-1.74,0.89,3,1
18066.937,0.327,0.316,0.891,-9.31,-1.19,0.67,3,1
18066.953,0.326,0.318,0.899,-6.99,-0.95,1.01,3,1
18066.968,0.327,0.313,0.905,-4.67,-1.01,0.95,3,1
18066.968,0.329,0.313,0.905,-2.44,-1.01,0.79,3,1
18066.984,0.331,0.315,0.9,0.61,-1.22,0.15,3,1
18066.984,0.327,0.322,0.887,2.9,-1.5,-0.31,3,1
18067.0,0.328,0.34,0.882,4.0,-1.68,-0.43,3,1
18067.015,0.329,0.351,0.877,4.73,-1.83,-0.43,3,1
18067.031,0.329,0.35,0.867,4.7,-2.11,-0.55,3,1
18067.031,0.326,0.358,0.865,4.43,-1.68,-0.03,3,1
18067.046,0.325,0.366,0.866,3.6,-1.19,1.43,3,1
18067.046,0.331,0.357,0.868,2.5,-1.34,2.47,3,1
18067.062,0.334,0.347,0.868,1.04,-2.14,2.2,3,1
18067.078,0.339,0.345,0.863,0.09,-2.72,1.68,3,1
18067.078,0.346,0.344,0.861,-0.03,-2.56,1.68,3,1
18067.093,0.349,0.345,0.858,0.21,-1.77,1.28,3,1
18067.109,0.345,0.347,0.858,-0.21,-0.82,0.46,3,1
18067.109,0.339,0.344,0.865,-1.01,0.12,0.06,3,1
18067.125,0.338,0.34,0.875,-1.4,0.64,0.03,3,1
18067.14,0.334,0.338,0.877,-1.34,0.52,-0.49,3,1
18067.14,0.329,0.329,0.879,-1.07,0.21,-0.95,3,1
18067.156,0.33,0.331,0.884,-0.24,0.43,-1.16,3,1
18067.156,0.331,0.342,0.885,0.61,0.76,-1.16,3,1
18067.171,0.326,0.343,0.875,0.95,0.49,-1.13,3,1
18067.187,0.326,0.345,0.868,0.58,-0.12,-0.55,3,1
18067.187,0.33,0.35,0.871,-0.24,-0.7,-0.21,3,1
18067.203,0.329,0.356,0.873,-0.79,-0.95,0.0,3,1
18067.218,0.333,0.352,0.877,-1.22,-1.25,0.34,3,1
18067.218,0.321,0.337,0.875,-0.95,-1.31,0.58,3,1
18067.234,0.305,0.259,0.847,4.27,-1.01,-3.11,3,1
18067.25,0.321,0.367,0.954,2.75,1.22,-2.87,3,1
18067.25,0.308,0.474,1.005,-5.01,1.46,3.36,3,1
18067.265,0.358,0.314,0.884,-2.11,-5.95,5.16,3,1
18067.265,0.349,0.186,0.756,7.29,-8.15,2.81,3,1
18067.281,0.394,0.222,0.769,18.62,-5.04,1.53,3,1
18067.296,0.372,0.501,0.934,12.24,4.88,4.21,3,1
18067.296,0.381,0.454,0.879,9.03,6.16,2.26,3,1
18067.312,0.34,0.313,0.815,13.09,6.47,0.06,3,1
18067.328,0.334,0.306,0.858,17.85,6.38,0.46,3,1
18067.328,0.326,0.366,0.888,18.28,5.68,0.24,3,1
18067.343,0.32,0.413,0.898,11.2,4.82,0.73,3,1
18067.359,0.32,0.339,0.835,7.48,2.32,-2.23,3,1
18067.359,0.31,0.334,0.829,6.44,1.62,-3.81,3,1
18067.375,0.312,0.392,0.845,3.14,1.4,-3.14,3,1
18067.39,0.317,0.404,0.85,-2.44,1.8,-3.57,3,1
18067.39,0.296,0.393,0.844,-8.36,3.42,-3.2,3,1
18067.406,0.31,0.364,0.847,-12.05,3.08,-1.89,3,1
18067.421,0.315,0.369,0.885,-15.17,3.3,0.0,3,1
18067.421,0.321,0.344,0.902,-16.6,2.14,0.64,3,1
18067.437,0.343,0.322,0.939,-16.75,-0.7,-0.55,3,1
18067.437,0.361,0.35,0.993,-13.76,-4.85,-3.08,3,1
18067.453,0.377,0.375,1.011,-8.33,-12.15,-7.08,3,1
18067.468,0.369,0.372,0.908,-6.32,-19.59,-12.7,3,1
18067.484,0.377,0.346,0.825,-7.05,-19.5,-16.72,3,1
18067.484,0.335,0.304,0.8,-4.27,-12.39,-13.67,3,1
18067.5,0.339,0.309,0.805,-1.86,-7.29,-11.08,3,1
18067.5,0.31,0.333,0.835,0.18,-3.51,-9.55,3,1
18067.515,0.31,0.307,0.846,4.46,-1.25,-6.59,3,1
18067.531,0.293,0.279,0.869,10.13,1.43,-5.04,3,1
18067.531,0.271,0.277,0.894,16.57,2.93,-4.27,3,1
18067.546,0.277,0.299,0.889,21.85,3.45,-3.2,3,1
18067.546,0.303,0.319,0.885,25.42,3.85,-2.35,3,1
18067.562,0.316,0.34,0.88,30.24,5.19,-2.87,3,1
18067.578,0.307,0.377,0.873,35.34,5.8,-2.93,3,1
18067.578,0.303,0.434,0.894,35.71,4.39,-0.89,3,1
18067.593,0.301,0.471,0.837,31.83,0.4,1.4,3,1
18067.609,0.325,0.479,0.775,22.1,-1.31,3.54,3,1
18067.609,0.304,0.467,0.76,11.75,-0.49,5.58,3,1
18067.625,0.322,0.477,0.758,0.67,-1.28,8.33,3,1
18067.64,0.326,0.491,0.765,-12.21,-2.44,9.37,3,1
18067.64,0.328,0.467,0.799,-24.51,-3.39,10.41,3,1
18067.656,0.331,0.412,0.83,-33.23,-5.31,11.17,3,1
18067.656,0.349,0.355,0.829,-39.61,-7.87,9.98,3,1
18067.671,0.371,0.31,0.908,-42.27,-10.53,6.78,3,1
18067.687,0.374,0.3,0.889,-37.02,-10.22,3.78,3,1
18067.703,0.392,0.285,0.891,-32.32,-7.2,1.22,3,1
18067.703,0.392,0.263,0.915,-26.18,-4.09,-3.33,3,1
18067.718,0.374,0.287,0.903,-18.65,0.52,-6.01,3,1
18067.718,0.37,0.3,0.878,-10.04,6.53,-6.23,3,1
18067.734,0.355,0.3,0.873,-4.36,11.75,-7.54,3,1
18067.75,0.343,0.301,0.878,-3.81,14.07,-13.31,3,1
18067.75,0.335,0.305,0.872,-4.88,13.98,-15.72,3,1
18067.765,0.333,0.317,0.869,-5.71,13.58,-17.0,3,1
18067.765,0.322,0.345,0.878,-6.2,12.12,-17.49,3,1
18067.781,0.288,0.392,0.9,-6.62,9.95,-16.72,3,1
18067.796,0.252,0.419,0.965,-5.46,5.83,-13.06,3,1
18067.812,0.273,0.393,0.963,-3.66,-3.45,-8.33,3,1
18067.812,0.279,0.352,0.923,-4.49,-11.26,-7.08,3,1
18067.828,0.299,0.319,0.909,-3.69,-15.2,-6.26,3,1
18067.828,0.306,0.307,0.912,-2.23,-17.43,-6.5,3,1
18067.843,0.301,0.322,0.907,-1.1,-19.14,-7.35,3,1
18067.859,0.312,0.331,0.905,0.95,-21.61,-7.84,3,1
18067.875,0.307,0.338,0.901,1.1,-24.2,-9.31,3,1
18067.875,0.305,0.344,0.889,-0.58,-26.86,-10.16,3,1
18067.89,0.313,0.341,0.886,-2.62,-29.05,-10.28,3,1
18067.89,0.317,0.34,0.879,-4.09,-30.43,-10.19,3,1
18067.906,0.314,0.344,0.858,-4.46,-30.27,-8.73,3,1
18067.921,0.327,0.339,0.845,-2.44,-28.05,-5.13,3,1
18067.921,0.345,0.36,0.846,0.09,-23.04,-0.58,3,1
18067.937,0.357,0.367,0.847,3.14,-17.52,2.23,3,1
18067.937,0.347,0.346,0.846,4.55,-14.01,2.17,3,1
18067.953,0.35,0.342,0.855,3.91,-12.82,1.86,3,1
18067.968,0.355,0.354,0.86,2.35,-12.05,1.89,3,1
18067.984,0.359,0.353,0.86,0.34,-11.78,2.01,3,1
18067.984,0.36,0.357,0.859,-1.92,-11.87,2.59,3,1
18067.984,0.363,0.347,0.854,-2.08,-12.33,3.78,3,1
18068.0,0.364,0.34,0.853,-1.16,-12.97,5.16,3,1
18068.015,0.377,0.349,0.853,-0.24,-13.31,6.07,3,1
18068.031,0.381,0.37,0.854,-0.4,-12.15,6.38,3,1
18068.031,0.375,0.369,0.848,0.15,-11.51,5.65,3,1
18068.046,0.375,0.373,0.839,1.22,-10.19,6.29,3,1
18068.046,0.374,0.379,0.847,1.1,-9.52,7.66,3,1
18068.062,0.358,0.37,0.846,0.15,-10.01,8.58,3,1
18068.078,0.367,0.35,0.87,-2.2,-10.65,10.07,3,1
18068.093,0.395,0.303,0.886,-3.63,-11.96,9.7,3,1
18068.093,0.407,0.258,0.874,-2.56,-11.41,7.39,3,1
18068.109,0.406,0.234,0.876,0.76,-8.24,4.61,3,1
18068.109,0.406,0.229,0.889,6.23,-4.64,1.62,3,1
18068.125,0.411,0.233,0.909,12.63,-1.19,-1.37,3,1
18068.14,0.418,0.247,0.926,19.81,0.31,-5.25,3,1
18068.14,0.421,0.264,0.928,27.19,-0.12,-10.19,3,1
18068.156,0.416,0.281,0.929,34.7,-1.74,-14.92,3,1
18068.171,0.417,0.289,0.927,42.94,-3.63,-18.31,3,1
18068.171,0.422,0.303,0.917,51.48,-4.91,-21.15,3,1
18068.187,0.431,0.313,0.905,60.27,-5.71,-23.5,3,1
18068.187,0.441,0.322,0.895,68.18,-5.52,-26.06,3,1
18068.203,0.446,0.33,0.888,75.26,-4.03,-29.24,3,1
18068.218,0.447,0.342,0.882,82.09,-1.07,-32.59,3,1
18068.218,0.44,0.369,0.874,88.56,2.9,-35.43,3,1
18068.234,0.427,0.388,0.874,92.75,6.5,-37.39,3,1
18068.25,0.419,0.401,0.871,93.33,7.57,-41.81,3,1
18068.25,0.417,0.414,0.852,91.4,6.16,-48.37,3,1
18068.265,0.433,0.45,0.829,84.72,3.3,-52.64,3,1
18068.281,0.469,0.522,0.803,73.06,-1.92,-44.95,3,1
18068.281,0.421,0.574,0.817,54.41,-8.27,-31.8,3,1
18068.296,0.415,0.599,0.806,33.94,-16.66,-38.51,3,1
18068.296,0.493,0.56,0.773,10.86,-26.34,-40.86,3,1
18068.312,0.504,0.561,0.758,-15.96,-31.31,-41.63,3,1
18068.328,0.493,0.533,0.746,-38.79,-33.6,-48.71,3,1
18068.343,0.495,0.493,0.706,-56.49,-34.97,-55.85,3,1
18068.343,0.47,0.443,0.689,-74.92,-33.08,-59.76,3,1
18068.359,0.469,0.378,0.683,-81.94,-28.69,-68.06,3,1
18068.359,0.469,0.343,0.674,-81.24,-23.26,-72.94,3,1
18068.375,0.446,0.355,0.677,-77.82,-16.91,-75.29,3,1
18068.39,0.431,0.406,0.676,-70.41,-8.0,-76.45,3,1
18068.39,0.351,0.412,0.677,-66.53,0.82,-75.53,3,1
18068.406,0.331,0.388,0.694,-69.73,6.13,-71.11,3,1
18068.421,0.318,0.41,0.707,-71.9,12.57,-71.9,3,1
18068.421,0.288,0.415,0.704,-72.73,19.04,-74.31,3,1
18068.437,0.279,0.411,0.716,-73.55,25.79,-78.8,3,1
18068.437,0.249,0.412,0.72,-74.8,33.39,-84.54,3,1
18068.453,0.18,0.413,0.734,-76.33,42.21,-88.6,3,1
18068.468,0.162,0.458,0.767,-75.69,49.5,-89.79,3,1
18068.468,0.096,0.471,0.806,-73.4,54.51,-86.46,3,1
18068.484,0.011,0.418,0.842,-71.14,53.53,-74.31,3,1
18068.5,0.037,0.361,0.899,-62.93,47.43,-58.87,3,1
18068.5,0.038,0.36,0.911,-46.85,41.44,-52.34,3,1
18068.515,0.013,0.329,0.902,-30.46,35.0,-46.27,3,1
18068.515,0.032,0.34,0.904,-14.34,30.92,-41.23,3,1
18068.531,0.005,0.333,0.904,1.95,30.24,-42.42,3,1
18068.546,-0.021,0.33,0.936,11.57,24.75,-43.46,3,1
18068.546,-0.005,0.434,0.966,21.3,19.17,-45.29,3,1
18068.562,-0.073,0.423,0.957,32.47,13.12,-43.0,3,1
18068.578,-0.054,0.433,0.965,40.65,4.82,-36.41,3,1
18068.593,-0.052,0.479,0.963,49.07,-1.95,-33.63,3,1
18068.593,-0.052,0.489,0.953,55.42,-10.28,-31.56,3,1
18068.609,-0.026,0.493,0.945,57.13,-17.67,-30.03,3,1
18068.609,-0.01,0.504,0.943,54.69,-23.99,-29.3,3,1
18068.625,0.005,0.496,0.934,51.3,-31.22,-27.71,3,1
18068.64,0.045,0.501,0.918,48.01,-38.12,-25.21,3,1
18068.64,0.061,0.506,0.903,44.04,-41.72,-24.75,3,1
18068.656,0.076,0.509,0.899,36.9,-45.72,-24.96,3,1
18068.671,0.105,0.523,0.89,30.09,-48.59,-26.46,3,1
18068.671,0.124,0.534,0.886,23.96,-49.93,-27.44,3,1
18068.687,0.13,0.543,0.886,17.98,-50.45,-27.56,3,1
18068.687,0.154,0.545,0.874,13.64,-51.61,-26.4,3,1
18068.703,0.159,0.538,0.867,12.48,-51.48,-25.73,3,1
18068.718,0.159,0.547,0.879,13.09,-51.61,-25.73,3,1
18068.718,0.17,0.556,0.878,14.59,-53.53,-26.37,3,1
18068.734,0.167,0.567,0.855,16.51,-57.59,-26.09,3,1
18068.75,0.175,0.572,0.822,14.71,-58.81,-23.74,3,1
18068.75,0.18,0.548,0.788,12.7,-57.47,-22.68,3,1
18068.765,0.218,0.522,0.731,11.54,-54.87,-21.15,3,1
18068.781,0.242,0.517,0.706,10.68,-49.81,-20.91,3,1
18068.781,0.262,0.517,0.7,10.56,-42.85,-21.76,3,1
18068.796,0.261,0.531,0.693,10.74,-34.3,-23.35,3,1
18068.796,0.274,0.533,0.692,11.54,-26.18,-22.31,3,1
18068.812,0.271,0.554,0.677,13.73,-17.09,-19.01,3,1
18068.828,0.296,0.583,0.67,15.78,-8.18,-14.16,3,1
18068.828,0.292,0.603,0.663,16.08,0.4,-13.21,3,1
18068.843,0.302,0.618,0.673,11.84,6.47,-13.49,3,1
18068.859,0.3,0.64,0.685,4.85,10.13,-14.8,3,1
18068.859,0.276,0.646,0.697,-3.6,11.69,-14.01,3,1
18068.875,0.275,0.66,0.718,-12.79,11.93,-10.19,3,1
18068.89,0.267,0.672,0.739,-19.93,11.72,-5.04,3,1
18068.89,0.258,0.647,0.762,-25.18,11.32,0.06,3,1
18068.906,0.256,0.622,0.794,-30.37,10.41,1.89,3,1
18068.921,0.245,0.615,0.827,-35.04,8.15,0.55,3,1
18068.921,0.221,0.584,0.847,-39.31,3.91,-1.13,3,1
18068.937,0.207,0.544,0.861,-42.79,-1.31,-1.98,3,1
18068.937,0.205,0.526,0.868,-44.34,-7.14,-2.2,3,1
18068.953,0.213,0.519,0.869,-44.71,-11.75,-2.01,3,1
18068.968,0.219,0.5,0.865,-45.26,-14.16,-2.38,3,1
18068.984,0.221,0.47,0.863,-45.53,-15.56,-3.3,3,1
18068.984,0.234,0.459,0.861,-43.95,-16.45,-4.85,3,1
18069.0,0.236,0.445,0.848,-40.93,-16.27,-6.16,3,1
18069.0,0.24,0.445,0.844,-37.51,-14.83,-5.86,3,1
18069.015,0.244,0.442,0.832,-32.96,-12.27,-3.33,3,1
18069.031,0.252,0.436,0.83,-28.9,-9.22,-1.13,3,1
18069.031,0.26,0.435,0.826,-25.67,-4.94,-1.53,3,1
18069.046,0.259,0.432,0.8,-25.33,-0.37,-4.39,3,1
18069.046,0.257,0.435,0.773,-30.76,5.16,-8.3,3,1
18069.062,0.255,0.421,0.737,-41.44,11.75,-12.42,3,1
18069.078,0.268,0.405,0.725,-55.21,19.99,-17.7,3,1
18069.078,0.166,0.426,0.85,-64.67,29.6,-24.75,3,1
18069.093,0.172,0.397,0.961,-62.11,30.12,-23.96,3,1
18069.109,0.06,0.502,1.137,-59.82,20.81,-26.46,3,1
18069.125,0.028,0.482,1.197,-50.63,-0.61,-18.01,3,1
18069.125,0.148,0.453,1.026,-50.69,-24.9,-11.05,3,1
18069.14,0.177,0.439,0.923,-53.77,-30.18,-6.1,3,1
18069.14,0.203,0.333,0.851,-43.4,-26.49,0.64,3,1
18069.156,0.225,0.259,0.816,-27.71,-19.65,4.21,3,1
18069.156,0.207,0.232,0.799,-10.93,-11.57,5.89,3,1
18069.171,0.208,0.253,0.822,3.85,-5.89,7.87,3,1
18069.187,0.214,0.321,0.864,15.38,-5.19,8.3,3,1
18069.187,0.215,0.375,0.906,22.22,-4.82,10.07,3,1
18069.203,0.215,0.405,0.947,22.1,-4.49,10.99,3,1
18069.218,0.192,0.432,0.976,16.75,-6.01,11.51,3,1
18069.218,0.196,0.426,0.985,9.74,-9.92,14.89,3,1
18069.234,0.162,0.421,1.039,5.07,-15.38,19.1,3,1
18069.25,0.232,0.316,0.939,7.32,-24.11,23.87,3,1
18069.25,0.246,0.35,0.859,10.59,-24.99,21.97,3,1
18069.265,0.241,0.361,0.937,33.23,-18.13,30.64,3,1
18069.265,0.294,0.303,0.876,51.48,-20.94,33.11,3,1
18069.281,0.291,0.372,0.855,56.06,-18.46,25.97,3,1
18069.296,0.322,0.378,0.831,58.23,-14.34,22.16,3,1
18069.296,0.33,0.378,0.808,54.63,-10.68,14.31,3,1
18069.312,0.318,0.397,0.785,47.24,-6.07,7.14,3,1
18069.328,0.311,0.405,0.767,39.34,-1.95,2.08,3,1
18069.328,0.301,0.419,0.771,30.67,1.89,-1.07,3,1
18069.343,0.287,0.441,0.785,21.91,4.79,-2.81,3,1
18069.359,0.281,0.447,0.799,13.76,6.78,-3.54,3,1
18069.359,0.279,0.452,0.811,8.67,8.88,-4.82,3,1
18069.375,0.265,0.455,0.824,6.29,11.23,-5.89,3,1
18069.39,0.251,0.461,0.837,5.34,13.06,-6.29,3,1
18069.39,0.246,0.469,0.85,5.83,14.34,-5.65,3,1
18069.406,0.235,0.475,0.851,6.65,15.38,-4.36,3,1
18069.421,0.221,0.468,0.852,7.51,15.78,-2.72,3,1
18069.421,0.219,0.469,0.857,8.21,15.96,-0.89,3,1
18069.437,0.213,0.475,0.866,9.25,15.53,0.52,3,1
18069.437,0.206,0.471,0.869,10.01,14.44,1.65,3,1
18069.453,0.207,0.475,0.874,9.58,12.54,2.11,3,1
18069.468,0.204,0.474,0.885,9.31,10.22,2.26,3,1
18069.468,0.208,0.476,0.887,8.97,7.45,2.29,3,1
18069.484,0.206,0.473,0.881,7.75,4.7,1.77,3,1
18069.5,0.209,0.464,0.877,5.98,1.53,1.4,3,1
18069.5,0.223,0.461,0.869,4.55,-1.19,1.22,3,1
18069.515,0.227,0.452,0.853,4.18,-3.27,0.95,3,1
18069.531,0.241,0.451,0.84,4.09,-3.78,0.7,3,1
18069.531,0.246,0.443,0.83,4.46,-3.02,-0.06,3,1
18069.546,0.247,0.437,0.83,5.71,-0.95,-0.89,3,1
18069.546,0.242,0.445,0.83,7.02,0.95,-1.46,3,1
18069.562,0.24,0.456,0.831,7.6,2.14,-1.86,3,1
18069.578,0.239,0.478,0.836,6.35,2.72,-2.53,3,1
18069.578,0.232,0.484,0.836,4.12,2.66,-2.81,3,1
18069.593,0.231,0.481,0.842,1.86,2.41,-2.78,3,1
18069.609,0.227,0.487,0.845,-0.18,1.95,-2.75,3,1
18069.625,0.227,0.496,0.843,-1.59,1.01,-2.17,3,1
18069.625,0.232,0.499,0.836,-2.62,0.34,-1.04,3,1
18069.64,0.237,0.491,0.832,-3.39,0.37,0.09,3,1
18069.64,0.24,0.482,0.827,-3.91,1.07,1.1,3,1
18069.656,0.24,0.474,0.824,-4.0,2.26,1.89,3,1
18069.656,0.243,0.467,0.825,-3.57,3.63,2.38,3,1
18069.671,0.243,0.463,0.825,-3.23,5.19,2.81,3,1
18069.687,0.236,0.453,0.827,-2.84,6.74,2.81,3,1
18069.703,0.234,0.454,0.837,-2.56,8.36,2.32,3,1
18069.703,0.226,0.458,0.845,-2.56,9.61,1.53,3,1
18069.718,0.22,0.46,0.85,-3.42,10.62,0.52,3,1
18069.718,0.218,0.468,0.853,-4.3,9.89,0.55,3,1
18069.734,0.194,0.455,0.859,-5.4,8.09,0.73,3,1
18069.75,0.204,0.46,0.872,-5.62,6.2,0.58,3,1
18069.75,0.202,0.463,0.878,-5.65,4.46,0.89,3,1
18069.765,0.208,0.455,0.878,-5.49,2.99,1.68,3,1
18069.781,0.208,0.445,0.873,-3.97,2.04,2.14,3,1
18069.781,0.21,0.441,0.873,-2.29,1.56,2.2,3,1
18069.796,0.213,0.437,0.873,-0.52,1.25,1.86,3,1
18069.812,0.219,0.439,0.863,1.19,1.28,1.4,3,1
18069.812,0.216,0.437,0.851,2.62,1.74,0.7,3,1
18069.828,0.219,0.433,0.844,3.66,2.2,0.09,3,1
18069.843,0.221,0.446,0.845,4.24,3.42,-0.76,3,1
18069.843,0.218,0.454,0.841,4.46,4.09,-1.53,3,1
18069.859,0.219,0.462,0.837,4.06,4.64,-1.74,3,1
18069.859,0.218,0.467,0.838,3.08,5.25,-2.11,3,1
18069.875,0.212,0.467,0.842,2.04,5.58,-2.23,3,1
18069.89,0.212,0.477,0.847,0.89,5.65,-2.26,3,1
18069.89,0.209,0.484,0.854,0.09,5.1,-2.38,3,1
18069.906,0.206,0.486,0.86,-1.86,4.24,-1.86,3,1
18069.921,0.207,0.484,0.862,-4.0,2.99,-1.53,3,1
18069.921,0.208,0.475,0.858,-5.34,1.77,-1.13,3,1
18069.937,0.21,0.464,0.853,-5.71,1.4,-0.73,3,1
18069.937,0.208,0.456,0.851,-5.43,1.65,-0.31,3,1
18069.953,0.206,0.451,0.85,-4.97,2.29,0.0,3,1
18069.968,0.206,0.449,0.855,-4.61,2.96,0.06,3,1
18069.968,0.204,0.448,0.859,-4.73,3.08,-0.31,3,1
18069.984,0.2,0.453,0.869,-5.25,2.9,-0.85,3,1
18070.0,0.196,0.453,0.872,-5.65,2.56,-1.37,3,1
18070.0,0.195,0.448,0.875,-5.68,1.74,-1.83,3,1
18070.015,0.192,0.447,0.874,-5.31,0.76,-2.23,3,1
18070.031,0.193,0.452,0.876,-4.73,-0.52,-2.44,3,1
18070.031,0.196,0.453,0.871,-4.46,-1.65,-2.69,3,1
18070.046,0.198,0.448,0.872,-4.58,-2.78,-2.93,3,1
18070.046,0.2,0.442,0.873,-4.27,-3.66,-3.51,3,1
18070.062,0.201,0.438,0.866,-3.2,-4.52,-4.39,3,1
18070.078,0.206,0.437,0.86,-3.05,-4.61,-5.34,3,1
18070.078,0.209,0.431,0.86,-3.39,-4.46,-6.99,3,1
18070.093,0.212,0.428,0.863,-2.78,-4.43,-8.7,3,1
18070.109,0.215,0.425,0.858,-2.23,-4.21,-10.44,3,1
18070.109,0.212,0.424,0.853,-2.47,-3.45,-12.27,3,1
18070.125,0.215,0.426,0.86,-2.81,-2.38,-13.49,3,1
18070.14,0.214,0.429,0.862,-2.47,-1.77,-14.65,3,1
18070.14,0.214,0.432,0.858,-2.59,-1.31,-15.59,3,1
18070.156,0.217,0.429,0.851,-2.69,-0.27,-16.88,3,1
18070.156,0.22,0.424,0.848,-3.05,1.22,-18.52,3,1
18070.171,0.21,0.433,0.854,-2.72,2.96,-20.45,3,1
18070.187,0.196,0.444,0.851,-1.56,4.21,-21.06,3,1
18070.203,0.182,0.452,0.864,-1.31,5.22,-20.08,3,1
18070.203,0.182,0.455,0.871,-1.37,5.46,-19.26,3,1
18070.218,0.182,0.466,0.867,-1.65,5.46,-19.32,3,1
18070.218,0.173,0.463,0.86,-2.2,5.71,-19.23,3,1
18070.234,0.169,0.454,0.855,-2.2,6.29,-18.74,3,1
18070.25,0.168,0.453,0.851,-1.83,6.81,-18.4,3,1
18070.25,0.167,0.454,0.848,-2.11,7.63,-18.68,3,1
18070.265,0.168,0.457,0.853,-3.3,8.03,-20.02,3,1
18070.281,0.164,0.459,0.854,-5.13,8.36,-20.91,3,1
18070.281,0.157,0.456,0.855,-7.48,8.55,-21.79,3,1
18070.296,0.142,0.441,0.861,-8.82,7.97,-22.28,3,1
18070.312,0.152,0.448,0.878,-8.73,6.96,-22.46,3,1
18070.312,0.137,0.46,0.894,-8.42,5.55,-23.65,3,1
18070.328,0.119,0.479,0.917,-8.85,3.69,-23.62,3,1
18070.328,0.11,0.487,0.93,-6.2,0.82,-19.84,3,1
18070.343,0.131,0.475,0.91,-1.13,-1.86,-13.92,3,1
18070.359,0.134,0.486,0.887,1.59,-2.2,-10.38,3,1
18070.375,0.144,0.477,0.864,2.23,-2.23,-7.32,3,1
18070.375,0.151,0.451,0.841,2.44,-1.5,-4.91,3,1
18070.39,0.153,0.446,0.831,1.04,0.06,-3.02,3,1
18070.39,0.155,0.442,0.835,-0.67,1.98,-1.62,3,1
18070.406,0.156,0.447,0.856,-1.74,4.06,-1.43,3,1
18070.406,0.147,0.449,0.875,-2.14,5.16,-1.8,3,1
18070.421,0.141,0.451,0.891,-1.28,5.31,-1.62,3,1
18070.437,0.135,0.454,0.897,0.18,4.94,-0.89,3,1
18070.453,0.131,0.455,0.894,2.14,4.0,-0.06,3,1
18070.453,0.124,0.449,0.891,3.72,2.56,0.43,3,1
18070.468,0.128,0.443,0.888,4.09,0.89,0.06,3,1
18070.468,0.133,0.45,0.887,3.54,-0.64,-1.04,3,1
18070.484,0.136,0.448,0.875,3.05,-1.65,-1.65,3,1
18070.5,0.141,0.452,0.863,2.26,-2.26,-1.8,3,1
18070.5,0.142,0.454,0.861,1.56,-2.11,-2.04,3,1
18070.515,0.141,0.457,0.861,0.52,-1.71,-2.14,3,1
18070.515,0.148,0.471,0.866,-1.37,-1.04,-1.92,3,1
18070.531,0.147,0.48,0.866,-2.72,-0.09,-1.65,3,1
18070.546,0.151,0.477,0.867,-3.51,0.89,-1.62,3,1
18070.546,0.138,0.478,0.867,-4.61,1.98,-1.68,3,1
18070.562,0.143,0.485,0.855,-6.47,3.17,-0.55,3,1
18070.578,0.143,0.491,0.823,-7.97,5.43,1.62,3,1
18070.578,0.188,0.466,0.765,-13.58,9.31,2.9,3,1
18070.593,0.123,0.522,0.836,-21.61,15.53,-0.18,3,1
18070.609,0.068,0.513,0.937,-19.93,16.88,4.97,3,1
18070.609,0.129,0.452,0.892,-23.13,7.69,8.09,3,1
18070.625,0.122,0.462,0.878,-31.53,4.27,7.08,3,1
18070.64,0.135,0.419,0.891,-33.2,2.66,7.11,3,1
18070.64,0.113,0.343,0.898,-30.88,1.56,7.87,3,1
18070.656,0.127,0.331,0.902,-27.38,0.58,9.52,3,1
18070.656,0.131,0.343,0.919,-21.73,-0.43,8.73,3,1
18070.671,0.132,0.329,0.945,-14.86,-2.44,5.58,3,1
18070.687,0.132,0.334,0.961,-2.41,-4.52,0.95,3,1
18070.687,0.139,0.419,0.939,21.85,-1.46,7.17,3,1
18070.703,0.14,0.474,0.916,23.59,0.21,13.76,3,1
18070.718,0.127,0.471,0.918,25.91,-0.67,19.84,3,1
18070.718,0.147,0.465,0.918,30.76,-2.44,26.67,3,1
18070.734,0.256,0.517,0.817,48.62,-0.55,43.15,3,1
18070.75,0.264,0.545,0.761,70.31,13.98,57.01,3,1
18070.75,0.19,0.521,0.792,81.7,24.81,57.01,3,1
18070.765,0.224,0.527,0.775,83.56,27.74,58.6,3,1
18070.781,0.233,0.583,0.747,78.62,33.66,60.43,3,1
18070.781,0.198,0.569,0.756,67.84,38.51,57.95,3,1
18070.796,0.19,0.522,0.765,49.96,41.63,50.66,3,1
18070.796,0.173,0.472,0.777,27.5,40.99,35.95,3,1
18070.812,0.21,0.456,0.785,5.16,39.34,15.93,3,1
18070.828,0.16,0.438,0.779,-16.42,39.52,-5.74,3,1
18070.843,0.144,0.396,0.809,-39.49,36.65,-19.07,3,1
18070.843,0.118,0.367,0.837,-55.36,35.04,-28.57,3,1
18070.859,0.023,0.392,0.884,-62.2,36.29,-33.75,3,1
18070.859,-0.124,0.495,1.108,-58.08,33.54,-24.75,3,1
18070.875,-0.035,0.375,1.116,-49.35,13.43,-8.61,3,1
18070.89,-0.095,0.523,1.178,-43.92,0.4,-5.28,3,1
18070.89,0.003,0.374,1.025,-32.41,-16.88,3.78,3,1
18070.906,0.071,0.315,0.908,-26.76,-22.68,2.17,3,1
18070.906,0.077,0.286,0.859,-12.7,-17.85,0.58,3,1
18070.921,0.102,0.272,0.819,7.08,-10.62,-1.1,3,1
18070.937,0.106,0.335,0.793,20.75,-2.2,-3.08,3,1
18070.937,0.056,0.39,0.817,23.68,4.39,-3.91,3,1
18070.953,0.033,0.453,0.876,19.07,6.62,-1.46,3,1
18070.968,0.007,0.516,0.902,13.64,4.67,5.4,3,1
18070.968,0.024,0.528,0.91,8.94,0.21,13.76,3,1
18070.984,0.044,0.533,0.929,6.35,-4.03,19.07,3,1
18071.0,0.025,0.532,0.941,8.64,-9.74,23.65,3,1
18071.0,0.039,0.556,0.938,13.4,-17.27,32.65,3,1
18071.015,0.038,0.603,0.985,18.68,-24.17,44.47,3,1
18071.031,0.095,0.529,0.936,26.12,-33.14,56.34,3,1
18071.031,0.082,0.597,0.769,37.81,-30.4,68.97,3,1
18071.046,0.102,0.614,0.819,48.89,-20.48,85.15,3,1
18071.046,0.173,0.528,0.8,56.37,-18.65,93.78,3,1
18071.062,0.203,0.545,0.763,56.4,-11.9,97.54,3,1
18071.078,0.2,0.569,0.761,55.76,-4.73,96.01,3,1
18071.078,0.207,0.524,0.773,50.9,-1.34,92.5,3,1
18071.093,0.196,0.517,0.794,39.55,1.16,85.51,3,1
18071.109,0.217,0.501,0.807,25.91,-1.34,79.35,3,1
18071.125,0.25,0.485,0.81,12.7,-3.97,72.51,3,1
18071.125,0.23,0.437,0.808,-0.34,-4.49,66.41,3,1
18071.14,0.261,0.373,0.814,-11.38,-6.16,62.53,3,1
18071.14,0.307,0.34,0.822,-15.11,-5.25,54.02,3,1
18071.156,0.314,0.326,0.822,-14.34,-2.26,43.18,3,1
18071.171,0.329,0.336,0.835,-13.55,1.46,32.38,3,1
18071.171,0.315,0.327,0.842,-13.37,4.3,21.91,3,1
18071.187,0.301,0.354,0.837,-13.82,6.71,12.05,3,1
18071.187,0.282,0.375,0.816,-13.15,10.41,7.08,3,1
18071.203,0.298,0.398,0.804,-10.22,15.26,4.73,3,1
18071.218,0.298,0.416,0.793,-4.24,21.88,0.46,3,1
18071.218,0.26,0.43,0.785,-0.73,27.41,-2.9,3,1
18071.234,0.249,0.462,0.797,-1.19,31.53,-4.27,3,1
18071.25,0.161,0.526,0.889,-2.69,33.14,-4.85,3,1
18071.25,0.147,0.524,1.012,-4.3,23.32,0.64,3,1
18071.265,0.194,0.53,0.975,-10.1,9.52,2.2,3,1
18071.265,0.192,0.54,0.919,-18.83,2.44,-1.1,3,1
18071.281,0.209,0.48,0.83,-22.19,-1.62,-3.14,3,1
18071.296,0.295,0.408,0.683,-24.9,1.59,-5.1,3,1
18071.296,0.134,0.493,0.808,-26.09,13.58,-9.28,3,1
18071.312,0.148,0.402,0.901,-11.87,12.97,0.27,3,1
18071.328,0.214,0.447,0.874,-10.83,8.45,2.26,3,1
18071.328,0.147,0.477,0.926,-14.89,10.01,0.92,3,1
18071.343,0.163,0.418,0.964,-13.58,5.43,1.56,3,1
18071.359,0.172,0.404,0.938,-7.48,1.1,1.86,3,1
18071.359,0.186,0.42,0.898,-0.37,-0.98,2.04,3,1
18071.375,0.191,0.407,0.886,2.93,-0.95,0.95,3,1
18071.39,0.179,0.421,0.891,4.64,-2.84,-0.85,3,1
18071.39,0.185,0.456,0.887,5.1,-7.51,-1.22,3,1
18071.406,0.183,0.472,0.89,3.39,-10.86,-1.59,3,1
18071.406,0.176,0.481,0.93,1.34,-15.02,-2.01,3,1
18071.421,0.12,0.51,1.021,1.22,-24.2,-1.68,3,1
18071.437,0.191,0.452,0.957,3.51,-37.39,2.78,3,1
18071.453,0.264,0.433,0.851,-9.22,-45.29,-2.81,3,1
18071.453,0.163,0.396,0.958,-19.56,-48.16,-11.87,3,1
18071.468,0.201,0.321,0.934,-14.44,-57.68,-9.67,3,1
18071.468,0.269,0.383,0.884,-11.6,-61.22,-7.63,3,1
18071.484,0.283,0.389,0.843,-13.31,-61.43,-15.11,3,1
18071.5,0.313,0.371,0.813,-21.0,-59.42,-24.96,3,1
18071.5,0.307,0.357,0.785,-28.08,-54.57,-34.52,3,1
18071.515,0.316,0.323,0.766,-30.67,-49.26,-41.14,3,1
18071.531,0.335,0.313,0.743,-28.81,-41.23,-46.72,3,1
18071.531,0.344,0.305,0.719,-26.31,-30.18,-52.46,3,1
18071.546,0.353,0.302,0.708,-24.35,-17.85,-58.63,3,1
18071.546,0.346,0.32,0.695,-20.72,-3.08,-63.75,3,1
18071.562,0.324,0.353,0.709,-18.07,12.57,-66.59,3,1
18071.578,0.304,0.423,0.763,-15.87,25.57,-68.03,3,1
18071.593,0.278,0.491,0.808,-11.17,36.04,-67.57,3,1
18071.593,0.205,0.52,0.829,-6.68,43.92,-61.74,3,1
18071.609,0.206,0.559,0.866,-3.02,47.73,-50.45,3,1
18071.625,0.189,0.574,0.868,2.69,50.45,-40.19,3,1
18071.625,0.204,0.578,0.855,5.95,51.52,-33.88,3,1
18071.625,0.149,0.567,0.856,2.08,50.08,-32.59,3,1
18071.64,0.197,0.564,0.866,-5.55,44.92,-30.98,3,1
18071.656,0.158,0.568,0.87,-14.25,42.24,-32.29,3,1
18071.671,0.098,0.541,0.891,-26.0,37.69,-28.69,3,1
18071.671,0.12,0.551,0.91,-34.85,32.59,-21.09,3,1
18071.687,0.063,0.495,0.926,-44.98,20.72,-8.12,3,1
18071.687,0.113,0.471,0.977,-43.28,14.95,-8.27,3,1
18071.703,0.071,0.447,1.006,-42.24,7.14,-8.85,3,1
18071.718,0.055,0.377,0.992,-40.53,0.76,-8.85,3,1
18071.718,0.098,0.334,0.966,-36.29,-5.83,-4.7,3,1
18071.734,0.124,0.323,0.91,-31.74,-8.03,-4.94,3,1
18071.75,0.098,0.299,0.872,-31.19,-8.39,-6.13,3,1
18071.75,0.138,0.301,0.861,-31.59,-7.66,-6.01,3,1
18071.765,0.145,0.324,0.83,-30.21,-2.01,-4.79,3,1
18071.765,0.131,0.32,0.841,-30.49,6.93,-2.56,3,1
18071.781,0.12,0.326,0.873,-26.28,15.32,-2.87,3,1
18071.796,0.088,0.384,0.96,-29.27,17.58,-3.11,3,1
18071.796,0.109,0.402,1.036,-33.36,13.95,-4.82,3,1
18071.812,0.122,0.371,1.024,-32.78,8.27,-8.12,3,1
18071.828,0.186,0.365,0.958,-34.79,0.4,-12.12,3,1
18071.828,0.092,0.317,0.965,-27.77,-1.71,-16.17,3,1
18071.843,0.08,0.375,1.011,-25.48,-10.77,-12.09,3,1
18071.859,0.158,0.348,0.932,-26.0,-15.29,-8.39,3,1
18071.859,0.153,0.287,0.864,-27.28,-11.05,-10.35,3,1
18071.875,0.156,0.258,0.853,-30.58,-7.35,-8.94,3,1
18071.89,0.13,0.267,0.872,-29.73,-4.36,-5.86,3,1
18071.89,0.119,0.293,0.932,-23.26,-0.27,-4.15,3,1
18071.906,0.097,0.306,0.971,-15.78,3.48,-3.2,3,1
18071.906,0.079,0.329,0.988,-9.43,4.67,-2.04,3,1
18071.921,0.067,0.312,0.969,-1.19,2.87,-1.16,3,1
18071.937,0.067,0.307,0.946,5.52,-0.43,1.01,3,1
18071.937,0.095,0.298,0.901,10.22,-1.86,3.3,3,1
18071.953,0.098,0.281,0.872,12.85,-0.95,4.27,3,1
18071.968,0.081,0.272,0.899,14.47,-0.95,6.93,3,1
18071.968,0.067,0.294,0.951,14.71,-1.56,9.86,3,1
18071.984,0.031,0.315,1.009,13.7,-3.66,11.44,3,1
18072.0,-0.034,0.384,1.086,12.36,-11.23,14.74,3,1
18072.0,0.048,0.327,1.027,17.58,-23.68,24.51,3,1
18072.015,0.032,0.388,0.975,16.94,-29.3,29.08,3,1
18072.031,-0.03,0.419,1.041,23.87,-30.92,41.23,3,1
18072.031,0.015,0.442,1.003,41.23,-37.08,63.26,3,1
18072.046,0.09,0.498,0.996,50.72,-38.51,86.92,3,1
18072.062,0.13,0.454,0.889,67.11,-36.71,100.1,3,1
18072.062,0.148,0.424,0.77,87.92,-24.99,117.34,3,1
18072.078,0.224,0.457,0.831,87.22,-14.56,121.89,3,1
18072.078,0.275,0.358,0.826,85.85,-10.04,110.69,3,1
18072.093,0.278,0.311,0.78,76.72,-6.53,93.6,3,1
18072.109,0.312,0.36,0.74,55.48,-5.65,75.66,3,1
18072.109,0.33,0.369,0.712,25.85,-3.42,62.56,3,1
18072.125,0.321,0.303,0.727,-5.8,1.71,52.61,3,1
18072.14,0.364,0.25,0.779,-32.01,4.52,38.76,3,1
18072.14,0.38,0.244,0.79,-49.01,10.07,22.49,3,1
18072.156,0.34,0.206,0.776,-60.64,17.4,9.55,3,1
18072.171,0.403,0.187,0.815,-67.57,23.56,-3.75,3,1
18072.171,0.253,0.231,0.9,-63.33,33.27,-19.2,3,1
18072.187,0.241,0.244,1.171,-40.5,34.73,-18.04,3,1
18072.203,0.128,0.354,1.402,-7.11,21.15,-9.43,3,1
18072.203,0.25,0.391,1.244,8.7,-5.28,-2.59,3,1
18072.218,0.254,0.383,1.038,-2.62,-15.53,-10.04,3,1
18072.218,0.232,0.222,0.906,1.4,-13.73,-13.12,3,1
18072.234,0.22,0.209,0.822,18.25,-8.03,-9.37,3,1
18072.25,0.199,0.259,0.806,32.41,-3.66,-7.39,3,1
18072.25,0.178,0.302,0.827,40.22,0.27,-5.25,3,1
18072.265,0.144,0.371,0.884,39.16,3.08,-5.43,3,1
18072.281,0.106,0.412,0.924,33.42,2.56,-4.49,3,1
18072.281,0.116,0.452,0.956,24.84,-1.68,-3.85,3,1
18072.296,0.1,0.461,0.971,14.95,-9.83,-4.27,3,1
18072.312,0.1,0.466,0.999,4.49,-22.34,-4.52,3,1
18072.312,0.071,0.43,1.068,-4.7,-38.85,-5.49,3,1
18072.328,0.178,0.32,1.066,-13.06,-59.82,-7.54,3,1
18072.328,0.175,0.243,0.994,-39.4,-78.68,-27.16,3,1
18072.343,0.134,0.198,1.087,-54.72,-93.57,-46.94,3,1
18072.359,0.25,0.124,1.089,-50.54,-109.9,-56.31,3,1
18072.359,0.269,0.139,1.035,-51.24,-118.14,-76.97,3,1
18072.375,0.299,0.159,0.965,-61.59,-120.85,-100.96,3,1
18072.39,0.298,0.153,0.908,-79.44,-116.7,-125.19,3,1
18072.39,0.281,0.126,0.886,-102.3,-110.84,-148.93,3,1
18072.406,0.296,0.101,0.849,-121.07,-107.61,-169.38,3,1
18072.421,0.338,0.075,0.774,-127.9,-102.36,-183.29,3,1
18072.421,0.374,0.099,0.721,-123.51,-86.73,-188.27,3,1
18072.437,0.376,0.11,0.758,-112.58,-65.25,-189.58,3,1
18072.453,0.346,0.12,0.803,-88.02,-46.17,-192.79,3,1
18072.453,0.322,0.152,0.818,-55.57,-30.98,-194.68,3,1
18072.468,0.286,0.224,0.824,-24.35,-17.55,-189.83,3,1
18072.484,0.28,0.337,0.84,1.62,-6.62,-179.17,3,1
18072.484,0.26,0.44,0.824,21.85,4.82,-167.97,3,1
18072.5,0.235,0.525,0.797,31.19,14.62,-152.96,3,1
18072.5,0.245,0.608,0.778,32.07,23.44,-135.17,3,1
18072.515,0.208,0.642,0.77,28.29,29.51,-116.4,3,1
18072.531,0.174,0.656,0.819,22.37,32.11,-98.42,3,1
18072.531,0.132,0.645,0.898,22.55,30.24,-80.42,3,1
18072.546,0.053,0.71,0.968,33.23,22.19,-58.84,3,1
18072.562,0.052,0.776,0.99,40.68,11.11,-34.03,3,1
18072.562,0.094,0.715,0.974,35.98,-0.79,-18.86,3,1
18072.578,0.102,0.677,0.926,18.43,-11.69,-10.96,3,1
18072.578,0.133,0.568,0.865,1.34,-20.33,-5.04,3,1
18072.593,0.155,0.469,0.831,-18.25,-27.83,-2.5,3,1
18072.609,0.218,0.394,0.814,-35.4,-34.15,-3.88,3,1
18072.609,0.249,0.347,0.795,-41.2,-32.35,-3.85,3,1
18072.625,0.283,0.304,0.826,-39.34,-25.94,-1.07,3,1
18072.64,0.302,0.26,0.85,-29.18,-16.51,1.8,3,1
18072.64,0.312,0.224,0.87,-15.05,-5.95,3.33,3,1
18072.656,0.308,0.241,0.888,-1.1,4.33,3.48,3,1
18072.656,0.287,0.276,0.9,18.43,16.79,9.03,3,1
18072.671,0.254,0.288,0.92,24.26,18.62,11.44,3,1
18072.687,0.211,0.301,0.951,27.38,15.26,10.22,3,1
18072.703,0.191,0.326,0.968,25.67,9.13,5.92,3,1
18072.703,0.194,0.39,0.96,20.48,2.66,1.8,3,1
18072.718,0.2,0.401,0.949,15.23,-3.08,0.12,3,1
18072.718,0.205,0.392,0.927,13.0,-7.63,0.49,3,1
18072.734,0.219,0.376,0.9,12.94,-10.13,1.34,3,1
18072.75,0.251,0.377,0.872,14.53,-10.5,2.17,3,1
18072.75,0.271,0.364,0.844,17.24,-8.12,2.23,3,1
18072.765,0.28,0.346,0.832,20.78,-2.99,1.83,3,1
18072.765,0.293,0.348,0.82,25.06,3.75,0.89,3,1
18072.781,0.296,0.35,0.81,29.36,11.11,-0.49,3,1
18072.796,0.283,0.36,0.818,31.13,17.85,-2.96,3,1
18072.812,0.275,0.387,0.83,28.93,21.91,-5.58,3,1
18072.812,0.269,0.426,0.851,23.65,23.83,-7.87,3,1
18072.828,0.278,0.445,0.863,17.37,25.61,-8.79,3,1
18072.828,0.29,0.448,0.871,11.99,27.53,-8.09,3,1
18072.843,0.296,0.429,0.893,8.64,28.99,-6.78,3,1
18072.859,0.301,0.412,0.899,7.23,29.15,-7.42,3,1
18072.859,0.303,0.396,0.901,8.67,31.34,-8.7,3,1
18072.875,0.305,0.383,0.894,11.87,37.14,-11.23,3,1
18072.89,0.279,0.373,0.861,14.62,44.98,-13.46,3,1
18072.89,0.27,0.382,0.842,14.95,53.29,-14.59,3,1
18072.906,0.273,0.458,0.802,8.7,62.11,-16.57,3,1
18072.906,0.255,0.526,0.808,-16.33,70.89,-12.15,3,1
18072.921,0.223,0.504,0.83,-41.2,79.01,-13.18,3,1
18072.937,0.164,0.438,0.82,-50.9,85.6,-11.41,3,1
18072.953,0.104,0.382,0.833,-55.51,90.82,-6.07,3,1
18072.953,0.056,0.329,0.887,-53.71,92.75,-9.31,3,1
18072.968,0.055,0.305,0.924,-43.06,91.53,-14.04,3,1
18072.968,0.082,0.33,0.894,-24.84,93.48,-21.24,3,1
18072.984,0.017,0.326,0.853,-8.0,98.91,-29.08,3,1
18073.0,-0.003,0.346,0.828,1.86,104.46,-29.27,3,1
18073.0,-0.039,0.408,0.796,10.8,113.38,-25.85,3,1
18073.015,-0.195,0.49,0.848,11.57,118.2,-21.97,3,1
18073.031,-0.286,0.711,1.017,-22.4,104.56,-15.63,3,1
18073.031,-0.32,0.764,1.13,-58.32,80.72,-4.82,3,1
18073.046,-0.374,0.669,1.224,-77.49,52.61,6.1,3,1
18073.046,-0.294,0.501,1.207,-79.32,20.81,15.9,3,1
18073.062,-0.206,0.36,1.06,-68.97,-5.46,18.59,3,1
18073.078,-0.184,0.342,0.996,-45.32,-17.85,16.75,3,1
18073.078,-0.175,0.362,0.992,-9.67,-22.74,17.7,3,1
18073.093,-0.194,0.368,0.928,18.37,-30.46,18.34,3,1
18073.109,-0.203,0.433,0.98,29.66,-39.25,19.38,3,1
18073.109,-0.22,0.597,0.958,42.02,-50.05,34.18,3,1
18073.125,-0.167,0.546,0.857,51.09,-57.19,54.38,3,1
18073.14,-0.119,0.553,0.772,46.94,-57.04,73.82,3,1
18073.14,-0.042,0.515,0.733,46.72,-49.53,94.55,3,1
18073.156,0.025,0.564,0.769,32.07,-45.59,106.17,3,1
18073.171,0.082,0.542,0.755,21.06,-40.71,117.25,3,1
18073.171,0.115,0.458,0.744,13.03,-32.69,126.04,3,1
18073.187,0.134,0.403,0.773,6.78,-24.35,134.22,3,1
18073.203,0.148,0.333,0.802,8.7,-16.82,141.7,3,1
18073.203,0.144,0.243,0.82,17.85,-10.13,144.99,3,1
18073.218,0.153,0.187,0.841,33.17,-2.38,140.84,3,1
18073.234,0.173,0.165,0.865,48.28,3.85,128.24,3,1
18073.234,0.175,0.163,0.872,56.83,6.56,108.37,3,1
18073.25,0.177,0.194,0.881,55.15,6.16,86.28,3,1
18073.25,0.174,0.233,0.898,46.6,3.45,65.83,3,1
18073.265,0.152,0.264,0.9,30.95,-3.48,51.36,3,1
18073.281,0.136,0.267,0.902,10.32,-13.15,43.37,3,1
18073.281,0.141,0.234,0.913,-8.06,-22.03,38.21,3,1
18073.296,0.174,0.215,0.927,-21.55,-26.64,32.11,3,1
18073.312,0.191,0.223,0.934,-30.88,-25.09,22.98,3,1
18073.312,0.176,0.211,0.947,-38.42,-20.2,13.79,3,1
18073.328,0.176,0.209,0.971,-43.09,-13.52,5.86,3,1
18073.328,0.173,0.222,0.999,-41.02,-6.01,-1.37,3,1
18073.343,0.151,0.232,1.017,-34.3,-0.98,-8.33,3,1
18073.359,0.142,0.248,1.009,-27.01,1.07,-13.89,3,1
18073.359,0.143,0.276,0.989,-20.23,2.2,-19.1,3,1
18073.375,0.151,0.298,0.965,-13.67,4.09,-23.38,3,1
18073.39,0.141,0.312,0.923,-9.22,6.65,-27.13,3,1
18073.39,0.134,0.332,0.904,-8.58,9.0,-29.97,3,1
18073.406,0.131,0.346,0.911,-9.25,9.74,-31.95,3,1
18073.406,0.106,0.355,0.942,-7.66,8.91,-32.96,3,1
18073.421,0.096,0.377,0.975,-0.7,6.68,-29.42,3,1
18073.437,0.091,0.388,0.99,9.58,3.72,-24.93,3,1
18073.437,0.083,0.386,0.996,19.81,-0.09,-23.04,3,1
18073.453,0.093,0.374,1.011,28.9,-4.0,-22.89,3,1
18073.468,0.086,0.341,1.022,38.15,-7.66,-26.06,3,1
18073.468,0.086,0.336,1.02,45.44,-14.86,-30.64,3,1
18073.484,0.107,0.317,1.011,45.5,-27.1,-37.75,3,1
18073.5,0.103,0.329,1.037,34.7,-42.42,-47.85,3,1
18073.515,0.082,0.418,1.105,26.06,-59.63,-50.26,3,1
18073.515,0.109,0.451,1.103,26.49,-77.3,-42.12,3,1
18073.531,0.139,0.47,1.056,23.22,-92.01,-32.44,3,1
18073.531,0.177,0.49,1.006,16.3,-100.28,-25.82,3,1
18073.546,0.193,0.469,0.916,11.72,-101.93,-23.83,3,1
18073.546,0.205,0.44,0.833,8.64,-99.15,-23.44,3,1
18073.562,0.221,0.437,0.772,8.42,-93.72,-21.67,3,1
18073.578,0.239,0.431,0.713,11.96,-85.24,-18.1,3,1
18073.593,0.257,0.425,0.669,16.91,-73.95,-14.89,3,1
18073.593,0.267,0.446,0.651,19.87,-60.88,-12.82,3,1
18073.609,0.274,0.48,0.646,20.33,-47.24,-11.63,3,1
18073.609,0.275,0.499,0.646,19.71,-33.27,-10.86,3,1
18073.625,0.279,0.522,0.664,17.88,-19.5,-9.03,3,1
18073.64,0.273,0.552,0.687,16.6,-6.62,-4.64,3,1
18073.64,0.277,0.567,0.696,16.82,5.1,2.08,3,1
18073.656,0.275,0.568,0.695,20.63,26.95,18.34,3,1
18073.671,0.276,0.555,0.697,21.67,35.86,20.87,3,1
18073.671,0.279,0.529,0.709,20.33,42.97,18.83,3,1
18073.687,0.269,0.511,0.726,16.05,48.59,16.14,3,1
18073.687,0.264,0.513,0.749,10.19,52.71,13.98,3,1
18073.703,0.252,0.49,0.764,3.42,57.04,11.93,3,1
18073.718,0.246,0.459,0.777,-4.64,61.28,9.03,3,1
18073.718,0.25,0.417,0.769,-14.77,65.25,2.69,3,1
18073.734,0.257,0.39,0.742,-28.96,71.29,-7.69,3,1
18073.75,0.272,0.361,0.726,-43.52,79.9,-19.32,3,1
18073.75,0.288,0.326,0.692,-54.6,91.92,-32.23,3,1
18073.765,0.176,0.302,0.707,-63.51,107.85,-44.43,3,1
18073.765,-0.195,0.513,1.283,-59.3,115.33,-43.4,3,1
18073.781,-0.287,0.609,1.763,-23.04,77.06,-11.32,3,1
18073.796,0.027,0.485,1.424,-10.04,7.97,10.65,3,1
18073.796,0.045,0.569,1.141,-37.11,-21.97,5.71,3,1
18073.812,0.101,0.453,1.02,-49.5,-33.05,9.0,3,1
18073.828,0.151,0.228,0.902,-37.35,-35.98,11.72,3,1
18073.828,0.153,0.161,0.821,-9.46,-28.99,8.48,3,1
18073.843,0.164,0.206,0.766,25.27,-18.59,4.97,3,1
18073.859,0.159,0.315,0.763,45.23,-9.58,1.53,3,1
18073.859,0.121,0.425,0.825,48.25,-1.89,0.95,3,1
18073.875,0.096,0.501,0.888,42.33,1.71,4.49,3,1
18073.89,0.034,0.57,0.987,32.99,0.03,10.16,3,1
18073.89,0.101,0.565,0.968,24.87,-10.35,21.06,3,1
18073.906,0.165,0.571,0.817,12.91,-18.04,27.07,3,1
18073.906,0.127,0.622,0.844,13.52,-10.5,39.61,3,1
18073.921,0.18,0.565,0.803,26.52,-5.65,57.74,3,1
18073.937,0.176,0.551,0.78,27.89,-2.99,63.14,3,1
18073.937,0.221,0.556,0.756,27.5,1.83,68.73,3,1
18073.953,0.249,0.572,0.737,22.16,8.58,73.15,3,1
18073.968,0.258,0.568,0.724,14.71,17.76,78.55,3,1
18073.968,0.249,0.508,0.722,10.28,28.53,81.85,3,1
18073.984,0.248,0.438,0.735,7.29,38.12,78.8,3,1
18074.0,0.237,0.39,0.747,3.08,45.81,69.25,3,1
18074.0,0.229,0.35,0.748,-2.59,50.78,55.27,3,1
18074.015,0.247,0.356,0.742,-10.32,57.31,40.22,3,1
18074.031,0.191,0.346,0.743,-20.2,67.35,25.97,3,1
18074.031,0.184,0.285,0.764,-32.47,75.53,16.75,3,1
18074.046,0.198,0.284,0.774,-42.18,86.52,3.45,3,1
18074.046,0.17,0.234,0.772,-49.29,98.24,-12.82,3,1
18074.062,-0.018,0.281,0.905,-54.45,109.65,-30.15,3,1
18074.078,-0.368,0.489,1.547,-48.43,98.79,-29.39,3,1
18074.078,-0.29,0.449,1.726,-21.73,39.4,-2.44,3,1
18074.093,-0.035,0.38,1.229,-27.01,-22.8,8.09,3,1
18074.109,0.016,0.445,0.991,-53.32,-38.58,5.13,3,1
18074.125,0.095,0.307,0.936,-54.29,-37.51,9.16,3,1
18074.125,0.124,0.14,0.86,-31.13,-29.66,8.67,3,1
18074.14,0.107,0.119,0.804,1.53,-17.76,7.05,3,1
18074.14,0.1,0.214,0.787,30.76,-7.54,8.39,3,1
18074.156,0.07,0.343,0.857,44.16,-2.99,13.34,3,1
18074.171,0.033,0.45,0.943,46.91,-3.08,20.66,3,1
18074.171,0.005,0.514,0.995,44.62,-6.71,28.32,3,1
18074.187,-0.026,0.568,1.061,39.25,-15.32,34.58,3,1
18074.187,-0.016,0.612,1.096,35.52,-30.58,42.3,3,1
18074.203,0.093,0.58,0.962,45.66,-43.95,56.25,3,1
18074.218,0.083,0.585,0.909,57.53,-43.92,65.58,3,1
18074.218,0.101,0.524,0.937,59.69,-52.4,65.03,3,1
18074.234,0.186,0.519,0.85,60.49,-57.77,69.83,3,1
18074.25,0.217,0.545,0.789,56.34,-55.33,74.34,3,1
18074.25,0.241,0.518,0.763,50.81,-49.87,80.78,3,1
18074.265,0.255,0.492,0.744,45.9,-40.99,85.63,3,1
18074.281,0.262,0.454,0.734,40.56,-31.98,89.72,3,1
18074.281,0.302,0.435,0.723,34.55,-22.25,88.41,3,1
18074.296,0.283,0.386,0.715,26.15,-13.4,79.29,3,1
18074.296,0.316,0.362,0.713,14.83,-7.39,66.35,3,1
18074.312,0.29,0.342,0.697,3.51,-0.85,52.61,3,1
18074.328,0.294,0.341,0.733,-7.66,4.64,42.3,3,1
18074.343,0.271,0.361,0.774,-13.61,9.31,34.58,3,1
18074.343,0.255,0.37,0.813,-16.6,13.12,30.88,3,1
18074.359,0.262,0.393,0.859,-18.37,15.29,29.42,3,1
18074.359,0.247,0.414,0.878,-17.67,17.67,29.02,3,1
18074.375,0.242,0.414,0.89,-15.5,19.41,30.43,3,1
18074.39,0.253,0.404,0.901,-10.38,20.75,31.8,3,1
18074.39,0.261,0.386,0.896,-3.66,21.52,30.03,3,1
18074.406,0.262,0.373,0.893,1.5,21.0,24.48,3,1
18074.421,0.26,0.368,0.886,4.58,19.17,17.67,3,1
18074.421,0.275,0.366,0.885,5.25,17.15,9.8,3,1
18074.437,0.27,0.37,0.875,1.86,15.29,0.21,3,1
18074.437,0.266,0.369,0.857,-5.46,12.45,-9.31,3,1
18074.453,0.255,0.358,0.856,-14.8,10.5,-16.54,3,1
18074.468,0.255,0.361,0.853,-23.19,9.83,-20.45,3,1
18074.484,0.255,0.372,0.834,-29.21,10.74,-22.43,3,1
18074.484,0.256,0.374,0.823,-33.6,14.04,-24.41,3,1
18074.5,0.256,0.373,0.81,-34.94,20.11,-26.49,3,1
18074.5,0.23,0.389,0.79,-33.63,28.75,-27.59,3,1
18074.515,0.118,0.438,0.916,-26.28,36.32,-23.41,3,1
18074.531,0.216,0.42,0.949,-4.15,34.64,-9.74,3,1
18074.531,0.161,0.529,0.926,5.43,36.26,-9.7,3,1
18074.546,0.068,0.54,1.112,11.02,32.81,-2.9,3,1
18074.562,0.198,0.463,1.016,11.54,12.45,2.01,3,1
18074.562,0.165,0.495,0.958,-1.53,5.04,-0.95,3,1
18074.578,0.162,0.46,0.912,-10.71,-0.82,0.73,3,1
18074.578,0.185,0.366,0.886,-14.47,-4.61,3.72,3,1
18074.593,0.169,0.353,0.889,-10.44,-4.61,4.82,3,1
18074.609,0.181,0.352,0.884,-2.59,-4.49,6.41,3,1
18074.609,0.188,0.358,0.901,2.26,-3.48,4.85,3,1
18074.625,0.164,0.357,0.917,5.07,-2.93,2.14,3,1
18074.64,0.172,0.356,0.93,10.86,-9.83,-4.06,3,1
18074.64,0.177,0.377,0.944,15.96,-15.35,-6.81,3,1
18074.656,0.164,0.418,0.963,19.93,-22.68,-7.26,3,1
18074.671,0.123,0.475,1.031,23.41,-34.12,-3.23,3,1
18074.671,0.225,0.435,0.869,13.25,-38.94,-7.72,3,1
18074.687,0.172,0.397,0.973,1.37,-41.05,-13.18,3,1
18074.687,0.219,0.31,0.964,-6.53,-55.76,-20.2,3,1
18074.703,0.255,0.347,0.915,-13.64,-61.4,-25.33,3,1
18074.718,0.256,0.361,0.873,-22.16,-64.12,-32.2,3,1
18074.734,0.287,0.323,0.856,-33.05,-64.36,-38.12,3,1
18074.734,0.303,0.301,0.84,-41.54,-60.76,-45.96,3,1
18074.75,0.304,0.269,0.812,-46.05,-55.64,-55.36,3,1
18074.75,0.316,0.265,0.806,-47.06,-49.29,-64.55,3,1
18074.765,0.314,0.281,0.796,-43.06,-40.96,-72.18,3,1
18074.781,0.307,0.309,0.793,-36.74,-30.85,-76.94,3,1
18074.781,0.28,0.343,0.796,-29.54,-20.33,-77.58,3,1
18074.796,0.256,0.382,0.817,-21.45,-10.38,-73.55,3,1
18074.812,0.243,0.413,0.844,-11.14,-1.68,-67.26,3,1
18074.812,0.218,0.437,0.852,0.95,5.74,-61.56,3,1
18074.828,0.205,0.46,0.846,12.12,10.59,-55.33,3,1
18074.828,0.196,0.484,0.834,20.05,14.01,-50.78,3,1
18074.843,0.192,0.517,0.803,21.55,15.81,-46.66,3,1
18074.859,0.198,0.543,0.772,17.3,17.98,-41.66,3,1
18074.859,0.211,0.54,0.752,8.48,21.58,-37.05,3,1
18074.875,0.231,0.552,0.766,-1.71,26.58,-34.06,3,1
18074.89,0.19,0.56,0.793,-9.92,32.78,-30.73,3,1
18074.89,0.127,0.51,0.834,-17.06,34.85,-21.06,3,1
18074.906,0.16,0.518,0.883,-17.58,34.76,-8.39,3,1
18074.906,0.155,0.525,0.887,-9.52,36.74,0.64,3,1
18074.921,0.155,0.495,0.88,-3.57,39.06,4.24,3,1
18074.937,0.125,0.433,0.878,-4.76,39.61,2.78,3,1
18074.953,0.175,0.411,0.879,-9.22,36.26,-1.86,3,1
18074.953,0.181,0.405,0.843,-12.94,35.92,-11.32,3,1
18074.968,0.165,0.36,0.815,-24.35,36.47,-18.77,3,1
18074.968,0.193,0.368,0.78,-39.89,40.25,-25.79,3,1
18074.984,0.013,0.434,0.913,-48.49,49.62,-28.02,3,1
18075.0,0.102,0.366,1.011,-45.59,44.22,-13.64,3,1
18075.0,-0.041,0.47,1.14,-46.05,35.86,-8.85,3,1
18075.015,-0.042,0.437,1.236,-38.3,20.54,4.43,3,1
18075.031,0.11,0.359,1.076,-36.87,0.06,5.1,3,1
18075.031,0.103,0.343,0.973,-42.51,-3.14,-3.3,3,1
18075.046,0.142,0.227,0.921,-36.71,-1.1,-6.53,3,1
18075.046,0.129,0.163,0.881,-21.18,6.38,-8.39,3,1
18075.062,0.077,0.236,0.92,-0.43,13.4,-7.63,3,1
18075.078,0.087,0.428,1.02,-10.28,7.39,-3.51,3,1
18075.078,0.102,0.33,0.967,-22.52,-1.19,1.01,3,1
18075.093,0.065,0.243,0.877,-16.08,-0.21,1.43,3,1
18075.109,0.149,0.372,0.973,-27.95,-1.56,5.13,3,1
18075.109,0.088,0.353,0.901,-21.91,-0.55,8.88,3,1
18075.125,0.11,0.339,0.895,-18.49,0.85,13.67,3,1
18075.14,0.106,0.358,0.904,-16.3,1.22,15.41,3,1
18075.14,0.079,0.354,0.909,-10.77,2.44,18.92,3,1
18075.156,0.164,0.337,0.824,-10.32,1.37,21.24,3,1
18075.156,0.086,0.366,0.827,-15.02,7.2,20.72,3,1
18075.171,0.051,0.361,0.908,-11.44,8.82,26.64,3,1
18075.187,0.003,0.39,0.984,2.62,5.68,36.07,3,1
18075.203,-0.026,0.367,1.128,23.9,-0.49,48.77,3,1
18075.203,-0.105,0.435,1.181,38.33,-17.55,54.2,3,1
18075.218,-0.061,0.419,1.194,52.34,-38.21,58.57,3,1
18075.218,-0.038,0.433,1.139,69.28,-55.45,65.4,3,1
18075.234,-0.039,0.501,1.019,87.5,-65.16,79.53,3,1
18075.25,0.051,0.591,1.005,93.48,-71.69,97.87,3,1
18075.25,0.122,0.552,0.807,99.31,-71.32,112.83,3,1
18075.265,0.16,0.55,0.748,79.59,-63.51,122.38,3,1
18075.281,0.242,0.422,0.743,46.05,-62.38,123.05,3,1
18075.281,0.291,0.324,0.635,10.59,-61.56,110.17,3,1
18075.296,0.353,0.245,0.582,-28.63,-54.38,94.18,3,1
18075.312,0.428,0.141,0.566,-66.71,-43.58,73.31,3,1
18075.312,0.467,0.075,0.558,-93.08,-27.22,48.83,3,1
18075.328,0.487,0.008,0.56,-104.98,-3.39,30.06,3,1
18075.328,0.491,-0.085,0.54,-104.8,24.38,11.72,3,1
18075.343,0.503,-0.129,0.586,-93.26,54.66,-10.65,3,1
18075.359,0.373,-0.083,0.796,-72.08,86.03,-36.07,3,1
18075.359,-0.092,0.136,1.7,-27.44,87.59,-46.39,3,1
18075.375,-0.095,0.259,1.885,51.3,28.23,-15.35,3,1
18075.39,0.359,0.541,1.29,57.53,-22.92,1.92,3,1
18075.39,0.295,0.651,1.112,13.21,-15.59,-11.6,3,1
18075.406,0.222,0.306,0.985,-1.25,-8.51,-16.51,3,1
18075.406,0.268,0.188,0.874,8.42,-8.12,-16.75,3,1
18075.421,0.174,0.234,0.808,31.83,-7.35,-12.39,3,1
18075.437,0.172,0.27,0.815,51.09,-13.4,-1.62,3,1
18075.437,0.162,0.272,0.902,57.01,-20.54,2.01,3,1
18075.453,0.111,0.335,1.068,55.88,-27.44,-2.66,3,1
18075.468,0.197,0.333,1.1,52.89,-39.37,-7.39,3,1
18075.468,0.156,0.353,1.032,16.57,-53.65,-30.03,3,1
18075.484,0.066,0.333,1.106,-19.1,-68.3,-50.97,3,1
18075.5,0.182,0.232,1.114,-34.06,-85.12,-54.6,3,1
18075.5,0.203,0.158,1.097,-44.22,-97.9,-72.76,3,1
18075.515,0.206,0.107,1.046,-48.52,-106.85,-97.66,3,1
18075.531,0.23,0.083,1.012,-51.0,-111.73,-122.35,3,1
18075.531,0.28,0.084,0.978,-56.58,-113.8,-145.91,3,1
18075.546,0.314,0.108,0.884,-64.39,-112.16,-166.78,3,1
18075.562,0.328,0.135,0.786,-74.56,-102.42,-180.49,3,1
18075.562,0.341,0.145,0.734,-86.79,-88.84,-189.95,3,1
18075.578,0.383,0.163,0.738,-97.11,-74.25,-196.66,3,1
18075.593,0.394,0.155,0.782,-94.55,-53.29,-198.8,3,1
18075.593,0.345,0.147,0.842,-77.0,-31.92,-197.27,3,1
18075.609,0.295,0.129,0.86,-41.51,-14.22,-192.11,3,1
18075.609,0.3,0.263,0.843,32.81,17.3,-173.35,3,1
18075.625,0.261,0.444,0.804,53.13,30.67,-155.25,3,1
18075.64,0.2,0.512,0.736,57.44,41.66,-137.18,3,1
18075.64,0.155,0.596,0.677,39.58,48.43,-123.45,3,1
18075.656,0.138,0.767,0.595,6.32,53.25,-113.32,3,1
18075.656,0.151,0.709,0.585,-31.8,57.62,-102.15,3,1
18075.671,0.17,0.635,0.614,-63.57,63.26,-89.48,3,1
18075.687,0.15,0.626,0.764,-74.56,67.96,-76.51,3,1
18075.703,0.051,0.725,0.814,-65.55,65.19,-48.1,3,1
18075.703,0.07,0.617,0.996,-54.38,61.77,-16.75,3,1
18075.718,-0.032,0.566,1.1,-40.71,43.21,4.33,3,1
18075.718,-0.035,0.448,1.148,-25.97,22.83,19.5,3,1
18075.734,0.054,0.382,1.159,-8.7,4.24,20.48,3,1
18075.75,0.093,0.387,1.086,6.23,-2.23,15.02,3,1
18075.75,0.092,0.408,1.057,17.52,1.53,9.52,3,1
18075.765,0.057,0.428,1.057,28.53,6.07,10.44,3,1
18075.781,0.031,0.441,1.056,41.38,8.0,18.13,3,1
18075.781,0.01,0.467,1.059,55.09,5.22,28.72,3,1
18075.796,-0.029,0.503,1.047,66.71,-3.11,40.68,3,1
18075.796,-0.063,0.534,1.022,74.13,-16.39,55.7,3,1
18075.812,-0.09,0.53,0.986,78.83,-32.41,73.21,3,1
18075.828,-0.104,0.575,0.972,83.32,-49.44,93.23,3,1
18075.828,-0.103,0.614,0.764,101.02,-58.44,121.83,3,1
18075.843,-0.017,0.693,0.7,92.29,-57.44,135.29,3,1
18075.859,0.048,0.7,0.71,61.77,-55.64,145.7,3,1
18075.859,0.042,0.653,0.636,39.58,-48.04,159.18,3,1
18075.875,0.073,0.607,0.593,29.39,-33.97,173.56,3,1
18075.89,0.133,0.587,0.579,30.15,-15.23,187.81,3,1
18075.89,0.166,0.538,0.569,40.25,6.53,200.23,3,1
18075.906,0.17,0.471,0.585,62.2,29.15,211.16,3,1
18075.906,0.161,0.411,0.64,96.35,49.13,222.91,3,1
18075.921,0.162,0.376,0.697,135.29,63.2,231.85,3,1
18075.937,0.177,0.362,0.711,170.9,72.73,236.85,3,1
18075.937,0.245,0.392,0.699,191.75,81.27,237.74,3,1
18075.953,0.345,0.448,0.688,191.78,90.82,230.78,3,1
18075.968,0.367,0.496,0.631,175.45,103.98,219.58,3,1
18075.968,0.3,0.501,0.562,143.35,118.63,212.5,3,1
18075.984,0.235,0.564,0.527,93.3,131.23,212.87,3,1
18076.0,0.187,0.633,0.552,31.04,144.41,219.15,3,1
18076.0,0.366,0.364,0.867,-32.32,161.99,220.31,3,1
18076.015,0.44,-0.019,1.079,-57.56,171.48,187.96,3,1
18076.031,0.298,0.003,1.114,-54.35,165.99,145.51,3,1
18076.031,0.265,0.031,1.118,-45.63,142.77,116.31,3,1
18076.046,0.336,-0.007,1.157,-42.79,114.93,92.84,3,1
18076.062,0.316,0.004,1.264,-39.06,88.87,66.87,3,1
18076.062,0.039,0.037,1.542,-28.11,48.43,45.93,3,1
18076.078,0.288,0.016,1.412,-13.18,-15.05,38.42,3,1
18076.078,0.414,0.231,1.1,-13.25,-46.08,20.78,3,1
18076.093,0.357,0.245,0.968,-23.62,-41.78,11.75,3,1
18076.109,0.396,0.158,0.972,-28.5,-31.07,12.88,3,1
18076.109,0.406,0.161,0.96,-15.02,-20.05,11.47,3,1
18076.125,0.369,0.216,0.917,5.34,-10.32,10.9,3,1
18076.14,0.366,0.254,0.9,18.16,-5.74,12.7,3,1
18076.14,0.38,0.267,0.895,27.68,-5.43,11.84,3,1
18076.156,0.37,0.275,0.865,37.66,-5.55,9.86,3,1
18076.156,0.378,0.305,0.862,47.7,-3.75,10.07,3,1
18076.171,0.384,0.374,0.884,57.53,-0.34,11.2,3,1
18076.187,0.38,0.449,0.908,65.03,2.59,11.47,3,1
18076.187,0.377,0.513,0.914,66.81,3.51,11.02,3,1
18076.203,0.361,0.562,0.888,61.43,0.49,9.52,3,1
18076.218,0.35,0.59,0.848,49.81,-6.23,8.21,3,1
18076.218,0.346,0.555,0.785,37.6,-13.21,7.51,3,1
18076.234,0.355,0.503,0.733,25.97,-18.19,7.42,3,1
18076.25,0.372,0.468,0.696,15.05,-20.84,5.43,3,1
18076.25,0.377,0.449,0.678,6.04,-18.52,3.66,3,1
18076.265,0.403,0.446,0.705,1.98,-11.66,3.72,3,1
18076.281,0.4,0.446,0.724,2.32,-3.66,2.9,3,1
18076.281,0.376,0.47,0.799,0.92,2.9,1.68,3,1
18076.296,0.35,0.46,0.865,0.0,4.21,0.79,3,1
18076.296,0.352,0.433,0.877,0.89,1.53,-0.98,3,1
18076.312,0.345,0.42,0.851,3.88,-0.4,-3.2,3,1
18076.328,0.338,0.412,0.83,6.47,-2.35,-4.64,3,1
18076.328,0.336,0.428,0.819,7.63,-4.67,-5.77,3,1
18076.343,0.327,0.464,0.809,7.6,-7.05,-6.44,3,1
18076.359,0.316,0.495,0.799,6.56,-8.88,-4.49,3,1
18076.359,0.325,0.497,0.79,3.78,-9.7,-0.73,3,1
18076.375,0.346,0.497,0.794,0.92,-9.77,2.17,3,1
18076.39,0.356,0.496,0.805,-0.89,-8.97,2.84,3,1
18076.39,0.351,0.486,0.816,-3.05,-8.24,2.2,3,1
18076.406,0.338,0.473,0.818,-5.1,-8.55,1.86,3,1
18076.406,0.343,0.449,0.822,-6.65,-9.86,2.14,3,1
18076.421,0.352,0.422,0.828,-8.85,-12.88,0.31,3,1
18076.437,0.353,0.416,0.837,-11.57,-16.48,-3.14,3,1
18076.437,0.346,0.412,0.838,-13.92,-20.45,-7.23,3,1
18076.453,0.35,0.412,0.854,-14.07,-23.29,-9.22,3,1
18076.468,0.342,0.441,0.868,-10.59,-24.75,-8.15,3,1
18076.468,0.335,0.457,0.864,-6.29,-26.58,-5.58,3,1
18076.484,0.337,0.444,0.852,-2.69,-28.11,-3.11,3,1
18076.5,0.348,0.43,0.845,1.59,-28.99,-0.73,3,1
18076.5,0.355,0.439,0.833,5.83,-30.24,0.49,3,1
18076.515,0.363,0.444,0.797,7.57,-31.62,0.95,3,1
18076.515,0.384,0.451,0.763,7.08,-31.86,1.34,3,1
18076.531,0.405,0.475,0.743,6.07,-29.02,1.92,3,1
18076.546,0.409,0.49,0.73,3.6,-24.93,2.66,3,1
18076.546,0.417,0.492,0.715,-0.73,-20.94,3.54,3,1
18076.562,0.428,0.477,0.705,-4.12,-15.29,5.31,3,1
18076.578,0.439,0.459,0.717,-5.1,-8.06,7.9,3,1
18076.578,0.442,0.441,0.756,-5.43,-0.95,8.88,3,1
18076.593,0.433,0.411,0.81,-5.65,3.97,7.63,3,1
18076.609,0.416,0.396,0.849,1.62,6.93,4.12,3,1
18076.625,0.403,0.377,0.858,7.69,6.32,2.66,3,1
18076.625,0.404,0.37,0.847,14.16,6.23,1.13,3,1
18076.64,0.4,0.403,0.803,17.91,5.98,-0.98,3,1
18076.64,0.398,0.427,0.785,18.65,5.31,-2.96,3,1
18076.656,0.4,0.464,0.783,18.98,4.94,-3.69,3,1
18076.671,0.384,0.506,0.77,18.22,4.15,-3.3,3,1
18076.671,0.39,0.526,0.754,14.77,2.44,-2.04,3,1
18076.687,0.388,0.532,0.744,9.77,1.01,-1.56,3,1
18076.687,0.381,0.527,0.736,4.09,0.0,-0.55,3,1
18076.703,0.384,0.514,0.742,-2.04,-0.52,1.34,3,1
18076.718,0.388,0.491,0.762,-7.66,-0.89,2.5,3,1
18076.718,0.382,0.466,0.781,-10.56,-1.13,2.99,3,1
18076.734,0.388,0.453,0.794,-9.77,-0.24,4.3,3,1
18076.75,0.39,0.435,0.817,-7.93,0.98,5.1,3,1
18076.75,0.389,0.405,0.826,-6.84,0.24,2.96,3,1
18076.765,0.385,0.398,0.836,-6.26,-1.28,0.18,3,1
18076.765,0.388,0.403,0.823,-5.65,-4.18,-3.05,3,1
18076.781,0.398,0.421,0.798,-3.88,-5.34,-5.16,3,1
18076.796,0.403,0.441,0.792,-1.13,-4.49,-5.92,3,1
18076.796,0.394,0.463,0.79,-0.03,-3.54,-5.92,3,1
18076.812,0.388,0.477,0.791,-0.27,-3.39,-5.04,3,1
18076.828,0.385,0.49,0.785,-0.4,-3.51,-2.53,3,1
18076.828,0.394,0.484,0.778,0.12,-2.69,0.95,3,1
18076.843,0.397,0.468,0.782,0.49,-1.5,3.63,3,1
18076.859,0.398,0.457,0.781,-0.37,-1.28,4.67,3,1
18076.859,0.398,0.455,0.777,-1.95,-2.17,4.64,3,1
18076.875,0.4,0.466,0.774,-3.72,-3.05,5.1,3,1
18076.89,0.408,0.467,0.781,-5.52,-3.14,6.01,3,1
18076.89,0.405,0.452,0.794,-7.14,-2.99,6.07,3,1
18076.906,0.399,0.429,0.806,-7.78,-3.02,5.68,3,1
18076.906,0.403,0.404,0.815,-6.62,-2.69,5.43,3,1
18076.921,0.405,0.377,0.823,-3.42,-1.34,4.67,3,1
18076.937,0.406,0.361,0.838,1.46,0.58,2.78,3,1
18076.937,0.403,0.369,0.85,7.2,1.92,0.27,3,1
18076.953,0.405,0.385,0.832,13.18,2.56,-2.59,3,1
18076.968,0.406,0.407,0.8,17.91,3.27,-5.34,3,1
18076.968,0.406,0.442,0.773,20.75,4.82,-7.17,3,1
18076.984,0.402,0.466,0.753,21.79,6.9,-8.03,3,1
18077.0,0.4,0.486,0.742,21.3,9.31,-7.81,3,1
18077.0,0.393,0.509,0.745,19.71,11.11,-6.5,3,1
18077.015,0.39,0.518,0.747,16.66,11.66,-5.13,3,1
18077.031,0.384,0.515,0.757,12.63,10.93,-4.27,3,1
18077.031,0.376,0.506,0.773,9.28,9.8,-2.81,3,1
18077.046,0.377,0.497,0.782,7.32,8.79,-0.58,3,1
18077.046,0.381,0.476,0.789,5.46,7.6,0.4,3,1
18077.062,0.381,0.46,0.794,4.06,6.5,-0.31,3,1
18077.078,0.376,0.462,0.786,1.83,4.67,-1.4,3,1
18077.078,0.381,0.462,0.778,-1.28,2.35,-2.99,3,1
18077.093,0.377,0.473,0.77,-3.6,1.8,-3.69,3,1
18077.109,0.376,0.489,0.792,-4.76,2.75,-2.75,3,1
18077.109,0.374,0.484,0.832,-4.79,2.2,-2.08,3,1
18077.125,0.367,0.469,0.841,-3.51,-0.43,-2.04,3,1
18077.14,0.369,0.455,0.813,-2.04,-2.62,-2.01,3,1
18077.14,0.382,0.441,0.791,-0.4,-2.81,-2.11,3,1
18077.156,0.38,0.443,0.789,1.5,-1.56,-2.5,3,1
18077.171,0.372,0.464,0.78,2.93,-0.52,-2.44,3,1
18077.171,0.375,0.486,0.765,2.38,-0.49,-2.26,3,1
18077.187,0.38,0.513,0.763,-0.4,-0.89,-2.17,3,1
18077.187,0.383,0.525,0.763,-3.63,-0.73,-1.56,3,1
18077.203,0.38,0.508,0.764,-6.93,-0.24,-0.58,3,1
18077.218,0.377,0.475,0.76,-9.8,0.34,0.03,3,1
18077.218,0.376,0.483,0.781,-13.37,0.85,0.76,3,1
18077.234,0.383,0.499,0.801,-16.39,-0.34,1.25,3,1
18077.25,0.373,0.496,0.807,-17.64,-1.56,1.8,3,1
18077.25,0.385,0.495,0.8,-18.8,-2.04,3.51,3,1
18077.265,0.392,0.469,0.777,-19.81,-0.21,4.27,3,1
18077.281,0.415,0.435,0.761,-21.39,5.52,4.0,3,1
18077.281,0.365,0.402,0.844,-18.65,12.45,3.39,3,1
18077.296,0.379,0.365,0.846,-9.89,14.25,4.12,3,1
18077.296,0.372,0.355,0.834,-2.59,15.99,1.4,3,1
18077.312,0.35,0.348,0.843,5.1,17.91,-1.04,3,1
18077.328,0.34,0.364,0.85,12.67,17.85,-1.92,3,1
18077.328,0.316,0.411,0.841,19.26,15.44,-2.08,3,1
18077.343,0.311,0.433,0.82,22.28,11.38,-0.31,3,1
18077.359,0.332,0.444,0.814,21.27,4.52,0.27,3,1
18077.359,0.342,0.477,0.865,18.59,-4.12,-1.19,3,1
18077.375,0.341,0.517,0.759,15.35,-14.13,-1.68,3,1
18077.39,0.378,0.629,0.624,-1.04,-17.03,-0.15,3,1
18077.39,0.431,0.651,0.623,-18.25,-8.79,3.11,3,1
18077.406,0.446,0.615,0.678,-31.07,4.09,5.83,3,1
18077.406,0.39,0.538,0.761,-38.36,13.34,7.05,3,1
18077.421,0.394,0.442,0.825,-37.6,15.08,9.58,3,1
18077.437,0.393,0.39,0.885,-32.01,16.3,9.7,3,1
18077.453,0.395,0.341,0.887,-19.84,19.99,8.64,3,1
18077.453,0.336,0.302,0.919,-4.0,23.87,6.13,3,1
18077.468,0.324,0.275,0.884,10.47,24.84,5.01,3,1
18077.468,0.324,0.291,0.886,17.03,25.24,2.35,3,1
18077.484,0.299,0.32,0.893,22.58,22.92,-0.85,3,1
18077.5,0.286,0.358,0.854,29.3,18.4,-1.4,3,1
18077.5,0.287,0.417,0.866,33.17,11.44,0.43,3,1
18077.515,0.3,0.493,0.847,34.49,0.09,2.81,3,1
18077.515,0.303,0.569,0.861,31.89,-11.54,4.21,3,1
18077.531,0.349,0.569,0.769,26.15,-20.63,6.5,3,1
18077.546,0.355,0.573,0.722,13.34,-23.56,5.31,3,1
18077.546,0.343,0.535,0.668,0.09,-23.5,5.65,3,1
18077.562,0.368,0.505,0.712,-14.19,-20.17,6.32,3,1
18077.578,0.357,0.47,0.729,-19.01,-15.08,7.75,3,1
18077.578,0.413,0.43,0.767,-28.5,-10.47,2.81,3,1
18077.593,0.43,0.395,0.808,-28.53,-9.28,-4.43,3,1
18077.609,0.42,0.389,0.811,-23.83,-6.23,-8.0,3,1
18077.609,0.436,0.392,0.817,-16.51,-1.83,-10.5,3,1
18077.625,0.448,0.444,0.773,-11.26,2.9,-13.89,3,1
18077.64,0.429,0.442,0.745,-8.88,9.74,-17.18,3,1
18077.64,0.412,0.443,0.748,-8.55,19.47,-18.13,3,1
18077.656,0.396,0.432,0.755,-10.13,29.3,-18.19,3,1
18077.656,0.375,0.425,0.783,-9.86,37.05,-18.01,3,1
18077.671,0.349,0.432,0.819,-8.58,41.29,-17.85,3,1
18077.687,0.312,0.457,0.854,-9.19,41.57,-17.55,3,1
18077.703,0.287,0.475,0.901,-10.65,37.57,-16.17,3,1
18077.703,0.202,0.481,0.975,-10.44,29.27,-14.1,3,1
18077.718,0.135,0.454,1.104,-4.49,13.49,-4.79,3,1
18077.718,0.295,0.358,0.992,3.48,-9.52,1.77,3,1
18077.734,0.302,0.357,0.876,10.04,-15.02,-2.32,3,1
18077.75,0.292,0.365,0.844,20.91,-10.99,-1.65,3,1
18077.75,0.306,0.391,0.832,29.63,-7.81,0.21,3,1
18077.765,0.313,0.462,0.827,32.9,-5.31,1.07,3,1
18077.765,0.3,0.514,0.825,31.13,-6.32,0.49,3,1
18077.781,0.298,0.527,0.808,26.03,-12.12,-0.06,3,1
18077.796,0.314,0.535,0.787,20.33,-17.46,0.67,3,1
18077.796,0.313,0.527,0.78,14.74,-21.7,0.73,3,1
18077.812,0.317,0.517,0.777,8.88,-24.93,0.95,3,1
18077.828,0.323,0.509,0.785,3.23,-26.67,1.59,3,1
18077.828,0.329,0.493,0.783,-0.03,-26.43,3.17,3,1
18077.843,0.345,0.467,0.761,-1.8,-24.17,4.27,3,1
18077.859,0.366,0.442,0.755,-3.94,-19.44,4.27,3,1
18077.859,0.376,0.44,0.751,-5.13,-12.33,4.03,3,1
18077.875,0.376,0.459,0.718,-7.48,-5.83,3.85,3,1
18077.89,0.389,0.499,0.664,-15.53,-0.79,3.2,3,1
18077.89,0.394,0.546,0.62,-28.99,5.55,2.69,3,1
18077.906,0.381,0.593,0.612,-46.21,12.51,4.09,3,1
18077.921,0.372,0.625,0.657,-65.22,18.86,8.03,3,1
18077.921,0.337,0.59,0.731,-80.36,22.16,12.51,3,1
18077.937,0.32,0.516,0.785,-89.57,22.37,17.76,3,1
18077.937,0.311,0.434,0.847,-89.6,23.9,24.05,3,1
18077.953,0.326,0.35,0.893,-83.56,25.79,28.29,3,1
18077.968,0.302,0.288,0.989,-73.49,25.48,27.99,3,1
18077.968,0.317,0.22,1.004,-56.28,22.19,28.14,3,1
18077.984,0.32,0.167,1.011,-39.8,19.23,24.9,3,1
18078.0,0.31,0.127,1.041,-24.17,15.9,19.75,3,1
18078.0,0.283,0.123,1.053,-9.95,9.8,13.95,3,1
18078.015,0.268,0.134,1.047,2.14,0.24,8.18,3,1
18078.015,0.266,0.199,1.043,15.53,-11.26,4.36,3,1
18078.031,0.298,0.264,1.042,29.24,-24.69,3.2,3,1
18078.046,0.306,0.329,1.015,39.09,-40.25,0.52,3,1
18078.046,0.361,0.401,0.89,40.28,-53.16,-3.23,3,1
18078.062,0.339,0.453,0.732,32.38,-56.22,-8.06,3,1
18078.078,0.418,0.436,0.733,21.82,-45.5,-5.8,3,1
18078.078,0.399,0.394,0.865,24.99,-28.75,-4.09,3,1
18078.093,0.276,0.369,0.817,36.81,-21.36,1.01,3,1
18078.109,0.361,0.394,0.885,33.33,-27.53,6.68,3,1
18078.109,0.424,0.359,0.887,27.83,-35.43,2.72,3,1
18078.125,0.392,0.36,0.837,23.32,-40.65,-5.22,3,1
18078.14,0.416,0.366,0.806,23.93,-41.87,-6.78,3,1
18078.14,0.446,0.379,0.755,26.76,-40.41,-8.06,3,1
18078.156,0.465,0.42,0.71,24.17,-34.88,-10.93,3,1
18078.171,0.504,0.418,0.685,19.87,-24.38,-14.31,3,1
18078.171,0.498,0.398,0.663,20.63,-8.42,-16.3,3,1
18078.187,0.485,0.42,0.663,22.06,8.88,-15.96,3,1
18078.187,0.463,0.445,0.679,20.2,22.8,-16.39,3,1
18078.203,0.429,0.465,0.711,13.73,31.37,-18.52,3,1
18078.218,0.381,0.477,0.748,4.88,34.06,-20.42,3,1
18078.234,0.337,0.492,0.787,-5.98,30.0,-20.6,3,1
18078.234,0.343,0.519,0.821,-16.69,23.04,-18.04,3,1
18078.25,0.351,0.483,0.827,-20.17,18.4,-14.83,3,1
18078.25,0.345,0.433,0.829,-20.05,16.08,-12.3,3,1
18078.265,0.344,0.417,0.836,-19.47,14.83,-10.71,3,1
18078.281,0.341,0.41,0.839,-17.46,14.83,-10.01,3,1
18078.281,0.343,0.416,0.848,-14.92,15.78,-8.76,3,1
18078.296,0.341,0.419,0.858,-12.42,16.05,-7.81,3,1
18078.296,0.341,0.418,0.867,-10.01,14.5,-7.6,3,1
18078.312,0.338,0.421,0.871,-8.33,11.93,-7.97,3,1
18078.328,0.324,0.419,0.871,-7.51,8.42,-8.42,3,1
18078.328,0.31,0.422,0.885,-8.3,3.3,-8.24,3,1
18078.343,0.292,0.43,0.89,-9.89,-3.23,-7.6,3,1
18078.359,0.289,0.431,0.88,-11.32,-9.8,-5.28,3,1
18078.359,0.309,0.416,0.863,-11.72,-14.8,-2.5,3,1
18078.375,0.329,0.411,0.854,-11.44,-17.09,-0.79,3,1
18078.39,0.337,0.397,0.84,-10.5,-17.4,-0.21,3,1
18078.39,0.348,0.387,0.823,-9.86,-16.14,-0.21,3,1
18078.406,0.358,0.399,0.818,-8.97,-12.88,0.52,3,1
18078.406,0.367,0.407,0.821,-7.08,-8.73,2.11,3,1
18078.421,0.367,0.412,0.827,-4.64,-5.68,3.11,3,1
18078.437,0.364,0.411,0.831,-3.02,-4.46,3.23,3,1
18078.437,0.358,0.413,0.83,-2.96,-4.82,3.39,3,1
18078.453,0.357,0.409,0.833,-3.42,-6.16,3.69,3,1
18078.468,0.359,0.41,0.833,-4.18,-7.17,4.06,3,1
18078.468,0.36,0.406,0.833,-4.52,-7.6,4.64,3,1
18078.484,0.359,0.402,0.837,-4.49,-7.6,5.77,3,1
18078.5,0.355,0.392,0.841,-5.43,-7.63,7.17,3,1
18078.5,0.358,0.386,0.846,-6.01,-6.93,8.97,3,1
18078.515,0.37,0.382,0.853,-5.19,-5.98,11.14,3,1
18078.515,0.377,0.365,0.854,-4.0,-5.37,11.93,3,1
18078.531,0.387,0.352,0.849,-3.36,-5.01,11.17,3,1
18078.546,0.393,0.353,0.85,-2.23,-4.52,9.86,3,1
18078.546,0.4,0.35,0.844,-0.76,-4.06,7.51,3,1
18078.562,0.404,0.349,0.836,2.9,-2.04,0.73,3,1
18078.578,0.403,0.36,0.831,5.19,-0.37,-1.95,3,1
18078.578,0.398,0.373,0.824,6.87,1.46,-4.06,3,1
18078.593,0.387,0.391,0.821,7.87,2.75,-4.88,3,1
18078.609,0.365,0.421,0.819,7.75,3.42,-5.1,3,1
18078.609,0.351,0.427,0.824,6.5,2.78,-4.88,3,1
18078.625,0.352,0.426,0.829,4.52,0.73,-4.06,3,1
18078.64,0.36,0.419,0.827,2.26,-1.28,-3.45,3,1
18078.64,0.358,0.407,0.824,0.31,-2.23,-3.33,3,1
18078.656,0.355,0.401,0.822,-1.59,-2.32,-2.84,3,1
18078.656,0.359,0.404,0.829,-3.17,-1.37,-1.28,3,1
18078.671,0.36,0.397,0.835,-4.0,-0.18,0.15,3,1
18078.687,0.358,0.389,0.84,-4.73,0.52,1.13,3,1
18078.687,0.361,0.385,0.849,-4.49,0.4,2.26,3,1
18078.703,0.363,0.386,0.856,-4.0,-0.34,3.39,3,1
18078.718,0.364,0.379,0.858,-2.96,-1.31,4.18,3,1
18078.734,0.369,0.372,0.864,-1.56,-3.02,4.46,3,1
18078.734,0.373,0.373,0.859,-0.55,-5.52,3.78,3,1
18078.75,0.378,0.376,0.847,0.52,-7.84,2.84,3,1
18078.75,0.389,0.385,0.835,1.92,-8.42,2.72,3,1
18078.765,0.393,0.383,0.819,2.26,-7.54,2.01,3,1
18078.765,0.394,0.361,0.813,2.44,-6.16,-0.12,3,1
18078.781,0.391,0.383,0.811,1.56,-4.18,-1.95,3,1
18078.796,0.386,0.398,0.809,1.13,-2.72,-3.23,3,1
18078.812,0.388,0.422,0.817,0.67,-1.1,-3.14,3,1
18078.812,0.38,0.418,0.817,0.55,-0.06,-3.91,3,1
18078.828,0.373,0.406,0.816,-0.52,0.15,-4.58,3,1
18078.828,0.364,0.414,0.822,-2.66,-0.09,-4.61,3,1
18078.843,0.36,0.407,0.827,-4.3,-0.79,-4.55,3,1
18078.859,0.362,0.412,0.83,-6.5,-1.98,-4.03,3,1
18078.859,0.361,0.41,0.829,-8.21,-3.2,-3.63,3,1
18078.875,0.358,0.407,0.831,-9.64,-3.88,-2.78,3,1
18078.89,0.358,0.409,0.837,-10.9,-4.12,-1.01,3,1
18078.89,0.364,0.396,0.843,-11.51,-4.24,0.61,3,1
18078.906,0.369,0.385,0.848,-11.47,-4.15,1.74,3,1
18078.906,0.371,0.367,0.849,-10.47,-3.69,2.17,3,1
18078.921,0.374,0.358,0.851,-9.28,-3.08,2.44,3,1
18078.937,0.377,0.357,0.858,-7.45,-2.47,2.84,3,1
18078.953,0.379,0.357,0.863,-5.13,-2.32,3.02,3,1
18078.953,0.38,0.36,0.863,-2.9,-2.41,3.23,3,1
18078.968,0.383,0.361,0.857,-0.55,-2.75,3.63,3,1
18078.968,0.388,0.364,0.85,1.65,-2.96,4.27,3,1
18078.984,0.391,0.37,0.845,3.17,-2.78,4.73,3,1
18079.0,0.389,0.375,0.841,3.66,-3.02,4.73,3,1
18079.0,0.39,0.377,0.836,3.6,-3.54,4.67,3,1
18079.015,0.4,0.379,0.83,3.81,-3.78,4.49,3,1
18079.031,0.406,0.374,0.82,3.94,-3.23,3.33,3,1
18079.031,0.405,0.367,0.812,3.6,-2.29,1.28,3,1
18079.046,0.403,0.373,0.811,2.96,-0.98,-1.01,3,1
18079.046,0.4,0.383,0.811,2.2,0.37,-3.27,3,1
18079.062,0.394,0.391,0.807,1.1,1.8,-5.28,3,1
18079.078,0.383,0.399,0.808,-0.4,3.36,-6.74,3,1
18079.093,0.371,0.408,0.819,-2.08,4.36,-7.39,3,1
18079.093,0.361,0.404,0.829,-3.63,4.76,-7.26,3,1
18079.109,0.357,0.402,0.843,-4.79,4.39,-6.74,3,1
18079.109,0.347,0.398,0.854,-5.37,3.02,-6.01,3,1
18079.125,0.343,0.391,0.862,-5.89,1.16,-4.73,3,1
18079.125,0.348,0.386,0.868,-5.92,-0.67,-2.93,3,1
18079.14,0.355,0.379,0.866,-5.22,-2.26,-1.07,3,1
18079.156,0.361,0.371,0.864,-4.15,-3.51,0.37,3,1
18079.171,0.367,0.367,0.862,-2.9,-4.33,1.8,3,1
18079.171,0.378,0.362,0.866,-1.31,-4.85,3.2,3,1
18079.187,0.389,0.355,0.861,1.04,-4.79,4.03,3,1
18079.187,0.395,0.354,0.849,3.69,-4.06,4.55,3,1
18079.203,0.406,0.364,0.837,6.01,-2.44,5.07,3,1
18079.218,0.415,0.363,0.827,7.81,-0.95,4.61,3,1
18079.218,0.424,0.358,0.821,8.51,1.1,3.02,3,1
18079.234,0.422,0.368,0.812,8.97,3.48,0.49,3,1
18079.25,0.389,0.389,0.844,9.25,5.22,-1.1,3,1
18079.25,0.383,0.367,0.869,9.74,2.66,-1.98,3,1
18079.265,0.386,0.364,0.838,9.4,-1.71,-5.04,3,1
18079.265,0.386,0.375,0.815,9.06,-4.21,-8.09,3,1
18079.281,0.383,0.393,0.801,6.62,-5.16,-11.29,3,1
18079.296,0.367,0.411,0.786,3.57,-4.55,-13.18,3,1
18079.312,0.373,0.427,0.777,0.58,-1.16,-11.54,3,1
18079.312,0.375,0.421,0.79,-2.44,3.94,-9.77,3,1
18079.328,0.369,0.396,0.81,-4.67,8.39,-9.25,3,1
18079.328,0.365,0.377,0.828,-5.55,11.02,-9.4,3,1
18079.343,0.363,0.374,0.84,-5.52,11.72,-9.89,3,1
18079.359,0.361,0.375,0.843,-5.13,11.14,-10.9,3,1
18079.375,0.36,0.39,0.84,-5.13,10.13,-11.69,3,1
18079.375,0.361,0.404,0.839,-5.22,9.64,-11.81,3,1
18079.375,0.348,0.407,0.833,-5.55,9.8,-11.2,3,1
18079.39,0.349,0.415,0.824,-6.59,10.32,-9.25,3,1
18079.406,0.359,0.407,0.824,-8.18,11.14,-7.75,3,1
18079.421,0.356,0.395,0.829,-9.8,12.36,-7.32,3,1
18079.421,0.349,0.382,0.843,-10.5,13.67,-7.05,3,1
18079.437,0.336,0.378,0.869,-9.16,14.95,-5.71,3,1
18079.437,0.331,0.377,0.882,-6.29,14.8,-3.66,3,1
18079.453,0.325,0.372,0.895,-3.17,13.89,-2.17,3,1
18079.468,0.321,0.367,0.896,0.76,12.33,-0.52,3,1
18079.468,0.331,0.37,0.882,4.21,10.71,0.85,3,1
18079.484,0.338,0.367,0.869,6.41,10.25,1.04,3,1
18079.5,0.334,0.373,0.855,8.03,11.35,1.37,3,1
18079.5,0.328,0.373,0.851,10.35,13.61,2.78,3,1
18079.515,0.328,0.386,0.856,12.57,16.94,5.65,3,1
18079.531,0.341,0.399,0.88,16.54,19.96,8.94,3,1
18079.531,0.315,0.386,0.892,20.75,19.9,8.33,3,1
18079.546,0.285,0.402,0.888,23.07,17.55,8.76,3,1
18079.546,0.285,0.432,0.894,31.77,15.9,19.56,3,1
18079.562,0.283,0.452,0.903,37.23,12.7,22.28,3,1
18079.578,0.296,0.422,0.897,40.86,7.57,21.49,3,1
18079.578,0.286,0.449,0.874,40.62,0.89,19.44,3,1
18079.593,0.281,0.454,0.84,36.68,-5.77,18.49,3,1
18079.609,0.297,0.454,0.809,30.82,-10.38,18.98,3,1
18079.609,0.309,0.457,0.792,25.67,-11.78,19.78,3,1
18079.625,0.315,0.451,0.782,21.45,-10.65,21.52,3,1
18079.64,0.345,0.448,0.787,18.37,-7.9,23.77,3,1
18079.64,0.355,0.439,0.791,16.3,-5.19,23.38,3,1
18079.656,0.349,0.428,0.791,13.03,-3.27,22.03,3,1
18079.671,0.38,0.423,0.792,9.86,-1.22,21.7,3,1
18079.671,0.395,0.409,0.781,8.0,2.5,18.89,3,1
18079.687,0.382,0.399,0.793,5.77,5.8,14.86,3,1
18079.687,0.374,0.408,0.811,3.81,7.02,11.99,3,1
18079.703,0.371,0.421,0.825,1.62,5.92,9.28,3,1
18079.718,0.361,0.446,0.836,-0.09,4.24,7.39,3,1
18079.718,0.36,0.468,0.832,-0.4,3.63,8.88,3,1
18079.734,0.373,0.465,0.837,0.03,3.05,10.83,3,1
18079.75,0.362,0.473,0.825,-0.55,1.28,9.95,3,1
18079.75,0.362,0.493,0.832,-6.62,-2.23,8.94,3,1
18079.765,0.352,0.504,0.792,-17.15,-8.88,4.91,3,1
18079.781,0.316,0.503,0.832,-28.17,-14.04,2.59,3,1
18079.781,0.326,0.443,0.815,-33.14,-20.69,2.72,3,1
18079.796,0.333,0.389,0.783,-37.72,-23.44,-0.03,3,1
18079.796,0.323,0.329,0.801,-37.32,-20.14,-2.66,3,1
18079.812,0.326,0.304,0.809,-31.62,-15.59,-3.23,3,1
18079.828,0.335,0.315,0.841,-24.84,-12.51,-2.96,3,1
18079.843,0.343,0.36,0.891,-16.69,-10.47,-0.85,3,1
18079.843,0.354,0.368,0.907,-8.21,-10.32,0.21,3,1
18079.859,0.362,0.357,0.883,-0.73,-12.02,-1.34,3,1
18079.859,0.357,0.38,0.846,3.05,-15.08,-3.85,3,1
18079.875,0.339,0.456,0.808,-1.25,-21.3,-6.62,3,1
18079.89,0.399,0.489,0.691,-11.41,-26.73,-5.89,3,1
18079.89,0.425,0.519,0.678,-30.37,-23.99,-8.24,3,1
18079.906,0.384,0.481,0.752,-41.99,-17.33,-7.97,3,1
18079.906,0.387,0.432,0.795,-44.74,-11.93,-1.22,3,1
18079.921,0.393,0.377,0.858,-43.95,-7.17,3.66,3,1
18079.937,0.385,0.302,0.903,-40.38,-4.94,4.24,3,1
18079.953,0.401,0.224,0.89,-34.76,-4.43,2.38,3,1
18079.953,0.427,0.197,0.859,-28.11,-1.95,-2.04,3,1
18079.968,0.431,0.215,0.863,-20.33,2.69,-7.75,3,1
18079.968,0.428,0.262,0.859,-12.97,6.29,-12.67,3,1
18079.984,0.429,0.318,0.84,-10.56,7.17,-18.04,3,1
18080.0,0.417,0.353,0.824,-13.55,7.51,-23.56,3,1
18080.0,0.402,0.357,0.843,-17.4,8.18,-27.07,3,1
18080.015,0.38,0.379,0.858,-16.54,10.13,-26.92,3,1
18080.031,0.364,0.397,0.881,-12.02,12.36,-23.9,3,1
18080.031,0.34,0.376,0.894,-8.97,12.79,-22.22,3,1
18080.046,0.322,0.355,0.902,-7.6,10.68,-21.15,3,1
18080.046,0.325,0.345,0.89,-7.2,6.5,-20.75,3,1
18080.062,0.325,0.348,0.863,-8.58,2.84,-21.94,3,1
18080.078,0.33,0.36,0.844,-10.5,0.79,-22.83,3,1
18080.078,0.329,0.377,0.819,-13.52,0.37,-23.16,3,1
18080.093,0.325,0.399,0.818,-18.28,0.89,-22.06,3,1
18080.109,0.327,0.424,0.837,-20.51,2.93,-18.77,3,1
18080.109,0.318,0.434,0.865,-20.02,6.01,-12.94,3,1
18080.125,0.308,0.407,0.895,-19.14,7.48,-6.96,3,1
18080.14,0.302,0.363,0.915,-18.68,5.92,-2.84,3,1
18080.14,0.306,0.313,0.93,-17.67,2.81,-0.43,3,1
18080.156,0.315,0.293,0.935,-14.47,-0.09,1.22,3,1
18080.156,0.329,0.285,0.919,-10.28,-2.44,2.01,3,1
18080.171,0.338,0.292,0.89,-7.02,-2.93,2.23,3,1
18080.187,0.348,0.306,0.886,-3.81,-0.92,3.11,3,1
18080.187,0.349,0.312,0.877,-0.92,0.67,3.72,3,1
18080.203,0.36,0.318,0.882,-0.31,1.19,3.33,3,1
18080.218,0.359,0.32,0.874,-0.06,1.37,2.41,3,1
18080.218,0.364,0.324,0.875,0.31,1.46,1.25,3,1
18080.234,0.363,0.323,0.877,1.01,1.46,-0.06,3,1
18080.25,0.36,0.328,0.864,0.92,0.98,-1.56,3,1
18080.25,0.378,0.317,0.78,-0.43,1.89,-2.81,3,1
18080.265,0.415,0.324,0.817,-5.62,7.87,-5.68,3,1
18080.281,0.342,0.354,0.877,-4.82,12.48,-9.98,3,1
18080.281,0.33,0.355,0.864,-5.46,11.57,-10.32,3,1
18080.296,0.337,0.345,0.879,-8.36,10.41,-10.74,3,1
18080.296,0.318,0.344,0.897,-7.78,11.08,-11.11,3,1
18080.312,0.296,0.339,0.909,-6.41,10.47,-10.38,3,1
18080.328,0.289,0.326,0.916,-5.1,8.06,-9.37,3,1
18080.343,0.274,0.331,0.93,-3.33,5.62,-7.23,3,1
18080.359,0.267,0.334,0.928,-0.7,2.08,-4.09,3,1
18080.359,0.291,0.323,0.899,0.58,-1.43,-1.43,3,1
18080.359,0.317,0.326,0.885,0.09,-1.95,-0.49,3,1
18080.375,0.311,0.325,0.875,0.58,-0.61,-0.67,3,1
18080.39,0.322,0.328,0.874,0.43,0.0,-0.15,3,1
18080.39,0.335,0.335,0.878,-0.98,0.0,-0.46,3,1
18080.406,0.333,0.333,0.88,-1.86,1.01,-1.1,3,1
18080.406,0.333,0.325,0.886,-1.86,1.98,-0.58,3,1
18080.421,0.325,0.313,0.89,-0.67,2.11,0.12,3,1
18080.437,0.33,0.312,0.897,0.46,2.26,1.1,3,1
18080.437,0.335,0.3,0.876,2.32,2.47,1.37,3,1
18080.453,0.367,0.299,0.835,2.66,4.76,0.89,3,1
18080.468,0.338,0.34,0.888,2.96,8.3,-0.55,3,1
18080.468,0.326,0.331,0.884,4.06,7.63,-1.5,3,1
18080.484,0.324,0.34,0.9,1.89,5.95,-2.72,3,1
18080.5,0.301,0.346,0.916,1.86,3.63,-3.54,3,1
18080.5,0.303,0.334,0.904,3.17,0.76,-3.33,3,1
18080.515,0.309,0.331,0.897,4.12,-0.79,-3.17,3,1
18080.531,0.303,0.33,0.888,5.07,-1.56,-3.3,3,1
18080.531,0.302,0.336,0.873,3.48,-2.01,-3.72,3,1
18080.546,0.305,0.354,0.884,2.35,-3.08,-4.06,3,1
18080.546,0.299,0.37,0.887,0.27,-5.55,-4.12,3,1
18080.562,0.299,0.372,0.876,-2.59,-7.39,-4.43,3,1
18080.578,0.304,0.36,0.883,-5.52,-7.97,-4.46,3,1
18080.578,0.308,0.353,0.875,-7.87,-8.51,-4.03,3,1
18080.593,0.323,0.352,0.884,-10.77,-8.42,-3.54,3,1
18080.609,0.329,0.374,0.917,-13.86,-10.19,-4.58,3,1
18080.609,0.323,0.389,0.904,-17.37,-15.17,-6.68,3,1
18080.625,0.344,0.354,0.849,-21.67,-17.55,-6.78,3,1
18080.64,0.373,0.296,0.807,-24.29,-12.18,-6.1,3,1
18080.64,0.368,0.25,0.861,-23.59,-2.14,-6.87,3,1
18080.656,0.322,0.232,0.912,-17.88,3.88,-7.97,3,1
18080.671,0.32,0.203,0.897,-9.06,6.5,-5.98,3,1
18080.671,0.294,0.211,0.918,-1.89,9.06,-5.95,3,1
18080.687,0.283,0.222,0.96,6.32,10.07,-5.04,3,1
18080.687,0.285,0.233,0.969,18.62,8.85,-2.17,3,1
18080.703,0.278,0.294,0.948,27.77,2.84,-2.08,3,1
18080.718,0.283,0.354,0.918,33.17,-3.51,-1.59,3,1
18080.718,0.293,0.396,0.893,35.52,-8.48,0.7,3,1
18080.734,0.307,0.449,0.829,30.79,-12.12,2.08,3,1
18080.75,0.35,0.465,0.718,15.63,-9.92,3.39,3,1
18080.75,0.352,0.438,0.693,-1.31,-0.37,3.36,3,1
18080.765,0.332,0.426,0.761,-12.79,10.19,5.58,3,1
18080.781,0.313,0.415,0.91,-22.98,13.55,6.9,3,1
18080.781,0.291,0.372,0.981,-29.48,7.39,4.88,3,1
18080.796,0.342,0.303,0.977,-30.0,-3.05,0.92,3,1
18080.796,0.367,0.255,0.966,-25.76,-7.26,-5.01,3,1
18080.812,0.367,0.204,0.938,-15.08,-4.39,-8.51,3,1
18080.828,0.363,0.182,0.947,-1.8,1.71,-10.86,3,1
18080.828,0.305,0.185,0.958,12.91,6.1,-12.6,3,1
18080.843,0.292,0.173,0.907,24.48,7.51,-12.97,3,1
18080.859,0.284,0.203,0.914,34.42,9.31,-13.58,3,1
18080.859,0.254,0.28,0.918,44.56,9.28,-12.21,3,1
18080.875,0.266,0.361,0.879,51.06,5.83,-9.8,3,1
18080.89,0.263,0.427,0.851,50.75,2.32,-6.96,3,1
18080.89,0.276,0.439,0.822,46.3,-0.92,-3.81,3,1
18080.906,0.278,0.473,0.815,38.24,-2.32,-0.09,3,1
18080.906,0.337,0.453,0.766,26.76,2.11,4.76,3,1
18080.921,0.354,0.397,0.801,17.98,12.42,5.52,3,1
18080.937,0.301,0.347,0.826,16.79,20.17,3.78,3,1
18080.953,0.304,0.344,0.89,12.73,18.01,5.83,3,1
18080.953,0.313,0.408,0.892,8.21,11.05,5.62,3,1
18080.968,0.3,0.452,0.85,2.35,4.76,3.48,3,1
18080.968,0.313,0.456,0.833,-3.72,0.85,2.96,3,1
18080.984,0.307,0.445,0.842,-9.03,-0.85,2.81,3,1
18081.0,0.302,0.419,0.871,-12.54,-2.29,2.72,3,1
18081.0,0.294,0.385,0.886,-14.16,-4.61,1.43,3,1
18081.015,0.288,0.353,0.892,-13.25,-6.16,-0.27,3,1
18081.031,0.286,0.335,0.891,-9.74,-6.32,-1.31,3,1
18081.031,0.284,0.335,0.898,-5.58,-5.19,-2.17,3,1
18081.046,0.279,0.343,0.901,-1.77,-3.91,-2.44,3,1
18081.046,0.278,0.355,0.897,1.19,-3.75,-2.29,3,1
18081.062,0.282,0.362,0.888,3.11,-4.58,-2.17,3,1
18081.078,0.283,0.373,0.877,3.94,-6.2,-1.83,3,1
18081.093,0.284,0.395,0.848,2.66,-7.78,-1.1,3,1
18081.093,0.303,0.417,0.849,-1.92,-7.9,0.43,3,1
18081.109,0.306,0.409,0.858,-5.74,-7.51,0.73,3,1
18081.109,0.305,0.395,0.851,-7.9,-7.84,1.04,3,1
18081.125,0.308,0.398,0.843,-11.11,-8.36,1.86,3,1
18081.14,0.314,0.383,0.859,-14.59,-7.63,3.05,3,1
18081.14,0.311,0.355,0.879,-16.6,-6.62,3.94,3,1
18081.156,0.314,0.349,0.894,-16.82,-7.23,4.43,3,1
18081.156,0.316,0.35,0.896,-15.38,-8.36,5.07,3,1
18081.171,0.323,0.339,0.899,-13.73,-8.94,5.4,3,1
18081.187,0.332,0.325,0.899,-11.29,-8.85,4.73,3,1
18081.187,0.332,0.313,0.89,-7.78,-8.88,3.3,3,1
18081.203,0.34,0.314,0.887,-4.39,-8.21,1.8,3,1
18081.218,0.337,0.319,0.887,-1.13,-6.53,0.03,3,1
18081.218,0.33,0.326,0.885,1.8,-4.88,-1.25,3,1
18081.234,0.329,0.333,0.877,4.49,-3.75,-2.01,3,1
18081.25,0.326,0.337,0.866,6.07,-2.75,-3.36,3,1
18081.25,0.319,0.35,0.869,6.23,-1.37,-4.3,3,1
18081.265,0.31,0.363,0.877,5.95,-0.52,-4.39,3,1
18081.281,0.303,0.369,0.873,5.92,-0.95,-4.24,3,1
18081.281,0.303,0.371,0.857,5.04,-1.53,-4.0,3,1
18081.296,0.307,0.374,0.85,2.96,-1.28,-3.6,3,1
18081.296,0.308,0.376,0.849,1.19,-0.31,-2.66,3,1
18081.312,0.311,0.376,0.851,-0.4,1.16,-1.65,3,1
18081.328,0.312,0.37,0.87,-2.14,1.98,-1.07,3,1
18081.328,0.307,0.367,0.886,-3.39,1.56,-1.13,3,1
18081.343,0.306,0.364,0.892,-4.52,0.0,-1.04,3,1
18081.359,0.315,0.359,0.887,-5.34,-2.08,-0.89,3,1
18081.359,0.326,0.346,0.876,-5.71,-3.45,-1.25,3,1
18081.375,0.335,0.329,0.874,-5.86,-3.88,-1.98,3,1
18081.375,0.34,0.319,0.874,-5.83,-4.27,-3.88,3,1
18081.39,0.341,0.328,0.867,-5.28,-4.09,-6.04,3,1
18081.406,0.341,0.337,0.859,-5.19,-2.66,-7.57,3,1
18081.406,0.333,0.341,0.865,-5.04,-0.27,-8.36,3,1
18081.421,0.33,0.344,0.87,-5.22,1.37,-9.28,3,1
18081.437,0.334,0.356,0.874,-7.11,1.8,-10.74,3,1
18081.453,0.331,0.369,0.894,-9.61,1.22,-13.37,3,1
18081.453,0.321,0.378,0.931,-9.95,-0.55,-15.38,3,1
18081.468,0.302,0.37,0.944,-7.6,-3.91,-15.84,3,1
18081.468,0.307,0.362,0.908,-6.16,-8.12,-16.57,3,1
18081.484,0.308,0.353,0.879,-4.85,-8.76,-16.75,3,1
18081.5,0.285,0.355,0.864,-2.32,-5.58,-14.22,3,1
18081.5,0.287,0.365,0.855,0.15,-2.32,-9.31,3,1
18081.515,0.296,0.378,0.824,0.34,-0.21,-5.68,3,1
18081.515,0.307,0.385,0.833,-4.43,9.31,-0.37,3,1
18081.531,0.28,0.376,0.881,-5.46,9.89,1.74,3,1
18081.546,0.279,0.332,0.883,-6.04,9.74,2.44,3,1
18081.546,0.283,0.275,0.914,-0.79,9.92,4.85,3,1
18081.562,0.281,0.246,0.929,7.32,8.76,6.07,3,1
18081.578,0.286,0.251,0.955,14.68,4.39,4.88,3,1
18081.578,0.292,0.261,0.967,24.9,0.64,5.01,3,1
18081.593,0.295,0.284,0.965,37.6,-2.66,5.86,3,1
18081.609,0.314,0.335,0.876,46.75,-5.4,6.26,3,1
18081.609,0.351,0.387,0.824,46.75,-0.79,6.41,3,1
18081.625,0.379,0.357,0.819,45.11,10.68,5.4,3,1
18081.64,0.327,0.351,0.816,47.18,20.42,3.02,3,1
18081.64,0.3,0.387,0.806,47.3,23.47,2.29,3,1
18081.656,0.292,0.459,0.817,41.08,22.0,1.43,3,1
18081.671,0.279,0.519,0.824,33.05,18.19,1.13,3,1
18081.671,0.263,0.553,0.836,24.05,13.12,1.83,3,1
18081.687,0.239,0.546,0.853,13.03,4.43,3.11,3,1
18081.687,0.235,0.529,0.863,3.11,-5.89,5.95,3,1
18081.703,0.246,0.496,0.826,-5.43,-14.83,8.94,3,1
18081.718,0.274,0.457,0.798,-15.32,-18.1,11.44,3,1
18081.734,0.292,0.406,0.824,-21.58,-15.35,13.82,3,1
18081.734,0.287,0.373,0.849,-21.82,-10.93,16.21,3,1
18081.75,0.289,0.355,0.875,-20.02,-8.82,17.06,3,1
18081.75,0.293,0.356,0.903,-18.01,-8.58,16.36,3,1
18081.765,0.296,0.363,0.934,-14.37,-9.7,15.96,3,1
18081.781,0.278,0.362,0.97,-8.15,-13.73,15.53,3,1
18081.781,0.272,0.367,0.981,-1.62,-21.03,16.33,3,1
18081.796,0.268,0.364,0.975,5.22,-30.12,17.67,3,1
18081.796,0.28,0.376,0.953,12.94,-38.36,20.54,3,1
18081.812,0.296,0.39,0.881,17.64,-44.71,22.83,3,1
18081.828,0.349,0.402,0.813,16.97,-45.84,23.74,3,1
18081.828,0.403,0.382,0.774,14.95,-39.43,23.38,3,1
18081.843,0.407,0.363,0.754,14.04,-29.33,21.39,3,1
18081.859,0.403,0.362,0.758,12.09,-21.42,19.41,3,1
18081.859,0.418,0.365,0.762,7.63,-17.18,16.54,3,1
18081.875,0.433,0.376,0.767,2.08,-14.01,12.51,3,1
18081.89,0.435,0.386,0.761,-3.3,-10.65,7.97,3,1
18081.89,0.429,0.391,0.773,-8.27,-6.56,3.97,3,1
18081.906,0.413,0.39,0.814,-10.96,-3.39,1.22,3,1
18081.921,0.394,0.38,0.835,-11.26,-1.46,-0.89,3,1
18081.921,0.378,0.369,0.842,-10.04,0.12,-2.01,3,1
18081.937,0.366,0.356,0.862,-7.08,1.31,-2.59,3,1
18081.937,0.349,0.357,0.894,-2.87,1.43,-3.14,3,1
18081.953,0.342,0.365,0.884,1.31,-0.52,-3.11,3,1
18081.968,0.358,0.365,0.859,3.45,-1.56,-2.84,3,1
18081.968,0.358,0.375,0.847,5.13,-0.61,-2.62,3,1
18081.984,0.357,0.391,0.829,6.07,-0.15,-1.98,3,1
18082.0,0.363,0.407,0.824,4.43,-0.55,-1.19,3,1
18082.0,0.363,0.41,0.813,1.5,-0.95,-0.82,3,1
18082.015,0.378,0.399,0.79,-2.14,-0.46,-0.4,3,1
18082.031,0.406,0.388,0.789,-8.36,1.8,-1.04,3,1
18082.031,0.393,0.382,0.819,-12.73,4.52,-3.72,3,1
18082.046,0.39,0.362,0.804,-13.89,6.23,-5.19,3,1
18082.062,0.4,0.344,0.796,-15.47,8.09,-7.45,3,1
18082.062,0.388,0.367,0.836,-15.47,11.47,-9.31,3,1
18082.078,0.364,0.392,0.885,-13.34,13.46,-9.74,3,1
18082.078,0.343,0.39,0.9,-9.74,13.21,-8.09,3,1
18082.093,0.347,0.363,0.904,-5.62,11.54,-6.41,3,1
18082.109,0.341,0.339,0.911,-0.37,9.13,-6.32,3,1
18082.109,0.326,0.336,0.901,4.21,6.47,-6.32,3,1
18082.125,0.332,0.356,0.879,6.5,3.75,-6.04,3,1
18082.14,0.333,0.378,0.856,8.09,2.5,-5.83,3,1
18082.14,0.328,0.391,0.843,8.82,2.35,-4.97,3,1
18082.156,0.329,0.409,0.848,7.2,1.56,-3.81,3,1
18082.171,0.323,0.416,0.845,4.43,0.43,-2.87,3,1
18082.171,0.329,0.41,0.835,1.53,-0.58,-1.37,3,1
18082.187,0.338,0.393,0.838,-1.19,-1.34,-0.73,3,1
18082.187,0.341,0.38,0.839,-3.14,-1.43,-0.7,3,1
18082.203,0.349,0.378,0.85,-4.09,-0.55,-0.46,3,1
18082.218,0.351,0.37,0.863,-3.48,0.21,-0.73,3,1
18082.218,0.37,0.355,0.816,-2.44,0.7,-1.5,3,1
18082.234,0.377,0.373,0.844,-3.85,3.17,-3.45,3,1
18082.25,0.339,0.39,0.868,-1.62,4.09,-4.85,3,1
18082.25,0.359,0.383,0.836,-1.4,3.02,-4.3,3,1
18082.265,0.352,0.386,0.852,-2.41,3.91,-4.67,3,1
18082.265,0.343,0.377,0.858,-1.28,4.18,-4.55,3,1
18082.281,0.343,0.373,0.864,-1.31,3.75,-4.27,3,1
18082.296,0.329,0.374,0.88,-0.58,3.36,-4.12,3,1
18082.296,0.329,0.368,0.878,1.07,1.98,-3.57,3,1
18082.312,0.337,0.365,0.872,2.38,1.07,-3.39,3,1
18082.328,0.336,0.362,0.867,3.48,0.76,-4.06,3,1
18082.343,0.344,0.353,0.864,4.49,0.37,-5.19,3,1
18082.343,0.355,0.353,0.867,5.01,-0.15,-8.06,3,1
18082.359,0.358,0.36,0.848,6.26,-0.43,-11.44,3,1
18082.359,0.402,0.338,0.765,5.77,2.41,-14.62,3,1
18082.375,0.387,0.357,0.855,2.87,8.76,-20.63,3,1
18082.39,0.344,0.37,0.855,6.41,10.38,-24.96,3,1
18082.39,0.335,0.397,0.852,4.55,8.58,-28.08,3,1
18082.406,0.302,0.419,0.872,3.33,6.87,-28.78,3,1
18082.406,0.28,0.451,0.917,4.97,4.64,-24.78,3,1
18082.421,0.247,0.471,0.928,10.13,1.19,-17.61,3,1
18082.437,0.267,0.432,0.874,14.62,-2.56,-9.37,3,1
18082.453,0.289,0.388,0.853,14.74,-4.12,-6.23,3,1
18082.453,0.284,0.383,0.85,14.98,-4.03,-4.94,3,1
18082.468,0.298,0.4,0.834,14.5,-4.15,-2.96,3,1
18082.468,0.309,0.418,0.83,12.94,-3.42,-1.74,3,1
18082.484,0.305,0.43,0.826,11.32,-2.72,-1.28,3,1
18082.5,0.311,0.451,0.819,8.09,-3.45,-0.79,3,1
18082.5,0.316,0.452,0.811,-1.56,-4.79,-1.16,3,1
18082.515,0.314,0.441,0.814,-5.25,-5.16,-0.27,3,1
18082.515,0.315,0.432,0.826,-7.63,-5.01,0.67,3,1
18082.531,0.32,0.419,0.829,-9.06,-4.09,1.04,3,1
18082.546,0.328,0.395,0.887,-8.58,-3.33,0.52,3,1
18082.546,0.327,0.392,0.892,-5.34,-4.67,-0.43,3,1
18082.562,0.329,0.386,0.866,-2.11,-5.98,-1.19,3,1
18082.578,0.333,0.392,0.848,-0.09,-6.26,-1.65,3,1
18082.593,0.329,0.403,0.836,1.65,-5.34,-1.62,3,1
18082.593,0.323,0.422,0.821,2.47,-4.39,-0.64,3,1
18082.609,0.317,0.444,0.824,1.19,-3.42,0.89,3,1
18082.609,0.312,0.452,0.837,-1.34,-2.9,2.62,3,1
18082.625,0.313,0.441,0.852,-3.94,-2.62,4.27,3,1
18082.64,0.316,0.433,0.878,-5.74,-4.03,5.37,3,1
18082.64,0.311,0.442,0.835,-8.12,-7.29,5.28,3,1
18082.656,0.349,0.46,0.821,-14.65,-9.8,4.94,3,1
18082.656,0.369,0.481,0.829,-22.98,-11.75,2.47,3,1
18082.671,0.353,0.479,0.804,-30.88,-12.51,0.55,3,1
18082.687,0.351,0.436,0.857,-36.99,-11.78,1.04,3,1
18082.687,0.331,0.351,0.871,-34.52,-11.08,0.98,3,1
18082.703,0.349,0.271,0.855,-29.27,-7.66,1.62,3,1
18082.718,0.337,0.205,0.874,-18.68,-0.31,0.31,3,1
18082.718,0.314,0.174,0.914,-5.58,5.16,-2.29,3,1
18082.734,0.314,0.187,0.939,9.43,8.15,-3.3,3,1
18082.75,0.315,0.214,0.937,27.1,9.86,-3.88,3,1
18082.75,0.333,0.268,0.935,44.53,11.81,-3.75,3,1
18082.765,0.346,0.316,0.939,59.97,11.6,-4.36,3,1
18082.781,0.341,0.382,0.924,71.35,9.13,-5.43,3,1
18082.781,0.329,0.459,0.912,76.2,3.54,-7.14,3,1
18082.796,0.326,0.5,0.831,74.92,-4.46,-9.0,3,1
18082.796,0.326,0.539,0.77,65.86,-10.01,-12.21,3,1
18082.812,0.273,0.536,0.772,53.77,-14.8,-13.03,3,1
18082.828,0.266,0.533,0.818,41.41,-21.82,-10.5,3,1
18082.828,0.243,0.489,0.883,32.38,-30.7,-8.82,3,1
18082.843,0.271,0.368,0.938,24.78,-44.59,-10.53,3,1
18082.859,0.345,0.343,0.983,27.31,-57.53,-14.53,3,1
18082.859,0.405,0.314,0.957,37.32,-65.8,-20.66,3,1
18082.875,0.416,0.274,0.906,49.01,-70.65,-32.23,3,1
18082.89,0.435,0.272,0.859,59.39,-71.41,-42.97,3,1
18082.89,0.456,0.295,0.819,67.78,-69.22,-54.66,3,1
18082.906,0.474,0.349,0.785,73.76,-65.68,-67.29,3,1
18082.906,0.459,0.398,0.74,78.46,-60.64,-80.05,3,1
18082.921,0.439,0.438,0.719,81.33,-53.25,-90.09,3,1
18082.937,0.418,0.487,0.711,83.74,-45.44,-96.38,3,1
18082.937,0.408,0.52,0.716,84.93,-37.42,-98.42,3,1
18082.953,0.418,0.542,0.723,90.0,-30.21,-100.38,3,1
18082.968,0.402,0.571,0.719,96.87,-23.19,-102.79,3,1
18082.984,0.404,0.592,0.703,101.81,-17.33,-104.46,3,1
18082.984,0.397,0.606,0.69,101.78,-12.82,-107.58,3,1
18083.0,0.381,0.614,0.664,100.01,-8.09,-112.4,3,1
18083.0,0.362,0.634,0.646,91.62,-5.19,-115.94,3,1
18083.015,0.406,0.703,0.612,77.3,-3.66,-115.85,3,1
18083.031,0.382,0.717,0.639,46.21,0.73,-99.09,3,1
18083.031,0.32,0.736,0.639,14.5,3.02,-104.04,3,1
18083.046,0.343,0.761,0.626,-17.09,1.59,-103.73,3,1
18083.046,0.324,0.76,0.654,-59.76,3.23,-97.32,3,1
18083.062,0.298,0.748,0.691,-98.57,2.59,-98.94,3,1
18083.078,0.252,0.726,0.738,-127.69,-0.89,-97.6,3,1
18083.078,0.196,0.688,0.805,-150.09,-9.0,-92.2,3,1
18083.093,0.152,0.624,0.835,-157.32,-21.79,-87.95,3,1
18083.109,0.133,0.584,0.856,-155.55,-38.12,-80.42,3,1
18083.109,0.126,0.557,0.874,-147.59,-54.23,-74.04,3,1
18083.125,0.126,0.54,0.88,-135.41,-68.48,-70.53,3,1
18083.14,0.142,0.532,0.855,-119.85,-79.26,-69.86,3,1
18083.14,0.154,0.521,0.814,-102.57,-84.63,-69.37,3,1
18083.156,0.164,0.532,0.779,-85.27,-83.59,-69.09,3,1
18083.171,0.172,0.544,0.748,-70.59,-78.43,-68.03,3,1
18083.171,0.167,0.564,0.726,-60.98,-69.49,-67.14,3,1
18083.187,0.157,0.582,0.711,-57.01,-58.66,-67.87,3,1
18083.187,0.118,0.61,0.731,-54.41,-46.66,-69.89,3,1
18083.203,0.08,0.635,0.751,-51.24,-37.87,-72.97,3,1
18083.218,0.059,0.65,0.751,-46.51,-34.09,-75.17,3,1
18083.218,0.044,0.654,0.746,-39.8,-32.29,-74.74,3,1
18083.234,0.047,0.669,0.726,-32.41,-31.62,-72.05,3,1
18083.25,0.038,0.666,0.699,-26.18,-30.61,-67.08,3,1
18083.25,0.064,0.653,0.668,-22.13,-29.45,-61.16,3,1
18083.265,0.084,0.694,0.63,-19.68,-23.9,-60.49,3,1
18083.281,0.031,0.667,0.606,-23.9,-18.4,-59.48,3,1
18083.281,0.072,0.655,0.613,-32.5,-14.25,-53.93,3,1
18083.296,0.093,0.669,0.631,-37.32,-6.23,-50.29,3,1
18083.296,0.073,0.637,0.637,-37.9,2.23,-49.17,3,1
18083.312,0.064,0.584,0.67,-39.43,9.09,-45.11,3,1
18083.328,0.077,0.571,0.719,-38.97,15.38,-43.98,3,1
18083.328,0.06,0.537,0.75,-34.39,18.04,-45.2,3,1
18083.343,0.072,0.513,0.774,-29.3,17.82,-44.98,3,1
18083.359,0.079,0.511,0.785,-26.25,16.63,-42.7,3,1
18083.375,0.067,0.503,0.781,-24.93,15.72,-40.22,3,1
18083.375,0.068,0.511,0.771,-26.09,14.1,-39.22,3,1
18083.39,0.058,0.519,0.757,-30.4,13.49,-38.7,3,1
18083.39,0.068,0.51,0.763,-35.98,14.04,-35.52,3,1
18083.406,0.065,0.493,0.769,-38.18,15.63,-32.93,3,1
18083.406,0.065,0.474,0.782,-38.15,18.77,-32.14,3,1
18083.421,0.058,0.461,0.8,-39.37,22.92,-34.88,3,1
18083.437,0.048,0.462,0.797,-41.75,26.09,-41.32,3,1
18083.453,0.029,0.485,0.779,-44.01,28.66,-48.4,3,1
18083.453,-0.018,0.509,0.81,-44.22,30.64,-50.48,3,1
18083.468,-0.175,0.622,1.045,-37.78,26.98,-40.93,3,1
18083.468,-0.059,0.589,1.183,-20.97,7.57,-9.49,3,1
18083.484,-0.029,0.53,0.993,-43.18,-20.51,4.49,3,1
18083.5,-0.081,0.58,1.104,-39.58,-30.06,6.74,3,1
18083.5,0.051,0.415,1.091,-30.85,-34.06,0.31,3,1
18083.515,0.029,0.386,1.079,-11.78,-37.78,3.27,3,1
18083.531,0.139,0.37,0.985,9.37,-45.01,11.44,3,1
18083.531,0.115,0.4,0.906,11.81,-44.34,9.83,3,1
18083.546,0.129,0.419,1.004,11.93,-41.11,14.1,3,1
18083.546,0.189,0.371,0.925,19.59,-43.61,21.82,3,1
18083.562,0.17,0.372,0.858,23.41,-39.09,25.97,3,1
18083.578,0.182,0.366,0.84,25.67,-33.57,26.49,3,1
18083.593,0.187,0.345,0.825,28.81,-28.11,21.91,3,1
18083.593,0.17,0.368,0.787,30.76,-23.44,14.8,3,1
18083.609,0.177,0.412,0.757,26.67,-20.17,9.16,3,1
18083.609,0.18,0.431,0.754,19.26,-15.99,4.55,3,1
18083.625,0.161,0.43,0.756,11.87,-10.99,1.28,3,1
18083.64,0.152,0.428,0.766,5.22,-6.2,-0.37,3,1
18083.64,0.147,0.437,0.772,0.85,-1.71,-0.52,3,1
18083.656,0.156,0.446,0.781,-1.34,2.9,-0.7,3,1
18083.656,0.15,0.448,0.791,-1.53,9.09,-2.04,3,1
18083.671,0.146,0.449,0.809,0.09,16.39,-2.69,3,1
18083.687,0.127,0.452,0.829,4.03,22.95,-3.39,3,1
18083.687,0.114,0.467,0.851,8.91,26.64,-3.2,3,1
18083.703,0.105,0.478,0.865,13.0,28.69,-2.56,3,1
18083.718,0.106,0.485,0.874,15.08,29.57,-1.37,3,1
18083.718,0.109,0.492,0.881,15.2,29.21,-0.73,3,1
18083.734,0.115,0.498,0.887,13.49,28.08,-0.52,3,1
18083.734,0.101,0.509,0.895,9.83,26.22,-0.55,3,1
18083.75,0.087,0.527,0.943,4.0,22.0,0.34,3,1
18083.765,0.081,0.528,0.989,-1.95,14.01,1.71,3,1
18083.765,0.072,0.541,1.003,-9.06,4.21,3.85,3,1
18083.781,0.076,0.531,0.996,-13.7,-4.33,7.39,3,1
18083.796,0.088,0.491,0.965,-13.03,-10.32,10.53,3,1
18083.796,0.105,0.457,0.929,-9.16,-13.34,12.48,3,1
18083.812,0.113,0.442,0.898,-3.72,-14.04,12.82,3,1
18083.828,0.102,0.454,0.89,3.05,-13.79,13.12,3,1
18083.828,0.115,0.468,0.865,13.21,-13.15,17.46,3,1
18083.843,0.115,0.469,0.829,17.18,-12.79,18.56,3,1
18083.859,0.124,0.493,0.821,16.27,-10.19,16.57,3,1
18083.859,0.092,0.498,0.825,13.31,-7.51,15.26,3,1
18083.875,0.061,0.527,0.854,10.04,-7.72,15.81,3,1
18083.89,0.029,0.576,0.894,8.76,-10.86,19.87,3,1
18083.89,0.005,0.61,0.914,8.85,-16.24,29.11,3,1
18083.906,-0.026,0.656,0.938,9.83,-21.06,42.24,3,1
18083.906,-0.071,0.724,0.972,13.73,-25.48,60.12,3,1
18083.921,-0.115,0.773,0.966,21.52,-30.24,83.16,3,1
18083.937,-0.12,0.795,0.922,29.85,-33.75,108.95,3,1
18083.937,-0.1,0.778,0.884,38.64,-34.24,131.6,3,1
18083.953,-0.056,0.737,0.843,47.49,-32.35,146.86,3,1
18083.968,-0.043,0.729,0.819,54.35,-26.22,155.58,3,1
18083.968,-0.016,0.729,0.81,58.17,-18.89,162.57,3,1
18083.984,0.005,0.738,0.786,59.51,-10.62,171.97,3,1
18084.0,0.038,0.716,0.714,61.83,0.06,183.66,3,1
18084.0,0.082,0.661,0.662,64.61,13.98,196.05,3,1
18084.015,0.08,0.65,0.668,66.26,28.32,206.64,3,1
18084.031,0.062,0.622,0.626,71.29,37.78,213.72,3,1
18084.031,0.11,0.525,0.557,77.94,44.28,216.59,3,1
18084.046,0.179,0.444,0.518,81.94,49.78,214.67,3,1
18084.046,0.241,0.451,0.522,81.27,56.58,210.82,3,1
18084.062,0.266,0.48,0.53,74.34,67.66,207.77,3,1
18084.078,0.31,0.421,0.592,62.84,84.17,205.85,3,1
18084.078,0.374,0.29,0.686,55.18,102.18,203.22,3,1
18084.093,0.37,0.22,0.719,55.36,111.94,191.32,3,1
18084.109,0.361,0.224,0.762,60.85,115.27,178.84,3,1
18084.109,0.372,0.209,0.801,67.96,115.36,167.33,3,1
18084.125,0.401,0.178,0.823,69.58,112.98,154.09,3,1
18084.14,0.421,0.148,0.855,66.13,109.74,139.16,3,1
18084.14,0.443,0.138,0.888,60.91,105.04,120.91,3,1
18084.156,0.46,0.129,0.905,55.67,98.42,99.31,3,1
18084.171,0.454,0.111,0.909,47.67,89.97,76.27,3,1
18084.171,0.433,0.119,0.898,34.21,80.69,53.99,3,1
18084.187,0.434,0.173,0.907,11.63,72.12,35.1,3,1
18084.187,0.432,0.225,0.909,-15.9,65.98,18.86,3,1
18084.203,0.407,0.221,0.9,-42.36,62.29,6.81,3,1
18084.218,0.377,0.201,0.906,-61.07,60.58,-1.25,3,1
18084.218,0.345,0.165,0.925,-68.18,59.97,-6.1,3,1
18084.234,0.344,0.155,0.932,-66.19,57.1,-10.74,3,1
18084.25,0.287,0.176,1.039,-58.96,51.27,-18.77,3,1
18084.265,-0.061,0.297,1.525,-43.73,28.41,-18.89,3,1
18084.265,0.195,0.287,1.549,-9.67,-29.42,0.18,3,1
18084.265,0.383,0.507,1.11,-0.61,-66.87,-1.46,3,1
18084.281,0.373,0.608,0.951,-17.98,-57.44,-4.21,3,1
18084.296,0.417,0.493,0.968,-22.52,-36.96,-1.01,3,1
18084.296,0.426,0.424,0.907,-4.97,-18.65,-0.67,3,1
18084.312,0.358,0.44,0.83,12.21,-3.33,-1.59,3,1
18084.328,0.308,0.413,0.83,14.8,2.47,0.21,3,1
18084.328,0.308,0.37,0.846,13.89,-1.13,2.01,3,1
18084.343,0.288,0.364,0.826,15.84,-6.93,3.08,3,1
18084.359,0.283,0.36,0.832,16.42,-13.03,4.82,3,1
18084.359,0.281,0.362,0.848,17.33,-18.13,7.54,3,1
18084.375,0.288,0.39,0.831,20.02,-21.76,10.93,3,1
18084.39,0.317,0.423,0.837,23.32,-21.7,13.06,3,1
18084.39,0.327,0.455,0.85,26.34,-18.28,13.89,3,1
18084.406,0.345,0.48,0.863,28.99,-14.83,14.56,3,1
18084.406,0.361,0.485,0.856,30.98,-12.51,13.61,3,1
18084.421,0.371,0.475,0.816,30.82,-10.35,10.86,3,1
18084.437,0.384,0.46,0.772,27.83,-7.69,6.68,3,1
18084.453,0.389,0.453,0.724,23.38,-3.36,1.95,3,1
18084.453,0.371,0.455,0.719,18.46,3.45,-0.49,3,1
18084.468,0.341,0.474,0.756,15.05,9.25,0.21,3,1
18084.468,0.321,0.482,0.787,11.63,10.99,4.36,3,1
18084.484,0.321,0.484,0.81,10.74,9.83,5.46,3,1
18084.5,0.315,0.49,0.827,9.8,7.51,5.89,3,1
18084.5,0.321,0.47,0.821,9.43,6.13,6.96,3,1
18084.515,0.326,0.465,0.812,9.86,6.13,7.14,3,1
18084.515,0.321,0.476,0.809,9.25,5.8,5.83,3,1
18084.531,0.32,0.489,0.803,7.45,5.71,5.55,3,1
18084.546,0.326,0.489,0.796,6.32,6.04,6.62,3,1
18084.546,0.332,0.485,0.793,5.86,6.41,7.29,3,1
18084.562,0.34,0.48,0.795,4.39,5.98,6.47,3,1
18084.578,0.335,0.473,0.803,1.34,4.61,4.03,3,1
18084.578,0.333,0.472,0.805,-1.86,2.9,1.28,3,1
18084.593,0.328,0.471,0.797,-4.7,0.79,-1.04,3,1
18084.609,0.315,0.477,0.794,-7.08,-0.43,-2.14,3,1
18084.609,0.316,0.489,0.803,-7.9,0.34,-0.18,3,1
18084.625,0.321,0.482,0.822,-6.9,1.53,1.83,3,1
18084.64,0.303,0.479,0.842,-5.68,1.01,2.26,3,1
18084.64,0.297,0.477,0.847,-5.43,-0.37,4.24,3,1
18084.656,0.324,0.451,0.838,-3.85,-1.77,6.23,3,1
18084.656,0.331,0.434,0.82,-0.82,-2.2,5.49,3,1
18084.671,0.332,0.446,0.815,0.79,-2.38,4.03,3,1
18084.687,0.329,0.46,0.815,0.4,-3.57,2.56,3,1
18084.687,0.335,0.469,0.806,-1.01,-5.13,1.62,3,1
18084.703,0.342,0.475,0.789,-2.41,-6.13,0.79,3,1
18084.718,0.339,0.499,0.769,-6.07,-6.56,-0.34,3,1
18084.734,0.336,0.527,0.762,-12.3,-6.41,0.0,3,1
18084.734,0.33,0.537,0.757,-19.29,-6.01,1.43,3,1
18084.75,0.334,0.512,0.763,-26.06,-5.46,3.39,3,1
18084.75,0.34,0.474,0.802,-31.56,-3.97,4.61,3,1
18084.765,0.339,0.447,0.861,-34.55,-3.51,4.7,3,1
18084.781,0.356,0.431,0.876,-34.42,-5.31,3.81,3,1
18084.781,0.352,0.438,0.85,-33.51,-7.75,1.43,3,1
18084.796,0.356,0.451,0.838,-33.66,-8.06,-0.27,3,1
18084.796,0.34,0.43,0.852,-32.84,-6.87,-0.37,3,1
18084.812,0.352,0.397,0.833,-30.95,-4.12,0.18,3,1
18084.828,0.334,0.36,0.865,-26.37,3.05,0.7,3,1
18084.828,0.309,0.326,0.87,-16.3,9.46,1.53,3,1
18084.843,0.293,0.298,0.867,-5.92,13.31,1.89,3,1
18084.859,0.273,0.292,0.856,5.46,15.05,2.53,3,1
18084.859,0.282,0.298,0.862,16.45,13.4,4.12,3,1
18084.875,0.287,0.329,0.892,25.94,6.29,5.4,3,1
18084.89,0.294,0.355,0.893,34.03,-4.97,5.4,3,1
18084.89,0.33,0.383,0.881,37.84,-15.26,2.96,3,1
18084.906,0.394,0.477,0.752,34.79,-18.04,-0.34,3,1
18084.906,0.497,0.621,0.687,16.69,-4.88,-4.33,3,1
18084.921,0.445,0.624,0.714,1.01,12.48,-12.39,3,1
18084.937,0.402,0.626,0.746,-11.29,18.46,-17.12,3,1
18084.953,0.371,0.63,0.731,-24.72,14.47,-20.36,3,1
18084.953,0.294,0.604,0.82,-38.58,9.95,-20.17,3,1
18084.968,0.281,0.442,0.881,-40.99,6.38,-13.82,3,1
18084.968,0.292,0.307,0.914,-32.81,8.12,-9.58,3,1
18084.984,0.226,0.257,0.937,-10.35,15.5,-5.4,3,1
18085.0,0.2,0.23,0.945,13.89,18.83,2.66,3,1
18085.0,0.209,0.217,0.919,30.34,14.16,6.23,3,1
18085.015,0.196,0.214,0.885,34.24,2.9,8.55,3,1
18085.031,0.246,0.255,0.879,32.29,-11.23,9.03,3,1
18085.031,0.321,0.359,0.889,38.15,-21.36,10.13,3,1
18085.046,0.323,0.504,0.935,45.53,-24.93,11.66,3,1
18085.046,0.402,0.633,0.873,43.12,-28.38,10.22,3,1
18085.062,0.362,0.648,0.822,33.75,-24.48,7.81,3,1
18085.078,0.313,0.565,0.813,26.03,-19.71,9.86,3,1
18085.093,0.283,0.454,0.821,22.55,-20.57,12.27,3,1
18085.093,0.307,0.392,0.826,23.16,-25.48,14.65,3,1
18085.109,0.354,0.37,0.795,23.04,-28.5,14.8,3,1
18085.109,0.368,0.365,0.781,19.59,-29.42,9.37,3,1
18085.125,0.393,0.393,0.781,17.67,-29.94,4.03,3,1
18085.125,0.412,0.46,0.777,17.88,-29.27,-0.92,3,1
18085.14,0.408,0.528,0.769,18.59,-28.35,-4.43,3,1
18085.156,0.406,0.566,0.753,19.35,-27.38,-4.64,3,1
18085.156,0.41,0.578,0.728,19.41,-24.9,-3.39,3,1
18085.171,0.404,0.578,0.693,17.7,-20.2,-1.8,3,1
18085.187,0.395,0.559,0.666,12.7,-15.44,-0.98,3,1
18085.187,0.377,0.545,0.664,3.72,-12.05,-1.34,3,1
18085.203,0.363,0.538,0.674,-7.51,-9.22,-1.28,3,1
18085.218,0.36,0.527,0.699,-19.81,-7.6,-0.61,3,1
18085.218,0.372,0.502,0.703,-30.37,-6.78,-0.09,3,1
18085.234,0.392,0.48,0.712,-37.9,-3.48,0.79,3,1
18085.234,0.406,0.456,0.727,-42.73,1.95,1.31,3,1
18085.25,0.421,0.427,0.759,-44.62,7.78,0.61,3,1
18085.265,0.434,0.403,0.784,-42.85,13.79,-1.4,3,1
18085.281,0.434,0.394,0.799,-38.73,20.26,-4.67,3,1
18085.281,0.418,0.382,0.821,-33.51,25.51,-9.03,3,1
18085.296,0.336,0.391,0.91,-27.74,26.49,-12.88,3,1
18085.296,0.321,0.4,1.031,-17.76,17.37,-12.09,3,1
18085.312,0.367,0.395,0.954,-7.42,4.52,-13.06,3,1
18085.328,0.352,0.375,0.862,-0.98,0.73,-16.42,3,1
18085.343,0.36,0.363,0.839,4.58,1.22,-17.0,3,1
18085.343,0.356,0.383,0.818,7.9,2.2,-18.95,3,1
18085.359,0.345,0.423,0.8,10.41,2.78,-21.21,3,1
18085.359,0.342,0.478,0.82,10.68,3.72,-20.97,3,1
18085.375,0.335,0.494,0.796,8.76,3.88,-20.39,3,1
18085.39,0.333,0.466,0.812,4.0,2.5,-21.33,3,1
18085.39,0.321,0.461,0.812,3.88,1.53,-20.48,3,1
18085.406,0.337,0.466,0.798,4.3,1.16,-18.74,3,1
18085.421,0.329,0.473,0.79,2.2,1.01,-19.65,3,1
18085.421,0.331,0.471,0.787,-1.16,0.24,-19.87,3,1
18085.437,0.337,0.47,0.793,-5.04,-1.8,-21.06,3,1
18085.437,0.337,0.48,0.782,-9.46,-4.7,-23.22,3,1
18085.453,0.336,0.49,0.781,-17.12,-5.62,-23.83,3,1
18085.468,0.338,0.494,0.793,-15.5,-2.56,-20.94,3,1
18085.468,0.337,0.491,0.809,-12.63,0.82,-18.1,3,1
18085.484,0.33,0.479,0.826,-10.5,2.11,-16.79,3,1
18085.5,0.314,0.435,0.844,-9.58,0.92,-16.88,3,1
18085.5,0.316,0.423,0.846,-9.09,-0.85,-17.67,3,1
18085.515,0.311,0.423,0.841,-8.33,-2.29,-18.86,3,1
18085.531,0.314,0.44,0.836,-7.29,-3.27,-19.53,3,1
18085.531,0.316,0.444,0.825,-7.05,-3.72,-20.6,3,1
18085.546,0.309,0.454,0.818,-7.69,-3.14,-21.21,3,1
18085.546,0.303,0.47,0.828,-7.02,-1.46,-19.62,3,1
18085.562,0.292,0.491,0.845,-4.15,0.52,-15.84,3,1
18085.578,0.281,0.498,0.855,-0.34,1.25,-11.32,3,1
18085.578,0.282,0.481,0.856,2.26,-0.12,-7.75,3,1
18085.593,0.284,0.46,0.844,3.42,-2.81,-5.62,3,1
18085.609,0.295,0.454,0.816,3.36,-4.88,-4.03,3,1
18085.609,0.316,0.465,0.801,1.4,-5.37,-3.08,3,1
18085.625,0.319,0.477,0.797,0.31,-3.94,-3.05,3,1
18085.625,0.318,0.48,0.801,-0.03,-1.62,-2.32,3,1
18085.64,0.314,0.477,0.811,-1.16,-0.09,-1.62,3,1
18085.656,0.31,0.466,0.815,-2.93,0.24,-1.53,3,1
18085.656,0.306,0.456,0.823,-4.3,0.15,-1.25,3,1
18085.671,0.31,0.45,0.827,-4.91,0.06,-0.79,3,1
18085.687,0.308,0.447,0.838,-4.91,0.24,-0.85,3,1
18085.687,0.308,0.441,0.846,-3.57,0.55,-0.67,3,1
18085.703,0.306,0.431,0.847,-1.25,1.25,-0.49,3,1
18085.718,0.303,0.427,0.848,0.92,1.01,-0.89,3,1
18085.718,0.311,0.442,0.84,2.9,0.73,-1.4,3,1
18085.734,0.307,0.462,0.824,4.82,1.16,-1.77,3,1
18085.75,0.296,0.473,0.816,5.25,1.13,-1.04,3,1
18085.75,0.302,0.489,0.818,4.0,0.46,0.4,3,1
18085.765,0.299,0.49,0.819,2.47,-0.37,1.34,3,1
18085.781,0.302,0.475,0.82,0.89,-1.59,2.47,3,1
18085.781,0.312,0.467,0.826,0.18,-2.59,3.54,3,1
18085.796,0.314,0.46,0.841,0.64,-2.93,3.85,3,1
18085.796,0.3,0.46,0.843,2.2,-3.05,4.52,3,1
18085.812,0.301,0.456,0.83,3.88,-3.14,6.9,3,1
18085.828,0.315,0.449,0.812,5.04,-2.66,8.82,3,1
18085.843,0.325,0.452,0.813,5.58,-0.58,9.55,3,1
18085.843,0.325,0.452,0.823,6.1,1.43,9.19,3,1
18085.859,0.321,0.448,0.821,6.35,2.2,8.0,3,1
18085.859,0.32,0.447,0.811,6.01,2.41,6.65,3,1
18085.875,0.319,0.458,0.805,5.1,2.59,5.58,3,1
18085.89,0.319,0.468,0.808,4.09,3.78,5.58,3,1
18085.89,0.315,0.467,0.807,3.42,5.19,6.2,3,1
18085.906,0.32,0.467,0.81,1.68,5.92,6.38,3,1
18085.921,0.32,0.469,0.814,-0.82,5.83,5.37,3,1
18085.921,0.313,0.464,0.805,-3.14,4.88,3.85,3,1
18085.937,0.31,0.472,0.806,-5.4,4.12,2.9,3,1
18085.937,0.307,0.481,0.808,-6.71,4.03,3.08,3,1
18085.953,0.304,0.48,0.816,-7.29,3.66,3.39,3,1
18085.968,0.302,0.467,0.828,-7.11,2.75,3.23,3,1
18085.968,0.299,0.453,0.832,-6.87,1.74,3.36,3,1
18085.984,0.31,0.445,0.838,-6.32,1.04,3.63,3,1
18086.0,0.309,0.437,0.844,-5.16,0.7,3.11,3,1
18086.0,0.314,0.425,0.837,-3.72,-0.31,2.17,3,1
18086.015,0.319,0.431,0.843,-2.99,-0.82,0.98,3,1
18086.015,0.319,0.443,0.844,-2.56,-0.67,-0.18,3,1
18086.031,0.32,0.454,0.832,-2.87,-1.46,-1.16,3,1
18086.046,0.319,0.468,0.823,-4.21,-2.66,-1.77,3,1
18086.062,0.315,0.456,0.814,-5.4,-3.48,-2.14,3,1
18086.062,0.312,0.445,0.809,-7.02,-4.0,-2.11,3,1
18086.078,0.317,0.458,0.818,-9.49,-3.88,-1.5,3,1
18086.078,0.323,0.477,0.845,-11.81,-3.6,-1.28,3,1
18086.093,0.311,0.502,0.856,-13.82,-5.43,-1.71,3,1
18086.109,0.303,0.5,0.815,-16.02,-8.21,-1.56,3,1
18086.109,0.312,0.505,0.787,-21.18,-9.74,-0.79,3,1
18086.125,0.31,0.499,0.801,-27.19,-9.0,0.34,3,1
18086.14,0.32,0.486,0.808,-32.78,-7.02,2.72,3,1
18086.14,0.286,0.46,0.836,-36.65,-4.82,4.52,3,1
18086.156,0.295,0.393,0.85,-36.38,-5.74,7.23,3,1
18086.156,0.309,0.36,0.855,-35.16,-5.8,7.78,3,1
18086.171,0.283,0.324,0.884,-28.11,-2.93,7.72,3,1
18086.187,0.261,0.285,0.903,-17.24,-1.46,8.73,3,1
18086.187,0.247,0.298,0.902,-4.97,-1.19,10.1,3,1
18086.203,0.251,0.354,0.879,5.8,-1.8,12.24,3,1
18086.218,0.248,0.427,0.919,12.85,-10.16,16.08,3,1
18086.218,0.228,0.518,0.846,15.72,-24.87,23.87,3,1
18086.234,0.303,0.633,0.781,-2.62,-36.96,29.97,3,1
18086.25,0.309,0.6,0.879,-24.2,-40.83,31.34,3,1
18086.25,0.304,0.404,0.904,-30.34,-44.16,35.83,3,1
18086.265,0.37,0.244,0.905,-28.63,-48.8,36.62,3,1
18086.281,0.448,0.185,0.838,-18.74,-46.63,32.44,3,1
18086.281,0.482,0.164,0.829,-9.13,-37.57,24.9,3,1
18086.296,0.491,0.176,0.838,-1.71,-30.92,13.0,3,1
18086.296,0.527,0.236,0.82,3.63,-24.72,2.9,3,1
18086.312,0.576,0.29,0.801,8.15,-19.1,-9.89,3,1
18086.328,0.541,0.353,0.744,12.42,-9.4,-22.4,3,1
18086.343,0.491,0.404,0.723,15.96,2.2,-28.53,3,1
18086.343,0.472,0.437,0.716,17.55,11.29,-29.69,3,1
18086.359,0.446,0.455,0.706,14.25,19.32,-30.98,3,1
18086.375,0.405,0.462,0.726,6.1,26.25,-32.72,3,1
18086.375,0.353,0.465,0.769,-1.83,29.73,-32.47,3,1
18086.39,0.319,0.461,0.799,-9.0,28.72,-30.37,3,1
18086.39,0.291,0.492,0.829,-15.78,26.31,-26.18,3,1
18086.406,0.281,0.491,0.857,-20.08,23.26,-19.78,3,1
18086.421,0.221,0.482,0.942,-21.58,19.04,-12.82,3,1
18086.421,0.198,0.437,1.035,-18.16,7.54,-2.14,3,1
18086.437,0.281,0.353,0.963,-11.11,-10.74,4.76,3,1
18086.437,0.308,0.321,0.908,-0.64,-7.69,7.66,3,1
18086.453,0.322,0.312,0.902,10.04,-4.18,10.62,3,1
18086.468,0.341,0.326,0.901,19.32,-1.68,11.81,3,1
18086.468,0.338,0.393,0.88,26.03,-1.07,12.39,3,1
18086.484,0.345,0.406,0.865,29.02,-1.68,13.28,3,1
18086.5,0.342,0.41,0.847,30.85,-2.11,14.47,3,1
18086.5,0.353,0.412,0.824,32.35,-2.99,15.75,3,1
18086.515,0.358,0.429,0.8,30.49,-2.53,16.36,3,1
18086.531,0.365,0.429,0.776,26.49,-2.62,15.56,3,1
18086.531,0.365,0.429,0.756,21.33,-0.73,15.63,3,1
18086.546,0.376,0.423,0.75,15.87,2.11,15.72,3,1
18086.562,0.391,0.431,0.761,10.25,6.04,15.47,3,1
18086.562,0.383,0.419,0.777,5.16,8.79,13.64,3,1
18086.578,0.376,0.415,0.809,0.43,8.79,11.05,3,1
18086.578,0.369,0.42,0.834,-2.72,6.99,9.22,3,1
18086.593,0.369,0.418,0.846,-3.88,4.49,8.27,3,1
18086.609,0.37,0.422,0.853,-2.62,3.39,8.33,3,1
18086.609,0.365,0.402,0.848,0.37,2.75,8.18,3,1
18086.625,0.368,0.4,0.852,3.33,3.05,8.51,3,1
18086.64,0.373,0.402,0.849,7.2,4.3,8.7,3,1
18086.64,0.368,0.385,0.839,9.86,5.16,7.11,3,1
18086.656,0.355,0.382,0.838,10.62,5.8,5.34,3,1
18086.656,0.354,0.403,0.839,12.42,6.87,6.01,3,1
18086.671,0.36,0.408,0.836,14.62,7.02,6.32,3,1
18086.687,0.352,0.41,0.827,13.89,5.95,4.64,3,1
18086.687,0.351,0.416,0.822,10.19,3.39,2.41,3,1
18086.703,0.36,0.423,0.816,5.43,0.0,-0.21,3,1
18086.718,0.35,0.439,0.804,2.04,-2.44,-2.5,3,1
18086.718,0.337,0.46,0.807,-0.43,-1.68,-0.7,3,1
18086.734,0.342,0.464,0.829,-1.56,0.18,3.63,3,1
18086.75,0.335,0.434,0.847,-1.16,0.89,6.41,3,1
18086.75,0.342,0.415,0.855,1.83,1.89,10.13,3,1
18086.765,0.366,0.428,0.853,9.13,3.85,13.73,3,1
18086.781,0.367,0.423,0.85,14.95,5.74,15.5,3,1
18086.781,0.359,0.398,0.835,15.41,3.51,12.67,3,1
18086.796,0.365,0.4,0.805,13.67,1.13,10.83,3,1
18086.796,0.375,0.408,0.792,9.95,-0.21,8.06,3,1
18086.812,0.371,0.418,0.793,6.47,0.34,5.62,3,1
18086.828,0.374,0.429,0.803,4.06,1.22,4.7,3,1
18086.828,0.373,0.433,0.808,2.78,1.43,3.36,3,1
18086.843,0.363,0.433,0.809,0.89,1.13,1.77,3,1
18086.859,0.364,0.429,0.814,-0.89,0.79,1.34,3,1
18086.859,0.365,0.416,0.823,-1.65,0.85,0.52,3,1
18086.875,0.36,0.409,0.825,-1.92,0.64,-1.13,3,1
18086.89,0.359,0.414,0.83,-2.47,-0.03,-2.56,3,1
18086.89,0.347,0.429,0.834,-2.08,-0.06,-2.75,3,1
18086.906,0.349,0.438,0.837,-1.13,0.03,-1.4,3,1
18086.906,0.356,0.425,0.835,-0.64,-0.58,-0.82,3,1
18086.921,0.355,0.415,0.827,-0.09,-1.31,-1.22,3,1
18086.937,0.351,0.427,0.823,0.37,-1.65,-0.98,3,1
18086.937,0.358,0.436,0.82,0.89,-1.4,0.21,3,1
18086.953,0.364,0.429,0.817,1.22,-1.28,0.49,3,1
18086.968,0.366,0.428,0.812,0.82,-1.31,0.03,3,1
18086.968,0.363,0.428,0.812,0.12,-1.01,-0.7,3,1
18086.984,0.359,0.436,0.81,-1.04,-0.89,-0.98,3,1
18087.0,0.36,0.441,0.805,-2.87,-0.7,-0.64,3,1
18087.0,0.36,0.441,0.803,-5.31,-0.49,-0.49,3,1
18087.015,0.356,0.437,0.812,-7.66,-0.06,-0.15,3,1
18087.031,0.352,0.428,0.822,-9.31,0.0,0.49,3,1
18087.031,0.353,0.412,0.837,-9.55,-0.12,1.22,3,1
18087.046,0.356,0.395,0.856,-8.15,-0.34,1.5,3,1
18087.046,0.357,0.389,0.857,-5.89,-1.01,0.79,3,1
18087.062,0.356,0.396,0.84,-4.09,-1.62,0.12,3,1
18087.078,0.377,0.424,0.829,-4.18,-1.59,0.18,3,1
18087.078,0.378,0.449,0.831,-6.04,-1.89,-1.04,3,1
18087.093,0.364,0.455,0.798,-8.24,-3.02,-2.29,3,1
18087.109,0.368,0.447,0.766,-12.39,-3.17,-2.53,3,1
18087.125,0.368,0.43,0.79,-17.33,-1.28,-2.72,3,1
18087.125,0.352,0.408,0.821,-18.86,0.67,-2.53,3,1
18087.14,0.364,0.385,0.828,-18.04,2.56,-1.56,3,1
18087.14,0.328,0.372,0.898,-14.65,4.03,-1.59,3,1
18087.156,0.351,0.35,0.912,-8.27,1.83,-1.1,3,1
18087.156,0.359,0.336,0.895,-1.34,1.74,-2.69,3,1
18087.171,0.358,0.331,0.884,6.41,3.45,-4.03,3,1
18087.187,0.352,0.35,0.873,13.89,4.49,-4.73,3,1
18087.187,0.336,0.387,0.854,19.5,4.06,-5.19,3,1
18087.203,0.322,0.425,0.835,22.13,2.62,-4.12,3,1
18087.218,0.313,0.457,0.825,22.4,1.37,-1.62,3,1
18087.218,0.301,0.493,0.812,20.91,0.21,2.01,3,1
18087.234,0.281,0.526,0.833,16.36,-1.86,7.26,3,1
18087.25,0.293,0.51,0.794,11.05,-8.24,13.64,3,1
18087.25,0.34,0.511,0.778,1.74,-13.52,16.45,3,1
18087.265,0.322,0.49,0.812,-4.12,-16.69,18.83,3,1
18087.281,0.344,0.46,0.821,-8.55,-21.91,22.13,3,1
18087.281,0.359,0.412,0.83,-13.52,-25.45,22.37,3,1
18087.296,0.373,0.362,0.846,-15.08,-26.46,21.39,3,1
18087.296,0.436,0.33,0.86,-10.62,-24.51,21.55,3,1
18087.312,0.437,0.277,0.826,-5.52,-20.94,15.11,3,1
18087.328,0.443,0.277,0.809,0.0,-15.59,9.43,3,1
18087.328,0.476,0.32,0.781,4.24,-9.61,5.04,3,1
18087.343,0.492,0.35,0.753,7.2,-0.95,-0.18,3,1
18087.359,0.475,0.39,0.749,8.36,9.09,-5.43,3,1
18087.359,0.456,0.425,0.74,8.0,17.37,-9.28,3,1
18087.375,0.416,0.442,0.743,4.79,23.47,-11.72,3,1
18087.39,0.385,0.452,0.765,-0.67,26.43,-12.91,3,1
18087.39,0.353,0.47,0.798,-7.14,26.58,-12.79,3,1
18087.406,0.333,0.473,0.831,-13.18,23.68,-11.35,3,1
18087.421,0.32,0.454,0.85,-17.06,19.62,-8.88,3,1
18087.421,0.316,0.431,0.866,-18.19,11.81,-3.27,3,1
18087.437,0.321,0.413,0.878,-16.91,8.33,-1.92,3,1
18087.437,0.323,0.392,0.881,-15.02,5.28,-1.4,3,1
18087.453,0.353,0.362,0.871,-12.21,4.7,-1.83,3,1
18087.468,0.359,0.358,0.867,-8.85,4.76,-3.2,3,1
18087.468,0.341,0.358,0.864,-5.34,4.03,-5.28,3,1
18087.484,0.351,0.375,0.908,-1.92,1.77,-5.92,3,1
18087.5,0.365,0.382,0.898,2.26,-2.75,-8.09,3,1
18087.5,0.349,0.381,0.879,4.76,-6.87,-11.26,3,1
18087.515,0.352,0.379,0.869,6.47,-10.83,-12.91,3,1
18087.515,0.356,0.386,0.869,7.11,-15.23,-15.17,3,1
18087.531,0.342,0.395,0.873,5.89,-20.51,-18.16,3,1
18087.546,0.335,0.399,0.867,4.12,-25.91,-20.02,3,1
18087.546,0.338,0.411,0.863,2.69,-30.37,-20.39,3,1
18087.562,0.34,0.418,0.857,2.08,-33.2,-19.84,3,1
18087.578,0.344,0.41,0.851,1.77,-35.34,-18.46,3,1
18087.578,0.352,0.402,0.848,1.5,-37.6,-18.04,3,1
18087.593,0.352,0.401,0.841,1.5,-39.61,-17.88,3,1
18087.609,0.362,0.406,0.838,1.01,-41.32,-17.4,3,1
18087.609,0.372,0.402,0.837,1.13,-42.54,-17.58,3,1
18087.625,0.382,0.393,0.825,1.62,-43.31,-18.43,3,1
18087.64,0.397,0.396,0.806,2.47,-42.42,-18.8,3,1
18087.64,0.408,0.404,0.785,3.23,-39.98,-19.62,3,1
18087.656,0.422,0.415,0.78,3.63,-36.62,-20.05,3,1
18087.656,0.433,0.431,0.769,5.1,-31.74,-19.84,3,1
18087.671,0.431,0.44,0.755,7.23,-26.37,-19.38,3,1
18087.687,0.427,0.45,0.742,7.75,-21.18,-18.56,3,1
18087.703,0.424,0.454,0.742,6.26,-16.51,-17.64,3,1
18087.703,0.423,0.457,0.75,5.25,-11.6,-16.27,3,1
18087.718,0.417,0.456,0.754,5.89,-6.74,-13.98,3,1
18087.718,0.415,0.459,0.759,6.68,-2.23,-11.63,3,1
18087.734,0.398,0.458,0.776,6.93,1.56,-9.31,3,1
18087.75,0.373,0.462,0.798,6.59,3.45,-6.44,3,1
18087.75,0.356,0.466,0.812,5.65,3.02,-3.33,3,1
18087.765,0.355,0.474,0.812,3.66,0.98,0.24,3,1
18087.765,0.337,0.486,0.819,1.56,-2.17,4.67,3,1
18087.781,0.326,0.473,0.868,-1.8,-8.64,9.77,3,1
18087.796,0.363,0.461,0.912,-3.23,-19.96,14.04,3,1
18087.796,0.394,0.433,0.877,-1.31,-27.71,16.54,3,1
18087.812,0.397,0.368,0.833,1.25,-30.82,16.24,3,1
18087.828,0.437,0.338,0.779,7.05,-27.99,15.08,3,1
18087.828,0.463,0.348,0.722,14.86,-19.38,11.32,3,1
18087.843,0.464,0.394,0.687,19.2,-8.15,6.78,3,1
18087.859,0.461,0.441,0.685,19.1,3.08,4.88,3,1
18087.875,0.449,0.487,0.692,15.87,12.3,4.76,3,1
18087.875,0.426,0.515,0.704,10.62,17.52,5.98,3,1
18087.89,0.421,0.52,0.724,3.08,17.18,7.29,3,1
18087.89,0.429,0.524,0.725,-5.71,14.22,7.78,3,1
18087.906,0.437,0.505,0.729,-13.12,12.39,7.48,3,1
18087.921,0.456,0.47,0.726,-17.0,11.9,7.32,3,1
18087.921,0.476,0.451,0.722,-19.17,14.07,6.65,3,1
18087.937,0.475,0.43,0.71,-20.63,18.34,3.88,3,1
18087.937,0.471,0.402,0.717,-23.16,22.55,-0.31,3,1
18087.953,0.465,0.395,0.739,-27.68,25.3,-5.58,3,1
18087.968,0.449,0.398,0.76,-34.06,25.61,-12.21,3,1
18087.968,0.414,0.373,0.779,-42.15,23.35,-19.71,3,1
18087.984,0.405,0.349,0.806,-48.49,18.19,-27.28,3,1
18088.0,0.387,0.375,0.828,-53.8,14.8,-32.53,3,1
18088.0,0.338,0.397,0.883,-56.55,11.38,-35.65,3,1
18088.015,0.242,0.477,1.069,-51.97,3.02,-31.71,3,1
18088.031,0.277,0.445,1.101,-40.28,-16.72,-21.3,3,1
18088.031,0.302,0.371,1.012,-34.52,-35.49,-19.04,3,1
18088.046,0.322,0.332,0.941,-29.54,-43.37,-15.32,3,1
18088.062,0.337,0.258,0.886,-25.12,-48.07,-15.38,3,1
18088.062,0.352,0.248,0.856,-22.89,-50.17,-17.09,3,1
18088.078,0.375,0.284,0.825,-17.03,-47.94,-16.39,3,1
18088.093,0.4,0.356,0.821,-11.84,-43.4,-13.98,3,1
18088.093,0.42,0.408,0.819,-7.78,-37.29,-9.95,3,1
18088.109,0.428,0.401,0.802,-3.3,-31.31,-6.47,3,1
18088.109,0.434,0.409,0.792,-0.27,-26.03,-3.17,3,1
18088.125,0.442,0.401,0.783,1.31,-22.22,-1.1,3,1
18088.14,0.447,0.395,0.785,1.53,-19.26,0.49,3,1
18088.14,0.451,0.395,0.78,1.31,-16.79,2.26,3,1
18088.156,0.453,0.384,0.777,1.25,-14.74,2.99,3,1
18088.156,0.458,0.386,0.778,0.37,-11.81,3.78,3,1
18088.171,0.468,0.377,0.776,1.16,-7.45,4.64,3,1
18088.187,0.473,0.371,0.776,2.72,-1.04,5.55,3,1
18088.187,0.469,0.362,0.798,4.49,6.29,6.62,3,1
18088.203,0.448,0.329,0.831,7.39,10.83,6.78,3,1
18088.218,0.437,0.324,0.851,10.65,11.23,6.35,3,1
18088.218,0.443,0.333,0.858,13.76,10.01,5.1,3,1
18088.234,0.438,0.348,0.85,17.43,9.0,3.42,3,1
18088.25,0.434,0.364,0.829,21.24,8.06,2.62,3,1
18088.265,0.43,0.39,0.802,22.03,7.11,2.17,3,1
18088.265,0.427,0.389,0.799,19.1,6.13,0.43,3,1
18088.265,0.426,0.417,0.776,17.37,5.4,-0.27,3,1
18088.281,0.427,0.425,0.773,13.43,4.88,-1.68,3,1
18088.296,0.419,0.443,0.766,11.08,4.49,-1.59,3,1
18088.296,0.422,0.446,0.776,6.32,3.3,-2.08,3,1
18088.312,0.413,0.451,0.775,2.72,1.74,-1.37,3,1
18088.328,0.423,0.438,0.776,-2.53,-0.37,-1.34,3,1
18088.328,0.424,0.416,0.787,-7.2,-2.14,-2.2,3,1
18088.343,0.439,0.393,0.789,-10.07,-3.3,-3.02,3,1
18088.359,0.457,0.384,0.797,-11.38,-2.75,-4.58,3,1
18088.359,0.462,0.363,0.804,-10.77,-0.73,-6.5,3,1
18088.375,0.472,0.342,0.818,-8.3,1.53,-9.28,3,1
18088.39,0.459,0.334,0.853,-3.75,3.78,-12.82,3,1
18088.39,0.46,0.325,0.861,2.78,3.36,-16.45,3,1
18088.406,0.458,0.332,0.844,14.31,4.94,-22.71,3,1
18088.406,0.443,0.349,0.831,18.43,6.23,-23.5,3,1
18088.421,0.426,0.371,0.814,19.81,7.75,-22.92,3,1
18088.437,0.414,0.4,0.805,19.2,8.79,-21.67,3,1
18088.437,0.379,0.438,0.789,17.21,9.49,-19.29,3,1
18088.453,0.378,0.455,0.792,14.71,9.58,-16.14,3,1
18088.468,0.378,0.462,0.78,11.96,9.52,-13.95,3,1
18088.468,0.381,0.46,0.738,7.39,10.83,-11.87,3,1
18088.484,0.392,0.463,0.746,2.23,15.53,-9.13,3,1
18088.5,0.382,0.443,0.777,-0.27,21.21,-6.35,3,1
18088.5,0.376,0.417,0.809,-1.56,24.32,-4.15,3,1
18088.515,0.375,0.398,0.839,-1.83,24.54,-4.36,3,1
18088.531,0.366,0.398,0.843,-1.1,22.43,-6.81,3,1
18088.531,0.356,0.394,0.831,-0.58,19.35,-8.67,3,1
18088.546,0.36,0.415,0.814,-1.28,15.96,-9.58,3,1
18088.546,0.361,0.45,0.8,-3.08,13.76,-10.19,3,1
18088.562,0.356,0.467,0.798,-5.92,12.27,-10.41,3,1
18088.578,0.349,0.467,0.806,-8.85,10.22,-9.95,3,1
18088.578,0.347,0.463,0.808,-12.67,7.32,-9.83,3,1
18088.593,0.35,0.463,0.81,-17.49,3.54,-10.01,3,1
18088.609,0.352,0.442,0.826,-22.8,-0.61,-10.68,3,1
18088.609,0.354,0.409,0.843,-26.83,-5.55,-12.51,3,1
18088.625,0.363,0.398,0.865,-30.09,-10.93,-15.41,3,1
18088.64,0.359,0.395,0.877,-31.62,-15.66,-17.76,3,1
18088.64,0.369,0.38,0.87,-30.24,-19.2,-18.62,3,1
18088.656,0.379,0.363,0.856,-28.78,-21.82,-20.33,3,1
18088.656,0.375,0.364,0.85,-28.38,-23.87,-22.55,3,1
18088.671,0.378,0.376,0.86,-28.44,-25.51,-24.11,3,1
18088.687,0.379,0.381,0.85,-27.89,-27.16,-25.82,3,1
18088.687,0.375,0.38,0.837,-27.68,-27.77,-27.16,3,1
18088.703,0.373,0.383,0.832,-26.15,-26.49,-26.67,3,1
18088.718,0.366,0.41,0.837,-22.13,-23.01,-23.07,3,1
18088.718,0.366,0.435,0.834,-16.11,-18.31,-16.94,3,1
18088.734,0.366,0.433,0.83,-10.59,-13.52,-10.99,3,1
18088.75,0.367,0.404,0.836,-5.52,-9.37,-6.65,3,1
18088.75,0.364,0.386,0.848,-2.41,-6.74,-3.2,3,1
18088.765,0.371,0.376,0.855,-1.22,-5.46,-1.1,3,1
18088.781,0.375,0.348,0.853,0.55,-5.13,-0.92,3,1
18088.781,0.377,0.345,0.852,2.23,-6.1,-2.01,3,1
18088.796,0.375,0.375,0.847,2.75,-7.84,-3.14,3,1
18088.796,0.378,0.388,0.83,1.4,-10.07,-4.03,3,1
18088.812,0.39,0.386,0.803,-2.93,-12.02,-5.77,3,1
18088.828,0.405,0.399,0.805,-7.51,-11.75,-7.2,3,1
18088.843,0.406,0.39,0.811,-9.83,-10.56,-8.21,3,1
18088.843,0.409,0.376,0.818,-11.93,-10.44,-9.83,3,1
18088.859,0.414,0.37,0.828,-14.8,-11.66,-13.58,3,1
18088.859,0.403,0.362,0.834,-18.16,-12.85,-18.16,3,1
18088.875,0.386,0.361,0.845,-21.03,-15.56,-22.03,3,1
18088.89,0.397,0.349,0.843,-25.7,-20.26,-26.06,3,1
18088.89,0.401,0.345,0.829,-31.77,-25.09,-32.5,3,1
18088.906,0.403,0.352,0.82,-34.46,-26.25,-36.62,3,1
18088.921,0.396,0.366,0.813,-34.12,-25.36,-37.6,3,1
18088.921,0.388,0.392,0.834,-32.87,-23.38,-35.98,3,1
18088.937,0.38,0.425,0.871,-28.96,-21.67,-31.07,3,1
18088.937,0.374,0.425,0.887,-21.39,-20.14,-23.71,3,1
18088.953,0.373,0.403,0.882,-12.24,-18.4,-15.66,3,1
18088.968,0.377,0.38,0.863,-2.84,-15.53,-7.48,3,1
18088.968,0.379,0.347,0.846,3.85,-12.3,-2.35,3,1
18088.984,0.379,0.33,0.822,6.87,-9.06,0.18,3,1
18089.0,0.381,0.342,0.817,7.69,-4.21,2.5,3,1
18089.0,0.373,0.342,0.839,9.58,1.28,5.22,3,1
18089.015,0.363,0.355,0.858,12.85,4.52,8.67,3,1
18089.031,0.344,0.396,0.874,16.63,5.34,13.67,3,1
18089.031,0.316,0.446,0.898,19.17,2.75,20.84,3,1
18089.046,0.292,0.48,0.931,23.93,-0.55,32.59,3,1
18089.046,0.311,0.508,0.94,35.13,-2.59,51.45,3,1
18089.062,0.349,0.513,0.86,48.43,0.21,73.0,3,1
18089.078,0.375,0.45,0.804,57.74,8.24,88.5,3,1
18089.078,0.438,0.355,0.764,62.93,17.79,95.4,3,1
18089.093,0.467,0.293,0.728,63.42,27.92,91.62,3,1
18089.109,0.476,0.252,0.726,59.11,35.58,82.13,3,1
18089.125,0.484,0.283,0.736,52.61,39.16,71.11,3,1
18089.125,0.482,0.328,0.727,44.22,39.06,60.46,3,1
18089.14,0.499,0.376,0.735,31.34,36.93,50.42,3,1
18089.14,0.51,0.395,0.738,18.4,34.33,40.01,3,1
18089.156,0.502,0.393,0.724,6.99,32.47,29.82,3,1
18089.171,0.503,0.378,0.715,-2.2,32.87,21.94,3,1
18089.171,0.52,0.36,0.728,-8.94,35.16,14.83,3,1
18089.187,0.488,0.356,0.783,-14.19,38.97,6.41,3,1
18089.203,0.391,0.337,0.927,-17.4,36.62,-1.13,3,1
18089.203,0.361,0.322,1.005,-15.87,23.44,-5.01,3,1
18089.218,0.409,0.308,0.902,-9.16,11.35,-6.93,3,1
18089.218,0.44,0.321,0.811,-1.01,12.73,-8.76,3,1
18089.234,0.404,0.323,0.833,5.31,21.36,-9.19,3,1
18089.25,0.372,0.323,0.866,10.71,26.64,-8.82,3,1
18089.25,0.353,0.349,0.871,15.11,27.95,-8.24,3,1
18089.265,0.352,0.381,0.867,18.22,27.5,-7.87,3,1
18089.281,0.343,0.395,0.86,20.48,26.52,-7.45,3,1
18089.281,0.336,0.402,0.846,21.27,24.48,-7.54,3,1
18089.296,0.333,0.416,0.843,19.59,21.27,-8.09,3,1
18089.296,0.314,0.438,0.858,16.79,17.09,-8.15,3,1
18089.312,0.307,0.451,0.846,14.22,11.81,-6.23,3,1
18089.328,0.314,0.454,0.822,10.04,7.11,-3.05,3,1
18089.328,0.321,0.453,0.819,5.28,4.58,-0.46,3,1
18089.343,0.322,0.438,0.809,1.37,3.11,1.92,3,1
18089.359,0.341,0.428,0.814,-2.14,2.47,4.39,3,1
18089.359,0.348,0.414,0.834,-4.33,3.08,5.65,3,1
18089.375,0.347,0.396,0.842,-5.07,2.35,5.71,3,1
18089.39,0.36,0.396,0.838,-5.62,0.12,5.16,3,1
18089.39,0.372,0.414,0.836,-9.83,-4.09,0.92,3,1
18089.406,0.369,0.418,0.832,-12.6,-5.46,0.61,3,1
18089.421,0.37,0.428,0.806,-17.94,-5.22,0.12,3,1
18089.421,0.384,0.414,0.822,-22.86,-2.59,-0.15,3,1
18089.437,0.365,0.363,0.837,-23.1,0.43,0.34,3,1
18089.437,0.364,0.336,0.857,-20.29,3.85,2.04,3,1
18089.453,0.365,0.308,0.891,-14.22,7.81,3.45,3,1
18089.468,0.358,0.29,0.913,-5.34,10.32,3.14,3,1
18089.468,0.356,0.299,0.898,3.63,11.57,2.62,3,1
18089.484,0.36,0.336,0.888,9.46,13.0,1.56,3,1
18089.5,0.342,0.383,0.874,12.3,14.25,0.12,3,1
18089.5,0.337,0.44,0.852,10.65,12.57,-0.43,3,1
18089.515,0.328,0.496,0.899,4.58,7.29,-1.77,3,1
18089.531,0.308,0.549,0.848,-1.92,-2.29,-2.32,3,1
18089.531,0.348,0.579,0.749,-18.19,-8.64,0.21,3,1
18089.546,0.334,0.5,0.797,-32.47,-7.9,2.5,3,1
18089.546,0.327,0.375,0.804,-34.06,-5.34,6.59,3,1
18089.562,0.325,0.303,0.82,-32.75,-0.4,8.79,3,1
18089.578,0.309,0.218,0.853,-24.69,6.9,8.48,3,1
18089.578,0.299,0.161,0.892,-11.11,13.06,8.18,3,1
18089.593,0.276,0.164,0.945,4.15,14.44,7.81,3,1
18089.609,0.274,0.215,0.954,21.61,10.93,9.09,3,1
18089.609,0.304,0.319,0.942,34.27,1.01,11.14,3,1
18089.625,0.324,0.454,0.961,38.09,-12.85,11.35,3,1
18089.64,0.379,0.515,0.904,33.14,-25.91,12.09,3,1
18089.64,0.388,0.537,0.933,22.77,-35.58,10.13,3,1
18089.656,0.302,0.425,0.882,18.59,-44.13,7.51,3,1
18089.656,0.366,0.292,0.909,10.74,-52.06,7.78,3,1
18089.671,0.431,0.215,0.832,13.37,-51.85,4.36,3,1
18089.687,0.439,0.19,0.78,19.56,-43.49,0.61,3,1
18089.687,0.5,0.218,0.775,20.6,-38.3,-7.87,3,1
18089.703,0.512,0.287,0.752,16.24,-33.72,-22.43,3,1
18089.718,0.504,0.338,0.741,4.91,-33.36,-41.08,3,1
18089.718,0.477,0.429,0.749,-9.43,-35.74,-58.2,3,1
18089.734,0.435,0.473,0.782,-19.71,-39.74,-68.58,3,1
18089.75,0.408,0.486,0.79,-24.9,-44.92,-72.24,3,1
18089.75,0.402,0.506,0.751,-27.77,-46.51,-70.53,3,1
18089.765,0.404,0.532,0.702,-30.58,-40.25,-64.67,3,1
18089.781,0.413,0.509,0.692,-29.69,-26.49,-54.63,3,1
18089.781,0.378,0.522,0.698,-27.62,-11.54,-43.61,3,1
18089.796,0.348,0.556,0.716,-28.17,1.46,-29.08,3,1
18089.796,0.289,0.539,0.829,-30.0,11.08,-13.12,3,1
18089.812,0.287,0.432,0.93,-31.53,7.9,-0.03,3,1
18089.828,0.304,0.355,0.919,-30.76,-0.52,5.13,3,1
18089.828,0.328,0.353,0.869,-27.34,-4.97,9.55,3,1
18089.843,0.37,0.363,0.83,-22.86,-3.3,14.71,3,1
18089.859,0.388,0.351,0.818,-17.55,3.23,18.34,3,1
18089.859,0.376,0.355,0.815,-11.75,11.72,22.52,3,1
18089.875,0.38,0.369,0.827,-6.9,19.2,28.08,3,1
18089.89,0.386,0.377,0.848,-1.83,26.73,33.94,3,1
18089.89,0.386,0.363,0.856,5.74,34.09,39.34,3,1
18089.906,0.392,0.368,0.857,16.21,41.2,44.43,3,1
18089.921,0.384,0.366,0.87,24.78,45.81,46.75,3,1
18089.921,0.367,0.336,0.869,25.57,43.46,42.21,3,1
18089.937,0.365,0.33,0.869,20.08,36.81,35.92,3,1
18089.937,0.374,0.345,0.857,15.26,31.77,32.01,3,1
18089.953,0.383,0.357,0.85,13.76,30.0,30.67,3,1
18089.968,0.384,0.364,0.848,15.56,30.15,30.64,3,1
18089.968,0.386,0.374,0.829,18.31,31.62,31.37,3,1
18089.984,0.395,0.378,0.83,18.4,33.85,31.65,3,1
18090.0,0.388,0.354,0.846,17.73,35.49,30.12,3,1
18090.0,0.376,0.349,0.846,17.12,35.04,27.74,3,1
18090.015,0.365,0.355,0.852,15.75,32.96,24.96,3,1
18090.031,0.347,0.357,0.87,12.94,29.21,22.19,3,1
18090.031,0.343,0.369,0.87,10.93,25.61,19.75,3,1
18090.046,0.346,0.374,0.864,9.89,24.35,19.23,3,1
18090.046,0.347,0.367,0.86,10.56,23.96,18.98,3,1
18090.062,0.346,0.361,0.856,11.23,23.71,18.31,3,1
18090.078,0.35,0.367,0.866,11.84,24.38,17.67,3,1
18090.078,0.339,0.357,0.878,12.94,24.11,15.44,3,1
18090.093,0.323,0.354,0.882,12.6,21.24,11.93,3,1
18090.109,0.32,0.362,0.877,11.14,17.64,9.19,3,1
18090.109,0.324,0.376,0.867,10.44,15.78,8.73,3,1
18090.125,0.33,0.393,0.846,11.2,15.14,9.22,3,1
18090.14,0.33,0.397,0.836,10.56,15.11,8.91,3,1
18090.14,0.315,0.413,0.851,7.57,15.44,8.3,3,1
18090.156,0.32,0.411,0.844,6.56,15.99,10.16,3,1
18090.171,0.333,0.403,0.84,7.84,17.85,12.33,3,1
18090.171,0.324,0.389,0.859,7.48,18.37,10.44,3,1
18090.187,0.306,0.381,0.869,4.61,15.08,6.9,3,1
18090.187,0.307,0.384,0.871,-0.43,9.46,3.2,3,1
18090.203,0.311,0.368,0.881,-4.7,4.46,-0.09,3,1
18090.218,0.315,0.359,0.879,-8.39,-0.58,-4.33,3,1
18090.234,0.304,0.364,0.881,-11.14,-4.94,-8.55,3,1
18090.234,0.294,0.38,0.873,-11.32,-8.15,-9.55,3,1
18090.25,0.299,0.402,0.848,-11.32,-9.25,-7.48,3,1
18090.25,0.322,0.398,0.846,-11.72,-7.08,-4.46,3,1
18090.265,0.323,0.362,0.875,-11.26,-3.23,-2.72,3,1
18090.281,0.321,0.342,0.894,-9.61,-0.98,-1.43,3,1
18090.281,0.333,0.317,0.884,-7.02,-2.11,-2.96,3,1
18090.296,0.346,0.324,0.872,-5.13,-4.15,-7.39,3,1
18090.296,0.355,0.359,0.865,-3.66,-4.61,-11.23,3,1
18090.312,0.351,0.37,0.852,-2.75,-4.15,-14.56,3,1
18090.328,0.332,0.373,0.839,-3.36,-3.11,-16.88,3,1
18090.328,0.319,0.388,0.837,-3.97,-0.03,-15.72,3,1
18090.343,0.32,0.393,0.851,-2.9,5.07,-12.42,3,1
18090.359,0.306,0.372,0.87,-1.53,8.76,-11.38,3,1
18090.359,0.291,0.363,0.88,-1.25,8.61,-11.44,3,1
18090.375,0.287,0.38,0.877,-3.23,4.27,-12.42,3,1
18090.39,0.287,0.378,0.873,-6.68,1.01,-13.09,3,1
18090.39,0.277,0.392,0.884,-8.27,-2.9,-12.02,3,1
18090.406,0.276,0.409,0.885,-9.77,-6.29,-10.28,3,1
18090.406,0.279,0.411,0.881,-11.35,-8.55,-7.51,3,1
18090.421,0.277,0.403,0.884,-11.57,-9.52,-4.06,3,1
18090.437,0.278,0.385,0.867,-11.11,-10.01,-0.52,3,1
18090.437,0.292,0.374,0.858,-11.93,-8.55,3.17,3,1
18090.453,0.309,0.351,0.874,-11.32,-4.82,5.77,3,1
18090.468,0.309,0.314,0.892,-8.24,-1.74,5.95,3,1
18090.468,0.308,0.307,0.894,-5.07,-0.92,5.04,3,1
18090.484,0.323,0.321,0.889,-2.44,-1.25,3.69,3,1
18090.5,0.334,0.341,0.88,-0.06,-0.95,1.92,3,1
18090.5,0.334,0.365,0.868,1.46,-0.4,-0.18,3,1
18090.515,0.326,0.379,0.862,0.85,-0.12,-2.11,3,1
18090.531,0.319,0.375,0.861,-0.76,-0.24,-3.27,3,1
18090.531,0.316,0.368,0.857,-2.14,-0.12,-4.15,3,1
18090.546,0.315,0.351,0.867,-2.87,0.55,-4.55,3,1
18090.546,0.318,0.341,0.88,-2.87,1.1,-5.49,3,1
18090.562,0.307,0.346,0.89,-1.74,1.74,-6.41,3,1
18090.578,0.307,0.349,0.884,0.73,2.08,-6.56,3,1
18090.593,0.309,0.352,0.874,2.38,2.75,-6.62,3,1
18090.593,0.302,0.364,0.869,2.01,3.23,-6.99,3,1
18090.609,0.3,0.382,0.861,0.31,3.85,-6.23,3,1
18090.625,0.317,0.391,0.876,-2.17,4.52,-5.58,3,1
18090.625,0.309,0.383,0.921,-3.23,4.61,-6.56,3,1
18090.64,0.278,0.382,0.933,-1.95,1.62,-7.2,3,1
18090.64,0.306,0.374,0.899,-2.41,-3.57,-7.02,3,1
18090.656,0.33,0.365,0.86,-3.23,-6.29,-9.06,3,1
18090.671,0.335,0.362,0.802,-3.39,-4.0,-10.41,3,1
18090.671,0.294,0.368,0.852,-3.42,2.47,-9.74,3,1
18090.687,0.276,0.353,0.881,0.0,6.9,-7.11,3,1
18090.687,0.257,0.351,0.869,2.38,10.41,-5.22,3,1
18090.703,0.241,0.335,0.875,6.29,15.99,-1.86,3,1
18090.718,0.232,0.332,0.909,12.33,20.29,1.86,3,1
18090.718,0.21,0.34,0.937,19.87,19.65,5.46,3,1
18090.734,0.222,0.354,0.952,24.81,11.75,9.49,3,1
18090.75,0.251,0.393,0.945,24.35,-1.43,11.14,3,1
18090.75,0.267,0.453,0.79,18.16,-14.59,11.93,3,1
18090.765,0.331,0.535,0.655,-3.39,-16.39,12.63,3,1
18090.781,0.312,0.553,0.633,-27.47,-4.85,13.67,3,1
18090.781,0.308,0.511,0.701,-48.68,6.53,17.33,3,1
18090.796,0.327,0.459,0.806,-64.36,10.68,19.07,3,1
18090.796,0.339,0.393,0.879,-72.57,10.56,18.8,3,1
18090.812,0.35,0.287,0.944,-71.32,12.21,16.82,3,1
18090.828,0.348,0.18,1.011,-60.52,16.27,13.06,3,1
18090.828,0.265,0.115,1.07,-40.19,18.37,8.15,3,1
18090.843,0.255,0.09,1.028,-15.53,16.05,6.9,3,1
18090.859,0.26,0.104,1.032,3.27,13.7,4.67,3,1
18090.859,0.244,0.14,1.064,19.9,8.51,0.61,3,1
18090.875,0.241,0.233,1.009,35.37,-1.86,-0.92,3,1
18090.89,0.26,0.385,0.961,41.05,-13.98,-1.65,3,1
18090.89,0.287,0.45,0.829,37.02,-21.12,-0.95,3,1
18090.906,0.304,0.46,0.775,22.19,-19.68,-0.31,3,1
18090.906,0.317,0.404,0.779,10.41,-11.6,1.5,3,1
18090.921,0.302,0.352,0.795,1.46,-3.14,3.05,3,1
18090.937,0.289,0.332,0.838,-6.13,1.25,3.94,3,1
18090.937,0.295,0.341,0.867,-11.66,1.34,4.67,3,1
18090.953,0.305,0.341,0.889,-14.4,1.4,4.97,3,1
18090.968,0.307,0.326,0.922,-13.98,1.8,4.79,3,1
18090.968,0.299,0.308,0.949,-10.68,0.61,3.42,3,1
18090.984,0.291,0.301,0.947,-5.37,-1.1,2.47,3,1
18091.0,0.299,0.295,0.928,-0.46,-2.87,1.8,3,1
18091.0,0.31,0.29,0.902,3.72,-3.33,-0.03,3,1
18091.015,0.303,0.308,0.895,7.11,-1.37,-1.65,3,1
18091.015,0.292,0.332,0.897,9.4,0.18,-2.17,3,1
18091.031,0.29,0.359,0.897,9.09,-0.79,-3.02,3,1
18091.046,0.271,0.361,0.889,7.57,-3.23,-3.69,3,1
18091.046,0.275,0.364,0.882,4.64,-5.01,-2.01,3,1
18091.062,0.285,0.352,0.893,1.98,-5.34,-0.27,3,1
18091.078,0.284,0.332,0.899,1.13,-5.89,-0.18,3,1
18091.078,0.277,0.319,0.902,1.01,-6.9,-0.24,3,1
18091.093,0.284,0.312,0.916,1.62,-8.06,0.67,3,1
18091.109,0.288,0.318,0.906,3.27,-8.76,0.76,3,1
18091.109,0.295,0.325,0.87,4.58,-8.45,0.27,3,1
18091.125,0.304,0.333,0.852,4.61,-5.49,1.22,3,1
18091.14,0.31,0.344,0.881,3.94,-1.5,3.02,3,1
18091.14,0.305,0.349,0.887,4.33,0.18,3.94,3,1
18091.156,0.309,0.342,0.876,3.69,-0.49,3.36,3,1
18091.156,0.312,0.331,0.872,2.9,-1.37,2.14,3,1
18091.171,0.307,0.352,0.881,1.71,-1.34,1.4,3,1
18091.187,0.309,0.363,0.888,0.34,-1.4,1.1,3,1
18091.187,0.31,0.339,0.876,0.24,-1.89,0.4,3,1
18091.203,0.302,0.333,0.862,-0.89,-1.95,-0.58,3,1
18091.218,0.294,0.341,0.879,-2.44,-0.73,-0.89,3,1
18091.218,0.294,0.345,0.9,-3.48,0.61,0.37,3,1
18091.234,0.297,0.327,0.902,-2.78,0.55,1.04,3,1
18091.25,0.298,0.309,0.902,-1.83,-0.18,0.52,3,1
18091.25,0.299,0.312,0.904,-1.01,-0.92,-0.49,3,1
18091.265,0.298,0.319,0.903,0.09,-1.8,-1.65,3,1
18091.281,0.29,0.335,0.895,1.4,-2.56,-2.26,3,1
18091.281,0.288,0.359,0.884,1.65,-1.98,-1.1,3,1
18091.296,0.293,0.35,0.888,1.19,-0.52,1.19,3,1
18091.296,0.296,0.328,0.888,1.74,0.46,2.29,3,1
18091.312,0.3,0.325,0.891,2.84,0.85,2.66,3,1
18091.328,0.303,0.326,0.893,3.54,0.89,2.38,3,1
18091.328,0.306,0.333,0.887,3.94,0.79,1.68,3,1
18091.343,0.303,0.345,0.887,3.63,0.55,0.85,3,1
18091.359,0.294,0.357,0.893,2.38,-0.98,1.1,3,1
18091.359,0.297,0.348,0.884,1.19,-1.59,0.95,3,1
18091.375,0.301,0.339,0.871,-1.25,-1.37,0.58,3,1
18091.39,0.303,0.35,0.881,-3.54,-2.59,-0.4,3,1
18091.39,0.331,0.343,0.915,-6.1,-6.68,-4.39,3,1
18091.406,0.344,0.354,0.91,-8.39,-10.9,-9.58,3,1
18091.421,0.34,0.372,0.878,-9.61,-11.9,-12.3,3,1
18091.421,0.327,0.375,0.816,-11.78,-11.26,-12.73,3,1
18091.437,0.316,0.361,0.855,-15.66,-8.51,-11.54,3,1
18091.437,0.3,0.321,0.888,-12.33,-6.68,-9.34,3,1
18091.453,0.301,0.291,0.889,-7.45,-5.07,-7.6,3,1
18091.468,0.272,0.276,0.919,0.82,-0.15,-5.65,3,1
18091.468,0.252,0.259,0.941,11.72,3.88,-3.17,3,1
18091.484,0.232,0.267,0.944,21.21,5.01,-1.53,3,1
18091.5,0.22,0.282,0.937,26.58,3.48,0.0,3,1
18091.5,0.231,0.324,0.901,26.12,-1.92,1.13,3,1
18091.515,0.275,0.403,0.869,21.09,-6.87,4.55,3,1
18091.531,0.293,0.432,0.849,14.28,-7.93,8.15,3,1
18091.531,0.338,0.377,0.811,6.32,-5.07,9.92,3,1
18091.546,0.309,0.361,0.819,0.46,-0.7,9.89,3,1
18091.562,0.309,0.379,0.816,-5.34,-0.21,10.59,3,1
18091.562,0.327,0.388,0.826,-12.36,-1.01,10.32,3,1
18091.578,0.328,0.384,0.854,-17.15,-0.95,9.58,3,1
18091.578,0.321,0.359,0.876,-19.62,-1.13,8.7,3,1
18091.593,0.319,0.328,0.913,-19.2,-1.34,8.45,3,1
18091.609,0.316,0.297,0.939,-15.05,-0.85,9.16,3,1
18091.609,0.319,0.268,0.949,-7.9,-1.1,9.03,3,1
18091.625,0.321,0.256,0.948,0.43,-1.98,7.39,3,1
18091.64,0.321,0.268,0.949,7.93,-2.04,5.16,3,1
18091.64,0.314,0.286,0.951,15.47,-1.68,3.36,3,1
18091.656,0.306,0.313,0.923,21.67,-2.53,2.75,3,1
18091.671,0.308,0.348,0.878,23.22,-4.21,1.89,3,1
18091.671,0.306,0.377,0.859,19.9,-5.89,0.64,3,1
18091.687,0.296,0.393,0.852,14.83,-7.63,1.01,3,1
18091.687,0.298,0.405,0.849,9.16,-9.34,3.05,3,1
18091.703,0.304,0.393,0.848,3.88,-10.71,4.33,3,1
18091.718,0.308,0.376,0.853,-0.18,-11.17,5.22,3,1
18091.718,0.315,0.36,0.866,-2.17,-10.25,6.56,3,1
18091.734,0.317,0.345,0.88,-1.56,-8.79,7.97,3,1
18091.75,0.319,0.33,0.892,0.89,-7.05,8.79,3,1
18091.75,0.319,0.324,0.898,3.97,-6.5,9.03,3,1
18091.765,0.32,0.329,0.894,6.1,-6.87,8.76,3,1
18091.781,0.325,0.338,0.884,7.32,-7.81,8.58,3,1
18091.781,0.325,0.348,0.879,7.9,-8.45,8.48,3,1
18091.796,0.33,0.355,0.87,7.93,-8.94,8.88,3,1
18091.812,0.341,0.353,0.849,6.74,-9.64,8.67,3,1
18091.812,0.358,0.348,0.832,3.6,-9.0,7.39,3,1
18091.828,0.371,0.336,0.826,0.09,-6.99,4.64,3,1
18091.828,0.378,0.326,0.831,-3.17,-4.88,1.13,3,1
18091.843,0.377,0.332,0.827,-6.84,-3.57,-3.17,3,1
18091.859,0.385,0.338,0.845,-10.59,-3.05,-7.81,3,1
18091.859,0.375,0.348,0.834,-13.52,-3.36,-12.73,3,1
18091.875,0.365,0.352,0.84,-17.03,-3.2,-16.69,3,1
18091.89,0.353,0.358,0.859,-20.36,-3.88,-19.87,3,1
18091.89,0.326,0.358,0.874,-22.52,-5.58,-22.0,3,1
18091.906,0.31,0.349,0.892,-22.83,-5.86,-19.59,3,1
18091.921,0.309,0.339,0.913,-18.74,-4.0,-13.28,3,1
18091.921,0.311,0.305,0.93,-11.93,-1.59,-8.06,3,1
18091.937,0.295,0.279,0.948,-5.8,-0.43,-6.04,3,1
18091.937,0.281,0.286,0.955,1.43,-0.31,-2.87,3,1
18091.953,0.3,0.293,0.927,8.97,-0.21,1.71,3,1
18091.968,0.316,0.3,0.892,13.21,0.27,3.14,3,1
18091.968,0.314,0.331,0.896,15.63,1.4,3.72,3,1
18091.984,0.307,0.354,0.889,18.07,2.56,6.32,3,1
18092.0,0.318,0.355,0.886,19.26,2.32,9.03,3,1
18092.0,0.313,0.366,0.894,18.8,0.79,9.74,3,1
18092.015,0.303,0.386,0.898,18.07,-1.74,11.47,3,1
18092.031,0.314,0.37,0.886,17.64,-4.94,14.31,3,1
18092.031,0.327,0.346,0.872,17.91,-7.42,15.5,3,1
18092.046,0.33,0.351,0.864,18.19,-8.24,15.56,3,1
18092.046,0.335,0.368,0.877,18.01,-8.09,16.27,3,1
18092.062,0.325,0.378,0.858,19.14,-7.48,17.94,3,1
18092.078,0.35,0.363,0.856,18.95,-6.13,19.81,3,1
18092.093,0.355,0.351,0.861,19.1,-4.64,20.02,3,1
18092.093,0.356,0.351,0.855,21.18,-4.03,19.62,3,1
18092.109,0.356,0.354,0.845,22.1,-3.54,19.65,3,1
18092.109,0.365,0.363,0.832,21.0,-2.99,19.68,3,1
18092.125,0.372,0.369,0.813,17.85,-2.44,18.34,3,1
18092.14,0.383,0.369,0.795,12.33,-1.53,15.9,3,1
18092.14,0.396,0.362,0.791,6.74,0.0,12.33,3,1
18092.156,0.394,0.366,0.798,0.89,1.34,7.81,3,1
18092.156,0.381,0.37,0.814,-3.78,2.01,3.33,3,1
18092.171,0.377,0.379,0.846,-7.2,2.75,1.25,3,1
18092.187,0.38,0.366,0.852,-8.64,2.9,-0.76,3,1
18092.187,0.366,0.346,0.862,-7.87,3.6,-2.78,3,1
18092.203,0.351,0.348,0.876,-6.35,3.94,-2.62,3,1
18092.218,0.356,0.342,0.89,-3.85,3.11,-1.95,3,1
18092.218,0.353,0.343,0.892,-0.55,1.46,-2.69,3,1
18092.234,0.343,0.355,0.879,2.41,-0.95,-3.97,3,1
18092.25,0.341,0.379,0.861,4.24,-2.81,-3.69,3,1
18092.25,0.342,0.396,0.842,4.52,-3.57,-2.32,3,1
18092.265,0.343,0.397,0.844,3.39,-3.45,-0.79,3,1
18092.281,0.339,0.389,0.849,1.65,-3.39,1.28,3,1
18092.281,0.346,0.374,0.845,-0.49,-4.15,2.87,3,1
18092.296,0.358,0.362,0.84,-3.11,-4.79,2.78,3,1
18092.296,0.37,0.355,0.844,-5.34,-4.36,2.11,3,1
18092.312,0.376,0.339,0.85,-6.41,-3.51,0.43,3,1
18092.328,0.375,0.338,0.855,-7.11,-3.39,-2.11,3,1
18092.328,0.375,0.34,0.865,-6.87,-3.54,-5.04,3,1
18092.343,0.365,0.345,0.869,-3.81,-3.57,-9.25,3,1
18092.359,0.353,0.347,0.866,-1.68,-2.72,-9.43,3,1
18092.359,0.344,0.353,0.867,0.82,-0.76,-7.57,3,1
18092.375,0.343,0.353,0.87,3.17,1.16,-5.37,3,1
18092.39,0.339,0.345,0.864,4.76,1.95,-4.18,3,1
18092.39,0.344,0.363,0.857,5.37,1.43,-3.11,3,1
18092.406,0.351,0.383,0.848,4.27,0.34,-2.84,3,1
18092.421,0.354,0.384,0.836,2.44,-1.13,-3.85,3,1
18092.421,0.357,0.386,0.831,-0.52,-2.11,-5.01,3,1
18092.437,0.35,0.38,0.836,-3.54,-1.77,-5.83,3,1
18092.437,0.342,0.374,0.851,-5.19,-0.24,-5.01,3,1
18092.453,0.336,0.364,0.866,-5.46,1.31,-3.36,3,1
18092.468,0.333,0.344,0.873,-4.46,2.04,-2.11,3,1
18092.468,0.334,0.339,0.876,-3.45,2.29,-1.31,3,1
18092.484,0.344,0.336,0.882,-1.92,2.32,-0.95,3,1
18092.5,0.344,0.336,0.879,0.4,2.11,-1.07,3,1
18092.515,0.347,0.361,0.882,1.8,1.31,-1.31,3,1
18092.515,0.351,0.392,0.872,1.74,0.31,-1.31,3,1
18092.515,0.353,0.377,0.843,2.53,-0.55,-1.8,3,1
18092.531,0.351,0.361,0.83,3.54,-0.61,-2.04,3,1
18092.546,0.354,0.377,0.837,3.6,-0.49,-2.17,3,1
18092.546,0.349,0.408,0.854,1.5,-0.09,-1.8,3,1
18092.562,0.353,0.382,0.842,-0.7,0.09,-1.65,3,1
18092.578,0.35,0.344,0.847,-1.04,1.19,-1.77,3,1
18092.578,0.353,0.345,0.876,-0.52,2.14,-1.74,3,1
18092.593,0.359,0.351,0.892,0.34,1.65,-3.02,3,1
18092.609,0.357,0.352,0.907,1.1,0.4,-5.62,3,1
18092.609,0.343,0.352,0.909,3.45,-3.14,-8.55,3,1
18092.625,0.352,0.368,0.887,4.3,-7.63,-9.83,3,1
18092.64,0.368,0.392,0.868,1.77,-9.86,-10.59,3,1
18092.656,0.355,0.394,0.824,-1.01,-8.91,-11.05,3,1
18092.656,0.36,0.363,0.8,-3.66,-5.1,-9.77,3,1
18092.656,0.322,0.344,0.844,-2.81,0.0,-8.36,3,1
18092.671,0.308,0.339,0.877,1.92,1.5,-5.55,3,1
18092.687,0.321,0.345,0.864,5.07,1.98,-4.06,3,1
18092.687,0.315,0.353,0.872,10.04,5.37,-2.87,3,1
18092.703,0.307,0.363,0.876,16.88,7.63,-0.64,3,1
18092.718,0.303,0.391,0.874,21.79,7.2,1.65,3,1
18092.718,0.304,0.414,0.867,22.8,4.33,3.42,3,1
18092.734,0.309,0.432,0.878,20.39,-0.61,4.91,3,1
18092.75,0.297,0.443,0.833,17.43,-7.32,6.93,3,1
18092.75,0.371,0.427,0.752,8.94,-10.13,8.97,3,1
18092.765,0.358,0.411,0.784,0.24,-4.94,7.66,3,1
18092.781,0.346,0.389,0.802,-4.46,-1.83,7.93,3,1
18092.781,0.348,0.4,0.807,-10.41,-2.17,7.87,3,1
18092.796,0.363,0.407,0.819,-15.9,-2.69,7.29,3,1
18092.796,0.364,0.39,0.853,-19.35,-2.75,6.26,3,1
18092.812,0.36,0.374,0.884,-20.08,-4.39,5.13,3,1
18092.828,0.354,0.347,0.898,-18.71,-7.08,3.91,3,1
18092.843,0.36,0.326,0.905,-15.29,-9.58,3.27,3,1
18092.843,0.365,0.319,0.903,-10.04,-10.41,2.93,3,1
18092.859,0.373,0.31,0.896,-3.54,-9.49,2.32,3,1
18092.859,0.372,0.305,0.89,2.9,-7.84,0.55,3,1
18092.875,0.376,0.309,0.879,9.28,-6.56,-1.62,3,1
18092.89,0.375,0.33,0.865,14.34,-4.94,-3.88,3,1
18092.906,0.371,0.346,0.86,17.7,-3.3,-6.35,3,1
18092.906,0.362,0.361,0.858,19.84,-2.44,-8.3,3,1
18092.906,0.353,0.377,0.855,20.63,-2.99,-9.7,3,1
18092.921,0.347,0.397,0.843,19.41,-4.76,-10.8,3,1
18092.937,0.345,0.419,0.834,16.24,-7.05,-11.11,3,1
18092.953,0.346,0.42,0.826,12.15,-9.64,-11.38,3,1
18092.953,0.341,0.416,0.84,6.84,-12.67,-12.36,3,1
18092.968,0.325,0.388,0.854,0.58,-18.16,-14.25,3,1
18092.968,0.337,0.385,0.851,-5.22,-24.69,-16.11,3,1
18092.984,0.353,0.41,0.842,-9.64,-29.02,-16.54,3,1
18093.0,0.36,0.411,0.833,-12.05,-30.79,-16.88,3,1
18093.0,0.361,0.404,0.821,-12.7,-29.82,-15.9,3,1
18093.015,0.362,0.415,0.796,-11.26,-25.15,-12.24,3,1
18093.031,0.384,0.434,0.781,-8.0,-16.69,-5.55,3,1
18093.031,0.399,0.422,0.789,-3.48,-6.62,-0.18,3,1
18093.046,0.384,0.397,0.806,-0.49,1.34,2.26,3,1
18093.046,0.363,0.378,0.833,-1.19,4.46,2.5,3,1
18093.062,0.352,0.378,0.851,-2.59,3.75,1.95,3,1
18093.078,0.355,0.4,0.853,-3.39,1.77,2.08,3,1
18093.078,0.354,0.411,0.846,-4.27,-0.49,2.59,3,1
18093.093,0.343,0.397,0.845,-6.16,-3.11,2.81,3,1
18093.109,0.332,0.401,0.85,-9.16,-6.38,3.81,3,1
18093.125,0.334,0.398,0.848,-12.63,-11.26,5.19,3,1
18093.125,0.34,0.403,0.862,-15.75,-16.08,6.71,3,1
18093.14,0.356,0.416,0.871,-16.11,-19.44,9.46,3,1
18093.14,0.374,0.395,0.872,-13.67,-20.66,12.39,3,1
18093.156,0.387,0.358,0.872,-10.1,-21.27,13.49,3,1
18093.171,0.405,0.318,0.872,-6.1,-22.13,12.67,3,1
18093.171,0.429,0.284,0.875,-2.87,-22.46,9.43,3,1
18093.187,0.445,0.266,0.863,0.21,-22.03,3.78,3,1
18093.187,0.461,0.262,0.855,4.46,-20.2,-2.47,3,1
18093.203,0.471,0.264,0.87,10.04,-16.97,-8.82,3,1
18093.218,0.476,0.258,0.891,17.49,-13.52,-14.74,3,1
18093.218,0.485,0.231,0.93,26.34,-10.41,-21.55,3,1
18093.234,0.499,0.193,0.983,36.1,-7.87,-31.25,3,1
18093.25,0.497,0.15,1.015,48.83,-5.83,-44.68,3,1
18093.265,0.516,0.077,1.065,63.94,-3.66,-60.4,3,1
18093.265,0.526,0.029,1.091,82.0,-1.68,-80.9,3,1
18093.281,0.525,0.053,1.108,102.33,2.72,-103.95,3,1
18093.281,0.507,0.091,1.101,117.44,6.29,-126.44,3,1
18093.296,0.454,0.105,1.062,116.67,6.44,-148.23,3,1
18093.312,0.458,0.227,0.995,98.48,5.01,-171.48,3,1
18093.312,0.536,0.391,0.908,63.69,10.04,-178.72,3,1
18093.328,0.455,0.403,1.024,-89.48,15.87,-204.47,3,1
18093.343,0.426,0.226,1.001,-130.41,13.64,-243.63,3,1
18093.343,0.407,0.184,1.01,-159.43,12.27,-273.54,3,1
18093.359,0.311,0.238,1.021,-171.97,9.03,-294.38,3,1
18093.375,0.186,0.277,1.026,-176.85,-1.22,-299.6,3,1
18093.375,0.123,0.284,0.993,-165.07,-15.87,-290.72,3,1
18093.39,0.065,0.304,0.936,-135.62,-25.76,-274.3,3,1
18093.406,0.004,0.385,0.884,-96.53,-32.2,-256.42,3,1
18093.406,-0.01,0.475,0.826,-56.98,-38.61,-235.33,3,1
18093.421,-0.038,0.563,0.75,-23.53,-42.57,-212.9,3,1
18093.421,-0.076,0.627,0.669,0.31,-43.89,-190.1,3,1
18093.437,-0.089,0.69,0.606,11.87,-42.36,-167.39,3,1
18093.437,-0.119,0.766,0.555,12.24,-35.46,-146.34,3,1
18093.453,-0.153,0.821,0.532,1.43,-25.09,-126.83,3,1
18093.468,-0.17,0.823,0.537,-15.2,-12.94,-109.16,3,1
18093.468,-0.18,0.789,0.558,-31.28,-0.06,-93.14,3,1
18093.484,-0.18,0.761,0.565,-42.27,12.6,-78.65,3,1
18093.5,-0.173,0.719,0.581,-44.4,24.41,-65.52,3,1
18093.515,-0.167,0.645,0.59,-38.7,34.79,-54.9,3,1
18093.515,-0.148,0.605,0.595,-31.98,42.39,-48.28,3,1
18093.531,-0.137,0.603,0.586,-28.11,46.78,-44.77,3,1
18093.531,-0.133,0.592,0.575,-27.86,50.75,-42.7,3,1
18093.546,-0.145,0.579,0.601,-30.4,56.4,-38.0,3,1
18093.562,-0.159,0.55,0.633,-34.06,62.2,-27.34,3,1
18093.562,-0.162,0.514,0.672,-35.49,67.63,-12.82,3,1
18093.578,-0.147,0.449,0.715,-30.58,73.09,2.01,3,1
18093.578,-0.145,0.35,0.751,-20.08,77.3,10.86,3,1
18093.593,-0.129,0.285,0.791,-6.16,79.68,12.42,3,1
18093.609,-0.13,0.244,0.81,9.46,80.08,8.79,3,1
18093.609,-0.096,0.22,0.827,23.19,79.1,-1.5,3,1
18093.625,-0.151,0.269,0.873,29.6,79.35,-20.63,3,1
18093.64,-0.526,0.515,1.326,22.68,67.6,-35.68,3,1
18093.64,-0.837,0.847,1.838,19.93,22.83,-25.3,3,1
18093.656,-0.498,0.679,1.457,-1.25,-56.22,0.67,3,1
18093.656,-0.257,0.538,0.943,-69.8,-101.87,6.53,3,1
18093.671,-0.144,0.475,0.86,-120.52,-85.48,6.13,3,1
18093.687,-0.046,0.301,0.919,-118.96,-53.13,7.63,3,1
18093.687,-0.032,0.15,0.904,-84.44,-25.97,14.53,3,1
18093.703,-0.027,0.122,0.861,-42.24,-4.67,21.85,3,1
18093.718,-0.023,0.17,0.881,0.7,11.72,24.96,3,1
18093.734,-0.099,0.242,0.935,38.36,20.23,27.44,3,1
18093.734,-0.219,0.282,0.996,62.11,17.06,32.41,3,1
18093.75,-0.313,0.339,1.013,72.21,4.55,36.01,3,1
18093.75,-0.418,0.493,1.065,69.7,-12.09,36.71,3,1
18093.765,-0.535,0.685,1.088,57.04,-33.08,38.03,3,1
18093.781,-0.603,0.909,1.048,41.44,-55.3,51.64,3,1
18093.781,-0.605,1.053,0.973,40.8,-67.35,95.4,3,1
18093.796,-0.498,0.947,0.883,28.69,-78.43,125.64,3,1
18093.812,-0.47,0.989,0.852,3.48,-88.63,144.93,3,1
18093.812,-0.389,0.999,0.792,-9.19,-93.48,179.91,3,1
18093.828,-0.316,0.867,0.685,-3.88,-94.3,209.14,3,1
18093.828,-0.239,0.683,0.57,10.28,-90.76,230.96,3,1
18093.843,-0.167,0.605,0.512,31.31,-82.55,243.54,3,1
18093.859,-0.079,0.591,0.501,60.76,-68.91,254.01,3,1
18093.859,-0.029,0.555,0.478,95.77,-49.32,266.55,3,1
18093.875,0.033,0.462,0.428,129.64,-22.34,282.91,3,1
18093.89,0.109,0.361,0.432,156.65,11.35,297.86,3,1
18093.89,0.132,0.316,0.456,174.84,43.92,306.68,3,1
18093.906,0.119,0.331,0.435,180.3,72.02,312.94,3,1
18093.906,0.202,0.343,0.494,167.15,104.19,313.18,3,1
18093.921,0.277,0.246,0.64,135.32,134.4,300.24,3,1
18093.937,0.31,0.055,0.824,103.27,144.54,267.56,3,1
18093.937,0.344,0.072,1.001,76.17,144.99,219.76,3,1
18093.953,0.271,0.152,1.066,47.49,138.49,189.73,3,1
18093.968,0.209,0.088,1.084,12.42,119.54,167.55,3,1
18093.968,0.282,-0.033,1.15,-24.72,97.81,147.92,3,1
18093.984,0.32,-0.141,1.199,-48.13,78.43,123.45,3,1
18094.0,0.32,-0.173,1.168,-55.64,61.68,97.84,3,1
18094.0,0.343,-0.127,1.135,-58.6,50.81,78.86,3,1
18094.015,0.389,-0.087,1.148,-65.89,46.57,61.31,3,1
18094.031,0.389,-0.092,1.104,-82.25,42.79,37.97,3,1
18094.031,0.322,-0.062,1.229,-105.35,38.51,12.05,3,1
18094.046,0.039,0.019,1.708,-110.14,17.91,-4.76,3,1
18094.046,0.22,0.026,1.687,-74.5,-27.62,2.2,3,1
18094.062,0.419,0.192,1.322,-34.39,-48.46,5.4,3,1
18094.078,0.458,0.229,1.081,4.09,-35.07,-2.17,3,1
18094.093,0.433,0.292,0.91,33.63,-13.76,-11.63,3,1
18094.093,0.394,0.403,0.798,43.7,1.92,-19.07,3,1
18094.109,0.35,0.409,0.749,36.93,7.9,-26.49,3,1
18094.109,0.305,0.43,0.759,18.68,3.48,-33.75,3,1
18094.125,0.28,0.477,0.795,2.11,-8.36,-38.51,3,1
18094.14,0.264,0.491,0.818,-9.28,-21.79,-38.67,3,1
18094.14,0.243,0.443,0.83,-19.5,-35.68,-39.77,3,1
18094.156,0.229,0.387,0.844,-26.98,-44.19,-39.12,3,1
18094.171,0.236,0.375,0.863,-28.72,-45.44,-34.55,3,1
18094.171,0.255,0.358,0.9,-22.74,-40.44,-28.11,3,1
18094.187,0.264,0.357,0.943,-12.48,-32.87,-22.1,3,1
18094.187,0.279,0.355,0.975,-1.46,-27.28,-18.46,3,1
18094.203,0.295,0.362,0.984,7.2,-24.45,-18.34,3,1
18094.218,0.299,0.366,0.955,12.21,-24.78,-21.21,3,1
18094.218,0.309,0.358,0.901,11.9,-26.95,-25.61,3,1
18094.234,0.31,0.355,0.851,6.2,-29.57,-31.74,3,1
18094.25,0.297,0.358,0.814,-2.04,-31.68,-37.54,3,1
18094.25,0.294,0.382,0.795,-8.03,-31.5,-39.03,3,1
18094.265,0.3,0.417,0.799,-8.94,-27.28,-34.91,3,1
18094.281,0.307,0.463,0.824,-4.21,-19.23,-27.92,3,1
18094.281,0.31,0.495,0.856,3.2,-10.93,-20.6,3,1
18094.296,0.303,0.489,0.867,8.06,-6.93,-16.39,3,1
18094.312,0.291,0.471,0.864,6.5,-7.23,-15.41,3,1
18094.312,0.287,0.434,0.853,-0.95,-10.19,-14.19,3,1
18094.328,0.291,0.408,0.845,-0.43,-9.34,-12.05,3,1
18094.328,0.282,0.402,0.838,2.9,-6.9,-7.57,3,1
18094.343,0.282,0.44,0.855,7.05,-3.2,-1.8,3,1
18094.359,0.287,0.439,0.868,8.7,0.55,2.75,3,1
18094.359,0.284,0.408,0.866,8.73,2.69,4.7,3,1
18094.375,0.288,0.388,0.853,7.87,2.93,4.79,3,1
18094.39,0.3,0.388,0.85,6.35,2.29,3.78,3,1
18094.39,0.309,0.396,0.848,4.94,1.34,2.04,3,1
18094.406,0.306,0.421,0.845,3.08,-0.18,-0.12,3,1
18094.406,0.3,0.426,0.84,1.46,-1.19,-1.22,3,1
18094.421,0.304,0.421,0.842,-0.49,-1.07,-0.58,3,1
18094.437,0.306,0.431,0.861,-1.8,0.67,1.19,3,1
18094.437,0.301,0.429,0.891,-1.37,2.29,2.26,3,1
18094.453,0.28,0.417,0.894,0.03,2.01,3.45,3,1
18094.468,0.287,0.408,0.881,1.92,0.31,5.55,3,1
18094.468,0.29,0.414,0.844,1.89,-1.43,6.07,3,1
18094.484,0.296,0.423,0.805,-2.38,-3.11,4.67,3,1
18094.5,0.312,0.445,0.784,-10.16,-4.46,2.44,3,1
18094.5,0.326,0.462,0.783,-18.95,-5.01,-0.4,3,1
18094.515,0.324,0.466,0.842,-27.07,-5.77,-2.72,3,1
18094.531,0.318,0.475,0.881,-34.18,-9.89,-4.27,3,1
18094.531,0.336,0.483,0.903,-40.56,-13.98,-4.03,3,1
18094.546,0.344,0.436,0.898,-39.92,-13.58,-2.14,3,1
18094.546,0.32,0.385,0.924,-33.66,-9.89,0.64,3,1
18094.562,0.291,0.307,0.924,-22.37,-6.81,3.05,3,1
18094.578,0.282,0.249,0.886,-12.76,-3.6,2.96,3,1
18094.578,0.252,0.212,0.867,-4.06,4.0,2.14,3,1
18094.593,0.239,0.18,0.883,5.98,10.96,2.72,3,1
18094.609,0.216,0.167,0.871,16.57,11.08,3.36,3,1
18094.609,0.213,0.204,0.813,24.84,6.74,4.64,3,1
18094.625,0.288,0.31,0.936,29.69,-1.1,4.88,3,1
18094.64,0.241,0.472,1.054,41.41,-17.33,3.42,3,1
18094.64,0.258,0.629,1.023,44.01,-36.35,9.34,3,1
18094.656,0.27,0.69,1.049,30.15,-53.41,9.55,3,1
18094.656,0.149,0.603,1.078,16.85,-72.63,10.19,3,1
18094.671,0.092,0.426,1.005,1.16,-100.25,16.94,3,1
18094.687,0.215,0.374,0.947,-8.3,-122.23,25.57,3,1
18094.687,0.343,0.318,0.808,-1.01,-124.45,37.81,3,1
18094.703,0.406,0.249,0.704,3.78,-115.88,38.64,3,1
18094.718,0.497,0.221,0.667,6.84,-102.24,33.94,3,1
18094.718,0.55,0.24,0.667,9.77,-85.09,24.93,3,1
18094.734,0.577,0.274,0.687,14.37,-67.81,14.92,3,1
18094.75,0.615,0.333,0.695,17.82,-53.5,6.38,3,1
18094.75,0.639,0.398,0.642,18.13,-39.89,-2.96,3,1
18094.765,0.612,0.43,0.586,13.28,-24.87,-12.18,3,1
18094.781,0.601,0.417,0.57,7.29,-10.8,-18.34,3,1
18094.781,0.582,0.406,0.561,3.27,2.17,-24.11,3,1
18094.796,0.544,0.445,0.59,-1.34,13.86,-27.86,3,1
18094.812,0.517,0.498,0.665,-8.36,21.73,-28.38,3,1
18094.812,0.483,0.512,0.719,-18.22,25.06,-29.05,3,1
18094.828,0.455,0.498,0.744,-28.5,26.06,-28.96,3,1
18094.828,0.456,0.447,0.747,-33.94,27.62,-26.43,3,1
18094.843,0.45,0.406,0.735,-36.07,31.4,-23.83,3,1
18094.859,0.435,0.391,0.728,-35.37,38.18,-21.12,3,1
18094.859,0.414,0.396,0.737,-31.22,47.82,-16.05,3,1
18094.875,0.393,0.414,0.758,-26.43,57.83,-9.19,3,1
18094.89,0.354,0.453,0.845,-21.82,66.47,-1.74,3,1
18094.906,0.197,0.482,1.108,-18.59,63.3,6.32,3,1
18094.906,0.197,0.388,1.172,-14.44,36.56,13.89,3,1
18094.906,0.289,0.346,0.981,-12.7,13.89,17.03,3,1
18094.921,0.324,0.313,0.848,-7.32,11.23,19.35,3,1
18094.937,0.358,0.294,0.789,5.89,19.81,25.42,3,1
18094.937,0.368,0.345,0.79,19.65,34.46,32.9,3,1
18094.953,0.352,0.401,0.806,28.63,48.46,39.46,3,1
18094.968,0.334,0.423,0.84,30.3,55.48,44.56,3,1
18094.984,0.344,0.421,0.869,28.78,54.99,46.08,3,1
18094.984,0.347,0.41,0.862,26.7,51.21,44.56,3,1
18095.0,0.346,0.392,0.848,22.19,45.72,41.54,3,1
18095.0,0.349,0.379,0.84,16.02,39.0,37.08,3,1
18095.015,0.34,0.393,0.84,8.64,33.45,33.57,3,1
18095.015,0.35,0.398,0.835,0.92,29.33,31.74,3,1
18095.031,0.356,0.373,0.836,-2.56,28.81,31.53,3,1
18095.046,0.362,0.364,0.845,-1.4,30.92,31.53,3,1
18095.046,0.357,0.355,0.849,2.14,34.18,31.37,3,1
18095.062,0.351,0.355,0.861,4.79,36.5,30.4,3,1
18095.078,0.341,0.349,0.868,6.81,37.48,28.5,3,1
18095.078,0.332,0.348,0.873,7.29,36.32,25.82,3,1
18095.093,0.321,0.349,0.874,5.49,33.57,22.37,3,1
18095.109,0.316,0.348,0.885,2.47,30.4,19.32,3,1
18095.125,0.316,0.341,0.895,0.64,26.64,16.42,3,1
18095.125,0.313,0.334,0.899,-0.55,22.43,12.48,3,1
18095.14,0.3,0.34,0.906,-1.5,18.49,9.0,3,1
18095.14,0.287,0.349,0.913,-2.01,15.08,7.48,3,1
18095.156,0.296,0.348,0.911,-1.01,12.85,7.72,3,1
18095.171,0.303,0.336,0.894,2.14,11.69,7.2,3,1
18095.171,0.302,0.341,0.879,4.39,10.9,6.01,3,1
18095.187,0.315,0.359,0.881,4.49,10.04,4.73,3,1
18095.187,0.312,0.366,0.877,3.14,8.21,1.86,3,1
18095.203,0.299,0.376,0.867,-0.37,5.71,-0.34,3,1
18095.218,0.305,0.384,0.866,-3.97,4.27,-0.09,3,1
18095.218,0.312,0.381,0.865,-5.68,2.9,0.24,3,1
18095.234,0.298,0.392,0.866,-7.84,1.53,-0.82,3,1
18095.25,0.291,0.395,0.871,-9.61,1.83,0.64,3,1
18095.25,0.294,0.37,0.885,-9.25,3.2,3.36,3,1
18095.265,0.29,0.34,0.889,-7.05,3.57,4.64,3,1
18095.281,0.294,0.338,0.893,-4.73,3.27,4.97,3,1
18095.281,0.303,0.326,0.897,-3.36,2.78,3.48,3,1
18095.296,0.306,0.317,0.91,-1.28,-1.01,-2.59,3,1
18095.312,0.312,0.331,0.92,0.18,-4.58,-5.86,3,1
18095.312,0.315,0.346,0.911,1.1,-7.87,-8.73,3,1
18095.328,0.312,0.365,0.895,0.24,-10.62,-10.8,3,1
18095.328,0.289,0.379,0.922,-0.52,-12.97,-11.44,3,1
18095.343,0.308,0.357,0.938,1.22,-14.68,-9.89,3,1
18095.359,0.331,0.32,0.919,5.43,-15.08,-10.13,3,1
18095.375,0.324,0.286,0.863,9.19,-12.94,-13.18,3,1
18095.375,0.336,0.31,0.785,9.49,-9.03,-16.11,3,1
18095.39,0.332,0.363,0.822,7.9,-2.2,-16.79,3,1
18095.39,0.293,0.375,0.863,12.63,4.52,-14.22,3,1
18095.406,0.292,0.401,0.859,11.87,5.98,-12.79,3,1
18095.421,0.274,0.394,0.849,10.65,6.74,-12.05,3,1
18095.421,0.254,0.394,0.854,11.75,9.09,-9.25,3,1
18095.437,0.251,0.392,0.888,14.28,11.11,-5.37,3,1
18095.437,0.236,0.405,0.928,18.04,8.0,-2.38,3,1
18095.453,0.239,0.407,0.907,19.9,-1.86,-0.09,3,1
18095.468,0.254,0.43,0.806,13.89,-13.49,-0.34,3,1
18095.468,0.35,0.487,0.623,-5.49,-14.07,-0.12,3,1
18095.484,0.357,0.516,0.671,-29.15,0.76,-2.04,3,1
18095.5,0.308,0.494,0.785,-38.48,15.72,2.35,3,1
18095.5,0.306,0.486,0.866,-43.28,21.18,10.01,3,1
18095.515,0.323,0.418,0.927,-47.73,21.36,11.11,3,1
18095.531,0.328,0.316,0.958,-45.41,22.58,8.39,3,1
18095.531,0.292,0.234,1.039,-36.23,23.13,4.64,3,1
18095.546,0.28,0.186,1.041,-19.71,18.62,1.4,3,1
18095.546,0.277,0.177,0.993,-3.11,16.72,-2.72,3,1
18095.562,0.25,0.167,0.975,13.73,19.35,-5.89,3,1
18095.578,0.217,0.198,0.963,30.7,16.69,-6.81,3,1
18095.578,0.2,0.261,0.923,42.85,3.69,-5.58,3,1
18095.593,0.212,0.35,0.841,47.33,-13.4,-3.05,3,1
18095.609,0.246,0.434,0.794,42.79,-24.75,-1.65,3,1
18095.625,0.291,0.501,0.795,31.34,-25.33,-0.18,3,1
18095.625,0.364,0.542,0.813,15.93,-15.23,1.04,3,1
18095.64,0.314,0.5,0.838,4.97,-2.41,-0.37,3,1
18095.64,0.277,0.42,0.831,-2.32,1.86,-0.46,3,1
18095.656,0.277,0.375,0.833,-8.79,-0.37,-0.7,3,1
18095.671,0.272,0.351,0.857,-11.23,-2.26,0.18,3,1
18095.671,0.268,0.35,0.871,-10.68,-4.3,1.16,3,1
18095.687,0.288,0.368,0.892,-10.41,-6.2,1.25,3,1
18095.687,0.295,0.377,0.907,-9.16,-6.16,1.25,3,1
18095.703,0.308,0.36,0.925,-6.38,-4.3,1.04,3,1
18095.718,0.307,0.326,0.928,-1.13,-2.14,-0.49,3,1
18095.718,0.295,0.3,0.921,6.26,-1.53,-2.93,3,1
18095.734,0.288,0.302,0.929,14.44,-1.5,-4.55,3,1
18095.75,0.276,0.319,0.935,22.28,-2.41,-5.98,3,1
18095.75,0.269,0.347,0.936,28.02,-5.31,-7.17,3,1
18095.765,0.262,0.392,0.928,31.46,-10.04,-7.9,3,1
18095.781,0.249,0.424,0.884,31.98,-15.59,-7.54,3,1
18095.781,0.259,0.449,0.835,27.07,-20.11,-6.47,3,1
18095.796,0.273,0.468,0.821,19.38,-21.67,-5.19,3,1
18095.796,0.274,0.465,0.781,12.33,-20.66,-3.57,3,1
18095.812,0.297,0.455,0.782,4.76,-17.24,-1.1,3,1
18095.828,0.303,0.433,0.803,0.46,-12.51,0.95,3,1
18095.828,0.307,0.422,0.826,-1.59,-9.13,2.32,3,1
18095.843,0.309,0.414,0.848,-3.39,-8.48,1.86,3,1
18095.859,0.314,0.398,0.868,-4.09,-9.0,0.76,3,1
18095.859,0.316,0.39,0.878,-2.47,-8.97,0.27,3,1
18095.875,0.318,0.378,0.869,0.46,-8.88,-0.27,3,1
18095.89,0.321,0.365,0.846,2.56,-7.81,-1.56,3,1
18095.89,0.333,0.361,0.848,4.15,-4.76,-3.08,3,1
18095.906,0.332,0.367,0.863,7.29,-0.64,-4.58,3,1
18095.906,0.319,0.375,0.862,11.2,1.77,-6.29,3,1
18095.921,0.315,0.384,0.857,13.76,2.35,-8.0,3,1
18095.937,0.309,0.399,0.858,14.77,2.72,-9.03,3,1
18095.937,0.3,0.409,0.847,15.63,2.84,-9.95,3,1
18095.953,0.293,0.431,0.842,15.11,2.75,-10.07,3,1
18095.968,0.288,0.452,0.841,13.18,2.23,-9.74,3,1
18095.984,0.278,0.468,0.841,10.16,1.37,-8.64,3,1
18095.984,0.268,0.476,0.842,7.17,0.31,-6.38,3,1
18096.0,0.271,0.453,0.836,4.82,-1.46,-4.0,3,1
18096.0,0.279,0.448,0.836,1.77,-2.99,-2.23,3,1
18096.015,0.292,0.452,0.839,-0.98,-3.54,-0.82,3,1
18096.031,0.293,0.44,0.835,-2.87,-3.6,-0.34,3,1
18096.031,0.296,0.428,0.837,-4.06,-3.48,0.46,3,1
18096.046,0.303,0.425,0.844,-4.88,-3.48,0.92,3,1
18096.062,0.307,0.419,0.854,-5.37,-3.88,0.55,3,1
18096.062,0.307,0.408,0.857,-5.07,-4.21,-0.4,3,1
18096.078,0.307,0.401,0.856,-3.91,-4.55,-1.34,3,1
18096.078,0.305,0.399,0.856,-2.32,-4.43,-2.14,3,1
18096.093,0.299,0.403,0.851,-0.64,-3.88,-2.69,3,1
18096.109,0.296,0.416,0.856,0.21,-2.96,-2.69,3,1
18096.109,0.292,0.424,0.862,1.07,-2.35,-2.69,3,1
18096.125,0.286,0.427,0.853,2.69,-1.74,-1.86,3,1
18096.14,0.287,0.431,0.843,2.99,-1.59,-0.98,3,1
18096.14,0.29,0.429,0.844,2.53,-1.68,-0.49,3,1
18096.156,0.29,0.432,0.846,1.71,-1.8,-0.03,3,1
18096.171,0.295,0.437,0.846,0.58,-2.62,0.49,3,1
18096.171,0.299,0.435,0.837,-0.61,-3.54,0.67,3,1
18096.187,0.301,0.432,0.833,-1.92,-3.81,0.61,3,1
18096.203,0.301,0.431,0.834,-3.2,-3.78,0.82,3,1
18096.203,0.3,0.43,0.836,-4.36,-3.6,1.25,3,1
18096.218,0.301,0.425,0.841,-5.71,-2.69,2.04,3,1
18096.218,0.308,0.419,0.851,-6.16,-1.34,3.11,3,1
18096.234,0.31,0.401,0.862,-4.97,0.0,3.63,3,1
18096.25,0.308,0.39,0.865,-3.33,0.37,3.14,3,1
18096.25,0.305,0.394,0.868,-1.25,0.58,2.32,3,1
18096.265,0.3,0.41,0.872,1.34,1.43,2.11,3,1
18096.281,0.297,0.414,0.861,6.53,2.56,2.53,3,1
18096.281,0.291,0.431,0.862,6.93,1.22,3.45,3,1
18096.296,0.287,0.448,0.864,6.47,-1.53,4.06,3,1
18096.296,0.281,0.436,0.866,4.46,-5.43,4.43,3,1
18096.312,0.277,0.376,0.873,0.46,-11.57,2.87,3,1
18096.328,0.276,0.384,0.902,0.18,-17.18,0.7,3,1
18096.328,0.314,0.428,0.891,5.98,-18.98,3.91,3,1
18096.343,0.318,0.412,0.866,9.55,-19.04,4.27,3,1
18096.359,0.323,0.385,0.855,12.05,-18.01,3.36,3,1
18096.359,0.333,0.381,0.837,15.05,-16.11,2.59,3,1
18096.375,0.345,0.379,0.818,16.94,-14.16,0.7,3,1
18096.39,0.348,0.396,0.806,16.08,-12.18,-2.23,3,1
18096.406,0.344,0.429,0.797,14.19,-10.04,-4.58,3,1
18096.406,0.342,0.451,0.799,12.45,-7.48,-5.52,3,1
18096.421,0.342,0.453,0.809,10.99,-5.89,-6.41,3,1
18096.421,0.34,0.47,0.811,9.77,-4.85,-6.53,3,1
18096.437,0.328,0.486,0.798,9.06,-4.52,-5.55,3,1
18096.437,0.329,0.488,0.796,7.6,-3.85,-3.33,3,1
18096.453,0.327,0.484,0.804,5.95,-2.47,-1.59,3,1
18096.468,0.316,0.462,0.816,3.27,-1.92,-0.61,3,1
18096.468,0.317,0.439,0.834,0.92,-2.81,-0.37,3,1
18096.484,0.322,0.428,0.851,-0.18,-4.06,-0.73,3,1
18096.5,0.329,0.402,0.875,0.95,-5.37,-2.01,3,1
18096.5,0.335,0.379,0.909,4.76,-6.71,-4.18,3,1
18096.515,0.334,0.355,0.951,10.62,-9.22,-7.81,3,1
18096.531,0.337,0.299,1.004,18.77,-13.06,-12.82,3,1
18096.531,0.346,0.227,1.074,29.11,-18.22,-20.48,3,1
18096.546,0.36,0.156,1.138,41.32,-24.54,-31.53,3,1
18096.562,0.374,0.099,1.179,58.47,-30.24,-43.98,3,1
18096.562,0.391,0.058,1.216,79.56,-36.65,-58.72,3,1
18096.578,0.386,0.029,1.246,100.47,-44.22,-77.09,3,1
18096.578,0.373,0.014,1.253,121.62,-52.52,-100.16,3,1
18096.593,0.358,0.061,1.236,138.4,-64.55,-126.13,3,1
18096.609,0.376,0.216,1.128,147.28,-76.97,-152.23,3,1
18096.609,0.482,0.415,1.014,112.98,-78.31,-134.74,3,1
18096.625,0.277,0.435,1.068,10.16,-64.79,-129.86,3,1
18096.64,0.374,0.308,0.937,-67.75,-67.87,-162.08,3,1
18096.64,0.385,0.348,0.92,-140.39,-66.53,-175.24,3,1
18096.656,0.358,0.344,0.859,-191.99,-60.15,-190.56,3,1
18096.671,0.388,0.248,0.787,-213.54,-51.94,-226.29,3,1
18096.671,0.305,0.217,0.751,-219.15,-40.25,-262.67,3,1
18096.687,0.24,0.313,0.722,-206.76,-24.29,-289.01,3,1
18096.703,0.167,0.384,0.698,-183.69,-6.53,-303.66,3,1
18096.703,0.073,0.426,0.69,-161.08,9.49,-303.2,3,1
18096.718,-0.024,0.471,0.65,-132.79,18.59,-288.28,3,1
18096.734,-0.054,0.54,0.597,-96.68,25.85,-260.57,3,1
18096.734,-0.086,0.628,0.562,-57.92,37.08,-229.68,3,1
18096.75,-0.115,0.709,0.519,-24.08,50.11,-200.54,3,1
18096.75,-0.139,0.805,0.475,-2.41,60.7,-173.47,3,1
18096.765,-0.166,0.895,0.452,6.53,71.2,-147.83,3,1
18096.781,-0.206,0.924,0.442,4.27,79.59,-125.4,3,1
18096.781,-0.247,0.934,0.493,-7.02,84.69,-106.17,3,1
18096.796,-0.306,0.948,0.555,-21.12,84.48,-87.8,3,1
18096.812,-0.337,0.916,0.585,-33.3,77.55,-68.39,3,1
18096.812,-0.337,0.845,0.619,-40.47,68.51,-48.62,3,1
18096.828,-0.377,0.754,0.663,-42.18,58.44,-29.18,3,1
18096.828,-0.297,0.732,0.706,-37.69,48.68,-13.43,3,1
18096.843,-0.323,0.711,0.772,-30.24,44.53,-7.87,3,1
18096.859,-0.452,0.676,0.92,-26.25,33.91,0.61,3,1
18096.859,-0.39,0.635,0.939,-22.1,15.47,11.51,3,1
18096.875,-0.338,0.608,0.939,-20.54,0.76,15.87,3,1
18096.89,-0.287,0.524,0.91,-24.72,-9.67,19.29,3,1
18096.89,-0.215,0.458,0.881,-34.76,-15.08,19.68,3,1
18096.906,-0.206,0.442,0.908,-44.13,-14.22,17.3,3,1
18096.921,-0.161,0.403,0.93,-50.17,-14.83,14.65,3,1
18096.921,-0.137,0.358,0.932,-59.08,-15.75,9.95,3,1
18096.937,-0.212,0.384,0.979,-78.1,-18.71,1.5,3,1
18096.937,-0.191,0.382,1.026,-98.24,-27.89,0.06,3,1
18096.953,-0.202,0.359,1.003,-117.77,-35.55,3.17,3,1
18096.968,-0.169,0.37,1.002,-133.21,-39.8,6.87,3,1
18096.984,-0.127,0.291,1.001,-131.75,-39.12,9.83,3,1
18096.984,-0.117,0.188,0.99,-114.41,-31.92,10.13,3,1
18097.0,-0.113,0.156,0.97,-89.63,-22.16,10.5,3,1
18097.0,-0.085,0.144,0.956,-62.53,-13.34,9.06,3,1
18097.015,-0.068,0.14,0.941,-36.71,-6.5,4.03,3,1
18097.031,-0.072,0.167,0.927,-16.51,-2.38,-0.34,3,1
18097.031,-0.055,0.2,0.931,-3.42,-2.29,-1.13,3,1
18097.046,-0.051,0.222,0.939,3.54,-5.28,-1.86,3,1
18097.046,-0.056,0.235,0.938,3.94,-9.61,-2.2,3,1
18097.062,-0.068,0.218,0.949,-0.27,-13.86,-1.22,3,1
18097.078,-0.081,0.187,0.955,-6.01,-17.79,-0.12,3,1
18097.078,-0.063,0.195,0.979,-11.05,-22.31,-0.09,3,1
18097.093,-0.05,0.208,0.986,-12.76,-26.18,-2.72,3,1
18097.109,-0.052,0.211,0.985,-11.93,-27.71,-3.85,3,1
18097.109,-0.055,0.221,1.0,-7.29,-27.71,-1.59,3,1
18097.125,-0.037,0.234,1.007,5.74,-26.37,6.1,3,1
18097.14,-0.019,0.218,0.989,21.24,-25.61,12.3,3,1
18097.14,-0.01,0.214,0.96,35.4,-24.2,15.32,3,1
18097.156,0.02,0.236,0.902,43.79,-18.56,18.56,3,1
18097.171,0.039,0.276,0.843,38.15,-10.8,15.99,3,1
18097.171,0.043,0.307,0.82,17.79,-2.78,11.57,3,1
18097.187,0.03,0.314,0.827,-11.6,5.13,6.26,3,1
18097.187,0.004,0.315,0.863,-44.1,13.31,3.33,3,1
18097.203,0.029,0.276,0.882,-70.04,19.5,4.58,3,1
18097.218,-0.043,0.285,0.994,-81.67,27.01,4.33,3,1
18097.218,-0.094,0.234,1.157,-73.09,24.81,8.67,3,1
18097.234,-0.025,0.155,1.129,-57.44,11.14,9.06,3,1
18097.25,-0.053,0.179,1.122,-44.01,5.58,4.0,3,1
18097.265,-0.043,0.175,1.122,-27.74,3.45,1.92,3,1
18097.265,-0.048,0.12,1.101,6.26,3.54,0.37,3,1
18097.281,-0.055,0.078,1.1,22.19,1.92,-1.5,3,1
18097.281,-0.064,0.11,1.081,32.35,-2.53,-3.2,3,1
18097.296,-0.08,0.166,1.025,36.16,-8.03,-5.68,3,1
18097.296,-0.093,0.193,0.997,36.5,-13.7,-8.33,3,1
18097.312,-0.106,0.231,0.995,35.98,-19.2,-10.32,3,1
18097.328,-0.153,0.296,1.011,36.13,-23.8,-10.38,3,1
18097.328,-0.188,0.371,1.054,36.59,-29.6,-6.81,3,1
18097.343,-0.164,0.393,0.935,44.53,-33.39,3.54,3,1
18097.359,-0.195,0.454,0.918,51.91,-27.44,12.48,3,1
18097.359,-0.187,0.487,0.945,54.14,-24.26,18.8,3,1
18097.375,-0.187,0.511,0.957,47.94,-22.68,25.36,3,1
18097.39,-0.185,0.531,0.947,37.35,-21.76,32.65,3,1
18097.39,-0.166,0.522,0.944,28.11,-23.22,41.78,3,1
18097.406,-0.141,0.486,0.947,23.32,-26.46,48.83,3,1
18097.406,-0.136,0.485,0.942,25.33,-29.79,57.25,3,1
18097.421,-0.133,0.493,0.932,34.85,-32.87,68.88,3,1
18097.437,-0.137,0.499,0.915,49.35,-35.55,82.58,3,1
18097.453,-0.137,0.499,0.88,67.05,-38.76,98.45,3,1
18097.453,-0.12,0.492,0.832,86.58,-41.75,113.99,3,1
18097.468,-0.079,0.493,0.77,103.55,-40.77,128.3,3,1
18097.468,-0.029,0.491,0.717,113.68,-35.98,139.1,3,1
18097.484,0.008,0.484,0.686,118.63,-28.5,144.87,3,1
18097.5,0.053,0.46,0.648,117.31,-20.26,149.82,3,1
18097.5,0.098,0.423,0.635,108.71,-10.86,153.32,3,1
18097.515,0.118,0.431,0.686,97.78,-0.34,153.2,3,1
18097.515,0.107,0.447,0.739,90.43,6.47,151.95,3,1
18097.531,0.085,0.443,0.767,85.06,8.45,153.48,3,1
18097.546,0.065,0.494,0.796,79.07,6.68,160.71,3,1
18097.562,0.042,0.541,0.759,73.67,2.17,176.0,3,1
18097.562,0.051,0.589,0.711,67.87,2.08,196.81,3,1
18097.578,0.128,0.598,0.713,62.81,13.89,216.71,3,1
18097.593,0.199,0.537,0.727,59.91,35.37,229.35,3,1
18097.593,0.256,0.411,0.738,55.21,57.25,232.89,3,1
18097.609,0.306,0.219,0.797,55.36,71.38,218.91,3,1
18097.609,0.349,0.154,0.878,61.31,83.29,190.31,3,1
18097.625,0.268,0.24,0.925,64.0,89.21,170.29,3,1
18097.64,0.21,0.234,0.934,61.83,83.07,159.34,3,1
18097.64,0.22,0.211,0.972,51.36,71.5,151.68,3,1
18097.656,0.267,0.198,1.027,36.32,59.33,146.24,3,1
18097.671,0.304,0.174,1.04,20.33,46.02,132.3,3,1
18097.671,0.331,0.119,1.008,2.53,33.81,110.63,3,1
18097.687,0.35,0.072,1.003,-15.56,26.0,86.18,3,1
18097.703,0.366,0.058,1.012,-29.6,23.19,62.35,3,1
18097.703,0.333,0.075,1.014,-39.98,21.18,40.56,3,1
18097.718,0.282,0.077,1.002,-50.05,16.45,25.12,3,1
18097.718,0.273,0.059,0.989,-57.37,9.03,16.48,3,1
18097.734,0.264,0.055,0.982,-60.91,0.55,9.43,3,1
18097.75,0.221,0.052,1.007,-61.04,-8.97,3.08,3,1
18097.75,0.057,0.064,1.279,-53.77,-26.64,2.26,3,1
18097.765,0.166,0.08,1.379,-30.46,-64.24,9.34,3,1
18097.781,0.333,0.254,1.184,-13.15,-90.03,6.5,3,1
18097.781,0.434,0.47,1.143,-11.57,-82.83,-1.07,3,1
18097.796,0.473,0.6,1.14,-8.42,-65.58,-10.04,3,1
18097.796,0.436,0.542,1.027,-5.01,-55.09,-20.6,3,1
18097.812,0.386,0.39,0.914,-8.45,-52.03,-31.16,3,1
18097.828,0.322,0.301,0.863,-11.23,-54.96,-40.8,3,1
18097.843,0.283,0.266,0.831,-6.96,-61.4,-44.71,3,1
18097.843,0.281,0.282,0.792,-1.13,-68.85,-44.43,3,1
18097.859,0.309,0.332,0.759,1.1,-73.58,-42.88,3,1
18097.859,0.354,0.402,0.759,0.24,-71.2,-42.15,3,1
18097.875,0.379,0.467,0.785,0.27,-60.79,-39.64,3,1
18097.89,0.393,0.488,0.795,1.1,-48.74,-34.73,3,1
18097.89,0.406,0.478,0.79,2.17,-37.87,-30.82,3,1
18097.906,0.403,0.444,0.776,3.36,-28.47,-28.14,3,1
18097.921,0.402,0.413,0.773,4.03,-21.79,-26.64,3,1
18097.921,0.394,0.407,0.776,4.85,-17.18,-25.67,3,1
18097.937,0.391,0.416,0.774,5.95,-14.95,-24.23,3,1
18097.937,0.371,0.459,0.791,5.1,-14.37,-22.31,3,1
18097.953,0.365,0.486,0.809,2.17,-15.47,-18.28,3,1
18097.968,0.375,0.474,0.806,-2.78,-17.06,-15.11,3,1
18097.984,0.384,0.45,0.783,-6.9,-16.3,-12.39,3,1
18097.984,0.392,0.43,0.778,-7.23,-11.81,-8.82,3,1
18098.0,0.392,0.415,0.788,-4.73,-6.56,-5.34,3,1
18098.0,0.389,0.407,0.806,-3.45,-3.54,-4.21,3,1
18098.015,0.381,0.408,0.839,-4.0,-2.44,-5.04,3,1
18098.031,0.37,0.407,0.847,-3.63,-2.78,-5.46,3,1
18098.031,0.372,0.395,0.836,-1.34,-2.81,-4.15,3,1
18098.046,0.385,0.391,0.837,2.01,-1.13,-1.53,3,1
18098.046,0.396,0.393,0.84,5.04,0.58,-0.79,3,1
18098.062,0.386,0.39,0.834,5.07,0.03,-4.3,3,1
18098.078,0.386,0.399,0.815,2.01,-3.36,-9.55,3,1
18098.078,0.392,0.419,0.798,-2.72,-7.42,-14.95,3,1
18098.093,0.382,0.433,0.803,-9.86,-10.56,-19.68,3,1
18098.109,0.375,0.401,0.798,-19.47,-14.53,-24.14,3,1
18098.109,0.385,0.396,0.817,-24.81,-16.14,-26.06,3,1
18098.125,0.377,0.417,0.845,-21.76,-14.92,-24.41,3,1
18098.14,0.378,0.423,0.852,-13.61,-13.95,-20.51,3,1
18098.14,0.386,0.423,0.843,-6.13,-11.17,-15.29,3,1
18098.156,0.389,0.421,0.827,0.82,-7.11,-11.02,3,1
18098.156,0.388,0.416,0.822,6.96,-2.44,-7.23,3,1
18098.171,0.379,0.409,0.826,10.13,1.01,-4.18,3,1
18098.187,0.378,0.402,0.817,10.22,1.8,-3.72,3,1
18098.187,0.379,0.406,0.803,9.13,2.08,-4.15,3,1
18098.203,0.379,0.431,0.8,7.23,2.78,-3.63,3,1
18098.218,0.38,0.451,0.808,5.62,4.06,-1.37,3,1
18098.218,0.381,0.454,0.805,4.3,6.71,1.68,3,1
18098.234,0.366,0.463,0.813,0.98,9.46,4.58,3,1
18098.25,0.363,0.464,0.841,-10.56,1.77,8.27,3,1
18098.25,0.37,0.487,0.95,-17.64,-8.51,10.65,3,1
18098.265,0.358,0.517,0.965,-22.1,-15.99,13.37,3,1
18098.281,0.392,0.471,0.97,-14.37,-17.24,16.17,3,1
18098.281,0.413,0.296,0.641,4.52,-4.24,20.23,3,1
18098.296,0.412,0.265,0.667,22.0,19.35,16.6,3,1
18098.312,0.284,0.238,0.762,37.69,29.63,8.12,3,1
18098.312,0.271,0.285,0.802,40.53,21.85,5.4,3,1
18098.328,0.3,0.313,0.825,36.68,12.48,5.16,3,1
18098.328,0.321,0.291,0.859,34.15,4.36,3.23,3,1
18098.343,0.377,0.319,0.838,34.24,-3.63,-0.03,3,1
18098.359,0.436,0.416,0.784,33.39,-7.42,-5.13,3,1
18098.359,0.452,0.536,0.662,25.45,-4.21,-8.03,3,1
18098.375,0.506,0.603,0.524,8.09,8.12,-7.35,3,1
18098.39,0.548,0.623,0.622,-9.98,30.34,-8.73,3,1
18098.39,0.366,0.647,0.885,-8.24,41.72,-7.6,3,1
18098.406,0.225,0.705,0.923,-5.43,25.3,4.15,3,1
18098.406,0.347,0.621,0.828,-21.27,4.06,13.92,3,1
18098.421,0.373,0.408,0.809,-32.01,0.7,15.96,3,1
18098.437,0.349,0.305,0.856,-28.11,3.2,16.66,3,1
18098.437,0.36,0.307,0.87,-18.83,2.84,16.51,3,1
18098.453,0.37,0.325,0.869,-11.2,3.81,14.59,3,1
18098.468,0.365,0.34,0.888,-4.76,6.68,13.03,3,1
18098.484,0.358,0.375,0.887,2.5,8.79,12.51,3,1
18098.484,0.352,0.401,0.847,9.89,10.01,12.88,3,1
18098.5,0.348,0.428,0.806,13.49,11.57,14.16,3,1
18098.5,0.351,0.458,0.765,14.83,15.11,17.15,3,1
18098.515,0.351,0.501,0.742,15.32,21.03,21.97,3,1
18098.531,0.349,0.522,0.745,14.04,26.55,27.5,3,1
18098.531,0.346,0.532,0.759,9.4,30.21,32.23,3,1
18098.546,0.346,0.524,0.772,3.33,32.04,35.89,3,1
18098.546,0.336,0.497,0.772,-1.95,33.75,39.52,3,1
18098.562,0.34,0.472,0.785,-3.45,36.74,44.59,3,1
18098.578,0.344,0.449,0.812,-3.51,39.58,49.04,3,1
18098.578,0.342,0.413,0.834,-4.73,40.71,50.36,3,1
18098.593,0.335,0.368,0.853,-6.35,39.28,48.89,3,1
18098.609,0.344,0.35,0.875,-8.7,34.58,44.89,3,1
18098.625,0.345,0.344,0.892,-11.51,29.88,39.46,3,1
18098.625,0.349,0.326,0.91,-13.58,25.7,34.49,3,1
18098.64,0.351,0.307,0.901,-13.03,22.43,29.66,3,1
18098.64,0.357,0.303,0.89,-10.5,21.21,25.42,3,1
18098.656,0.361,0.295,0.893,-6.41,20.69,20.87,3,1
18098.656,0.353,0.304,0.898,-2.84,20.11,16.85,3,1
18098.671,0.36,0.319,0.9,0.27,18.68,12.91,3,1
18098.687,0.349,0.324,0.899,3.39,17.4,8.61,3,1
18098.687,0.339,0.342,0.885,6.5,15.96,5.25,3,1
18098.703,0.326,0.373,0.885,8.88,15.23,4.27,3,1
18098.718,0.319,0.388,0.863,10.32,14.74,5.34,3,1
18098.718,0.328,0.403,0.856,11.02,15.59,7.23,3,1
18098.734,0.325,0.406,0.849,12.42,16.66,8.33,3,1
18098.75,0.321,0.412,0.846,12.7,17.18,9.43,3,1
18098.75,0.315,0.415,0.843,11.32,17.12,10.47,3,1
18098.765,0.317,0.411,0.837,9.7,17.64,11.84,3,1
18098.781,0.318,0.399,0.836,9.49,18.34,13.0,3,1
18098.781,0.317,0.399,0.848,8.03,17.73,11.99,3,1
18098.796,0.304,0.397,0.859,4.76,15.47,9.09,3,1
18098.812,0.289,0.389,0.857,1.1,13.12,7.51,3,1
18098.812,0.303,0.389,0.855,-0.7,13.09,8.39,3,1
18098.828,0.305,0.391,0.863,0.85,14.65,9.03,3,1
18098.828,0.29,0.403,0.865,3.08,17.09,10.07,3,1
18098.843,0.297,0.404,0.875,5.4,19.1,13.03,3,1
18098.859,0.292,0.395,0.884,7.9,19.38,14.13,3,1
18098.859,0.286,0.385,0.884,8.48,16.85,13.7,3,1
18098.875,0.289,0.378,0.884,7.51,13.43,12.82,3,1
18098.89,0.29,0.377,0.878,5.4,9.95,11.11,3,1
18098.89,0.292,0.375,0.866,1.62,6.41,8.27,3,1
18098.906,0.299,0.366,0.871,-2.5,3.81,5.83,3,1
18098.921,0.303,0.368,0.871,-4.73,2.47,4.21,3,1
18098.921,0.305,0.369,0.868,-3.88,2.53,3.2,3,1
18098.937,0.304,0.379,0.879,-1.74,3.6,3.11,3,1
18098.937,0.306,0.382,0.886,1.1,4.52,3.23,3,1
18098.953,0.299,0.377,0.883,4.06,4.15,2.38,3,1
18098.968,0.297,0.378,0.878,4.88,2.41,1.04,3,1
18098.968,0.299,0.379,0.882,4.0,-0.09,-1.07,3,1
18098.984,0.3,0.38,0.881,3.36,-3.08,-4.0,3,1
18099.0,0.297,0.39,0.87,2.99,-5.68,-7.08,3,1
18099.0,0.299,0.404,0.876,2.35,-7.05,-8.61,3,1
18099.015,0.287,0.406,0.865,1.98,-7.48,-9.37,3,1
18099.031,0.282,0.395,0.849,2.35,-6.41,-8.55,3,1
18099.031,0.29,0.387,0.855,2.5,-4.0,-6.78,3,1
18099.046,0.289,0.379,0.88,3.11,-1.71,-5.89,3,1
18099.062,0.279,0.385,0.871,4.18,-1.83,-5.46,3,1
18099.062,0.293,0.395,0.854,3.23,-3.36,-5.13,3,1
18099.078,0.31,0.417,0.855,0.61,-4.88,-5.28,3,1
18099.078,0.312,0.441,0.849,-3.14,-6.41,-6.41,3,1
18099.093,0.307,0.427,0.824,-7.72,-7.45,-7.66,3,1
18099.109,0.334,0.4,0.813,-11.99,-6.01,-7.84,3,1
18099.109,0.308,0.393,0.875,-12.05,-1.95,-9.31,3,1
18099.125,0.304,0.363,0.924,-6.35,0.61,-9.16,3,1
18099.14,0.303,0.351,0.938,-0.82,3.17,-10.19,3,1
18099.14,0.267,0.323,0.93,8.64,7.81,-11.11,3,1
18099.156,0.248,0.325,0.903,19.38,11.66,-9.86,3,1
18099.171,0.22,0.372,0.881,29.48,14.92,-7.02,3,1
18099.171,0.195,0.445,0.842,35.1,13.55,-1.77,3,1
18099.187,0.236,0.478,0.844,29.66,1.98,3.78,3,1
18099.187,0.223,0.516,0.863,18.34,-15.14,5.77,3,1
18099.203,0.282,0.542,0.721,1.89,-26.09,9.03,3,1
18099.218,0.322,0.544,0.679,-22.61,-24.96,8.06,3,1
18099.218,0.37,0.485,0.708,-49.17,-4.94,5.13,3,1
18099.234,0.366,0.449,0.738,-52.98,1.59,3.08,3,1
18099.25,0.354,0.401,0.853,-48.13,1.43,0.37,3,1
18099.25,0.341,0.345,0.972,-37.87,-2.44,-3.97,3,1
18099.265,0.314,0.263,1.046,-24.38,-3.05,-9.19,3,1
18099.281,0.307,0.188,0.987,-1.37,-3.57,-9.19,3,1
18099.281,0.26,0.219,0.922,16.48,1.46,-8.76,3,1
18099.296,0.213,0.244,0.93,26.83,7.66,-8.12,3,1
18099.296,0.205,0.287,0.918,34.46,6.5,-5.58,3,1
18099.312,0.225,0.367,0.863,40.5,-0.27,-2.93,3,1
18099.328,0.242,0.462,0.847,39.89,-7.93,-1.22,3,1
18099.328,0.263,0.519,0.913,33.02,-15.02,0.43,3,1
18099.343,0.239,0.513,0.97,27.8,-23.99,1.89,3,1
18099.359,0.282,0.447,0.957,24.14,-34.46,4.39,3,1
18099.359,0.21,0.379,1.011,25.06,-43.43,3.51,3,1
18099.375,0.173,0.341,1.106,32.9,-56.98,7.87,3,1
18099.39,0.176,0.311,1.08,40.83,-76.78,11.9,3,1
18099.39,0.28,0.311,1.066,48.95,-91.83,15.56,3,1
18099.406,0.364,0.263,1.035,64.91,-97.99,15.23,3,1
18099.406,0.397,0.22,0.989,83.1,-101.75,6.41,3,1
18099.421,0.439,0.208,0.933,99.37,-105.01,-6.35,3,1
18099.437,0.467,0.214,0.887,110.66,-107.0,-22.64,3,1
18099.437,0.475,0.237,0.836,115.36,-109.5,-41.57,3,1
18099.453,0.474,0.259,0.765,115.97,-109.68,-60.06,3,1
18099.468,0.491,0.318,0.696,113.71,-101.41,-71.5,3,1
18099.468,0.506,0.392,0.666,113.65,-87.37,-78.55,3,1
18099.484,0.507,0.487,0.647,122.68,-69.34,-81.64,3,1
18099.5,0.493,0.573,0.603,140.72,-51.73,-83.65,3,1
18099.5,0.471,0.632,0.557,156.41,-40.16,-82.77,3,1
18099.515,0.48,0.755,0.545,151.28,-34.49,-76.51,3,1
18099.531,0.461,0.88,0.584,112.8,-29.42,-63.75,3,1
18099.531,0.374,0.891,0.644,42.88,-27.71,-58.66,3,1
18099.546,0.398,0.785,0.675,-31.1,-39.31,-62.38,3,1
18099.546,0.397,0.756,0.693,-100.8,-50.2,-61.22,3,1
18099.562,0.417,0.712,0.688,-156.16,-54.57,-56.12,3,1
18099.578,0.472,0.656,0.668,-196.2,-52.28,-46.88,3,1
18099.578,0.511,0.572,0.708,-230.11,-44.31,-34.94,3,1
18099.593,0.561,0.42,0.731,-243.54,-35.28,-40.59,3,1
18099.609,0.583,0.279,0.739,-238.69,-25.73,-53.19,3,1
18099.609,0.577,0.234,0.737,-221.44,-12.42,-69.4,3,1
18099.625,0.559,0.179,0.721,-199.41,1.53,-86.52,3,1
18099.64,0.548,0.16,0.711,-177.65,16.63,-105.44,3,1
18099.64,0.481,0.213,0.723,-157.14,33.45,-122.9,3,1
18099.656,0.372,0.288,0.756,-140.84,44.56,-132.15,3,1
18099.671,0.275,0.326,0.784,-130.62,46.66,-131.93,3,1
18099.671,0.239,0.351,0.816,-125.71,42.39,-124.03,3,1
18099.687,0.247,0.428,0.846,-121.34,36.35,-116.64,3,1
18099.687,0.195,0.433,0.858,-116.34,28.6,-112.03,3,1
18099.703,0.169,0.401,0.841,-110.39,18.56,-105.78,3,1
18099.718,0.195,0.435,0.82,-99.67,12.45,-99.43,3,1
18099.718,0.201,0.438,0.783,-85.39,10.04,-99.03,3,1
18099.734,0.165,0.444,0.764,-72.88,10.71,-101.96,3,1
18099.75,0.139,0.484,0.783,-63.75,13.37,-101.66,3,1
18099.75,0.09,0.486,0.797,-54.05,14.01,-101.35,3,1
18099.765,0.061,0.466,0.808,-41.38,12.54,-96.71,3,1
18099.781,0.061,0.492,0.809,-26.46,10.9,-90.46,3,1
18099.781,0.057,0.501,0.788,-11.93,9.52,-84.63,3,1
18099.796,0.078,0.481,0.77,-1.22,8.55,-78.55,3,1
18099.812,0.096,0.486,0.75,7.11,9.16,-76.82,3,1
18099.812,0.087,0.509,0.735,12.97,12.67,-78.19,3,1
18099.828,0.062,0.546,0.74,13.76,15.56,-79.35,3,1
18099.843,0.015,0.593,0.753,11.35,15.99,-77.21,3,1
18099.843,-0.017,0.621,0.787,7.51,11.17,-69.67,3,1
18099.859,-0.043,0.629,0.833,6.23,1.1,-58.44,3,1
18099.875,-0.02,0.607,0.87,9.92,-11.99,-48.37,3,1
18099.875,-0.007,0.589,0.857,14.01,-24.2,-43.64,3,1
18099.89,-0.02,0.546,0.844,13.58,-32.99,-38.7,3,1
18099.89,0.037,0.522,0.845,10.71,-38.7,-35.04,3,1
18099.906,0.093,0.526,0.84,9.0,-38.18,-36.23,3,1
18099.921,0.102,0.521,0.83,5.77,-31.95,-36.74,3,1
18099.921,0.116,0.491,0.836,1.01,-23.71,-33.69,3,1
18099.937,0.151,0.462,0.846,-2.56,-13.7,-29.45,3,1
18099.937,0.15,0.446,0.873,-4.33,-2.96,-26.92,3,1
18099.953,0.144,0.437,0.899,-4.49,4.46,-24.9,3,1
18099.968,0.139,0.415,0.909,-2.5,9.74,-23.16,3,1
18099.968,0.13,0.408,0.926,-0.67,13.76,-19.87,3,1
18099.984,0.123,0.403,0.95,2.62,17.67,-15.59,3,1
18100.0,0.121,0.394,0.96,6.38,20.14,-12.02,3,1
18100.0,0.121,0.408,0.965,7.84,20.87,-9.52,3,1
18100.015,0.118,0.423,0.967,6.47,21.73,-9.28,3,1
18100.031,0.106,0.407,0.963,1.71,21.55,-10.22,3,1
18100.031,0.1,0.388,0.965,-4.85,19.29,-11.72,3,1
18100.046,0.097,0.399,0.967,-11.02,15.96,-13.7,3,1
18100.062,0.098,0.396,0.956,-15.96,11.81,-14.37,3,1
18100.062,0.106,0.384,0.944,-20.48,7.75,-13.64,3,1
18100.078,0.112,0.378,0.934,-24.11,5.19,-11.69,3,1
18100.078,0.118,0.37,0.924,-26.03,3.88,-10.22,3,1
18100.093,0.119,0.361,0.918,-26.09,3.81,-9.7,3,1
18100.109,0.114,0.353,0.918,-24.54,4.0,-10.35,3,1
18100.109,0.11,0.346,0.926,-21.27,4.24,-13.28,3,1
18100.125,0.106,0.351,0.931,-16.42,4.24,-17.37,3,1
18100.14,0.101,0.364,0.923,-11.66,3.54,-19.2,3,1
18100.14,0.102,0.398,0.926,-7.2,3.27,-19.44,3,1
18100.156,0.091,0.423,0.922,-2.23,3.6,-16.11,3,1
18100.171,0.09,0.422,0.908,0.95,3.81,-11.02,3,1
18100.171,0.094,0.424,0.907,0.85,4.0,-8.0,3,1
18100.187,0.095,0.427,0.911,-0.03,4.33,-7.05,3,1
18100.187,0.091,0.432,0.914,-0.24,5.31,-5.55,3,1
18100.203,0.086,0.43,0.92,0.37,6.23,-3.02,3,1
18100.218,0.085,0.42,0.926,-0.49,5.58,-1.43,3,1
18100.234,0.085,0.425,0.931,-3.33,4.79,-3.39,3,1
18100.234,0.062,0.43,0.938,-8.85,3.85,-3.3,3,1
18100.25,0.053,0.525,0.956,-17.64,4.58,-1.19,3,1
18100.25,0.056,0.503,0.916,-25.48,4.97,3.27,3,1
18100.265,0.092,0.454,0.843,-33.97,8.03,6.23,3,1
18100.281,0.063,0.427,0.846,-39.06,15.5,4.39,3,1
18100.281,0.044,0.374,0.905,-36.29,20.29,7.32,3,1
18100.296,0.107,0.37,0.906,-31.37,21.52,5.92,3,1
18100.296,0.037,0.384,0.908,-32.29,24.23,0.85,3,1
18100.312,0.024,0.359,0.954,-36.35,23.47,3.17,3,1
18100.328,0.047,0.356,0.961,-38.76,19.96,4.55,3,1
18100.343,0.012,0.373,0.946,-42.15,17.7,1.31,3,1
18100.343,-0.028,0.42,0.95,-48.59,18.59,-3.3,3,1
18100.359,-0.107,0.517,0.963,-57.65,20.84,-8.42,3,1
18100.359,-0.185,0.617,1.008,-68.58,20.81,-10.44,3,1
18100.375,-0.274,0.753,1.163,-79.9,14.74,-10.5,3,1
18100.39,-0.391,0.763,1.231,-88.96,-9.8,-6.87,3,1
18100.39,-0.431,0.668,1.235,-96.96,-45.75,0.37,3,1
18100.406,-0.382,0.561,1.238,-97.45,-81.51,17.55,3,1
18100.421,-0.346,0.5,1.156,-81.06,-110.57,42.15,3,1
18100.421,-0.242,0.473,1.091,-49.29,-123.78,77.64,3,1
18100.437,-0.166,0.414,1.001,-18.92,-130.62,110.23,3,1
18100.437,-0.108,0.418,0.877,9.92,-130.1,134.86,3,1
18100.453,-0.056,0.416,0.775,45.14,-119.05,160.16,3,1
18100.468,-0.039,0.39,0.718,84.38,-105.78,186.1,3,1
18100.468,0.004,0.373,0.668,124.91,-92.47,211.77,3,1
18100.484,0.029,0.353,0.617,159.98,-77.91,234.9,3,1
18100.5,0.061,0.336,0.56,183.14,-63.33,252.85,3,1
18100.5,0.115,0.314,0.51,192.94,-49.13,264.96,3,1
18100.515,0.168,0.299,0.446,189.18,-32.72,273.45,3,1
18100.531,0.2,0.297,0.408,171.64,-12.27,278.33,3,1
18100.531,0.234,0.205,0.439,142.98,12.33,282.2,3,1
18100.546,0.433,0.005,0.639,113.65,45.69,279.37,3,1
18100.546,0.481,-0.075,0.738,97.66,76.2,260.35,3,1
18100.562,0.402,-0.09,0.784,89.39,94.12,238.26,3,1
18100.578,0.4,-0.165,0.836,79.9,101.44,213.97,3,1
18100.578,0.467,-0.269,0.939,64.76,104.01,188.91,3,1
18100.593,0.511,-0.29,1.037,50.75,101.44,152.68,3,1
18100.609,0.5,-0.275,1.082,40.28,95.52,111.88,3,1
18100.609,0.457,-0.27,1.134,31.68,88.2,75.2,3,1
18100.625,0.38,-0.224,1.206,23.56,76.24,45.87,3,1
18100.64,0.331,-0.18,1.246,19.99,57.83,26.98,3,1
18100.656,0.329,-0.14,1.22,20.17,38.79,17.46,3,1
18100.656,0.353,-0.069,1.173,17.94,23.53,10.44,3,1
18100.671,0.328,0.035,1.207,9.16,11.02,0.76,3,1
18100.671,0.263,0.128,1.37,-7.48,-7.81,-8.12,3,1
18100.687,0.367,0.173,1.326,-25.88,-34.0,-14.56,3,1
18100.703,0.421,0.263,1.19,-41.69,-42.88,-21.27,3,1
18100.703,0.441,0.261,1.1,-38.97,-33.2,-21.97,3,1
18100.718,0.457,0.204,1.033,-19.35,-19.38,-21.09,3,1
18100.718,0.416,0.214,0.975,0.89,-9.98,-26.06,3,1
18100.734,0.36,0.235,0.924,14.74,-6.68,-31.04,3,1
18100.75,0.337,0.24,0.881,19.84,-10.86,-35.22,3,1
18100.75,0.323,0.254,0.835,19.07,-19.38,-40.8,3,1
18100.765,0.318,0.272,0.808,12.85,-27.71,-46.24,3,1
18100.781,0.307,0.295,0.817,2.5,-34.94,-51.15,3,1
18100.781,0.299,0.307,0.836,-7.6,-41.69,-54.14,3,1
18100.796,0.307,0.321,0.841,-15.87,-46.94,-55.88,3,1
18100.812,0.325,0.333,0.851,-18.49,-47.18,-54.32,3,1
18100.812,0.355,0.369,0.88,-14.92,-41.87,-48.16,3,1
18100.828,0.376,0.413,0.922,-5.55,-33.57,-40.89,3,1
18100.828,0.376,0.453,0.935,5.28,-27.74,-35.16,3,1
18100.843,0.384,0.447,0.906,11.41,-25.06,-30.88,3,1
18100.859,0.374,0.423,0.871,10.41,-24.57,-30.21,3,1
18100.875,0.355,0.398,0.847,4.33,-26.18,-31.83,3,1
18100.875,0.354,0.369,0.833,-1.4,-28.5,-32.9,3,1
18100.89,0.351,0.34,0.824,-6.1,-30.15,-33.85,3,1
18100.89,0.336,0.345,0.806,-8.73,-29.42,-33.75,3,1
18100.906,0.336,0.349,0.797,-7.14,-24.11,-27.53,3,1
18100.921,0.36,0.376,0.806,-2.75,-15.14,-16.79,3,1
18100.921,0.376,0.414,0.855,4.67,-5.52,-8.73,3,1
18100.937,0.361,0.398,0.898,12.09,0.52,-5.22,3,1
18100.937,0.341,0.36,0.901,11.66,-0.18,-5.25,3,1
18100.953,0.342,0.363,0.88,5.49,-5.62,-8.82,3,1
18100.968,0.336,0.384,0.861,1.07,-9.95,-11.05,3,1
18100.984,0.327,0.388,0.859,-2.2,-12.79,-9.74,3,1
18100.984,0.33,0.368,0.854,-6.2,-15.9,-8.03,3,1
18101.0,0.343,0.378,0.838,-6.16,-16.39,-4.43,3,1
18101.0,0.365,0.379,0.823,-2.9,-12.6,1.53,3,1
18101.015,0.387,0.378,0.831,0.92,-6.99,5.22,3,1
18101.031,0.385,0.364,0.854,3.54,-2.35,5.74,3,1
18101.031,0.364,0.354,0.873,2.47,-1.4,3.66,3,1
18101.046,0.351,0.348,0.872,1.07,-3.81,2.2,3,1
18101.046,0.359,0.343,0.858,1.31,-7.02,1.86,3,1
18101.062,0.372,0.346,0.853,1.25,-9.7,1.16,3,1
18101.078,0.375,0.353,0.865,-0.49,-12.54,-0.85,3,1
18101.078,0.373,0.348,0.864,-3.36,-16.36,-4.3,3,1
18101.093,0.377,0.34,0.857,-5.58,-19.14,-6.74,3,1
18101.109,0.38,0.335,0.842,-5.34,-19.56,-6.62,3,1
18101.109,0.395,0.339,0.831,-4.24,-17.82,-5.55,3,1
18101.125,0.399,0.348,0.824,-2.96,-14.53,-5.28,3,1
18101.14,0.397,0.354,0.816,-2.72,-11.51,-5.65,3,1
18101.14,0.399,0.364,0.812,-4.06,-9.31,-6.1,3,1
18101.156,0.399,0.376,0.815,-5.68,-7.78,-6.35,3,1
18101.171,0.396,0.388,0.815,-7.48,-6.59,-6.2,3,1
18101.171,0.387,0.399,0.821,-9.74,-5.77,-5.19,3,1
18101.187,0.38,0.393,0.825,-12.09,-5.07,-3.23,3,1
18101.187,0.38,0.39,0.833,-16.14,-2.08,2.5,3,1
18101.203,0.385,0.38,0.834,-16.66,-0.52,3.88,3,1
18101.218,0.379,0.35,0.84,-17.33,1.25,5.4,3,1
18101.218,0.384,0.341,0.842,-18.43,4.39,6.65,3,1
18101.234,0.399,0.312,0.866,-18.56,7.87,6.01,3,1
18101.25,0.38,0.319,0.892,-18.37,9.06,5.62,3,1
18101.25,0.396,0.342,0.905,-19.23,8.21,6.74,3,1
18101.265,0.395,0.345,0.949,-20.6,5.68,5.92,3,1
18101.265,0.355,0.342,0.949,-22.89,-3.11,3.54,3,1
18101.281,0.345,0.375,0.875,-27.68,-11.26,4.39,3,1
18101.296,0.391,0.38,0.87,-31.46,-13.95,8.33,3,1
18101.296,0.385,0.33,0.825,-29.27,-12.57,10.68,3,1
18101.312,0.407,0.316,0.855,-28.44,-9.83,11.96,3,1
18101.328,0.387,0.28,0.845,-21.85,-8.21,9.89,3,1
18101.343,0.406,0.257,0.829,-15.11,-4.43,9.95,3,1
18101.343,0.405,0.219,0.854,-7.69,1.4,8.94,3,1
18101.359,0.382,0.173,0.857,0.82,4.85,6.65,3,1
18101.359,0.366,0.152,0.848,7.29,6.07,4.43,3,1
18101.375,0.369,0.145,0.873,13.21,4.24,2.38,3,1
18101.39,0.363,0.157,0.907,21.15,-0.58,0.7,3,1
18101.39,0.378,0.169,0.93,29.94,-8.67,-0.85,3,1
18101.406,0.416,0.221,0.927,37.84,-17.0,-3.91,3,1
18101.421,0.45,0.35,0.808,38.67,-18.98,-5.71,3,1
18101.421,0.529,0.443,0.766,24.72,-10.13,-7.9,3,1
18101.437,0.465,0.432,0.791,13.21,4.49,-12.39,3,1
18101.453,0.408,0.409,0.761,8.48,14.28,-10.99,3,1
18101.453,0.385,0.387,0.743,1.43,18.31,-8.36,3,1
18101.468,0.375,0.372,0.783,-6.62,20.36,-6.07,3,1
18101.468,0.374,0.391,0.876,-10.47,21.49,-1.68,3,1
18101.484,0.329,0.41,0.954,-8.82,18.56,2.84,3,1
18101.5,0.317,0.4,0.957,-7.6,10.53,8.36,3,1
18101.515,0.352,0.36,0.92,-8.18,3.11,12.73,3,1
18101.515,0.368,0.309,0.888,-5.55,2.2,16.08,3,1
18101.531,0.377,0.275,0.856,-0.92,5.13,18.86,3,1
18101.531,0.384,0.26,0.853,4.7,10.59,21.15,3,1
18101.546,0.372,0.258,0.87,10.53,16.05,23.04,3,1
18101.562,0.363,0.273,0.893,15.14,18.4,24.63,3,1
18101.562,0.368,0.31,0.92,17.06,17.61,25.94,3,1
18101.578,0.38,0.316,0.91,17.37,13.92,24.29,3,1
18101.578,0.372,0.323,0.87,16.6,10.53,21.67,3,1
18101.593,0.38,0.334,0.832,15.5,9.89,21.18,3,1
18101.609,0.382,0.335,0.833,13.55,10.47,21.06,3,1
18101.609,0.376,0.333,0.839,12.76,10.96,21.09,3,1
18101.625,0.377,0.348,0.846,13.73,12.09,22.58,3,1
18101.64,0.383,0.346,0.849,16.08,14.07,24.75,3,1
18101.64,0.393,0.342,0.856,18.16,16.72,26.4,3,1
18101.656,0.386,0.331,0.853,19.32,19.2,26.61,3,1
18101.656,0.382,0.319,0.852,19.04,21.61,26.67,3,1
18101.671,0.383,0.318,0.853,19.68,24.48,27.28,3,1
18101.687,0.38,0.312,0.853,21.61,27.25,27.74,3,1
18101.687,0.36,0.307,0.875,22.55,28.38,27.74,3,1
18101.703,0.362,0.295,0.894,21.94,26.12,27.5,3,1
18101.718,0.373,0.319,0.898,21.3,23.32,23.59,3,1
18101.718,0.352,0.3,0.903,18.43,19.87,17.98,3,1
18101.734,0.346,0.298,0.905,15.29,16.72,15.35,3,1
18101.75,0.357,0.302,0.89,16.3,15.05,14.59,3,1
18101.75,0.368,0.309,0.877,19.2,14.77,13.52,3,1
18101.765,0.362,0.324,0.868,20.84,15.2,11.11,3,1
18101.781,0.349,0.333,0.874,20.23,15.41,10.16,3,1
18101.781,0.346,0.342,0.871,20.17,15.9,11.51,3,1
18101.796,0.358,0.357,0.868,21.85,16.91,13.73,3,1
18101.796,0.362,0.363,0.857,24.87,18.77,14.8,3,1
18101.812,0.359,0.36,0.848,28.41,21.73,15.53,3,1
18101.828,0.357,0.359,0.854,31.04,24.02,15.72,3,1
18101.843,0.337,0.365,0.868,30.24,23.41,13.7,3,1
18101.843,0.321,0.367,0.874,26.15,19.96,11.41,3,1
18101.859,0.323,0.36,0.881,22.92,16.21,10.74,3,1
18101.859,0.331,0.362,0.875,22.4,13.18,10.07,3,1
18101.875,0.325,0.374,0.862,21.52,10.44,8.33,3,1
18101.89,0.318,0.383,0.851,18.74,8.39,7.26,3,1
18101.89,0.317,0.385,0.855,16.39,7.32,7.02,3,1
18101.906,0.313,0.392,0.862,16.02,7.23,8.45,3,1
18101.921,0.328,0.4,0.869,18.46,9.22,12.27,3,1
18101.921,0.339,0.397,0.869,24.02,12.02,14.59,3,1
18101.937,0.335,0.385,0.859,28.44,12.73,13.79,3,1
18101.937,0.314,0.39,0.859,27.77,11.87,12.48,3,1
18101.953,0.313,0.398,0.851,23.83,9.86,12.18,3,1
18101.968,0.322,0.388,0.841,19.35,7.72,11.51,3,1
18101.984,0.327,0.377,0.832,15.99,5.95,9.46,3,1
18101.984,0.328,0.384,0.827,13.12,5.49,7.66,3,1
18102.0,0.322,0.394,0.835,10.28,5.58,6.07,3,1
18102.0,0.327,0.404,0.851,7.97,5.52,5.49,3,1
18102.015,0.327,0.397,0.853,7.32,4.97,4.67,3,1
18102.031,0.327,0.391,0.849,6.71,3.42,2.93,3,1
18102.031,0.33,0.41,0.857,4.94,1.8,1.46,3,1
18102.046,0.322,0.419,0.847,2.53,-0.58,-0.55,3,1
18102.046,0.31,0.43,0.844,0.34,-1.31,-0.4,3,1
18102.062,0.323,0.425,0.864,0.34,-0.03,2.47,3,1
18102.078,0.315,0.396,0.866,2.29,-0.34,2.93,3,1
18102.078,0.31,0.398,0.856,3.11,-1.31,2.9,3,1
18102.093,0.323,0.401,0.854,3.57,-1.19,3.42,3,1
18102.109,0.316,0.398,0.856,5.77,-0.89,3.51,3,1
18102.125,0.318,0.403,0.844,7.26,-0.85,4.12,3,1
18102.125,0.326,0.41,0.846,7.42,-0.85,4.15,3,1
18102.14,0.329,0.414,0.834,5.4,-2.01,2.53,3,1
18102.14,0.334,0.412,0.823,1.28,-4.18,-0.55,3,1
18102.156,0.335,0.415,0.814,-2.96,-6.65,-3.85,3,1
18102.171,0.338,0.446,0.81,-7.14,-9.52,-6.26,3,1
18102.171,0.344,0.489,0.813,-13.4,-12.15,-7.54,3,1
18102.187,0.332,0.492,0.785,-30.82,-14.28,-8.15,3,1
18102.187,0.339,0.459,0.793,-32.32,-9.7,-4.61,3,1
18102.203,0.365,0.404,0.885,-24.08,-6.35,-3.02,3,1
18102.218,0.342,0.256,1.005,-10.44,-8.76,-5.07,3,1
18102.218,0.305,0.252,0.935,1.25,-9.03,-8.27,3,1
18102.234,0.325,0.266,0.884,9.98,-7.66,-9.7,3,1
18102.25,0.334,0.318,0.824,13.86,-4.43,-12.79,3,1
18102.25,0.318,0.377,0.82,16.72,-0.12,-14.68,3,1
18102.265,0.3,0.438,0.818,19.78,2.01,-13.49,3,1
18102.281,0.278,0.469,0.811,21.09,3.02,-9.89,3,1
18102.281,0.27,0.488,0.806,20.08,2.08,-4.82,3,1
18102.296,0.272,0.497,0.815,16.17,-2.2,-0.31,3,1
18102.296,0.302,0.469,0.821,11.54,-10.25,2.75,3,1
18102.312,0.318,0.439,0.832,6.65,-17.94,3.69,3,1
18102.328,0.293,0.42,0.841,3.08,-23.68,3.63,3,1
18102.328,0.394,0.398,0.778,-2.81,-24.99,4.94,3,1
18102.343,0.388,0.409,0.781,-11.35,-17.06,0.34,3,1
18102.359,0.414,0.393,0.813,-14.1,-7.84,-1.04,3,1
18102.359,0.43,0.381,0.847,-12.57,0.03,-2.66,3,1
18102.375,0.416,0.357,0.9,-6.68,4.39,-5.46,3,1
18102.39,0.394,0.343,0.932,1.31,4.76,-9.43,3,1
18102.39,0.386,0.297,0.89,10.59,3.97,-13.92,3,1
18102.406,0.334,0.29,0.911,21.21,5.98,-17.03,3,1
18102.421,0.322,0.311,0.912,34.15,5.49,-16.6,3,1
18102.421,0.322,0.345,0.868,43.43,5.95,-17.18,3,1
18102.437,0.283,0.384,0.842,52.19,11.11,-16.54,3,1
18102.453,0.27,0.447,0.817,56.67,14.07,-13.61,3,1
18102.453,0.254,0.498,0.811,55.64,12.6,-10.83,3,1
18102.468,0.255,0.541,0.785,51.42,8.64,-6.99,3,1
18102.468,0.252,0.577,0.821,45.32,4.58,-2.62,3,1
18102.484,0.28,0.568,0.8,41.81,-1.01,2.96,3,1
18102.5,0.32,0.568,0.784,34.03,-5.49,5.07,3,1
18102.5,0.285,0.539,0.805,25.67,-10.32,4.49,3,1
18102.515,0.297,0.522,0.795,15.53,-19.38,4.43,3,1
18102.531,0.297,0.504,0.789,5.92,-26.98,4.12,3,1
18102.531,0.301,0.442,0.775,-3.57,-33.08,3.45,3,1
18102.546,0.335,0.457,0.785,-6.81,-34.64,3.57,3,1
18102.562,0.394,0.47,0.795,-2.26,-29.88,7.32,3,1
18102.562,0.388,0.479,0.779,2.47,-24.63,5.68,3,1
18102.578,0.398,0.469,0.773,5.92,-19.84,4.3,3,1
18102.578,0.404,0.463,0.769,8.15,-16.39,1.62,3,1
18102.593,0.406,0.463,0.753,8.18,-13.76,-1.46,3,1
18102.609,0.41,0.45,0.736,8.51,-10.19,-4.58,3,1
18102.625,0.4,0.507,0.742,2.84,-8.94,-9.95,3,1
18102.625,0.395,0.504,0.727,-4.33,-9.61,-14.68,3,1
18102.64,0.36,0.525,0.717,-12.05,-10.07,-18.28,3,1
18102.64,0.334,0.575,0.716,-20.78,-10.47,-18.59,3,1
18102.656,0.33,0.607,0.726,-27.83,-7.6,-13.06,3,1
18102.671,0.336,0.589,0.743,-31.74,-3.33,-6.23,3,1
18102.671,0.333,0.541,0.763,-34.27,-0.46,-1.5,3,1
18102.687,0.319,0.503,0.786,-38.42,0.09,1.25,3,1
18102.687,0.31,0.458,0.818,-42.94,-1.43,2.04,3,1
18102.703,0.312,0.42,0.855,-44.59,-4.39,2.04,3,1
18102.718,0.323,0.4,0.876,-42.12,-7.23,2.2,3,1
18102.734,0.335,0.387,0.892,-37.26,-10.25,1.77,3,1
18102.734,0.344,0.382,0.905,-31.34,-13.73,0.18,3,1
18102.75,0.353,0.381,0.898,-24.17,-16.97,-1.4,3,1
18102.75,0.36,0.382,0.882,-16.42,-19.62,-2.04,3,1
18102.765,0.37,0.382,0.865,-9.95,-20.81,-2.53,3,1
18102.781,0.381,0.385,0.85,-4.7,-21.03,-3.17,3,1
18102.781,0.385,0.392,0.836,-0.31,-20.6,-4.39,3,1
18102.796,0.386,0.405,0.82,2.59,-19.81,-5.86,3,1
18102.796,0.389,0.419,0.799,4.03,-18.04,-6.56,3,1
18102.812,0.389,0.432,0.782,4.12,-15.63,-6.65,3,1
18102.828,0.388,0.449,0.776,3.42,-13.25,-6.01,3,1
18102.843,0.387,0.453,0.775,1.8,-11.14,-5.22,3,1
18102.843,0.388,0.461,0.772,-0.89,-9.43,-4.24,3,1
18102.859,0.393,0.464,0.773,-3.27,-8.12,-3.54,3,1
18102.859,0.382,0.458,0.772,-5.86,-6.59,-2.9,3,1
18102.875,0.382,0.445,0.778,-8.3,-4.82,-1.62,3,1
18102.89,0.392,0.426,0.791,-8.97,-2.53,-0.43,3,1
18102.89,0.4,0.422,0.8,-8.09,-0.24,-0.15,3,1
18102.906,0.399,0.421,0.807,-7.54,1.53,-0.89,3,1
18102.921,0.391,0.415,0.81,-7.54,2.23,-2.5,3,1
18102.921,0.383,0.414,0.813,-6.59,1.95,-3.57,3,1
18102.937,0.381,0.426,0.818,-5.25,2.11,-3.57,3,1
18102.937,0.382,0.44,0.824,-4.49,2.62,-2.93,3,1
18102.953,0.377,0.442,0.834,-3.57,2.9,-2.72,3,1
18102.968,0.359,0.432,0.838,-2.26,2.41,-2.44,3,1
18102.968,0.355,0.422,0.844,-1.07,0.82,-1.77,3,1
18102.984,0.358,0.42,0.849,0.12,-1.71,-1.25,3,1
18103.0,0.36,0.407,0.844,1.4,-4.15,-1.31,3,1
18103.0,0.36,0.411,0.835,2.62,-5.68,-1.07,3,1
18103.015,0.371,0.428,0.829,4.61,-5.65,0.18,3,1
18103.031,0.391,0.431,0.828,6.96,-4.94,1.04,3,1
18103.031,0.403,0.424,0.821,9.4,-3.97,0.85,3,1
18103.046,0.41,0.416,0.819,11.17,-1.65,-0.43,3,1
18103.062,0.411,0.415,0.783,13.31,1.13,-2.08,3,1
18103.062,0.406,0.428,0.757,15.23,5.71,-2.81,3,1
18103.078,0.399,0.441,0.765,14.47,10.25,-3.66,3,1
18103.078,0.381,0.448,0.764,10.86,11.38,-5.58,3,1
18103.093,0.37,0.451,0.761,6.13,11.2,-6.44,3,1
18103.109,0.363,0.464,0.772,0.64,11.05,-6.5,3,1
18103.109,0.35,0.466,0.811,-3.66,9.67,-5.89,3,1
18103.125,0.346,0.461,0.829,-5.4,6.96,-4.58,3,1
18103.14,0.345,0.457,0.834,-5.83,5.19,-2.5,3,1
18103.14,0.351,0.433,0.839,-5.34,3.75,-1.13,3,1
18103.156,0.354,0.417,0.833,-4.55,2.2,-1.25,3,1
18103.171,0.355,0.412,0.828,-1.68,0.55,-2.87,3,1
18103.171,0.363,0.413,0.825,-0.95,0.73,-3.36,3,1
18103.187,0.366,0.438,0.835,0.27,0.67,-3.97,3,1
18103.187,0.366,0.443,0.819,1.25,0.92,-4.09,3,1
18103.203,0.366,0.425,0.787,2.32,1.4,-4.67,3,1
18103.218,0.376,0.439,0.778,1.83,3.6,-5.1,3,1
18103.218,0.361,0.45,0.798,0.15,5.4,-5.98,3,1
18103.234,0.354,0.439,0.795,-1.71,5.52,-6.65,3,1
18103.25,0.359,0.457,0.817,-3.08,5.86,-6.01,3,1
18103.265,0.348,0.466,0.839,-3.36,5.52,-5.28,3,1
18103.265,0.338,0.444,0.845,-3.08,3.11,-5.55,3,1
18103.281,0.327,0.434,0.839,-2.87,0.03,-5.43,3,1
18103.281,0.338,0.441,0.834,-2.75,-2.5,-3.85,3,1
18103.296,0.353,0.449,0.834,-2.26,-3.85,-2.5,3,1
18103.312,0.358,0.433,0.82,-1.31,-4.76,-3.02,3,1
18103.312,0.36,0.436,0.813,-1.74,-5.77,-3.81,3,1
18103.328,0.362,0.443,0.804,-2.53,-6.38,-4.76,3,1
18103.343,0.363,0.447,0.8,-3.45,-6.1,-5.01,3,1
18103.343,0.363,0.443,0.792,-4.0,-5.31,-4.88,3,1
18103.359,0.369,0.446,0.802,-4.61,-4.46,-4.82,3,1
18103.359,0.358,0.465,0.824,-5.62,-3.85,-4.82,3,1
18103.375,0.36,0.454,0.819,-5.92,-4.7,-5.07,3,1
18103.39,0.365,0.427,0.815,-5.22,-5.43,-6.01,3,1
18103.39,0.382,0.412,0.825,-3.51,-5.25,-6.96,3,1
18103.406,0.386,0.409,0.839,-0.61,-3.78,-8.3,3,1
18103.421,0.385,0.395,0.835,2.99,-2.62,-9.86,3,1
18103.421,0.382,0.384,0.837,6.44,-1.22,-11.35,3,1
18103.437,0.376,0.388,0.847,10.53,0.18,-12.48,3,1
18103.437,0.364,0.418,0.858,14.1,1.16,-12.94,3,1
18103.453,0.351,0.44,0.837,16.08,1.77,-12.82,3,1
18103.468,0.337,0.448,0.81,17.49,2.81,-12.39,3,1
18103.468,0.314,0.451,0.786,18.13,3.97,-11.26,3,1
18103.484,0.32,0.467,0.768,15.35,6.38,-10.35,3,1
18103.5,0.28,0.505,0.813,11.32,7.39,-10.35,3,1
18103.5,0.284,0.519,0.786,8.7,5.98,-7.14,3,1
18103.515,0.277,0.534,0.786,2.47,3.81,-4.3,3,1
18103.531,0.289,0.53,0.795,-2.96,1.04,-0.58,3,1
18103.531,0.301,0.523,0.79,-8.3,-1.92,2.23,3,1
18103.546,0.314,0.507,0.78,-13.58,-3.97,4.39,3,1
18103.546,0.334,0.48,0.781,-17.73,-4.46,5.58,3,1
18103.562,0.343,0.458,0.796,-20.14,-4.67,5.77,3,1
18103.578,0.356,0.454,0.809,-21.94,-5.74,5.04,3,1
18103.578,0.366,0.448,0.813,-23.47,-7.42,3.3,3,1
18103.593,0.377,0.43,0.811,-24.29,-8.97,1.1,3,1
18103.609,0.38,0.412,0.808,-24.41,-9.77,-1.71,3,1
18103.609,0.387,0.405,0.809,-24.14,-9.61,-3.97,3,1
18103.625,0.378,0.415,0.821,-23.77,-8.7,-6.04,3,1
18103.64,0.373,0.423,0.83,-22.98,-7.69,-6.68,3,1
18103.64,0.372,0.417,0.835,-21.91,-6.65,-6.56,3,1
18103.656,0.366,0.397,0.844,-19.87,-5.65,-6.59,3,1
18103.671,0.365,0.386,0.853,-16.75,-4.67,-6.59,3,1
18103.671,0.366,0.377,0.858,-13.0,-3.57,-7.11,3,1
18103.687,0.359,0.379,0.858,-8.33,-2.53,-7.87,3,1
18103.703,0.356,0.391,0.848,-4.0,-1.46,-8.27,3,1
18103.703,0.353,0.401,0.837,-1.37,-0.58,-9.03,3,1
18103.718,0.353,0.409,0.826,0.12,0.49,-9.67,3,1
18103.718,0.351,0.415,0.824,1.43,2.08,-9.86,3,1
18103.734,0.336,0.433,0.835,3.11,3.88,-8.94,3,1
18103.75,0.323,0.438,0.844,4.43,4.64,-7.32,3,1
18103.75,0.323,0.433,0.84,5.1,4.64,-5.25,3,1
18103.765,0.324,0.428,0.834,6.07,5.1,-3.45,3,1
18103.781,0.328,0.422,0.833,6.65,6.07,-2.32,3,1
18103.781,0.326,0.426,0.844,6.44,7.05,-1.74,3,1
18103.796,0.322,0.419,0.839,6.65,6.93,-1.28,3,1
18103.796,0.326,0.419,0.838,6.5,6.65,-0.82,3,1
18103.812,0.32,0.422,0.84,6.84,6.2,-0.55,3,1
18103.828,0.318,0.436,0.836,6.44,5.1,0.24,3,1
18103.828,0.319,0.455,0.832,5.25,3.94,1.5,3,1
18103.843,0.327,0.452,0.817,4.67,3.14,2.99,3,1
18103.859,0.339,0.443,0.815,3.45,2.75,3.54,3,1
18103.859,0.345,0.443,0.82,1.92,2.59,3.23,3,1
18103.875,0.352,0.437,0.818,1.28,2.35,2.23,3,1
18103.89,0.35,0.43,0.82,0.73,2.08,0.55,3,1
18103.89,0.349,0.425,0.814,0.55,1.8,-0.95,3,1
18103.906,0.38,0.419,0.768,-0.73,3.66,-2.14,3,1
18103.921,0.361,0.445,0.844,-2.78,6.99,-4.91,3,1
18103.921,0.318,0.433,0.844,-0.89,5.58,-6.41,3,1
18103.937,0.342,0.434,0.816,-3.17,2.44,-6.74,3,1
18103.937,0.335,0.442,0.832,-4.73,2.87,-7.35,3,1
18103.953,0.313,0.445,0.852,-3.91,2.99,-7.05,3,1
18103.968,0.3,0.433,0.851,-2.96,1.13,-6.26,3,1
18103.968,0.302,0.43,0.856,-2.47,-0.79,-5.13,3,1
18103.984,0.307,0.437,0.846,-1.95,-1.53,-3.88,3,1
18104.0,0.319,0.423,0.834,-0.67,-0.89,-3.2,3,1
18104.0,0.312,0.42,0.834,0.58,0.55,-2.87,3,1
18104.015,0.311,0.422,0.833,1.62,1.22,-2.47,3,1
18104.031,0.316,0.437,0.84,1.25,1.71,-1.92,3,1
18104.031,0.312,0.44,0.835,1.19,1.92,-1.28,3,1
18104.046,0.318,0.436,0.833,1.22,2.23,-0.18,3,1
18104.062,0.32,0.431,0.837,1.31,2.41,0.55,3,1
18104.062,0.32,0.432,0.839,1.16,1.98,0.76,3,1
18104.078,0.322,0.439,0.836,0.46,1.83,1.16,3,1
18104.078,0.325,0.427,0.83,0.82,1.86,1.4,3,1
18104.093,0.324,0.425,0.837,1.53,2.38,1.77,3,1
18104.109,0.323,0.433,0.84,1.86,2.35,2.08,3,1
18104.109,0.322,0.44,0.841,1.95,1.77,2.01,3,1
18104.125,0.325,0.438,0.832,1.8,1.19,1.71,3,1
18104.14,0.322,0.431,0.831,1.65,0.7,1.13,3,1
18104.14,0.314,0.441,0.838,1.1,-0.95,0.92,3,1
18104.156,0.306,0.456,0.838,0.79,-1.65,1.95,3,1
18104.156,0.297,0.467,0.846,1.83,-2.56,4.46,3,1
18104.171,0.286,0.47,0.863,4.46,-4.03,8.0,3,1
18104.187,0.29,0.424,0.927,8.42,-6.23,10.71,3,1
18104.203,0.266,0.413,0.945,14.95,-10.59,11.87,3,1
18104.203,0.264,0.391,1.007,20.75,-17.21,12.88,3,1
18104.218,0.253,0.364,1.133,33.94,-29.6,13.43,3,1
18104.218,0.273,0.36,1.106,51.21,-45.41,15.75,3,1
18104.234,0.297,0.324,1.089,62.99,-59.3,14.86,3,1
18104.25,0.345,0.243,1.077,76.39,-73.09,9.13,3,1
18104.25,0.387,0.216,1.037,88.32,-84.69,-0.31,3,1
18104.265,0.422,0.195,0.984,99.22,-93.57,-12.48,3,1
18104.281,0.469,0.188,0.937,109.01,-99.12,-26.4,3,1
18104.281,0.496,0.211,0.886,116.15,-100.86,-41.54,3,1
18104.296,0.532,0.247,0.823,122.41,-99.83,-59.02,3,1
18104.312,0.548,0.309,0.77,124.3,-94.85,-75.75,3,1
18104.312,0.563,0.361,0.725,123.97,-86.28,-91.98,3,1
18104.328,0.577,0.461,0.668,121.62,-75.69,-105.87,3,1
18104.328,0.634,0.647,0.599,105.87,-63.51,-97.17,3,1
18104.343,0.506,0.712,0.7,55.06,-44.13,-73.52,3,1
18104.359,0.534,0.731,0.639,12.88,-38.06,-80.14,3,1
18104.359,0.538,0.734,0.651,-50.54,-33.14,-73.09,3,1
18104.375,0.49,0.721,0.619,-112.37,-27.77,-81.88,3,1
18104.39,0.505,0.65,0.611,-169.8,-26.73,-90.37,3,1
18104.406,0.495,0.597,0.613,-211.25,-20.17,-98.85,3,1
18104.406,0.484,0.519,0.612,-232.89,-11.78,-103.46,3,1
18104.406,0.462,0.437,0.62,-241.58,-2.44,-107.49,3,1
18104.421,0.49,0.386,0.634,-239.39,7.2,-114.57,3,1
18104.437,0.439,0.318,0.655,-226.72,17.79,-127.45,3,1
18104.437,0.412,0.262,0.696,-206.43,25.91,-135.93,3,1
18104.453,0.368,0.263,0.716,-179.24,33.63,-143.19,3,1
18104.468,0.335,0.276,0.707,-149.42,42.6,-148.26,3,1
18104.468,0.293,0.331,0.692,-125.4,52.31,-153.17,3,1
18104.484,0.247,0.419,0.685,-106.48,62.44,-157.38,3,1
18104.5,0.189,0.508,0.705,-91.56,75.5,-157.26,3,1
18104.5,0.106,0.58,0.726,-82.58,86.52,-149.11,3,1
18104.515,0.037,0.602,0.759,-75.93,90.58,-130.99,3,1
18104.531,-0.012,0.575,0.785,-69.49,85.27,-106.57,3,1
18104.531,-0.038,0.555,0.802,-60.12,74.65,-81.64,3,1
18104.546,-0.059,0.576,0.813,-46.66,65.0,-60.91,3,1
18104.562,-0.074,0.599,0.815,-34.55,56.22,-45.53,3,1
18104.562,-0.112,0.553,0.814,-27.47,45.23,-30.79,3,1
18104.578,-0.027,0.571,0.813,-22.86,38.06,-21.33,3,1
18104.578,-0.097,0.558,0.809,-22.98,35.13,-22.98,3,1
18104.593,-0.134,0.464,0.825,-33.23,24.81,-18.13,3,1
18104.609,-0.057,0.458,0.846,-42.79,16.85,-16.72,3,1
18104.609,-0.072,0.491,0.851,-47.61,15.05,-22.71,3,1
18104.625,-0.112,0.433,0.852,-53.44,13.31,-26.43,3,1
18104.64,-0.118,0.35,0.878,-60.06,12.76,-30.92,3,1
18104.64,-0.101,0.331,0.915,-61.4,12.88,-38.3,3,1
18104.656,-0.111,0.326,0.925,-57.68,12.42,-47.7,3,1
18104.671,-0.112,0.328,0.922,-56.73,9.92,-54.93,3,1
18104.671,-0.106,0.345,0.919,-59.54,6.44,-58.57,3,1
18104.687,-0.109,0.326,0.92,-62.01,2.9,-57.31,3,1
18104.703,-0.099,0.277,0.92,-60.85,-0.82,-50.51,3,1
18104.703,-0.071,0.235,0.919,-55.27,-1.1,-44.01,3,1
18104.718,-0.039,0.219,0.909,-46.94,1.07,-41.51,3,1
18104.718,-0.021,0.202,0.909,-37.17,5.4,-42.39,3,1
18104.734,-0.016,0.185,0.904,-28.57,9.67,-45.9,3,1
18104.75,-0.013,0.197,0.877,-20.91,12.45,-50.57,3,1
18104.75,-0.046,0.216,0.867,-14.1,15.81,-52.95,3,1
18104.765,-0.063,0.232,0.873,-10.13,17.3,-50.42,3,1
18104.781,-0.147,0.36,1.001,-4.58,16.54,-44.62,3,1
18104.781,-0.192,0.468,1.2,13.0,9.7,-24.23,3,1
18104.796,-0.143,0.409,1.156,22.95,-9.67,-5.83,3,1
18104.812,-0.113,0.417,1.073,7.84,-22.77,0.24,3,1
18104.812,-0.038,0.391,1.055,-12.09,-20.42,4.0,3,1
18104.828,0.013,0.264,1.043,-22.77,-10.1,4.15,3,1
18104.828,0.029,0.136,1.051,-22.98,1.46,1.92,3,1
18104.843,0.049,0.102,1.059,-13.61,10.01,-2.87,3,1
18104.859,0.054,0.145,1.063,-0.31,12.91,-7.72,3,1
18104.859,0.034,0.183,1.053,12.12,10.93,-8.94,3,1
18104.875,0.005,0.212,1.053,17.09,6.53,-6.04,3,1
18104.89,-0.014,0.226,1.08,15.38,1.59,-2.9,3,1
18104.89,-0.023,0.219,1.104,14.5,-3.54,-3.27,3,1
18104.906,-0.048,0.221,1.102,15.14,-7.66,-6.38,3,1
18104.921,-0.047,0.244,1.079,15.66,-10.62,-8.76,3,1
18104.921,-0.036,0.267,1.054,15.53,-12.82,-8.88,3,1
18104.937,-0.03,0.286,1.025,14.83,-13.82,-7.84,3,1
18104.937,-0.01,0.277,0.981,15.38,-13.52,-6.07,3,1
18104.953,0.013,0.271,0.953,16.08,-11.66,-3.75,3,1
18104.968,0.028,0.302,0.927,14.92,-8.7,-1.77,3,1
18104.968,0.03,0.332,0.891,15.66,-2.56,3.3,3,1
18104.984,0.058,0.317,0.868,16.91,5.58,8.39,3,1
18105.0,0.061,0.336,0.85,15.56,14.19,8.88,3,1
18105.0,0.024,0.361,0.86,11.02,23.29,7.45,3,1
18105.015,-0.031,0.372,0.895,3.6,29.33,8.09,3,1
18105.031,-0.076,0.352,0.937,-5.25,30.55,10.01,3,1
18105.031,-0.118,0.324,0.98,-12.88,27.65,8.79,3,1
18105.046,-0.186,0.351,1.046,-17.24,21.49,2.59,3,1
18105.046,-0.271,0.447,1.133,-15.99,11.54,-4.79,3,1
18105.062,-0.39,0.589,1.244,-10.59,-5.77,-5.83,3,1
18105.078,-0.516,0.661,1.345,-0.67,-30.88,5.31,3,1
18105.093,-0.567,0.671,1.337,16.85,-62.26,30.7,3,1
18105.093,-0.529,0.649,1.217,53.07,-91.74,75.2,3,1
18105.109,-0.416,0.724,0.933,108.1,-100.22,129.76,3,1
18105.125,-0.223,0.724,0.83,152.38,-86.12,169.87,3,1
18105.125,-0.091,0.697,0.733,175.12,-70.5,189.12,3,1
18105.14,-0.019,0.663,0.637,190.53,-22.4,220.22,3,1
18105.14,0.007,0.627,0.62,188.6,-2.32,235.42,3,1
18105.156,0.037,0.577,0.629,176.73,7.84,244.76,3,1
18105.171,0.011,0.5,0.457,159.73,7.57,248.48,3,1
18105.171,0.004,0.475,0.386,143.65,3.11,249.76,3,1
18105.187,0.017,0.458,0.344,128.24,-6.56,254.16,3,1
18105.187,0.048,0.431,0.289,110.2,-13.67,261.33,3,1
18105.203,0.121,0.403,0.315,85.88,-5.77,270.58,3,1
18105.218,0.203,0.364,0.411,60.79,17.33,275.31,3,1
18105.218,0.321,0.196,0.547,42.54,51.33,270.0,3,1
18105.234,0.372,-0.061,0.707,35.46,81.7,245.92,3,1
18105.25,0.43,-0.098,0.875,34.85,106.39,208.69,3,1
18105.265,0.398,-0.003,0.986,38.12,123.14,176.52,3,1
18105.265,0.34,0.023,1.083,36.74,125.89,146.86,3,1
18105.281,0.305,0.022,1.166,28.53,117.95,121.65,3,1
18105.281,0.295,0.04,1.184,20.63,107.58,105.44,3,1
18105.296,0.282,0.073,1.187,10.35,98.64,93.94,3,1
18105.312,0.259,0.073,1.21,-3.51,86.98,80.66,3,1
18105.312,0.279,0.074,1.213,-23.41,69.06,63.88,3,1
18105.328,0.317,0.056,1.18,-49.01,49.29,44.89,3,1
18105.328,0.323,0.042,1.141,-74.04,31.53,21.18,3,1
18105.343,0.337,0.023,1.086,-90.82,19.01,-1.13,3,1
18105.359,0.341,0.01,1.03,-96.96,14.22,-17.82,3,1
18105.375,0.342,0.03,0.98,-92.35,16.45,-30.76,3,1
18105.375,0.224,0.087,1.114,-75.41,21.58,-38.82,3,1
18105.39,-0.007,0.19,1.463,-30.76,10.86,-27.59,3,1
18105.39,0.234,0.232,1.355,26.0,-23.44,0.43,3,1
18105.406,0.336,0.395,1.086,51.03,-41.96,0.31,3,1
18105.421,0.341,0.441,0.99,53.96,-40.07,-11.32,3,1
18105.421,0.332,0.455,0.946,47.91,-35.98,-19.71,3,1
18105.437,0.317,0.504,0.899,29.97,-38.54,-30.67,3,1
18105.453,0.28,0.514,0.846,1.22,-46.33,-44.4,3,1
18105.453,0.254,0.491,0.836,-24.9,-54.2,-51.94,3,1
18105.468,0.237,0.428,0.833,-38.36,-60.0,-50.63,3,1
18105.484,0.251,0.368,0.811,-38.48,-60.43,-42.91,3,1
18105.484,0.275,0.349,0.799,-25.79,-57.13,-35.16,3,1
18105.5,0.298,0.356,0.801,-3.23,-51.39,-28.72,3,1
18105.5,0.327,0.423,0.813,18.59,-42.91,-22.46,3,1
18105.515,0.332,0.49,0.835,30.46,-35.34,-18.25,3,1
18105.531,0.334,0.542,0.859,30.03,-31.77,-15.93,3,1
18105.531,0.33,0.569,0.873,19.71,-33.05,-15.17,3,1
18105.546,0.32,0.547,0.865,4.82,-38.18,-16.14,3,1
18105.546,0.313,0.489,0.828,-8.03,-43.46,-17.37,3,1
18105.562,0.329,0.438,0.78,-14.8,-44.4,-16.08,3,1
18105.578,0.365,0.408,0.762,-14.83,-38.61,-12.18,3,1
18105.578,0.38,0.393,0.764,-9.28,-28.2,-8.73,3,1
18105.593,0.386,0.405,0.784,-2.23,-17.58,-5.86,3,1
18105.609,0.387,0.412,0.805,2.69,-9.09,-3.94,3,1
18105.609,0.379,0.422,0.833,3.3,-4.43,-4.79,3,1
18105.625,0.356,0.455,0.863,0.64,-4.49,-7.66,3,1
18105.64,0.342,0.465,0.858,-2.35,-7.75,-8.61,3,1
18105.64,0.335,0.451,0.839,-5.49,-10.77,-7.35,3,1
18105.656,0.326,0.434,0.823,-7.97,-11.78,-5.49,3,1
18105.671,0.337,0.439,0.811,-7.45,-8.79,-0.31,3,1
18105.671,0.349,0.432,0.814,-5.43,-3.72,5.01,3,1
18105.687,0.348,0.4,0.831,-4.24,-0.03,6.99,3,1
18105.703,0.337,0.389,0.852,-3.57,1.28,6.5,3,1
18105.703,0.334,0.397,0.862,-3.05,0.31,6.32,3,1
18105.718,0.343,0.405,0.854,-1.77,-1.34,6.38,3,1
18105.718,0.348,0.412,0.846,-0.15,-1.8,6.53,3,1
18105.734,0.346,0.413,0.848,0.55,-2.29,6.07,3,1
18105.75,0.352,0.413,0.853,0.43,-3.85,5.34,3,1
18105.75,0.356,0.412,0.849,0.12,-6.38,3.42,3,1
18105.765,0.358,0.406,0.839,-0.7,-9.25,0.7,3,1
18105.781,0.357,0.406,0.828,-1.95,-11.78,-1.77,3,1
18105.781,0.352,0.416,0.83,-3.02,-13.09,-3.11,3,1
18105.796,0.349,0.416,0.812,-4.73,-13.76,-3.57,3,1
18105.812,0.364,0.416,0.809,-5.86,-12.48,-2.93,3,1
18105.812,0.364,0.423,0.807,-5.22,-8.91,-0.67,3,1
18105.828,0.364,0.425,0.821,-4.58,-5.13,2.35,3,1
18105.843,0.362,0.412,0.845,-3.88,-2.9,4.46,3,1
18105.843,0.355,0.405,0.851,-2.72,-2.56,5.8,3,1
18105.859,0.353,0.412,0.839,-2.14,-3.78,6.99,3,1
18105.859,0.35,0.427,0.825,-2.96,-4.88,8.36,3,1
18105.875,0.352,0.432,0.81,-5.31,-5.86,10.01,3,1
18105.89,0.363,0.439,0.786,-8.09,-5.34,12.02,3,1
18105.89,0.376,0.431,0.779,-10.68,-2.26,14.71,3,1
18105.906,0.381,0.419,0.775,-12.7,2.59,17.24,3,1
18105.906,0.381,0.412,0.773,-14.92,9.09,20.23,3,1
18105.921,0.394,0.396,0.785,-17.61,15.29,22.06,3,1
18105.937,0.404,0.393,0.819,-20.23,20.33,21.76,3,1
18105.953,0.383,0.4,0.891,-23.22,21.36,19.68,3,1
18105.953,0.356,0.411,0.882,-27.95,15.59,16.33,3,1
18105.968,0.372,0.409,0.89,-35.37,9.03,13.31,3,1
18105.968,0.377,0.369,0.854,-39.74,6.38,10.19,3,1
18105.984,0.334,0.314,0.898,-38.3,6.81,7.57,3,1
18106.0,0.339,0.239,0.902,-29.27,6.1,7.42,3,1
18106.0,0.34,0.2,0.916,-18.71,8.09,5.68,3,1
18106.015,0.313,0.164,0.942,-4.43,10.53,3.54,3,1
18106.031,0.31,0.134,0.964,11.81,10.35,2.11,3,1
18106.031,0.299,0.115,0.988,30.3,8.21,-1.43,3,1
18106.046,0.307,0.119,0.99,48.68,2.38,-5.34,3,1
18106.062,0.323,0.173,0.95,64.82,-6.53,-10.83,3,1
18106.062,0.316,0.258,0.94,76.97,-12.3,-14.89,3,1
18106.078,0.393,0.351,0.75,81.15,-16.94,-16.21,3,1
18106.078,0.486,0.509,0.705,71.38,-8.73,-19.96,3,1
18106.093,0.424,0.648,0.862,75.11,8.3,-21.76,3,1
18106.109,0.278,0.715,0.793,83.86,14.5,-4.06,3,1
18106.109,0.253,0.687,0.751,22.74,-22.71,1.1,3,1
18106.125,0.349,0.585,0.714,-1.92,-26.15,-0.37,3,1
18106.14,0.367,0.492,0.666,-14.16,-23.38,-3.02,3,1
18106.156,0.391,0.409,0.7,-17.52,-20.26,-6.1,3,1
18106.156,0.438,0.425,0.716,-20.17,-16.54,-12.48,3,1
18106.171,0.442,0.428,0.737,-26.83,-10.19,-18.89,3,1
18106.171,0.463,0.382,0.743,-33.11,-2.41,-25.45,3,1
18106.187,0.474,0.366,0.723,-35.31,5.4,-34.06,3,1
18106.187,0.454,0.355,0.717,-35.13,15.02,-40.96,3,1
18106.203,0.44,0.352,0.736,-36.68,23.47,-47.91,3,1
18106.218,0.418,0.379,0.771,-40.65,29.66,-54.87,3,1
18106.234,0.369,0.424,0.788,-44.4,34.64,-58.84,3,1
18106.234,0.329,0.465,0.813,-46.24,38.67,-56.52,3,1
18106.25,0.315,0.511,0.863,-44.34,42.09,-50.45,3,1
18106.25,0.179,0.565,0.977,-38.36,43.28,-41.23,3,1
18106.265,0.006,0.606,1.205,-24.48,34.06,-18.92,3,1
18106.281,0.177,0.426,1.104,-11.9,8.42,6.9,3,1
18106.281,0.235,0.358,0.895,-14.53,-4.76,10.19,3,1
18106.296,0.23,0.323,0.857,-10.44,0.58,13.0,3,1
18106.296,0.257,0.272,0.862,2.26,8.09,18.92,3,1
18106.312,0.261,0.313,0.863,11.9,13.43,22.06,3,1
18106.328,0.254,0.395,0.863,16.51,16.66,24.38,3,1
18106.328,0.283,0.483,0.863,17.24,19.35,28.78,3,1
18106.343,0.292,0.508,0.853,18.04,21.03,33.3,3,1
18106.359,0.29,0.488,0.812,18.92,22.71,37.32,3,1
18106.359,0.298,0.483,0.784,19.17,27.5,43.61,3,1
18106.375,0.305,0.467,0.783,17.85,33.08,48.92,3,1
18106.39,0.297,0.436,0.797,12.51,36.16,48.92,3,1
18106.406,0.287,0.4,0.827,4.43,36.56,46.3,3,1
18106.406,0.281,0.376,0.855,-2.81,34.88,42.24,3,1
18106.406,0.273,0.355,0.873,-8.09,32.78,38.64,3,1
18106.421,0.283,0.346,0.903,-9.55,31.92,36.74,3,1
18106.437,0.285,0.331,0.928,-5.68,31.07,34.06,3,1
18106.453,0.275,0.33,0.935,-0.4,29.02,31.1,3,1
18106.453,0.278,0.336,0.929,3.57,25.94,28.96,3,1
18106.468,0.287,0.322,0.915,6.87,23.07,26.31,3,1
18106.468,0.279,0.341,0.918,6.62,19.35,21.3,3,1
18106.484,0.284,0.343,0.913,4.58,14.68,16.45,3,1
18106.5,0.282,0.335,0.911,4.61,10.65,11.99,3,1
18106.5,0.274,0.349,0.915,3.85,6.32,6.84,3,1
18106.515,0.26,0.357,0.906,2.87,1.62,1.89,3,1
18106.515,0.248,0.368,0.895,2.62,-0.76,-0.21,3,1
18106.531,0.242,0.381,0.888,4.49,0.31,2.14,3,1
18106.546,0.253,0.404,0.883,7.08,3.85,7.39,3,1
18106.562,0.268,0.42,0.868,11.23,8.73,12.15,3,1
18106.562,0.272,0.421,0.846,16.11,12.63,15.29,3,1
18106.578,0.276,0.426,0.84,19.62,15.38,17.85,3,1
18106.578,0.279,0.422,0.841,19.96,15.32,17.12,3,1
18106.593,0.27,0.432,0.845,14.56,12.67,13.58,3,1
18106.609,0.261,0.424,0.845,5.25,7.57,8.85,3,1
18106.609,0.263,0.406,0.844,-4.43,2.56,4.49,3,1
18106.625,0.266,0.385,0.866,-10.83,-1.16,1.16,3,1
18106.64,0.265,0.379,0.889,-13.21,-3.51,-1.46,3,1
18106.64,0.253,0.382,0.903,-12.88,-4.61,-2.32,3,1
18106.656,0.243,0.381,0.922,-9.74,-4.18,-0.58,3,1
18106.671,0.235,0.358,0.931,-4.82,-3.08,3.14,3,1
18106.671,0.255,0.331,0.936,1.59,-1.59,5.98,3,1
18106.687,0.261,0.314,0.906,8.15,-1.8,4.52,3,1
18106.687,0.27,0.33,0.892,10.44,-2.44,1.83,3,1
18106.703,0.273,0.358,0.884,11.11,-2.47,-0.18,3,1
18106.718,0.276,0.376,0.883,11.78,-3.23,-2.01,3,1
18106.734,0.263,0.409,0.865,12.21,-3.66,-2.93,3,1
18106.734,0.257,0.433,0.843,11.41,-1.77,-0.52,3,1
18106.75,0.268,0.428,0.848,9.89,2.29,3.36,3,1
18106.75,0.266,0.409,0.867,10.77,6.16,5.89,3,1
18106.765,0.265,0.39,0.877,14.28,9.0,8.27,3,1
18106.781,0.278,0.393,0.861,19.81,11.99,10.53,3,1
18106.796,0.288,0.397,0.858,24.87,15.14,10.8,3,1
18106.796,0.282,0.397,0.865,27.31,16.94,8.79,3,1
18106.812,0.262,0.401,0.879,24.99,15.38,5.16,3,1
18106.812,0.251,0.415,0.88,20.26,11.93,2.44,3,1
18106.828,0.248,0.422,0.877,17.09,8.82,0.79,3,1
18106.828,0.233,0.429,0.871,16.05,7.2,0.43,3,1
18106.843,0.231,0.438,0.865,16.24,6.59,1.77,3,1
18106.859,0.23,0.442,0.851,17.3,5.62,2.66,3,1
18106.859,0.231,0.457,0.839,16.75,5.68,3.94,3,1
18106.875,0.239,0.464,0.83,14.8,6.59,5.55,3,1
18106.89,0.247,0.463,0.833,12.67,6.9,6.23,3,1
18106.89,0.247,0.461,0.83,9.52,5.49,5.68,3,1
18106.906,0.255,0.465,0.837,3.72,2.32,4.09,3,1
18106.921,0.256,0.461,0.844,-3.08,-1.71,1.46,3,1
18106.921,0.249,0.455,0.837,-9.06,-4.49,-0.21,3,1
18106.937,0.256,0.447,0.839,-13.03,-4.06,1.16,3,1
18106.937,0.261,0.43,0.851,-13.37,-1.86,2.78,3,1
18106.953,0.257,0.412,0.861,-11.44,-0.31,3.27,3,1
18106.968,0.26,0.405,0.876,-10.41,0.31,3.17,3,1
18106.968,0.267,0.402,0.893,-10.71,0.12,1.56,3,1
18106.984,0.285,0.411,0.91,-12.18,-2.26,-2.2,3,1
18107.0,0.282,0.433,0.907,-13.76,-7.6,-8.51,3,1
18107.0,0.262,0.46,0.892,-14.83,-13.58,-13.58,3,1
18107.015,0.249,0.459,0.845,-17.03,-18.37,-15.11,3,1
18107.031,0.251,0.436,0.899,-19.53,-18.49,-14.89,3,1
18107.031,0.24,0.365,0.923,-12.91,-15.41,-11.2,3,1
18107.046,0.264,0.309,0.892,-4.49,-10.96,-9.4,3,1
18107.062,0.232,0.264,0.902,5.8,-4.18,-10.68,3,1
18107.062,0.209,0.26,0.911,19.5,1.56,-10.04,3,1
18107.078,0.215,0.28,0.911,32.56,5.68,-8.55,3,1
18107.078,0.219,0.339,0.901,43.09,5.89,-8.64,3,1
18107.093,0.247,0.408,0.9,53.59,-6.5,-11.41,3,1
18107.109,0.252,0.499,0.878,42.48,-17.7,-12.97,3,1
18107.109,0.202,0.634,0.749,11.96,-21.85,-9.19,3,1
18107.125,0.272,0.725,0.558,-23.44,-11.66,-5.07,3,1
18107.14,0.282,0.639,0.664,-43.49,0.24,2.17,3,1
18107.14,0.266,0.562,0.771,-54.84,2.81,6.84,3,1
18107.156,0.246,0.459,0.924,-64.88,-0.89,5.95,3,1
18107.156,0.253,0.33,0.987,-63.75,-7.02,3.2,3,1
18107.171,0.266,0.222,0.979,-51.85,-9.58,-0.46,3,1
18107.187,0.285,0.167,0.976,-32.56,-6.53,-2.9,3,1
18107.187,0.26,0.169,1.024,-8.58,-0.46,-4.88,3,1
18107.203,0.252,0.184,1.014,17.21,2.32,-5.49,3,1
18107.218,0.276,0.266,0.954,34.91,2.81,-7.26,3,1
18107.218,0.268,0.348,0.911,47.4,4.64,-9.83,3,1
18107.234,0.24,0.429,0.91,55.94,4.73,-10.04,3,1
18107.25,0.267,0.484,0.785,57.1,2.11,-8.45,3,1
18107.25,0.254,0.571,0.718,44.19,3.02,-9.61,3,1
18107.265,0.247,0.586,0.711,30.58,7.35,-6.87,3,1
18107.281,0.247,0.586,0.726,16.17,11.26,-2.81,3,1
18107.281,0.225,0.553,0.778,2.29,12.94,-0.43,3,1
18107.296,0.211,0.519,0.832,-8.42,11.17,1.77,3,1
18107.312,0.214,0.475,0.859,-15.05,8.21,4.03,3,1
18107.312,0.231,0.418,0.883,-17.09,5.92,5.25,3,1
18107.328,0.243,0.378,0.906,-13.98,4.94,4.94,3,1
18107.328,0.253,0.37,0.91,-7.29,4.61,4.27,3,1
18107.343,0.263,0.382,0.905,0.15,4.21,2.81,3,1
18107.359,0.268,0.4,0.887,6.62,3.81,0.4,3,1
18107.359,0.266,0.423,0.858,10.83,3.81,-2.35,3,1
18107.375,0.264,0.45,0.835,12.82,4.12,-4.55,3,1
18107.39,0.252,0.469,0.824,11.54,4.15,-7.17,3,1
18107.406,0.238,0.489,0.817,7.63,3.17,-9.37,3,1
18107.406,0.234,0.499,0.817,2.75,2.38,-10.13,3,1
18107.421,0.227,0.499,0.824,-2.38,1.8,-10.35,3,1
18107.421,0.213,0.489,0.847,-6.99,1.46,-9.7,3,1
18107.437,0.209,0.472,0.858,-9.61,0.79,-8.27,3,1
18107.453,0.218,0.448,0.864,-11.23,-0.27,-7.32,3,1
18107.453,0.218,0.431,0.873,-11.41,-1.22,-6.9,3,1
18107.468,0.224,0.435,0.871,-10.47,-1.74,-5.95,3,1
18107.468,0.232,0.438,0.883,-9.0,-2.38,-5.28,3,1
18107.484,0.229,0.438,0.893,-6.16,-3.11,-4.49,3,1
18107.5,0.237,0.43,0.873,-3.27,-3.81,-3.85,3,1
18107.5,0.254,0.424,0.877,-1.86,-3.33,-4.82,3,1
18107.515,0.253,0.403,0.899,1.71,-1.95,-6.65,3,1
18107.531,0.263,0.382,0.937,8.3,-1.28,-10.1,3,1
18107.531,0.277,0.364,0.943,16.82,-1.43,-15.14,3,1
18107.546,0.266,0.346,0.919,26.03,0.27,-18.74,3,1
18107.562,0.249,0.364,0.918,35.31,1.37,-21.42,3,1
18107.562,0.234,0.424,0.852,41.26,-0.55,-23.47,3,1
18107.578,0.209,0.519,0.818,38.15,-1.46,-24.05,3,1
18107.578,0.18,0.556,0.782,32.75,-1.74,-19.87,3,1
18107.593,0.187,0.571,0.784,23.1,0.03,-14.37,3,1
18107.609,0.168,0.554,0.805,17.37,5.28,-8.7,3,1
18107.609,0.169,0.511,0.803,16.39,10.25,-3.57,3,1
18107.625,0.16,0.466,0.814,17.61,13.92,-0.06,3,1
18107.64,0.149,0.457,0.824,22.68,16.11,3.23,3,1
18107.64,0.148,0.461,0.821,29.51,16.14,8.15,3,1
18107.656,0.164,0.47,0.815,32.47,11.54,11.72,3,1
18107.671,0.181,0.505,0.809,30.37,5.49,13.37,3,1
18107.671,0.184,0.549,0.808,23.59,-0.43,12.73,3,1
18107.687,0.221,0.605,0.687,8.91,-4.55,12.09,3,1
18107.687,0.275,0.662,0.675,-16.02,-3.11,6.2,3,1
18107.703,0.289,0.635,0.738,-31.04,0.82,1.46,3,1
18107.718,0.267,0.632,0.799,-41.32,0.21,-2.47,3,1
18107.734,0.255,0.544,0.871,-46.94,-4.27,-7.69,3,1
18107.734,0.255,0.449,0.96,-44.74,-9.55,-12.09,3,1
18107.75,0.228,0.349,1.015,-30.61,-10.1,-15.02,3,1
18107.75,0.208,0.243,1.023,-4.49,-7.63,-13.64,3,1
18107.765,0.209,0.222,0.979,21.85,-3.57,-12.82,3,1
18107.781,0.178,0.227,0.946,45.56,5.43,-12.15,3,1
18107.781,0.182,0.258,0.908,63.26,12.33,-9.31,3,1
18107.796,0.198,0.36,0.849,74.59,13.98,-8.85,3,1
18107.796,0.22,0.49,0.812,85.36,14.28,-9.09,3,1
18107.812,0.215,0.603,0.803,90.18,14.13,-7.69,3,1
18107.828,0.179,0.717,0.768,81.94,9.74,-8.39,3,1
18107.828,0.129,0.789,0.684,62.72,0.49,-8.18,3,1
18107.843,0.198,0.786,0.537,33.36,-5.13,-4.09,3,1
18107.859,0.178,0.737,0.611,3.63,0.27,-2.01,3,1
18107.859,0.152,0.649,0.731,-10.04,3.66,3.14,3,1
18107.875,0.139,0.614,0.772,-19.35,-1.28,7.02,3,1
18107.89,0.147,0.565,0.798,-27.92,-7.45,8.15,3,1
18107.89,0.18,0.529,0.826,-30.79,-9.89,9.92,3,1
18107.906,0.19,0.519,0.834,-28.11,-10.68,10.04,3,1
18107.921,0.2,0.516,0.831,-24.05,-12.54,9.92,3,1
18107.921,0.223,0.506,0.809,-21.15,-15.56,8.42,3,1
18107.937,0.246,0.515,0.787,-20.48,-17.33,4.27,3,1
18107.937,0.251,0.536,0.772,-22.13,-16.79,-0.76,3,1
18107.953,0.249,0.53,0.782,-24.72,-15.11,-5.43,3,1
18107.968,0.239,0.521,0.79,-26.86,-14.89,-9.19,3,1
18107.984,0.241,0.505,0.782,-30.0,-16.42,-13.03,3,1
18107.984,0.223,0.484,0.799,-35.65,-17.49,-18.4,3,1
18108.0,0.2,0.493,0.848,-37.2,-16.39,-19.75,3,1
18108.0,0.206,0.507,0.873,-31.92,-14.5,-15.81,3,1
18108.015,0.202,0.498,0.88,-26.18,-14.01,-13.34,3,1
18108.031,0.201,0.48,0.885,-22.46,-15.96,-12.67,3,1
18108.031,0.209,0.462,0.877,-19.56,-19.47,-12.54,3,1
18108.046,0.213,0.459,0.846,-19.47,-23.1,-13.52,3,1
18108.062,0.217,0.48,0.829,-22.49,-25.67,-15.14,3,1
18108.062,0.223,0.5,0.819,-24.08,-25.61,-14.65,3,1
18108.078,0.235,0.512,0.815,-22.68,-23.01,-11.69,3,1
18108.078,0.239,0.523,0.819,-15.44,-14.19,-4.94,3,1
18108.093,0.245,0.514,0.827,-12.27,-9.92,-3.33,3,1
18108.109,0.242,0.48,0.838,-9.77,-7.29,-2.99,3,1
18108.109,0.236,0.43,0.846,-7.78,-5.25,-3.27,3,1
18108.125,0.237,0.434,0.857,-6.1,-3.69,-4.7,3,1
18108.14,0.222,0.45,0.86,-4.27,-2.2,-5.68,3,1
18108.14,0.226,0.464,0.861,-2.56,-1.65,-5.16,3,1
18108.156,0.227,0.48,0.845,-1.37,-2.96,-5.71,3,1
18108.171,0.226,0.497,0.838,-2.9,-4.46,-6.53,3,1
18108.171,0.233,0.499,0.835,-4.12,-4.79,-6.38,3,1
18108.187,0.236,0.49,0.829,-2.99,-4.33,-5.8,3,1
18108.187,0.23,0.49,0.839,-2.08,-3.69,-5.19,3,1
18108.203,0.229,0.497,0.843,-1.59,-3.6,-4.18,3,1
18108.218,0.241,0.485,0.826,-1.13,-3.45,-3.39,3,1
18108.218,0.251,0.469,0.821,-2.38,-2.72,-4.3,3,1
18108.234,0.242,0.467,0.82,-4.15,-1.37,-6.04,3,1
18108.25,0.243,0.475,0.82,-5.74,0.0,-6.78,3,1
18108.265,0.253,0.499,0.85,-8.61,0.52,-7.84,3,1
18108.265,0.268,0.516,0.884,-12.7,-2.04,-11.47,3,1
18108.281,0.252,0.515,0.906,-16.08,-5.71,-15.53,3,1
18108.281,0.253,0.479,0.883,-14.22,-7.63,-15.75,3,1
18108.296,0.256,0.457,0.84,-8.88,-5.55,-13.21,3,1
18108.312,0.219,0.441,0.862,-4.09,-2.32,-12.3,3,1
18108.312,0.188,0.414,0.876,2.87,-1.13,-9.92,3,1
18108.328,0.191,0.388,0.863,7.75,-0.76,-6.47,3,1
18108.328,0.185,0.367,0.862,14.62,2.47,-4.79,3,1
18108.343,0.185,0.357,0.859,25.3,7.42,-3.42,3,1
18108.359,0.176,0.373,0.872,36.9,10.62,-2.04,3,1
18108.375,0.17,0.424,0.887,49.44,15.53,1.59,3,1
18108.375,0.193,0.471,0.886,60.82,18.13,6.26,3,1
18108.39,0.212,0.492,0.909,68.09,17.82,8.06,3,1
18108.39,0.202,0.509,0.848,70.62,14.8,6.62,3,1
18108.406,0.206,0.539,0.828,64.79,13.06,5.25,3,1
18108.421,0.169,0.546,0.847,61.86,11.47,5.62,3,1
18108.421,0.15,0.568,0.881,60.49,6.32,8.36,3,1
18108.437,0.113,0.583,0.93,60.85,-2.01,11.72,3,1
18108.437,0.108,0.561,0.991,60.7,-14.8,15.72,3,1
18108.453,0.18,0.516,1.022,61.56,-31.31,16.85,3,1
18108.468,0.214,0.481,0.993,65.71,-43.55,16.66,3,1
18108.468,0.258,0.418,1.005,68.91,-52.83,11.57,3,1
18108.484,0.291,0.377,0.986,73.52,-62.87,-0.89,3,1
18108.5,0.318,0.362,0.939,75.84,-71.38,-17.24,3,1
18108.5,0.323,0.376,0.883,75.14,-77.0,-37.45,3,1
18108.515,0.316,0.399,0.817,72.15,-80.69,-58.72,3,1
18108.531,0.316,0.451,0.758,66.68,-80.81,-74.16,3,1
18108.531,0.361,0.615,0.648,42.57,-75.05,-73.21,3,1
18108.546,0.261,0.707,0.791,-41.78,-57.89,-68.3,3,1
18108.562,0.24,0.478,0.773,-104.28,-56.06,-91.86,3,1
18108.562,0.248,0.447,0.822,-140.78,-54.99,-98.73,3,1
18108.578,0.244,0.511,0.844,-165.07,-49.47,-94.76,3,1
18108.593,0.24,0.455,0.826,-176.67,-48.13,-101.63,3,1
18108.593,0.252,0.405,0.854,-184.06,-46.51,-106.2,3,1
18108.609,0.277,0.42,0.893,-183.32,-45.59,-111.51,3,1
18108.609,0.246,0.418,0.879,-168.86,-45.35,-118.93,3,1
18108.625,0.22,0.355,0.858,-149.42,-45.59,-118.81,3,1
18108.64,0.256,0.339,0.849,-128.15,-43.52,-115.88,3,1
18108.64,0.292,0.334,0.838,-105.78,-36.19,-112.09,3,1
18108.656,0.303,0.313,0.816,-86.18,-24.75,-108.58,3,1
18108.671,0.3,0.299,0.791,-72.21,-13.12,-108.98,3,1
18108.671,0.286,0.306,0.766,-62.75,-2.14,-112.37,3,1
18108.687,0.262,0.351,0.745,-56.95,10.71,-118.17,3,1
18108.687,0.224,0.391,0.727,-55.02,23.77,-127.75,3,1
18108.703,0.175,0.444,0.735,-56.7,36.38,-134.13,3,1
18108.718,0.127,0.508,0.753,-59.66,47.79,-134.77,3,1
18108.718,0.025,0.54,0.795,-63.6,52.22,-129.95,3,1
18108.734,-0.007,0.567,0.856,-65.34,47.49,-115.45,3,1
18108.75,-0.008,0.588,0.875,-61.53,37.72,-103.61,3,1
18108.75,-0.057,0.539,0.87,-58.38,23.56,-92.2,3,1
18108.765,-0.048,0.528,0.871,-54.96,9.83,-80.78,3,1
18108.781,-0.032,0.572,0.863,-45.5,3.36,-76.72,3,1
18108.796,-0.031,0.568,0.824,-34.12,2.23,-76.24,3,1
18108.796,-0.047,0.548,0.794,-26.4,6.1,-74.89,3,1
18108.812,-0.053,0.581,0.786,-21.06,14.47,-71.66,3,1
18108.812,-0.069,0.591,0.777,-15.72,24.75,-66.13,3,1
18108.828,-0.053,0.584,0.772,-10.38,34.55,-58.66,3,1
18108.828,-0.052,0.608,0.779,-3.51,43.24,-52.98,3,1
18108.843,-0.099,0.576,0.781,3.94,48.55,-44.19,3,1
18108.859,-0.089,0.568,0.805,11.26,51.61,-32.65,3,1
18108.875,-0.117,0.578,0.825,18.62,53.38,-24.51,3,1
18108.875,-0.121,0.555,0.832,19.75,49.68,-17.21,3,1
18108.89,-0.119,0.586,0.842,13.03,42.79,-14.89,3,1
18108.89,-0.134,0.598,0.845,2.01,34.67,-14.01,3,1
18108.906,-0.125,0.575,0.841,-11.35,26.67,-11.41,3,1
18108.921,-0.13,0.552,0.851,-22.22,21.12,-6.59,3,1
18108.921,-0.123,0.473,0.86,-26.55,17.85,0.67,3,1
18108.937,-0.076,0.405,0.884,-24.38,17.43,4.88,3,1
18108.953,-0.076,0.358,0.892,-16.24,18.8,3.57,3,1
18108.953,-0.084,0.331,0.899,-7.35,20.36,-0.49,3,1
18108.968,-0.101,0.369,0.924,-0.82,21.24,-4.12,3,1
18108.968,-0.165,0.421,1.016,2.5,18.86,-5.28,3,1
18108.984,-0.187,0.403,1.099,3.02,7.11,-1.68,3,1
18109.0,-0.156,0.377,1.093,-1.56,-9.77,2.44,3,1
18109.0,-0.126,0.365,1.049,-9.95,-23.35,3.14,3,1
18109.015,-0.095,0.31,1.028,-16.27,-32.75,1.01,3,1
18109.031,-0.086,0.271,0.985,-20.11,-38.85,-3.72,3,1
18109.031,-0.069,0.31,0.914,-26.52,-40.47,-8.15,3,1
18109.046,-0.063,0.372,0.824,-39.22,-36.35,-10.47,3,1
18109.062,-0.121,0.467,0.777,-64.06,-26.34,-9.06,3,1
18109.062,-0.152,0.603,0.762,-123.08,4.3,12.27,3,1
18109.078,-0.074,0.654,0.818,-126.01,21.42,14.25,3,1
18109.093,-0.106,0.502,0.871,-120.33,31.68,14.8,3,1
18109.093,-0.127,0.368,0.933,-108.71,33.94,16.94,3,1
18109.109,0.005,0.194,0.949,-91.74,32.11,10.5,3,1
18109.109,-0.023,0.125,0.955,-74.86,28.99,1.71,3,1
18109.125,-0.104,0.096,1.013,-59.51,25.3,-0.79,3,1
18109.14,-0.065,0.069,1.02,-50.33,15.99,1.5,3,1
18109.14,-0.062,0.081,1.044,-48.65,8.42,-0.15,3,1
18109.156,-0.127,0.09,1.069,-50.97,4.21,-2.72,3,1
18109.171,-0.135,0.086,1.081,-57.68,-1.07,-0.79,3,1
18109.171,-0.133,0.04,1.102,-59.18,-5.1,1.92,3,1
18109.187,-0.16,0.012,1.121,-48.62,-4.97,2.72,3,1
18109.187,-0.186,0.035,1.129,-28.84,-2.9,3.88,3,1
18109.203,-0.216,0.13,1.129,-5.07,-1.71,4.79,3,1
18109.218,-0.279,0.308,1.115,17.03,-2.5,6.13,3,1
18109.218,-0.349,0.464,1.09,34.55,-7.63,12.6,3,1
18109.234,-0.383,0.563,1.102,49.87,-18.8,25.97,3,1
18109.25,-0.319,0.601,1.024,65.86,-33.33,45.59,3,1
18109.25,-0.286,0.616,0.991,67.84,-45.44,57.37,3,1
18109.265,-0.287,0.592,1.028,58.9,-60.03,59.57,3,1
18109.281,-0.262,0.582,1.014,52.83,-76.42,70.41,3,1
18109.281,-0.241,0.547,0.992,56.03,-93.63,83.35,3,1
18109.296,-0.233,0.51,0.952,66.74,-113.22,95.22,3,1
18109.296,-0.22,0.49,0.868,82.13,-134.04,106.63,3,1
18109.312,-0.175,0.494,0.751,103.79,-150.43,119.48,3,1
18109.328,-0.103,0.483,0.616,130.59,-157.54,134.89,3,1
18109.328,-0.039,0.469,0.512,158.45,-153.72,150.24,3,1
18109.343,0.043,0.474,0.4,185.52,-138.89,165.87,3,1
18109.359,0.144,0.465,0.333,208.69,-110.2,184.51,3,1
18109.359,0.213,0.497,0.357,222.21,-70.44,203.04,3,1
18109.375,0.261,0.5,0.376,224.25,-28.17,220.13,3,1
18109.39,0.307,0.457,0.421,213.48,16.11,230.69,3,1
18109.39,0.305,0.421,0.526,189.79,59.18,234.5,3,1
18109.406,0.272,0.332,0.684,157.87,89.94,232.89,3,1
18109.406,0.311,0.202,0.887,125.4,101.5,219.49,3,1
18109.421,0.336,0.209,1.044,94.91,100.38,192.48,3,1
18109.437,0.27,0.242,1.102,64.21,91.65,173.28,3,1
18109.437,0.253,0.188,1.129,30.92,75.56,160.56,3,1
18109.453,0.288,0.104,1.167,-1.37,57.44,148.08,3,1
18109.468,0.349,0.034,1.182,-24.08,43.46,132.91,3,1
18109.484,0.402,-0.03,1.165,-35.34,34.7,114.66,3,1
18109.484,0.417,-0.067,1.13,-42.48,32.11,94.76,3,1
18109.5,0.438,-0.086,1.147,-46.78,32.2,73.73,3,1
18109.5,0.39,-0.076,1.114,-45.38,30.43,52.83,3,1
18109.515,0.363,-0.052,1.095,-46.94,26.46,38.33,3,1
18109.531,0.34,-0.004,1.097,-51.52,18.22,24.26,3,1
18109.531,0.283,0.051,1.158,-55.06,8.39,13.46,3,1
18109.546,0.185,0.072,1.369,-55.91,-10.9,8.42,3,1
18109.562,0.281,0.093,1.304,-47.24,-40.19,6.41,3,1
18109.562,0.375,0.172,1.112,-33.51,-49.2,-0.06,3,1
18109.578,0.426,0.166,1.041,-7.78,-36.23,-7.2,3,1
18109.578,0.417,0.191,1.002,24.54,-18.4,-14.53,3,1
18109.593,0.38,0.306,0.945,49.04,-6.26,-22.95,3,1
18109.609,0.321,0.397,0.881,58.99,-2.11,-28.78,3,1
18109.609,0.284,0.443,0.845,54.23,-6.44,-31.8,3,1
18109.625,0.274,0.475,0.816,43.43,-15.66,-33.05,3,1
18109.64,0.279,0.482,0.776,30.15,-25.61,-33.36,3,1
18109.656,0.283,0.468,0.765,12.21,-35.1,-36.32,3,1
18109.656,0.284,0.473,0.786,-2.47,-42.27,-39.49,3,1
18109.671,0.3,0.481,0.809,-9.31,-44.71,-38.51,3,1
18109.671,0.311,0.494,0.826,-8.97,-42.42,-35.22,3,1
18109.687,0.313,0.512,0.83,-2.93,-36.04,-28.78,3,1
18109.703,0.332,0.505,0.83,3.2,-27.95,-20.26,3,1
18109.703,0.343,0.46,0.849,7.42,-21.39,-14.86,3,1
18109.718,0.339,0.412,0.848,9.64,-19.1,-14.28,3,1
18109.718,0.338,0.396,0.848,7.84,-21.52,-17.4,3,1
18109.734,0.337,0.404,0.853,3.14,-26.49,-22.46,3,1
18109.75,0.334,0.425,0.843,-0.43,-31.19,-26.28,3,1
18109.75,0.332,0.436,0.823,-3.48,-34.49,-27.44,3,1
18109.765,0.342,0.442,0.809,-5.77,-36.1,-26.98,3,1
18109.781,0.347,0.456,0.803,-5.89,-34.97,-25.18,3,1
18109.781,0.357,0.459,0.793,-4.21,-31.43,-21.85,3,1
18109.796,0.369,0.457,0.793,-1.56,-26.25,-18.46,3,1
18109.812,0.368,0.457,0.81,1.34,-21.12,-16.39,3,1
18109.812,0.367,0.454,0.807,3.36,-18.43,-15.47,3,1
18109.828,0.36,0.452,0.815,3.72,-17.15,-15.17,3,1
18109.843,0.355,0.44,0.822,3.17,-17.88,-15.32,3,1
18109.843,0.356,0.449,0.818,2.66,-19.2,-15.47,3,1
18109.859,0.353,0.458,0.803,2.59,-19.62,-14.77,3,1
18109.859,0.361,0.459,0.792,0.67,-20.42,-14.07,3,1
18109.875,0.37,0.468,0.783,-2.2,-21.21,-14.47,3,1
18109.89,0.371,0.477,0.78,-3.94,-20.29,-14.44,3,1
18109.89,0.373,0.477,0.781,-4.67,-18.68,-13.55,3,1
18109.906,0.375,0.472,0.778,-5.65,-17.64,-13.06,3,1
18109.921,0.372,0.473,0.772,-7.51,-16.54,-13.06,3,1
18109.921,0.374,0.463,0.771,-10.04,-14.77,-12.54,3,1
18109.937,0.379,0.448,0.776,-11.75,-12.91,-12.05,3,1
18109.937,0.381,0.437,0.78,-13.58,-11.23,-12.27,3,1
18109.953,0.382,0.43,0.782,-15.69,-9.64,-13.21,3,1
18109.968,0.384,0.421,0.792,-16.42,-7.29,-13.52,3,1
18109.984,0.381,0.423,0.818,-15.41,-5.28,-13.86,3,1
18109.984,0.372,0.428,0.83,-11.87,-3.91,-13.7,3,1
18110.0,0.367,0.443,0.833,-7.93,-2.9,-12.42,3,1
18110.0,0.36,0.446,0.833,-4.33,-2.32,-10.56,3,1
18110.015,0.366,0.44,0.82,-1.04,-1.43,-8.06,3,1
18110.031,0.367,0.443,0.805,0.89,-0.03,-6.16,3,1
18110.031,0.37,0.436,0.79,1.01,1.19,-4.94,3,1
18110.046,0.373,0.436,0.793,-0.4,3.11,-4.76,3,1
18110.046,0.366,0.435,0.801,-3.39,3.3,-6.01,3,1
18110.062,0.375,0.432,0.808,-3.17,3.23,-6.71,3,1
18110.078,0.38,0.426,0.811,-2.35,3.72,-8.27,3,1
18110.078,0.376,0.425,0.841,-0.34,3.72,-9.64,3,1
18110.093,0.362,0.444,0.838,3.02,3.48,-9.61,3,1
18110.109,0.355,0.453,0.829,6.32,3.11,-8.12,3,1
18110.125,0.349,0.453,0.815,9.03,2.41,-6.16,3,1
18110.125,0.349,0.46,0.801,9.43,1.59,-5.01,3,1
18110.14,0.34,0.473,0.798,8.48,0.82,-4.3,3,1
18110.14,0.338,0.473,0.794,5.89,-1.28,-3.63,3,1
18110.156,0.334,0.489,0.8,1.59,-3.57,-3.11,3,1
18110.156,0.334,0.492,0.797,-2.81,-6.07,-2.44,3,1
18110.171,0.348,0.48,0.79,-6.47,-7.51,-1.07,3,1
18110.187,0.355,0.467,0.787,-9.58,-7.87,-0.18,3,1
18110.187,0.365,0.451,0.787,-11.84,-7.78,0.12,3,1
18110.203,0.371,0.443,0.802,-12.67,-6.87,0.06,3,1
18110.218,0.369,0.441,0.814,-12.33,-6.26,-0.31,3,1
18110.218,0.371,0.441,0.823,-13.31,-7.45,-1.8,3,1
18110.234,0.371,0.443,0.827,-15.47,-9.19,-4.61,3,1
18110.25,0.364,0.431,0.827,-17.18,-10.53,-6.9,3,1
18110.25,0.361,0.417,0.828,-16.05,-10.59,-6.38,3,1
18110.265,0.37,0.417,0.806,-9.03,-7.35,-1.8,3,1
18110.281,0.383,0.431,0.805,-0.82,-1.74,3.78,3,1
18110.281,0.377,0.437,0.836,3.39,2.69,5.77,3,1
18110.296,0.366,0.409,0.848,4.0,3.17,4.64,3,1
18110.312,0.37,0.397,0.832,4.7,1.95,3.17,3,1
18110.312,0.378,0.41,0.81,5.83,0.82,1.4,3,1
18110.328,0.376,0.432,0.791,5.74,0.58,-0.27,3,1
18110.328,0.373,0.441,0.781,3.91,0.89,-1.13,3,1
18110.343,0.372,0.44,0.796,1.59,1.01,-1.65,3,1
18110.359,0.368,0.455,0.811,1.56,0.79,-0.79,3,1
18110.359,0.371,0.461,0.815,2.35,1.43,1.62,3,1
18110.375,0.372,0.45,0.824,3.17,2.84,3.91,3,1
18110.39,0.37,0.432,0.841,4.0,3.42,4.64,3,1
18110.39,0.362,0.42,0.838,5.46,2.75,3.42,3,1
18110.406,0.365,0.409,0.826,6.65,1.31,1.4,3,1
18110.406,0.363,0.422,0.817,7.23,-0.03,-0.46,3,1
18110.421,0.367,0.439,0.789,7.57,-0.73,-1.5,3,1
18110.437,0.372,0.46,0.773,6.23,-0.46,-2.23,3,1
18110.437,0.365,0.479,0.788,3.57,0.03,-2.35,3,1
18110.453,0.352,0.492,0.796,-0.15,-0.64,-2.32,3,1
18110.468,0.347,0.503,0.783,-4.94,-1.86,-1.13,3,1
18110.468,0.355,0.497,0.777,-9.89,-2.2,1.01,3,1
18110.484,0.353,0.476,0.772,-13.67,-0.82,3.42,3,1
18110.5,0.361,0.463,0.78,-17.33,1.53,5.83,3,1
18110.5,0.363,0.435,0.806,-19.9,3.51,6.84,3,1
18110.515,0.355,0.419,0.826,-21.85,3.14,5.98,3,1
18110.531,0.365,0.47,0.866,-27.16,0.09,5.74,3,1
18110.531,0.364,0.519,0.91,-35.68,-5.74,5.95,3,1
18110.546,0.346,0.573,0.851,-48.46,-13.58,6.74,3,1
18110.546,0.355,0.63,0.781,-77.18,-22.68,8.85,3,1
18110.562,0.368,0.592,0.73,-114.35,-24.26,10.71,3,1
18110.578,0.399,0.43,0.814,-137.52,-18.28,14.95,3,1
18110.593,0.41,0.282,0.873,-131.08,-8.51,17.64,3,1
18110.593,0.405,0.194,0.902,-114.17,3.78,18.62,3,1
18110.609,0.385,0.043,0.936,-88.11,13.79,13.21,3,1
18110.609,0.378,-0.046,0.916,-45.35,19.47,5.74,3,1
18110.625,0.363,-0.043,0.896,-1.65,23.71,-0.12,3,1
18110.64,0.328,-0.052,0.895,36.93,23.07,-4.18,3,1
18110.64,0.293,-0.068,0.896,65.55,14.89,-7.26,3,1
18110.656,0.306,-0.026,0.855,87.56,0.4,-11.72,3,1
18110.671,0.337,0.137,0.814,101.6,-10.25,-15.9,3,1
18110.671,0.33,0.373,0.76,101.17,-13.98,-16.94,3,1
18110.687,0.431,0.643,0.788,84.69,-7.32,-10.44,3,1
18110.703,0.461,0.837,0.862,63.3,8.06,-5.43,3,1
18110.703,0.425,0.868,0.824,44.86,20.72,0.85,3,1
18110.718,0.386,0.791,0.75,23.77,24.63,6.71,3,1
18110.718,0.326,0.644,0.706,5.13,22.0,12.36,3,1
18110.734,0.288,0.522,0.692,-10.1,15.69,21.06,3,1
18110.75,0.301,0.454,0.721,-23.74,6.71,28.44,3,1
18110.75,0.327,0.453,0.768,-36.71,-2.01,30.37,3,1
18110.765,0.318,0.441,0.838,-49.5,-8.55,30.3,3,1
18110.781,0.339,0.402,0.878,-57.16,-13.95,32.17,3,1
18110.781,0.384,0.369,0.863,-58.69,-14.71,34.94,3,1
18110.796,0.394,0.324,0.845,-55.88,-8.27,37.23,3,1
18110.796,0.378,0.287,0.857,-50.97,-0.24,39.77,3,1
18110.812,0.361,0.271,0.86,-45.63,3.72,41.66,3,1
18110.828,0.359,0.264,0.866,-42.57,4.94,42.54,3,1
18110.843,0.354,0.259,0.888,-40.62,5.77,42.97,3,1
18110.843,0.362,0.263,0.904,-35.25,7.6,45.41,3,1
18110.859,0.382,0.262,0.903,-24.51,11.81,48.89,3,1
18110.859,0.394,0.25,0.915,-12.7,16.66,50.51,3,1
18110.875,0.392,0.235,0.939,-2.14,20.36,50.29,3,1
18110.89,0.39,0.233,0.949,9.13,22.95,49.84,3,1
18110.89,0.391,0.237,0.926,18.74,25.3,49.65,3,1
18110.906,0.38,0.238,0.893,23.01,26.34,48.43,3,1
18110.921,0.381,0.245,0.881,24.29,26.8,47.21,3,1
18110.921,0.382,0.26,0.88,24.87,27.19,47.21,3,1
18110.937,0.391,0.263,0.879,23.56,26.25,46.27,3,1
18110.937,0.403,0.268,0.864,20.87,24.78,42.21,3,1
18110.953,0.396,0.27,0.86,16.82,23.65,37.32,3,1
18110.968,0.39,0.26,0.868,13.31,23.35,33.45,3,1
18110.968,0.385,0.249,0.885,11.38,23.71,31.13,3,1
18110.984,0.378,0.241,0.91,10.8,22.98,28.66,3,1
18111.0,0.367,0.224,0.928,11.05,20.42,25.15,3,1
18111.0,0.37,0.222,0.935,12.09,16.63,21.39,3,1
18111.015,0.37,0.229,0.934,12.63,11.81,15.99,3,1
18111.031,0.36,0.236,0.919,12.54,6.9,10.8,3,1
18111.031,0.371,0.262,0.901,17.27,7.6,9.92,3,1
18111.046,0.381,0.273,0.888,21.27,9.7,9.37,3,1
18111.046,0.363,0.285,0.878,24.08,12.15,11.08,3,1
18111.062,0.367,0.327,0.876,26.61,14.68,12.36,3,1
18111.078,0.346,0.33,0.859,25.24,15.14,12.33,3,1
18111.093,0.341,0.333,0.866,20.54,13.12,12.57,3,1
18111.093,0.342,0.327,0.871,13.43,8.97,11.05,3,1
18111.109,0.332,0.306,0.88,5.07,3.54,8.12,3,1
18111.109,0.331,0.295,0.891,-0.09,-0.55,6.68,3,1
18111.125,0.334,0.287,0.894,-0.24,-1.77,7.42,3,1
18111.14,0.343,0.284,0.899,3.33,0.24,9.95,3,1
18111.14,0.36,0.283,0.907,9.7,4.46,12.97,3,1
18111.156,0.365,0.284,0.913,16.85,8.79,14.47,3,1
18111.171,0.348,0.29,0.917,21.97,10.53,14.1,3,1
18111.171,0.347,0.307,0.902,24.72,10.35,14.44,3,1
18111.187,0.351,0.312,0.873,24.72,9.03,13.89,3,1
18111.203,0.34,0.312,0.858,19.68,6.04,10.9,3,1
18111.203,0.345,0.316,0.855,13.06,2.81,8.67,3,1
18111.218,0.346,0.316,0.858,7.69,0.89,7.05,3,1
18111.218,0.35,0.333,0.861,4.18,0.06,6.84,3,1
18111.234,0.367,0.337,0.86,2.59,-0.03,7.23,3,1
18111.25,0.368,0.323,0.87,1.8,0.12,5.77,3,1
18111.25,0.364,0.317,0.873,1.59,-0.34,4.09,3,1
18111.265,0.369,0.305,0.869,1.25,-2.04,2.04,3,1
18111.281,0.372,0.306,0.856,-0.18,-3.57,-0.85,3,1
18111.281,0.366,0.323,0.85,-2.53,-4.64,-3.54,3,1
18111.296,0.35,0.347,0.85,-5.28,-4.7,-3.78,3,1
18111.296,0.346,0.353,0.856,-7.84,-4.18,-1.95,3,1
18111.312,0.332,0.351,0.867,-10.65,-4.21,-0.55,3,1
18111.328,0.331,0.338,0.88,-12.82,-4.24,1.89,3,1
18111.343,0.338,0.309,0.895,-12.91,-3.51,4.03,3,1
18111.343,0.34,0.283,0.908,-10.59,-2.69,4.46,3,1
18111.359,0.343,0.273,0.914,-6.13,-1.31,5.43,3,1
18111.359,0.347,0.259,0.91,-1.19,-0.67,5.49,3,1
18111.375,0.359,0.272,0.893,2.81,-0.64,4.88,3,1
18111.39,0.373,0.291,0.874,5.1,-0.64,3.42,3,1
18111.39,0.375,0.32,0.855,4.43,-0.52,1.59,3,1
18111.406,0.38,0.338,0.848,1.25,-1.1,-0.31,3,1
18111.421,0.378,0.339,0.849,-2.56,-2.01,-2.2,3,1
18111.421,0.384,0.332,0.849,-6.96,-3.27,-4.06,3,1
18111.437,0.379,0.32,0.861,-12.24,-3.85,-7.08,3,1
18111.437,0.36,0.304,0.88,-14.71,-3.05,-8.36,3,1
18111.453,0.357,0.281,0.9,-12.79,-0.21,-5.8,3,1
18111.468,0.377,0.248,0.924,-8.97,2.72,-4.12,3,1
18111.484,0.38,0.221,0.932,-4.7,2.87,-7.14,3,1
18111.484,0.371,0.224,0.911,0.06,3.2,-10.25,3,1
18111.5,0.393,0.252,0.903,4.18,4.61,-12.3,3,1
18111.5,0.399,0.279,0.88,6.87,6.62,-15.96,3,1
18111.515,0.327,0.297,0.914,10.5,8.45,-18.25,3,1
18111.531,0.342,0.313,0.89,14.22,6.71,-16.82,3,1
18111.531,0.325,0.32,0.889,15.41,7.69,-16.91,3,1
18111.546,0.289,0.33,0.901,19.1,8.85,-15.96,3,1
18111.546,0.264,0.348,0.88,22.68,9.09,-12.48,3,1
18111.562,0.263,0.347,0.866,24.75,7.9,-8.42,3,1
18111.578,0.259,0.375,0.867,23.65,2.9,-5.19,3,1
18111.578,0.286,0.394,0.87,17.98,-7.08,-3.75,3,1
18111.593,0.286,0.413,0.835,7.6,-18.1,-4.24,3,1
18111.609,0.356,0.459,0.689,-9.0,-21.52,0.58,3,1
18111.609,0.432,0.453,0.692,-29.82,-8.18,3.75,3,1
18111.625,0.369,0.377,0.81,-36.65,8.42,5.4,3,1
18111.64,0.354,0.354,0.877,-38.76,11.57,9.52,3,1
18111.64,0.368,0.274,0.928,-41.54,8.15,9.16,3,1
18111.656,0.417,0.18,0.972,-36.99,6.1,5.65,3,1
18111.671,0.374,0.155,1.06,-22.68,8.61,0.09,3,1
18111.671,0.371,0.123,1.058,0.03,8.82,-2.66,3,1
18111.687,0.356,0.125,0.998,18.71,10.86,-7.17,3,1
18111.703,0.302,0.149,0.968,36.19,16.63,-11.11,3,1
18111.703,0.264,0.234,0.937,49.93,18.16,-11.35,3,1
18111.718,0.244,0.345,0.9,56.61,12.82,-8.85,3,1
18111.718,0.226,0.434,0.849,55.36,1.71,-4.73,3,1
18111.734,0.26,0.492,0.814,44.95,-12.67,-0.64,3,1
18111.75,0.258,0.528,0.763,28.99,-22.22,2.35,3,1
18111.75,0.383,0.54,0.697,5.22,-20.72,7.78,3,1
18111.765,0.355,0.47,0.738,-15.08,-8.36,8.15,3,1
18111.781,0.343,0.368,0.778,-24.87,-0.73,10.53,3,1
18111.781,0.355,0.314,0.834,-31.5,1.01,10.77,3,1
18111.796,0.37,0.256,0.891,-32.17,1.13,8.3,3,1
18111.796,0.377,0.249,0.921,-27.71,0.92,4.7,3,1
18111.812,0.376,0.264,0.93,-22.22,-0.12,0.31,3,1
18111.828,0.378,0.271,0.931,-16.79,-1.31,-3.2,3,1
18111.828,0.376,0.281,0.922,-11.29,-2.11,-6.5,3,1
18111.843,0.361,0.29,0.902,-6.5,-1.77,-9.67,3,1
18111.859,0.35,0.293,0.889,-3.57,-1.13,-11.63,3,1
18111.859,0.343,0.288,0.884,-1.77,-1.53,-13.61,3,1
18111.875,0.338,0.297,0.879,-1.68,-2.81,-16.3,3,1
18111.89,0.33,0.301,0.874,-3.81,-4.15,-19.32,3,1
18111.89,0.333,0.29,0.852,-8.27,-5.22,-22.37,3,1
18111.906,0.341,0.276,0.859,-14.04,-5.58,-26.06,3,1
18111.906,0.342,0.275,0.881,-17.43,-5.4,-29.76,3,1
18111.921,0.338,0.299,0.887,-19.1,-5.34,-31.53,3,1
18111.937,0.344,0.305,0.879,-20.97,-5.28,-32.69,3,1
18111.937,0.338,0.307,0.885,-20.97,-3.36,-32.99,3,1
18111.953,0.332,0.328,0.896,-17.18,-0.34,-31.1,3,1
18111.968,0.314,0.338,0.911,-14.59,0.03,-29.91,3,1
18111.968,0.294,0.346,0.909,-14.34,-2.26,-28.87,3,1
18111.984,0.298,0.352,0.91,-15.05,-4.3,-25.42,3,1
18112.0,0.302,0.342,0.895,-14.5,-4.76,-22.13,3,1
18112.015,0.3,0.333,0.882,-13.52,-3.45,-19.5,3,1
18112.015,0.299,0.317,0.89,-9.0,2.01,-13.37,3,1
18112.031,0.286,0.311,0.91,-3.72,3.69,-8.88,3,1
18112.031,0.283,0.314,0.921,-0.52,3.81,-5.68,3,1
18112.046,0.294,0.305,0.93,2.08,3.27,-3.78,3,1
18112.062,0.303,0.286,0.901,4.58,2.04,-3.23,3,1
18112.062,0.316,0.288,0.884,3.94,1.43,-4.27,3,1
18112.078,0.326,0.296,0.869,1.46,1.53,-6.41,3,1
18112.078,0.33,0.303,0.863,-2.04,1.98,-9.31,3,1
18112.093,0.324,0.319,0.882,-4.67,2.23,-11.41,3,1
18112.109,0.307,0.34,0.907,-4.49,2.17,-11.38,3,1
18112.109,0.294,0.366,0.947,-1.86,1.13,-8.45,3,1
18112.125,0.286,0.36,0.949,1.43,-1.16,-4.27,3,1
18112.14,0.3,0.306,0.926,2.81,-3.42,-2.08,3,1
18112.14,0.303,0.271,0.89,4.03,-4.3,-2.66,3,1
18112.156,0.307,0.275,0.872,5.43,-3.23,-2.9,3,1
18112.171,0.303,0.309,0.879,4.88,-1.31,-2.53,3,1
18112.171,0.294,0.343,0.872,2.66,-1.37,-2.04,3,1
18112.187,0.292,0.363,0.865,-0.52,-2.04,-0.34,3,1
18112.203,0.296,0.363,0.88,-4.55,-2.53,2.29,3,1
18112.203,0.292,0.343,0.897,-7.93,-3.17,4.43,3,1
18112.218,0.296,0.315,0.897,-9.67,-3.6,5.83,3,1
18112.218,0.308,0.273,0.897,-8.85,-3.14,6.32,3,1
18112.234,0.315,0.246,0.921,-4.97,-1.65,6.16,3,1
18112.25,0.317,0.245,0.931,0.58,-0.12,5.55,3,1
18112.25,0.33,0.259,0.922,4.49,1.65,4.3,3,1
18112.265,0.32,0.29,0.918,7.05,4.27,2.81,3,1
18112.281,0.316,0.319,0.908,9.13,5.13,1.65,3,1
18112.281,0.31,0.367,0.924,8.39,3.6,1.74,3,1
18112.296,0.316,0.392,0.937,5.1,-2.04,2.11,3,1
18112.296,0.327,0.419,0.926,0.15,-9.8,0.95,3,1
18112.312,0.334,0.413,0.863,-5.19,-12.73,1.46,3,1
18112.328,0.327,0.353,0.87,-8.97,-10.22,4.43,3,1
18112.343,0.339,0.267,0.89,-6.16,-6.47,6.93,3,1
18112.343,0.33,0.22,0.889,-0.61,-2.01,5.8,3,1
18112.359,0.293,0.171,0.911,6.35,3.57,2.96,3,1
18112.359,0.282,0.124,0.949,15.23,7.05,-0.4,3,1
18112.375,0.255,0.148,0.958,25.61,6.59,-4.12,3,1
18112.39,0.236,0.202,0.911,34.15,3.11,-5.58,3,1
18112.39,0.29,0.26,0.915,37.66,-2.75,-5.37,3,1
18112.406,0.311,0.356,0.913,40.35,-9.7,-7.02,3,1
18112.421,0.269,0.509,0.789,36.01,-16.51,-5.62,3,1
18112.421,0.341,0.582,0.723,17.3,-15.38,1.13,3,1
18112.437,0.331,0.539,0.722,-2.53,-8.24,3.6,3,1
18112.437,0.296,0.464,0.724,-19.14,-3.23,6.65,3,1
18112.453,0.293,0.403,0.786,-34.21,-0.98,10.16,3,1
18112.468,0.286,0.324,0.873,-41.87,-0.4,13.46,3,1
18112.468,0.287,0.246,0.971,-40.74,-1.92,15.96,3,1
18112.484,0.302,0.178,1.099,-30.95,-5.89,16.72,3,1
18112.5,0.307,0.08,1.111,-14.71,-12.02,15.17,3,1
18112.5,0.388,-0.021,1.285,6.9,-19.01,8.3,3,1
18112.515,0.44,-0.07,1.255,42.51,-26.89,-5.62,3,1
18112.531,0.41,-0.052,1.202,71.93,-30.79,-22.55,3,1
18112.531,0.411,-0.084,1.201,96.68,-34.12,-40.16,3,1
18112.546,0.451,-0.074,1.174,117.31,-37.87,-56.79,3,1
18112.562,0.453,0.001,1.11,128.42,-42.54,-77.27,3,1
18112.562,0.401,0.073,1.059,125.13,-43.7,-95.1,3,1
18112.578,0.418,0.117,1.016,114.75,-44.22,-110.66,3,1
18112.593,0.463,0.296,0.851,93.02,-42.76,-117.47,3,1
18112.593,0.369,0.372,0.932,14.83,-30.58,-107.3,3,1
18112.609,0.4,0.257,0.902,-51.27,-24.78,-123.42,3,1
18112.609,0.378,0.24,0.925,-100.99,-20.42,-135.23,3,1
18112.64,0.299,0.274,0.943,-137.67,-16.63,-136.42,3,1
18112.64,0.265,0.274,0.94,-158.36,-20.63,-132.02,3,1
18112.64,0.243,0.251,0.998,-172.37,-30.58,-123.81,3,1
18112.656,0.268,0.244,0.998,-164.71,-42.54,-122.44,3,1
18112.671,0.212,0.166,0.961,-148.78,-59.85,-119.6,3,1
18112.671,0.252,0.173,0.918,-127.45,-77.06,-114.81,3,1
18112.687,0.285,0.202,0.859,-99.86,-87.47,-113.01,3,1
18112.687,0.305,0.205,0.8,-72.97,-89.42,-114.14,3,1
18112.703,0.323,0.245,0.745,-55.06,-82.61,-118.47,3,1
18112.718,0.332,0.323,0.706,-44.19,-66.71,-128.73,3,1
18112.718,0.299,0.388,0.671,-39.03,-47.82,-140.45,3,1
18112.734,0.283,0.446,0.652,-39.4,-28.26,-147.56,3,1
18112.75,0.272,0.498,0.622,-39.64,-7.78,-151.01,3,1
18112.765,0.252,0.522,0.6,-38.51,12.18,-150.82,3,1
18112.765,0.211,0.541,0.594,-37.29,29.02,-147.5,3,1
18112.781,0.189,0.592,0.612,-36.19,43.31,-141.88,3,1
18112.781,0.11,0.634,0.648,-35.07,55.94,-132.27,3,1
18112.796,0.044,0.6,0.683,-33.6,61.37,-115.36,3,1
18112.796,0.07,0.627,0.728,-28.26,63.69,-99.8,3,1
18112.812,0.027,0.68,0.766,-18.4,64.55,-88.08,3,1
18112.828,-0.007,0.679,0.803,-10.56,62.96,-73.4,3,1
18112.828,-0.025,0.643,0.831,-7.35,60.27,-60.18,3,1
18112.843,-0.026,0.605,0.849,-6.9,56.37,-50.6,3,1
18112.859,-0.002,0.595,0.864,-8.24,53.41,-46.69,3,1
18112.875,-0.005,0.61,0.872,-12.45,51.3,-45.32,3,1
18112.875,-0.037,0.582,0.865,-20.17,50.11,-41.26,3,1
18112.89,-0.061,0.555,0.87,-29.94,49.01,-29.73,3,1
18112.89,-0.054,0.568,0.913,-32.99,50.75,-11.54,3,1
18112.906,-0.058,0.52,0.936,-26.28,52.4,7.05,3,1
18112.921,-0.05,0.418,0.967,-13.89,54.08,19.07,3,1
18112.921,-0.015,0.329,1.013,0.12,51.76,19.44,3,1
18112.937,0.014,0.262,1.025,11.47,44.95,6.16,3,1
18112.953,0.046,0.273,0.938,13.73,31.95,-17.27,3,1
18112.953,0.032,0.286,0.802,5.4,20.94,-41.66,3,1
18112.968,0.015,0.281,0.692,-15.87,16.63,-57.25,3,1
18112.968,-0.032,0.335,0.728,-44.59,22.0,-60.91,3,1
18112.984,-0.088,0.449,0.955,-54.35,31.1,-43.58,3,1
18113.0,-0.009,0.316,1.026,-50.05,29.48,-19.99,3,1
18113.0,-0.212,0.435,1.192,-47.58,9.8,0.61,3,1
18113.015,-0.072,0.337,1.198,-49.29,1.31,-5.01,3,1
18113.031,-0.024,0.251,1.08,-49.84,7.39,-5.19,3,1
18113.031,0.04,0.208,1.141,-34.27,17.79,-4.76,3,1
18113.046,-0.034,0.17,1.113,-17.85,22.4,-3.69,3,1
18113.046,-0.057,0.235,1.102,-6.47,20.87,3.08,3,1
18113.062,-0.093,0.32,1.105,6.04,15.93,7.72,3,1
18113.078,-0.188,0.37,1.097,15.99,5.07,12.42,3,1
18113.078,-0.259,0.444,1.123,21.61,-10.74,16.72,3,1
18113.093,-0.336,0.584,1.189,26.22,-27.41,18.07,3,1
18113.109,-0.415,0.746,1.213,30.21,-45.59,27.5,3,1
18113.109,-0.427,0.884,1.088,39.06,-59.27,58.87,3,1
18113.125,-0.32,0.851,1.03,34.18,-69.55,91.74,3,1
18113.14,-0.246,0.823,0.984,22.34,-77.21,115.02,3,1
18113.14,-0.187,0.792,0.884,20.72,-76.39,140.87,3,1
18113.156,-0.117,0.731,0.778,30.88,-70.38,163.98,3,1
18113.171,-0.07,0.667,0.687,47.94,-63.36,182.01,3,1
18113.171,-0.046,0.606,0.611,69.4,-56.83,197.58,3,1
18113.187,-0.038,0.568,0.523,93.45,-51.97,214.82,3,1
18113.187,-0.019,0.524,0.47,119.08,-43.7,233.92,3,1
18113.203,0.013,0.466,0.438,146.28,-28.6,252.57,3,1
18113.218,0.066,0.366,0.426,172.15,-8.67,267.71,3,1
18113.218,0.13,0.261,0.425,189.31,14.07,278.21,3,1
18113.234,0.198,0.134,0.485,193.15,38.12,281.5,3,1
18113.25,0.283,0.005,0.608,189.09,57.8,265.39,3,1
18113.25,0.372,0.07,0.735,173.44,76.51,234.6,3,1
18113.265,0.319,0.196,0.792,148.84,92.47,209.97,3,1
18113.281,0.254,0.194,0.832,116.37,102.85,192.57,3,1
18113.281,0.247,0.144,0.936,78.16,105.99,178.93,3,1
18113.296,0.28,0.073,1.028,45.32,102.91,166.36,3,1
18113.312,0.317,0.009,1.074,19.9,97.6,146.79,3,1
18113.312,0.316,0.024,1.116,-4.94,89.88,117.8,3,1
18113.328,0.287,0.027,1.161,-34.21,80.51,90.4,3,1
18113.343,0.274,0.007,1.223,-64.94,67.17,66.96,3,1
18113.343,0.251,-0.001,1.243,-88.5,50.11,45.84,3,1
18113.359,0.241,0.006,1.275,-107.49,34.24,31.8,3,1
18113.375,0.036,-0.007,1.592,-119.21,9.8,23.93,3,1
18113.375,0.157,-0.074,1.687,-110.87,-40.47,26.03,3,1
18113.39,0.39,0.002,1.254,-90.64,-76.02,17.4,3,1
18113.39,0.414,-0.016,1.025,-77.52,-68.51,6.56,3,1
18113.406,0.438,-0.071,1.01,-54.26,-46.39,-2.04,3,1
18113.421,0.411,-0.005,0.955,-19.2,-25.45,-9.4,3,1
18113.421,0.386,0.114,0.897,10.35,-9.49,-16.45,3,1
18113.437,0.331,0.192,0.879,24.66,-0.85,-23.77,3,1
18113.453,0.275,0.274,0.902,25.09,-3.69,-31.77,3,1
18113.453,0.235,0.357,0.885,20.45,-14.44,-35.25,3,1
18113.468,0.243,0.381,0.827,11.6,-27.47,-33.27,3,1
18113.468,0.263,0.365,0.798,-0.73,-36.81,-32.84,3,1
18113.484,0.241,0.361,0.845,-11.35,-40.07,-32.78,3,1
18113.5,0.242,0.361,0.913,-9.09,-40.59,-27.01,3,1
18113.515,0.273,0.381,0.947,-1.68,-42.63,-21.97,3,1
18113.515,0.292,0.393,0.952,0.55,-46.78,-22.52,3,1
18113.531,0.309,0.414,0.961,-4.06,-50.66,-24.32,3,1
18113.531,0.322,0.409,0.961,-10.1,-52.95,-26.12,3,1
18113.546,0.336,0.39,0.939,-15.02,-53.71,-27.34,3,1
18113.562,0.335,0.378,0.913,-17.73,-52.74,-27.13,3,1
18113.562,0.327,0.363,0.882,-15.72,-50.17,-23.56,3,1
18113.578,0.341,0.341,0.86,-9.89,-46.05,-17.37,3,1
18113.593,0.357,0.328,0.855,-2.04,-41.69,-11.96,3,1
18113.593,0.373,0.321,0.84,5.22,-38.0,-9.03,3,1
18113.609,0.394,0.32,0.81,7.97,-33.54,-8.73,3,1
18113.609,0.418,0.318,0.793,8.18,-26.06,-8.88,3,1
18113.625,0.434,0.321,0.781,10.86,-16.45,-8.85,3,1
18113.64,0.425,0.35,0.803,15.11,-6.71,-8.18,3,1
18113.64,0.392,0.404,0.834,17.61,-0.31,-4.67,3,1
18113.656,0.391,0.415,0.844,15.87,0.61,-0.15,3,1
18113.671,0.393,0.405,0.834,11.75,0.37,2.84,3,1
18113.671,0.39,0.389,0.826,8.15,0.85,4.36,3,1
18113.687,0.387,0.36,0.832,4.24,1.43,3.97,3,1
18113.687,0.381,0.336,0.842,0.49,1.22,2.08,3,1
18113.703,0.37,0.329,0.856,-0.03,1.8,1.16,3,1
18113.718,0.362,0.329,0.865,1.74,3.08,2.26,3,1
18113.718,0.369,0.342,0.881,3.63,4.0,3.85,3,1
18113.734,0.369,0.347,0.876,6.16,4.43,5.01,3,1
18113.75,0.38,0.347,0.867,7.84,4.15,5.46,3,1
18113.75,0.373,0.371,0.872,9.19,4.15,5.19,3,1
18113.765,0.364,0.407,0.861,9.77,2.99,6.04,3,1
18113.781,0.362,0.421,0.843,5.95,0.89,7.2,3,1
18113.781,0.36,0.401,0.827,0.92,-1.04,8.48,3,1
18113.796,0.363,0.365,0.819,-2.75,-2.62,9.13,3,1
18113.796,0.371,0.342,0.808,-5.4,-4.85,7.29,3,1
18113.812,0.39,0.358,0.812,-9.06,-6.1,4.15,3,1
18113.828,0.408,0.396,0.859,-14.34,-5.37,2.17,3,1
18113.828,0.428,0.417,0.904,-21.76,-7.17,0.03,3,1
18113.843,0.428,0.419,0.96,-29.76,-11.11,-2.11,3,1
18113.859,0.451,0.391,0.939,-33.45,-15.63,-3.81,3,1
18113.859,0.406,0.336,0.928,-37.23,-17.37,-8.55,3,1
18113.875,0.408,0.284,0.907,-36.87,-18.01,-14.65,3,1
18113.89,0.406,0.161,0.838,-25.03,-8.39,-16.02,3,1
18113.906,0.326,0.158,0.86,-9.28,5.34,-18.98,3,1
18113.906,0.264,0.193,0.839,4.55,10.65,-19.71,3,1
18113.906,0.219,0.215,0.815,17.76,12.27,-12.36,3,1
18113.921,0.196,0.218,0.822,32.38,4.0,-2.69,3,1
18113.937,0.185,0.231,0.785,43.86,-15.41,5.52,3,1
18113.953,0.241,0.277,0.835,48.4,-39.12,9.89,3,1
18113.953,0.458,0.427,0.954,46.82,-52.1,9.77,3,1
18113.968,0.548,0.629,1.105,34.15,-52.52,1.74,3,1
18113.968,0.486,0.687,1.019,12.02,-50.75,-3.75,3,1
18113.984,0.455,0.448,0.879,-16.02,-55.06,-6.2,3,1
18114.0,0.538,0.17,0.804,-2.44,-43.55,-13.98,3,1
18114.0,0.581,0.137,0.651,12.27,-19.81,-19.59,3,1
18114.015,0.56,0.188,0.536,20.45,1.22,-26.49,3,1
18114.031,0.501,0.327,0.585,17.15,19.07,-29.57,3,1
18114.031,0.422,0.45,0.767,8.33,30.85,-33.23,3,1
18114.046,0.202,0.59,1.112,7.54,23.29,-28.29,3,1
18114.046,0.296,0.649,1.002,12.48,-3.39,-7.45,3,1
18114.062,0.419,0.554,0.739,3.05,-11.08,2.87,3,1
18114.078,0.38,0.365,0.697,-2.17,0.92,5.52,3,1
18114.078,0.357,0.306,0.711,4.03,8.79,11.47,3,1
18114.093,0.357,0.375,0.724,7.11,14.04,16.48,3,1
18114.109,0.359,0.418,0.787,1.43,18.71,20.78,3,1
18114.109,0.389,0.44,0.852,-7.05,19.53,24.38,3,1
18114.125,0.375,0.454,0.873,-12.3,19.07,26.8,3,1
18114.14,0.355,0.443,0.856,-12.3,18.74,31.37,3,1
18114.14,0.374,0.436,0.818,-5.92,21.55,40.47,3,1
18114.156,0.403,0.441,0.788,4.36,28.11,50.05,3,1
18114.171,0.392,0.417,0.773,11.02,34.91,54.54,3,1
18114.171,0.382,0.391,0.785,9.49,38.67,56.09,3,1
18114.187,0.379,0.376,0.813,3.69,39.09,56.03,3,1
18114.187,0.38,0.357,0.83,-1.56,39.28,56.34,3,1
18114.203,0.382,0.336,0.839,-3.05,40.68,58.75,3,1
18114.218,0.402,0.293,0.859,-0.61,41.87,60.55,3,1
18114.234,0.424,0.271,0.878,3.78,41.84,57.56,3,1
18114.234,0.404,0.248,0.896,4.12,40.01,50.66,3,1
18114.25,0.414,0.23,0.935,0.98,35.19,43.4,3,1
18114.25,0.4,0.217,0.948,0.24,28.93,34.79,3,1
18114.265,0.392,0.217,0.95,0.58,22.46,27.38,3,1
18114.281,0.381,0.241,0.951,0.7,16.11,21.67,3,1
18114.281,0.365,0.272,0.92,0.79,9.34,16.3,3,1
18114.296,0.373,0.307,0.866,-1.04,4.03,11.57,3,1
18114.296,0.384,0.329,0.852,-3.2,4.3,8.82,3,1
18114.312,0.375,0.337,0.858,-2.84,8.09,9.16,3,1
18114.328,0.366,0.332,0.86,-1.34,10.8,10.35,3,1
18114.343,0.37,0.32,0.866,0.18,12.85,12.3,3,1
18114.343,0.383,0.314,0.872,3.78,14.8,14.68,3,1
18114.359,0.39,0.305,0.874,6.9,14.5,13.73,3,1
18114.359,0.385,0.315,0.875,5.55,11.38,9.98,3,1
18114.375,0.376,0.335,0.877,-0.18,6.93,6.56,3,1
18114.39,0.372,0.338,0.867,-5.25,2.62,4.67,3,1
18114.406,0.377,0.33,0.854,-5.62,1.59,5.83,3,1
18114.406,0.393,0.332,0.86,-2.08,4.73,9.16,3,1
18114.421,0.397,0.309,0.866,3.14,8.36,9.34,3,1
18114.421,0.383,0.298,0.863,6.07,10.13,7.11,3,1
18114.437,0.373,0.298,0.874,5.95,10.28,4.97,3,1
18114.453,0.356,0.301,0.882,3.81,8.45,2.44,3,1
18114.453,0.332,0.327,0.895,0.55,4.85,0.15,3,1
18114.468,0.321,0.341,0.9,-2.17,1.25,0.92,3,1
18114.468,0.332,0.347,0.891,-3.17,-0.15,4.18,3,1
18114.484,0.336,0.326,0.886,-1.77,0.4,7.57,3,1
18114.5,0.346,0.305,0.888,1.46,2.26,11.26,3,1
18114.5,0.376,0.309,0.885,5.77,5.4,14.34,3,1
18114.515,0.388,0.295,0.868,10.99,8.39,13.61,3,1
18114.531,0.37,0.295,0.855,13.37,10.1,11.6,3,1
18114.531,0.362,0.304,0.859,11.05,9.03,9.43,3,1
18114.546,0.355,0.319,0.874,6.41,6.38,7.32,3,1
18114.546,0.351,0.344,0.879,1.37,3.48,7.11,3,1
18114.562,0.353,0.35,0.878,0.12,2.14,9.09,3,1
18114.578,0.369,0.351,0.87,3.51,3.63,13.0,3,1
18114.593,0.39,0.344,0.865,9.03,5.83,15.26,3,1
18114.593,0.38,0.329,0.866,12.12,7.11,14.28,3,1
18114.609,0.36,0.318,0.863,10.8,6.62,12.48,3,1
18114.609,0.35,0.311,0.887,7.32,4.39,10.07,3,1
18114.625,0.32,0.33,0.896,4.36,0.31,8.55,3,1
18114.64,0.338,0.34,0.888,1.65,-3.94,9.77,3,1
18114.656,0.355,0.326,0.873,-0.15,-6.41,9.16,3,1
18114.656,0.357,0.312,0.859,-2.29,-7.35,7.11,3,1
18114.671,0.364,0.297,0.852,-5.31,-8.76,4.36,3,1
18114.671,0.378,0.29,0.834,-9.34,-10.1,0.92,3,1
18114.687,0.401,0.293,0.837,-12.76,-8.85,-2.2,3,1
18114.687,0.404,0.308,0.852,-13.43,-5.71,-4.61,3,1
18114.703,0.386,0.316,0.865,-12.97,-3.27,-6.47,3,1
18114.718,0.378,0.321,0.897,-10.35,-1.16,-4.67,3,1
18114.718,0.373,0.322,0.904,-5.8,1.07,-1.37,3,1
18114.734,0.37,0.28,0.901,-2.2,1.34,0.12,3,1
18114.75,0.369,0.262,0.902,0.98,1.07,0.03,3,1
18114.75,0.358,0.285,0.884,3.78,0.27,-0.37,3,1
18114.765,0.359,0.296,0.847,4.55,-0.89,-0.27,3,1
18114.781,0.384,0.326,0.817,2.41,0.03,-0.31,3,1
18114.781,0.387,0.362,0.817,-1.71,4.46,0.03,3,1
18114.796,0.407,0.358,0.85,-6.78,8.24,0.61,3,1
18114.796,0.363,0.351,0.933,-10.16,8.88,-0.95,3,1
18114.812,0.361,0.313,0.941,-8.73,5.86,-0.46,3,1
18114.828,0.365,0.27,0.913,-8.24,4.97,-1.37,3,1
18114.828,0.337,0.223,0.927,-4.09,7.97,-3.33,3,1
18114.843,0.319,0.2,0.925,5.52,9.95,-4.09,3,1
18114.859,0.29,0.228,0.901,16.66,11.87,-4.36,3,1
18114.859,0.272,0.276,0.883,24.57,11.9,-3.88,3,1
18114.875,0.281,0.344,0.849,28.53,6.87,-1.04,3,1
18114.89,0.301,0.424,0.828,23.99,-4.49,1.98,3,1
18114.89,0.288,0.497,0.881,12.94,-17.21,4.15,3,1
18114.906,0.366,0.508,0.839,0.67,-28.32,9.03,3,1
18114.921,0.369,0.479,0.789,-16.36,-31.07,10.71,3,1
18114.921,0.402,0.373,0.785,-30.52,-27.56,12.57,3,1
18114.937,0.473,0.314,0.688,-42.24,-20.23,11.75,3,1
18114.953,0.577,0.274,0.623,-53.5,-5.95,4.82,3,1
18114.953,0.465,0.218,0.795,-57.04,13.82,-6.81,3,1
18114.968,0.306,0.205,1.159,-40.35,15.59,-9.43,3,1
18114.968,0.41,0.192,1.178,-4.97,-7.23,-8.79,3,1
18114.984,0.386,0.085,1.116,14.25,-6.47,-15.69,3,1
18115.0,0.397,-0.05,1.032,36.74,-0.34,-21.09,3,1
18115.0,0.282,0.154,0.874,55.39,5.16,-20.91,3,1
18115.015,0.261,0.333,0.83,61.86,2.44,-15.72,3,1
18115.031,0.278,0.489,0.801,56.49,-4.64,-8.97,3,1
18115.031,0.281,0.582,0.846,42.39,-12.12,-2.08,3,1
18115.046,0.329,0.599,0.847,28.32,-19.99,6.44,3,1
18115.046,0.317,0.541,0.85,13.12,-25.24,11.87,3,1
18115.062,0.256,0.403,0.887,2.75,-31.46,16.85,3,1
18115.078,0.331,0.285,0.908,-2.62,-40.47,22.55,3,1
18115.078,0.419,0.193,0.917,-0.09,-42.12,22.46,3,1
18115.093,0.445,0.13,0.857,9.64,-37.17,17.09,3,1
18115.109,0.453,0.124,0.808,15.93,-31.56,8.61,3,1
18115.109,0.499,0.145,0.805,18.37,-27.71,-1.59,3,1
18115.125,0.5,0.222,0.78,19.01,-22.34,-12.18,3,1
18115.14,0.509,0.324,0.756,19.07,-14.89,-18.13,3,1
18115.14,0.507,0.412,0.735,18.16,-8.51,-21.94,3,1
18115.156,0.501,0.475,0.715,18.13,0.12,-21.0,3,1
18115.171,0.479,0.489,0.692,17.94,9.52,-18.04,3,1
18115.171,0.435,0.505,0.685,13.82,18.8,-14.95,3,1
18115.187,0.379,0.517,0.728,3.6,25.3,-11.08,3,1
18115.187,0.342,0.503,0.778,-11.29,24.11,-6.9,3,1
18115.203,0.34,0.463,0.803,-26.28,17.67,-3.39,3,1
18115.218,0.352,0.415,0.818,-38.21,12.3,-0.43,3,1
18115.218,0.366,0.362,0.837,-44.59,10.77,2.66,3,1
18115.234,0.387,0.316,0.859,-45.17,12.45,5.43,3,1
18115.25,0.414,0.278,0.876,-42.24,15.93,5.95,3,1
18115.25,0.434,0.238,0.894,-36.29,20.39,3.6,3,1
18115.265,0.428,0.207,0.897,-28.17,24.35,-1.19,3,1
18115.281,0.428,0.199,0.892,-19.87,28.41,-6.41,3,1
18115.281,0.387,0.202,0.894,-12.48,32.41,-11.78,3,1
18115.296,0.275,0.235,1.049,-6.04,31.13,-15.29,3,1
18115.296,0.293,0.242,1.137,4.76,13.98,-14.34,3,1
18115.312,0.343,0.245,1.016,11.96,-2.81,-17.24,3,1
18115.328,0.359,0.237,0.932,17.85,-6.38,-21.24,3,1
18115.328,0.354,0.227,0.88,24.63,-7.48,-25.27,3,1
18115.343,0.372,0.275,0.852,24.57,-11.38,-30.95,3,1
18115.359,0.373,0.321,0.826,15.63,-16.3,-39.16,3,1
18115.375,0.372,0.332,0.806,-0.43,-21.49,-48.4,3,1
18115.375,0.367,0.316,0.807,-18.37,-26.22,-57.92,3,1
18115.39,0.364,0.304,0.834,-30.0,-28.57,-65.22,3,1
18115.39,0.357,0.327,0.881,-32.99,-28.35,-67.57,3,1
18115.406,0.34,0.361,0.923,-29.24,-28.93,-66.47,3,1
18115.421,0.323,0.403,0.944,-22.03,-30.55,-61.65,3,1
18115.421,0.324,0.406,0.947,-14.04,-32.29,-54.35,3,1
18115.437,0.329,0.412,0.926,-5.49,-34.49,-47.64,3,1
18115.453,0.334,0.392,0.886,-0.34,-37.02,-43.18,3,1
18115.453,0.326,0.362,0.844,-1.31,-39.61,-41.84,3,1
18115.468,0.343,0.356,0.817,-4.3,-39.34,-39.19,3,1
18115.468,0.366,0.36,0.799,-3.94,-34.88,-35.52,3,1
18115.484,0.372,0.374,0.785,-3.14,-29.54,-33.57,3,1
18115.5,0.372,0.4,0.796,-4.49,-24.69,-31.77,3,1
18115.5,0.372,0.407,0.81,-6.23,-20.51,-28.6,3,1
18115.515,0.371,0.403,0.816,-7.32,-16.72,-24.84,3,1
18115.531,0.373,0.398,0.822,-6.44,-12.45,-19.41,3,1
18115.531,0.377,0.385,0.826,-4.06,-8.85,-13.95,3,1
18115.546,0.377,0.37,0.834,-4.03,-7.75,-12.27,3,1
18115.546,0.376,0.371,0.842,-8.51,-9.49,-14.1,3,1
18115.562,0.378,0.351,0.845,-12.76,-10.9,-15.81,3,1
18115.578,0.388,0.329,0.837,-14.74,-11.38,-16.79,3,1
18115.578,0.396,0.328,0.843,-14.31,-10.1,-17.24,3,1
18115.593,0.386,0.342,0.86,-10.19,-6.68,-15.75,3,1
18115.609,0.385,0.346,0.872,-4.12,-3.39,-12.42,3,1
18115.609,0.385,0.338,0.874,0.12,-2.47,-11.17,3,1
18115.625,0.374,0.328,0.868,0.27,-3.17,-12.7,3,1
18115.64,0.375,0.326,0.865,-2.26,-5.04,-15.93,3,1
18115.64,0.363,0.342,0.879,-4.7,-7.05,-18.01,3,1
18115.656,0.353,0.361,0.877,-2.93,-7.6,-15.81,3,1
18115.671,0.363,0.389,0.849,3.23,-4.97,-8.7,3,1
18115.671,0.377,0.39,0.846,11.54,1.31,0.61,3,1
18115.687,0.373,0.396,0.855,17.88,7.39,8.61,3,1
18115.687,0.367,0.348,0.854,17.85,8.85,10.32,3,1
18115.703,0.364,0.306,0.841,12.97,5.25,5.46,3,1
18115.718,0.373,0.337,0.829,8.06,0.31,-0.15,3,1
18115.718,0.397,0.391,0.807,4.24,-2.96,-3.72,3,1
18115.734,0.406,0.393,0.802,1.34,-1.98,-5.86,3,1
18115.75,0.398,0.397,0.792,-2.11,-0.64,-7.93,3,1
18115.75,0.409,0.413,0.795,-7.26,1.43,-8.21,3,1
18115.765,0.399,0.434,0.859,-11.81,5.71,-7.02,3,1
18115.781,0.352,0.442,0.94,-11.96,5.71,-4.79,3,1
18115.781,0.357,0.454,0.929,-13.82,1.04,-1.07,3,1
18115.796,0.354,0.435,0.892,-17.52,-1.65,3.51,3,1
18115.812,0.339,0.377,0.823,-20.75,-2.66,7.02,3,1
18115.812,0.371,0.331,0.783,-26.58,-2.5,8.73,3,1
18115.828,0.381,0.277,0.779,-30.24,-0.37,5.98,3,1
18115.843,0.338,0.237,0.831,-26.98,2.81,3.6,3,1
18115.843,0.354,0.219,0.854,-16.36,3.91,4.12,3,1
18115.859,0.368,0.237,0.884,-5.43,6.81,3.48,3,1
18115.859,0.352,0.239,0.938,5.34,7.72,1.37,3,1
18115.875,0.352,0.229,0.96,17.49,2.38,-0.49,3,1
18115.89,0.37,0.254,0.952,29.3,-5.28,-2.26,3,1
18115.89,0.378,0.278,0.974,40.44,-10.83,-4.21,3,1
18115.906,0.405,0.329,0.842,47.64,-14.77,-5.98,3,1
18115.906,0.447,0.428,0.734,40.16,-7.69,-7.45,3,1
18115.921,0.406,0.431,0.736,32.29,5.37,-8.51,3,1
18115.937,0.369,0.44,0.731,27.59,13.12,-5.62,3,1
18115.953,0.358,0.489,0.73,19.01,15.72,-1.56,3,1
18115.953,0.354,0.493,0.758,-2.62,17.15,6.2,3,1
18115.968,0.346,0.462,0.8,-8.79,15.75,9.8,3,1
18115.968,0.343,0.442,0.842,-12.02,13.37,12.27,3,1
18115.984,0.344,0.416,0.861,-13.52,11.99,14.34,3,1
18116.0,0.355,0.349,0.871,-12.63,12.54,16.54,3,1
18116.0,0.351,0.335,0.875,-7.9,14.53,18.62,3,1
18116.015,0.347,0.347,0.879,-2.9,16.39,20.72,3,1
18116.031,0.345,0.364,0.891,0.03,17.0,21.94,3,1
18116.031,0.354,0.375,0.879,1.28,15.72,21.85,3,1
18116.046,0.345,0.38,0.839,1.43,15.75,20.84,3,1
18116.062,0.358,0.387,0.798,1.43,17.79,22.16,3,1
18116.062,0.369,0.411,0.809,3.08,22.98,25.21,3,1
18116.078,0.355,0.403,0.809,3.02,27.22,26.18,3,1
18116.093,0.336,0.387,0.813,-0.4,29.11,25.82,3,1
18116.093,0.338,0.379,0.838,-5.04,29.15,26.58,3,1
18116.109,0.33,0.379,0.861,-9.86,27.89,26.83,3,1
18116.109,0.327,0.371,0.869,-13.92,26.15,27.04,3,1
18116.125,0.326,0.356,0.87,-15.93,24.9,27.92,3,1
18116.14,0.326,0.34,0.881,-17.33,23.83,28.63,3,1
18116.14,0.328,0.324,0.903,-18.04,22.16,28.14,3,1
18116.156,0.325,0.303,0.914,-17.37,19.65,26.52,3,1
18116.171,0.326,0.282,0.92,-16.85,16.36,24.23,3,1
18116.171,0.33,0.258,0.924,-16.11,12.73,20.97,3,1
18116.187,0.334,0.243,0.933,-14.5,9.83,17.37,3,1
18116.187,0.339,0.239,0.935,-11.81,7.75,14.25,3,1
18116.203,0.349,0.241,0.93,-8.58,6.23,10.74,3,1
18116.218,0.349,0.252,0.93,-5.8,4.67,6.16,3,1
18116.234,0.336,0.266,0.921,-3.33,3.75,2.26,3,1
18116.234,0.326,0.284,0.918,-0.37,3.97,1.37,3,1
18116.25,0.323,0.296,0.913,3.72,4.3,2.2,3,1
18116.25,0.318,0.316,0.901,7.17,4.33,3.05,3,1
18116.265,0.317,0.331,0.888,8.27,4.76,4.49,3,1
18116.281,0.322,0.341,0.875,8.51,5.71,6.32,3,1
18116.281,0.327,0.337,0.869,8.12,5.37,6.84,3,1
18116.296,0.329,0.341,0.871,5.68,3.3,5.89,3,1
18116.312,0.325,0.339,0.867,1.31,0.34,3.85,3,1
18116.312,0.318,0.329,0.881,-2.44,-1.34,2.87,3,1
18116.328,0.317,0.329,0.887,-2.81,-1.1,4.7,3,1
18116.328,0.321,0.338,0.882,-2.11,0.03,7.05,3,1
18116.343,0.332,0.321,0.868,-1.77,0.67,7.29,3,1
18116.359,0.329,0.309,0.875,-2.5,2.93,6.68,3,1
18116.359,0.317,0.296,0.898,-1.25,5.07,6.74,3,1
18116.375,0.308,0.302,0.903,1.25,5.98,8.09,3,1
18116.39,0.31,0.308,0.905,3.63,5.92,9.34,3,1
18116.39,0.305,0.328,0.92,5.34,5.98,11.17,3,1
18116.406,0.313,0.336,0.903,7.75,6.26,14.5,3,1
18116.421,0.331,0.333,0.862,10.13,7.75,16.75,3,1
18116.421,0.333,0.321,0.859,9.55,9.7,16.51,3,1
18116.437,0.32,0.312,0.867,6.9,10.93,15.5,3,1
18116.437,0.322,0.307,0.879,4.0,11.51,15.59,3,1
18116.453,0.326,0.288,0.892,1.59,11.14,14.31,3,1
18116.468,0.321,0.272,0.905,0.55,10.38,11.96,3,1
18116.468,0.325,0.269,0.923,1.62,10.07,10.53,3,1
18116.484,0.322,0.269,0.93,5.04,9.61,8.73,3,1
18116.5,0.309,0.272,0.926,9.06,7.81,6.44,3,1
18116.5,0.31,0.291,0.915,11.69,6.2,5.65,3,1
18116.515,0.319,0.317,0.907,13.15,6.13,5.46,3,1
18116.531,0.318,0.315,0.884,14.53,5.65,3.94,3,1
18116.531,0.318,0.324,0.867,14.16,5.52,2.5,3,1
18116.546,0.315,0.334,0.872,12.09,5.19,0.95,3,1
18116.546,0.298,0.348,0.88,7.81,3.14,-1.25,3,1
18116.562,0.289,0.363,0.88,2.04,0.18,-1.37,3,1
18116.578,0.301,0.364,0.884,-2.26,-1.46,0.85,3,1
18116.578,0.302,0.345,0.89,-4.27,-2.87,1.83,3,1
18116.593,0.306,0.327,0.891,-5.8,-4.27,2.17,3,1
18116.609,0.321,0.308,0.891,-6.44,-4.82,1.89,3,1
18116.625,0.328,0.286,0.888,-5.19,-4.39,0.15,3,1
18116.625,0.326,0.291,0.899,-3.27,-3.23,-1.43,3,1
18116.64,0.324,0.301,0.906,-0.76,-2.81,-2.78,3,1
18116.64,0.313,0.328,0.911,0.92,-2.84,-3.23,3,1
18116.656,0.309,0.335,0.912,2.56,-4.36,-3.66,3,1
18116.671,0.291,0.349,0.903,3.23,-6.26,-3.23,3,1
18116.671,0.286,0.357,0.898,2.41,-7.93,-1.34,3,1
18116.687,0.292,0.349,0.892,1.19,-9.46,1.1,3,1
18116.703,0.296,0.341,0.874,-0.06,-10.47,2.5,3,1
18116.703,0.305,0.334,0.844,-2.08,-10.47,3.78,3,1
18116.718,0.326,0.339,0.845,-5.95,-8.64,4.55,3,1
18116.718,0.322,0.341,0.854,-9.83,-6.56,4.24,3,1
18116.734,0.321,0.342,0.852,-14.1,-6.29,4.24,3,1
18116.75,0.335,0.354,0.832,-19.9,-6.65,3.97,3,1
18116.765,0.344,0.345,0.831,-26.03,-4.64,4.21,3,1
18116.765,0.361,0.32,0.889,-29.27,-0.52,6.01,3,1
18116.781,0.361,0.289,0.953,-27.04,1.4,5.74,3,1
18116.781,0.342,0.25,0.949,-23.22,-0.67,2.81,3,1
18116.796,0.358,0.219,0.938,-20.57,-2.17,-0.06,3,1
18116.812,0.364,0.233,0.947,-16.33,-0.95,-4.06,3,1
18116.812,0.312,0.241,0.93,-10.59,-0.92,-7.35,3,1
18116.828,0.328,0.238,0.881,-8.27,-3.17,-8.88,3,1
18116.828,0.303,0.255,0.884,-6.35,-2.38,-10.53,3,1
18116.843,0.282,0.281,0.901,-0.64,-0.43,-9.37,3,1
18116.859,0.259,0.276,0.911,7.08,3.45,-4.36,3,1
18116.859,0.255,0.295,0.923,11.26,4.73,-1.28,3,1
18116.875,0.254,0.311,0.945,14.74,2.56,1.16,3,1
18116.89,0.275,0.329,0.932,15.47,-5.55,3.42,3,1
18116.89,0.303,0.358,0.879,10.38,-14.31,4.27,3,1
18116.906,0.366,0.335,0.851,3.27,-16.39,3.48,3,1
18116.921,0.38,0.266,0.846,-0.89,-9.89,0.21,3,1
18116.921,0.351,0.208,0.877,0.82,-2.72,-1.95,3,1
18116.937,0.358,0.224,0.875,4.09,2.66,-5.07,3,1
18116.953,0.348,0.275,0.861,2.87,3.39,-5.92,3,1
18116.953,0.356,0.322,0.868,1.07,2.72,-5.86,3,1
18116.968,0.354,0.355,0.887,-0.76,1.37,-4.97,3,1
18116.968,0.326,0.323,0.916,-2.41,-0.82,-4.0,3,1
18116.984,0.315,0.281,0.925,-1.95,-3.66,-3.81,3,1
18117.0,0.314,0.246,0.941,0.55,-6.26,-3.72,3,1
18117.0,0.317,0.231,0.962,5.34,-8.21,-4.36,3,1
18117.015,0.305,0.23,0.973,12.24,-10.62,-5.92,3,1
18117.031,0.303,0.242,0.981,18.83,-14.77,-7.05,3,1
18117.031,0.306,0.271,0.976,23.04,-20.54,-8.91,3,1
18117.046,0.306,0.301,0.951,23.62,-27.86,-11.29,3,1
18117.062,0.312,0.32,0.942,20.14,-35.89,-13.98,3,1
18117.062,0.3,0.306,0.968,12.36,-46.78,-18.86,3,1
18117.078,0.272,0.296,0.954,1.4,-61.83,-26.8,3,1
18117.078,0.306,0.311,0.938,-4.97,-75.26,-30.12,3,1
18117.093,0.327,0.3,0.912,-6.93,-82.34,-31.95,3,1
18117.109,0.349,0.288,0.884,-6.96,-84.9,-34.97,3,1
18117.109,0.36,0.311,0.863,-4.21,-84.26,-37.39,3,1
18117.125,0.378,0.338,0.839,0.24,-81.33,-36.84,3,1
18117.14,0.394,0.346,0.807,3.94,-77.3,-35.43,3,1
18117.14,0.41,0.362,0.767,5.43,-72.57,-34.18,3,1
18117.156,0.435,0.38,0.731,4.09,-66.47,-32.53,3,1
18117.171,0.462,0.404,0.714,0.24,-58.2,-30.46,3,1
18117.171,0.48,0.417,0.71,-4.39,-48.89,-28.23,3,1
18117.187,0.486,0.428,0.691,-9.16,-39.61,-26.34,3,1
18117.203,0.497,0.421,0.709,-12.45,-30.34,-22.49,3,1
18117.203,0.496,0.417,0.705,-13.61,-21.58,-18.19,3,1
18117.218,0.498,0.408,0.733,-12.82,-11.81,-12.54,3,1
18117.218,0.487,0.376,0.773,-12.54,-4.0,-7.81,3,1
18117.234,0.44,0.335,0.845,-12.42,-0.82,-6.23,3,1
18117.25,0.456,0.291,0.834,-11.44,-3.08,-5.92,3,1
18117.25,0.467,0.284,0.821,-12.67,-4.7,-9.55,3,1
18117.265,0.451,0.281,0.821,-12.39,-4.73,-13.76,3,1
18117.281,0.453,0.287,0.818,-12.48,-5.77,-17.46,3,1
18117.281,0.456,0.305,0.814,-13.98,-6.44,-21.49,3,1
18117.296,0.451,0.323,0.809,-16.21,-5.83,-24.17,3,1
18117.312,0.452,0.333,0.819,-17.3,-3.88,-25.06,3,1
18117.312,0.448,0.336,0.83,-15.44,-1.16,-24.23,3,1
18117.328,0.442,0.347,0.83,-10.77,1.95,-21.33,3,1
18117.328,0.443,0.354,0.837,-6.1,4.76,-18.16,3,1
18117.343,0.437,0.347,0.849,-3.3,6.38,-17.37,3,1
18117.359,0.417,0.328,0.853,-2.32,5.71,-17.67,3,1
18117.359,0.419,0.324,0.853,-2.5,3.23,-18.04,3,1
18117.375,0.413,0.333,0.856,-2.84,0.52,-19.04,3,1
18117.39,0.41,0.342,0.845,-4.0,-2.41,-19.81,3,1
18117.406,0.416,0.346,0.83,-7.69,-5.65,-21.06,3,1
18117.406,0.422,0.348,0.82,-12.27,-8.0,-22.34,3,1
18117.421,0.428,0.344,0.819,-15.29,-8.45,-22.71,3,1
18117.421,0.432,0.329,0.833,-16.02,-7.45,-22.74,3,1
18117.437,0.428,0.322,0.844,-15.2,-6.78,-23.01,3,1
18117.453,0.425,0.319,0.86,-13.79,-6.96,-23.68,3,1
18117.453,0.421,0.31,0.875,-11.72,-7.57,-25.12,3,1
18117.468,0.418,0.308,0.887,-8.61,-8.76,-26.8,3,1
18117.468,0.408,0.312,0.879,-4.85,-10.44,-27.83,3,1
18117.484,0.412,0.31,0.878,-1.83,-12.12,-27.74,3,1
18117.5,0.414,0.321,0.876,3.11,-12.57,-26.52,3,1
18117.515,0.41,0.34,0.854,10.07,-10.96,-23.8,3,1
18117.515,0.41,0.351,0.84,14.92,-8.7,-20.66,3,1
18117.531,0.403,0.357,0.823,17.73,-6.59,-17.43,3,1
18117.531,0.412,0.377,0.805,19.68,-3.81,-13.15,3,1
18117.546,0.415,0.4,0.795,21.27,0.0,-8.67,3,1
18117.546,0.41,0.409,0.798,21.52,3.75,-3.88,3,1
18117.562,0.413,0.412,0.801,19.38,5.37,-0.21,3,1
18117.578,0.403,0.405,0.798,14.28,3.81,0.24,3,1
18117.578,0.407,0.407,0.793,7.2,0.37,-0.64,3,1
18117.593,0.412,0.417,0.79,0.79,-1.92,-1.37,3,1
18117.609,0.412,0.415,0.791,-3.63,-1.83,-0.06,3,1
18117.625,0.413,0.402,0.804,-5.4,0.34,3.39,3,1
18117.625,0.409,0.384,0.823,-5.43,3.27,7.11,3,1
18117.64,0.406,0.36,0.831,-4.33,5.37,9.89,3,1
18117.64,0.402,0.341,0.841,-2.14,7.57,12.57,3,1
18117.656,0.405,0.336,0.855,1.83,9.19,15.02,3,1
18117.671,0.407,0.334,0.861,5.98,9.19,15.72,3,1
18117.671,0.408,0.347,0.868,8.18,6.68,14.68,3,1
18117.687,0.414,0.365,0.861,8.0,2.47,12.6,3,1
18117.687,0.423,0.371,0.841,7.02,-1.46,10.47,3,1
18117.703,0.432,0.367,0.814,6.44,-3.72,8.88,3,1
18117.718,0.438,0.368,0.792,5.74,-4.39,7.26,3,1
18117.718,0.436,0.379,0.786,3.51,-3.63,5.86,3,1
18117.734,0.433,0.382,0.796,1.1,-2.38,5.25,3,1
18117.75,0.427,0.373,0.804,0.21,-1.13,5.65,3,1
18117.75,0.423,0.373,0.808,-0.34,-0.06,6.26,3,1
18117.765,0.425,0.373,0.816,-1.37,0.92,6.84,3,1
18117.781,0.425,0.364,0.817,-2.11,1.71,6.78,3,1
18117.781,0.435,0.361,0.816,-3.88,1.89,5.74,3,1
18117.796,0.439,0.364,0.827,-5.92,2.14,4.46,3,1
18117.796,0.432,0.353,0.831,-6.93,1.74,2.93,3,1
18117.812,0.425,0.339,0.831,-7.72,0.18,1.25,3,1
18117.828,0.421,0.339,0.842,-7.81,-1.34,0.61,3,1
18117.828,0.42,0.342,0.855,-7.02,-2.72,0.58,3,1
18117.843,0.416,0.341,0.86,-6.01,-3.88,0.52,3,1
18117.859,0.415,0.336,0.852,-4.7,-5.04,0.52,3,1
18117.859,0.418,0.33,0.842,-3.2,-6.04,0.0,3,1
18117.875,0.414,0.336,0.842,-1.92,-6.5,-1.01,3,1
18117.89,0.416,0.35,0.828,-1.13,-6.87,-1.71,3,1
18117.89,0.427,0.365,0.816,-1.37,-6.04,-2.2,3,1
18117.906,0.428,0.357,0.815,-0.64,-2.93,-2.69,3,1
18117.906,0.424,0.346,0.819,1.74,0.18,-2.14,3,1
18117.921,0.424,0.353,0.819,2.38,0.73,-1.5,3,1
18117.937,0.437,0.352,0.82,0.58,0.12,-2.5,3,1
18117.937,0.439,0.351,0.816,-0.4,-0.58,-3.27,3,1
18117.953,0.451,0.341,0.82,0.34,-0.4,-3.85,3,1
18117.968,0.445,0.343,0.831,2.47,-0.12,-4.0,3,1
18117.984,0.446,0.363,0.836,4.55,0.27,-3.57,3,1
18117.984,0.447,0.37,0.836,6.13,1.5,-3.11,3,1
18118.0,0.427,0.356,0.831,7.32,3.17,-2.78,3,1
18118.0,0.426,0.327,0.823,9.16,4.3,-2.84,3,1
18118.015,0.417,0.338,0.833,9.37,5.74,-3.75,3,1
18118.031,0.409,0.339,0.851,7.75,6.01,-4.06,3,1
18118.031,0.409,0.335,0.853,7.14,5.25,-4.46,3,1
18118.046,0.409,0.336,0.839,7.54,3.33,-4.91,3,1
18118.046,0.414,0.341,0.834,8.21,1.16,-5.34,3,1
18118.062,0.415,0.367,0.832,8.39,-0.18,-5.37,3,1
18118.078,0.422,0.379,0.817,8.45,-1.19,-5.46,3,1
18118.078,0.435,0.391,0.81,8.88,-0.27,-5.8,3,1
18118.093,0.432,0.388,0.801,11.05,1.31,-5.25,3,1
18118.109,0.44,0.385,0.787,15.14,1.37,-3.85,3,1
18118.125,0.462,0.452,0.777,18.74,0.92,-1.68,3,1
18118.125,0.464,0.522,0.775,16.36,0.95,-0.09,3,1
18118.14,0.435,0.506,0.754,7.2,0.46,-0.31,3,1
18118.14,0.415,0.419,0.744,-4.18,0.09,-2.32,3,1
18118.156,0.381,0.37,0.792,-13.67,0.98,-3.94,3,1
18118.171,0.346,0.341,0.827,-19.75,-0.27,-4.52,3,1
18118.171,0.332,0.311,0.863,-23.35,-2.66,-4.94,3,1
18118.187,0.334,0.312,0.908,-23.62,-3.94,-4.73,3,1
18118.187,0.327,0.304,0.929,-21.27,-5.04,-4.55,3,1
18118.203,0.353,0.305,0.925,-16.97,-6.35,-4.76,3,1
18118.218,0.354,0.293,0.906,-10.86,-7.93,-4.67,3,1
18118.218,0.38,0.309,0.889,-3.27,-10.53,-3.23,3,1
18118.234,0.41,0.354,0.872,2.81,-13.15,-2.17,3,1
18118.25,0.446,0.394,0.875,2.69,-17.4,-4.52,3,1
18118.25,0.451,0.42,0.865,-3.02,-24.08,-11.32,3,1
18118.265,0.436,0.39,0.836,-9.49,-32.93,-17.79,3,1
18118.281,0.436,0.315,0.773,-13.37,-41.66,-22.74,3,1
18118.281,0.464,0.326,0.735,-15.11,-44.65,-24.38,3,1
18118.296,0.487,0.39,0.729,-15.23,-40.74,-22.92,3,1
18118.296,0.501,0.429,0.72,-14.25,-31.8,-18.59,3,1
18118.312,0.516,0.434,0.714,-10.83,-18.59,-10.77,3,1
18118.328,0.527,0.419,0.746,-3.63,-3.27,-1.13,3,1
18118.328,0.499,0.387,0.792,5.58,9.8,6.93,3,1
18118.343,0.47,0.325,0.826,11.78,16.97,9.64,3,1
18118.359,0.456,0.292,0.854,14.86,19.14,6.47,3,1
18118.359,0.429,0.265,0.856,18.28,18.19,0.67,3,1
18118.375,0.409,0.289,0.892,20.54,15.08,-5.25,3,1
18118.39,0.402,0.344,0.877,23.1,10.9,-9.0,3,1
18118.39,0.391,0.369,0.823,22.22,6.74,-10.93,3,1
18118.406,0.402,0.393,0.789,20.11,4.36,-9.86,3,1
18118.421,0.405,0.427,0.761,17.52,3.78,-7.78,3,1
18118.421,0.42,0.457,0.77,12.42,4.76,-5.4,3,1
18118.437,0.415,0.46,0.766,6.78,6.44,-3.91,3,1
18118.437,0.41,0.448,0.76,-0.52,6.2,-3.39,3,1
18118.453,0.422,0.44,0.762,-6.71,5.8,-2.69,3,1
18118.468,0.432,0.444,0.759,-9.31,7.54,-1.53,3,1
18118.468,0.415,0.473,0.789,-9.52,11.32,1.62,3,1
18118.484,0.4,0.446,0.821,-11.14,11.57,5.49,3,1
18118.5,0.4,0.411,0.825,-13.09,9.34,8.3,3,1
18118.5,0.407,0.39,0.824,-13.31,7.75,11.29,3,1
18118.515,0.414,0.371,0.831,-12.21,7.48,12.76,3,1
18118.531,0.411,0.351,0.828,-10.9,7.51,12.79,3,1
18118.531,0.418,0.34,0.838,-10.16,7.48,12.21,3,1
18118.546,0.414,0.33,0.856,-8.7,7.08,10.32,3,1
18118.546,0.41,0.326,0.862,-6.93,5.55,8.18,3,1
18118.562,0.414,0.328,0.855,-5.65,3.17,5.77,3,1
18118.578,0.416,0.341,0.848,-4.55,1.37,3.54,3,1
18118.578,0.415,0.36,0.848,-2.78,1.25,3.02,3,1
18118.593,0.412,0.363,0.838,-0.03,2.29,4.03,3,1
18118.609,0.426,0.358,0.817,3.02,4.15,6.04,3,1
18118.609,0.443,0.359,0.815,5.55,7.02,7.32,3,1
18118.625,0.44,0.359,0.829,7.51,9.58,6.62,3,1
18118.64,0.42,0.353,0.835,8.15,10.25,4.7,3,1
18118.64,0.409,0.349,0.84,7.29,8.55,2.41,3,1
18118.656,0.401,0.357,0.844,6.04,6.1,0.12,3,1
18118.671,0.381,0.373,0.849,4.18,2.99,-1.68,3,1
18118.671,0.376,0.382,0.837,1.8,-0.67,-2.87,3,1
18118.687,0.376,0.388,0.817,-0.09,-3.05,-2.78,3,1
18118.703,0.378,0.406,0.808,-1.65,-3.81,-0.89,3,1
18118.703,0.384,0.42,0.809,-4.21,-3.66,1.89,3,1
18118.718,0.392,0.411,0.819,-7.2,-2.87,4.73,3,1
18118.718,0.395,0.39,0.826,-9.49,-1.77,7.08,3,1
18118.734,0.401,0.369,0.822,-10.1,-1.25,8.97,3,1
18118.75,0.416,0.349,0.827,-9.98,-1.22,9.67,3,1
18118.75,0.419,0.344,0.845,-9.83,-0.85,9.46,3,1
18118.765,0.421,0.344,0.857,-8.91,-1.19,9.03,3,1
18118.781,0.425,0.33,0.851,-7.69,-2.59,7.81,3,1
18118.781,0.425,0.328,0.844,-7.17,-4.24,5.92,3,1
18118.796,0.434,0.338,0.837,-6.07,-4.88,4.43,3,1
18118.812,0.43,0.344,0.828,-4.43,-4.55,3.27,3,1
18118.812,0.423,0.349,0.824,-2.41,-2.62,3.63,3,1
18118.828,0.421,0.353,0.83,0.67,0.31,5.74,3,1
18118.843,0.415,0.358,0.848,4.52,2.96,8.09,3,1
18118.859,0.408,0.35,0.849,8.12,4.09,10.19,3,1
18118.859,0.407,0.343,0.849,9.16,3.11,10.83,3,1
18118.875,0.405,0.346,0.836,8.51,0.95,9.67,3,1
18118.875,0.408,0.357,0.815,6.62,-1.19,8.3,3,1
18118.89,0.416,0.372,0.802,3.02,-2.11,7.39,3,1
18118.89,0.417,0.384,0.797,-1.04,-2.17,6.5,3,1
18118.906,0.413,0.383,0.804,-8.15,-0.37,7.87,3,1
18118.921,0.411,0.375,0.815,-9.31,0.89,9.92,3,1
18118.921,0.403,0.363,0.829,-9.19,1.74,11.93,3,1
18118.937,0.401,0.346,0.84,-8.76,2.11,13.18,3,1
18118.937,0.403,0.333,0.844,-8.12,1.95,14.34,3,1
18118.953,0.416,0.334,0.852,-7.11,2.23,15.87,3,1
18118.968,0.425,0.33,0.847,-5.65,1.92,15.96,3,1
18118.984,0.43,0.325,0.837,-5.28,0.76,14.13,3,1
18118.984,0.45,0.345,0.836,-5.58,0.7,12.27,3,1
18119.0,0.437,0.35,0.824,-7.23,0.55,10.96,3,1
18119.0,0.426,0.34,0.795,-9.74,0.58,10.22,3,1
18119.015,0.428,0.346,0.769,-10.22,5.34,14.13,3,1
18119.031,0.434,0.362,0.793,-5.95,15.08,22.92,3,1
18119.031,0.449,0.373,0.831,2.56,27.53,32.9,3,1
18119.046,0.44,0.372,0.844,13.67,37.93,39.95,3,1
18119.062,0.418,0.338,0.849,20.66,42.54,43.12,3,1
18119.062,0.394,0.32,0.833,23.53,42.97,44.25,3,1
18119.078,0.397,0.351,0.834,24.51,44.19,48.31,3,1
18119.078,0.386,0.364,0.845,25.27,46.82,53.01,3,1
18119.093,0.401,0.358,0.831,25.51,49.53,56.86,3,1
18119.109,0.411,0.352,0.826,25.88,52.83,58.9,3,1
18119.109,0.425,0.323,0.837,23.8,52.4,54.99,3,1
18119.125,0.404,0.286,0.859,17.15,47.58,44.74,3,1
18119.14,0.385,0.271,0.884,8.0,39.58,34.27,3,1
18119.14,0.362,0.254,0.88,-0.37,31.07,25.42,3,1
18119.156,0.351,0.249,0.892,-6.74,25.21,20.29,3,1
18119.171,0.36,0.243,0.927,-7.54,22.68,18.13,3,1
18119.171,0.369,0.242,0.946,-2.96,20.69,15.26,3,1
18119.187,0.361,0.243,0.948,1.43,17.52,10.83,3,1
18119.203,0.354,0.252,0.947,4.7,12.05,6.44,3,1
18119.203,0.361,0.27,0.916,7.2,4.7,2.59,3,1
18119.218,0.359,0.31,0.862,6.93,-0.31,-0.98,3,1
18119.218,0.354,0.352,0.846,4.7,0.37,0.21,3,1
18119.234,0.372,0.368,0.856,4.33,4.82,5.37,3,1
18119.25,0.391,0.329,0.856,5.22,8.33,7.69,3,1
18119.25,0.395,0.313,0.838,6.62,10.22,7.42,3,1
18119.265,0.406,0.331,0.837,7.66,12.33,6.84,3,1
18119.281,0.398,0.324,0.858,5.98,13.37,4.36,3,1
18119.281,0.373,0.306,0.875,1.04,10.59,-0.4,3,1
18119.296,0.349,0.299,0.894,-5.89,3.69,-5.37,3,1
18119.312,0.351,0.306,0.885,-11.54,-5.19,-9.98,3,1
18119.312,0.344,0.332,0.837,-13.55,-9.95,-11.81,3,1
18119.328,0.361,0.362,0.839,-14.4,-6.44,-9.03,3,1
18119.328,0.357,0.341,0.878,-13.21,-0.43,-4.64,3,1
18119.343,0.368,0.296,0.9,-10.96,1.77,-3.3,3,1
18119.359,0.377,0.261,0.91,-9.03,1.98,-5.71,3,1
18119.359,0.369,0.251,0.902,-5.65,1.19,-9.13,3,1
18119.375,0.374,0.281,0.884,-2.11,0.15,-11.66,3,1
18119.39,0.378,0.301,0.868,0.15,1.22,-13.67,3,1
18119.406,0.371,0.313,0.858,0.76,3.33,-14.92,3,1
18119.406,0.365,0.315,0.849,-0.09,5.62,-15.35,3,1
18119.421,0.355,0.315,0.854,-1.1,8.18,-15.14,3,1
18119.421,0.348,0.32,0.864,-1.16,10.07,-14.16,3,1
18119.437,0.34,0.321,0.874,-1.28,11.29,-14.1,3,1
18119.453,0.321,0.319,0.882,-1.46,12.12,-13.79,3,1
18119.453,0.314,0.329,0.909,-1.28,12.05,-12.27,3,1
18119.468,0.288,0.344,0.913,-0.31,11.2,-9.98,3,1
18119.468,0.283,0.357,0.917,-0.64,8.58,-5.49,3,1
18119.484,0.288,0.348,0.903,-1.83,4.97,-1.43,3,1
18119.5,0.302,0.34,0.879,-3.3,2.81,2.35,3,1
18119.515,0.32,0.325,0.875,-5.28,2.29,4.91,3,1
18119.515,0.334,0.304,0.883,-6.65,2.17,5.49,3,1
18119.515,0.337,0.299,0.879,-7.35,1.8,4.64,3,1
18119.531,0.348,0.304,0.872,-8.39,1.43,3.54,3,1
18119.546,0.357,0.311,0.875,-9.64,1.28,2.59,3,1
18119.562,0.357,0.303,0.883,-9.77,1.56,1.28,3,1
18119.562,0.355,0.295,0.896,-8.88,2.08,-0.27,3,1
18119.578,0.34,0.283,0.909,-7.29,2.23,-1.4,3,1
18119.593,0.341,0.276,0.914,-4.91,1.59,-1.83,3,1
18119.593,0.343,0.277,0.918,-1.74,0.79,-2.62,3,1
18119.609,0.335,0.28,0.904,1.46,0.27,-3.72,3,1
18119.609,0.34,0.285,0.887,4.21,0.52,-4.03,3,1
18119.625,0.345,0.299,0.878,5.46,1.83,-4.33,3,1
18119.64,0.341,0.306,0.87,6.38,3.42,-5.4,3,1
18119.64,0.336,0.32,0.858,5.95,4.39,-6.56,3,1
18119.656,0.333,0.331,0.864,4.12,5.58,-7.23,3,1
18119.671,0.315,0.339,0.897,1.83,6.23,-7.54,3,1
18119.671,0.298,0.355,0.895,0.21,4.94,-6.04,3,1
18119.687,0.304,0.34,0.895,-1.59,2.78,-4.36,3,1
18119.687,0.296,0.323,0.901,-2.75,0.85,-3.2,3,1
18119.703,0.3,0.308,0.896,-3.14,-1.43,-1.77,3,1
18119.718,0.306,0.295,0.88,-3.63,-3.23,-1.4,3,1
18119.718,0.309,0.318,0.881,-5.49,-2.9,-0.55,3,1
18119.734,0.316,0.321,0.891,-6.26,-0.79,1.16,3,1
18119.75,0.32,0.296,0.902,-5.01,1.28,2.2,3,1
18119.75,0.332,0.272,0.907,-2.32,2.53,2.11,3,1
18119.765,0.329,0.271,0.902,0.37,3.36,0.82,3,1
18119.781,0.325,0.285,0.9,2.35,3.36,-0.31,3,1
18119.781,0.325,0.307,0.893,3.6,2.93,-0.52,3,1
18119.796,0.328,0.313,0.888,3.88,2.29,0.0,3,1
18119.812,0.329,0.316,0.893,3.27,1.71,-0.03,3,1
18119.812,0.318,0.334,0.896,2.01,0.7,0.64,3,1
18119.828,0.315,0.333,0.9,1.28,0.12,2.26,3,1
18119.828,0.304,0.316,0.909,1.71,-0.12,4.03,3,1
18119.843,0.306,0.308,0.916,4.09,-0.79,6.47,3,1
18119.859,0.305,0.301,0.91,6.59,-1.56,7.93,3,1
18119.859,0.304,0.295,0.904,7.6,-2.04,8.76,3,1
18119.875,0.307,0.303,0.898,8.51,-1.46,9.77,3,1
18119.89,0.31,0.308,0.891,9.98,-0.52,11.47,3,1
18119.89,0.318,0.309,0.897,12.33,0.37,14.77,3,1
18119.906,0.314,0.326,0.906,13.46,0.43,16.24,3,1
18119.921,0.322,0.334,0.905,15.11,-0.18,17.27,3,1
18119.921,0.335,0.33,0.884,16.05,-1.31,16.97,3,1
18119.937,0.331,0.34,0.874,15.35,-2.38,16.11,3,1
18119.937,0.33,0.335,0.857,13.12,-3.57,15.2,3,1
18119.953,0.343,0.329,0.86,10.62,-3.02,14.04,3,1
18119.968,0.336,0.341,0.87,8.58,-1.16,13.25,3,1
18119.968,0.339,0.351,0.869,8.0,1.04,13.95,3,1
18119.984,0.345,0.325,0.863,7.11,1.92,13.92,3,1
18120.0,0.339,0.311,0.861,6.13,1.1,13.03,3,1
18120.0,0.349,0.333,0.875,4.85,0.52,12.05,3,1
18120.015,0.343,0.33,0.873,3.75,0.03,9.64,3,1
18120.031,0.326,0.322,0.863,0.89,-1.25,7.05,3,1
18120.031,0.331,0.32,0.858,-2.35,-1.92,5.89,3,1
18120.046,0.334,0.322,0.871,-4.24,-1.01,5.01,3,1
18120.062,0.309,0.318,0.883,-4.94,-1.07,4.58,3,1
18120.062,0.309,0.336,0.903,-4.94,-0.64,7.23,3,1
18120.078,0.318,0.331,0.914,-3.3,0.89,10.19,3,1
18120.078,0.315,0.305,0.911,-0.27,0.76,11.26,3,1
18120.093,0.318,0.297,0.912,2.78,-0.89,12.18,3,1
18120.109,0.325,0.314,0.923,5.46,-1.34,13.46,3,1
18120.125,0.33,0.316,0.915,8.09,-2.08,14.19,3,1
18120.125,0.338,0.306,0.905,10.74,-3.63,14.01,3,1
18120.14,0.335,0.309,0.889,13.61,-4.24,14.56,3,1
18120.14,0.333,0.325,0.887,15.26,-4.67,15.81,3,1
18120.156,0.348,0.321,0.891,17.3,-5.19,17.18,3,1
18120.171,0.362,0.329,0.887,19.35,-4.88,18.07,3,1
18120.171,0.376,0.322,0.883,19.65,-5.68,16.72,3,1
18120.187,0.379,0.307,0.866,19.04,-7.02,13.73,3,1
18120.203,0.383,0.291,0.84,17.73,-8.97,9.43,3,1
18120.203,0.395,0.311,0.821,13.76,-9.67,4.88,3,1
18120.218,0.404,0.321,0.812,6.23,-9.46,-0.18,3,1
18120.218,0.392,0.322,0.797,-0.92,-8.7,-5.43,3,1
18120.234,0.383,0.346,0.787,-4.91,-5.55,-7.14,3,1
18120.25,0.386,0.355,0.815,-6.41,-0.18,-6.53,3,1
18120.25,0.36,0.355,0.87,-7.54,4.76,-6.68,3,1
18120.265,0.321,0.353,0.914,-9.43,5.22,-6.56,3,1
18120.281,0.301,0.341,0.929,-8.61,2.59,-4.15,3,1
18120.281,0.3,0.317,0.918,-4.97,0.18,-0.58,3,1
18120.296,0.298,0.303,0.914,-0.21,-1.04,1.89,3,1
18120.296,0.311,0.319,0.916,2.5,-1.43,4.85,3,1
18120.312,0.328,0.323,0.891,4.76,-2.11,5.95,3,1
18120.328,0.343,0.329,0.859,5.16,-3.69,6.23,3,1
18120.328,0.367,0.339,0.839,3.85,-4.49,6.2,3,1
18120.343,0.384,0.355,0.83,0.31,-3.94,5.28,3,1
18120.359,0.382,0.382,0.821,-5.77,-3.2,3.36,3,1
18120.375,0.382,0.383,0.807,-12.57,-3.91,1.5,3,1
18120.375,0.382,0.369,0.819,-18.04,-3.6,0.92,3,1
18120.39,0.369,0.33,0.853,-19.84,-1.56,0.73,3,1
18120.39,0.345,0.294,0.907,-18.34,0.24,1.31,3,1
18120.406,0.328,0.29,0.945,-13.79,0.82,3.63,3,1
18120.421,0.334,0.28,0.949,-7.66,-0.37,5.8,3,1
18120.421,0.326,0.264,0.931,-3.05,-2.93,5.77,3,1
18120.437,0.322,0.297,0.914,-0.49,-6.81,6.13,3,1
18120.437,0.328,0.361,0.891,-1.37,-11.9,7.87,3,1
18120.453,0.339,0.405,0.843,-7.26,-17.7,9.25,3,1
18120.468,0.351,0.415,0.803,-16.17,-22.89,9.74,3,1
18120.484,0.361,0.402,0.791,-26.15,-25.76,10.65,3,1
18120.484,0.358,0.385,0.788,-36.07,-26.37,12.21,3,1
18120.5,0.367,0.36,0.816,-44.74,-24.96,15.72,3,1
18120.5,0.387,0.32,0.844,-49.04,-22.25,19.47,3,1
18120.515,0.39,0.267,0.864,-48.52,-19.56,21.09,3,1
18120.531,0.399,0.225,0.876,-45.99,-17.58,21.06,3,1
18120.531,0.414,0.195,0.868,-41.63,-14.53,20.29,3,1
18120.546,0.428,0.172,0.877,-36.96,-9.25,18.62,3,1
18120.562,0.437,0.161,0.89,-31.37,-3.42,16.21,3,1
18120.562,0.451,0.168,0.892,-26.18,0.85,13.4,3,1
18120.578,0.456,0.187,0.88,-21.55,5.01,10.16,3,1
18120.578,0.469,0.203,0.919,-18.71,9.31,7.05,3,1
18120.593,0.443,0.196,0.913,-14.53,12.09,3.02,3,1
18120.609,0.424,0.183,0.928,-11.08,14.65,0.34,3,1
18120.625,0.36,0.154,0.968,-4.3,15.84,-0.03,3,1
18120.625,0.365,0.142,0.952,2.69,14.13,1.5,3,1
18120.64,0.331,0.138,0.942,9.16,15.47,0.85,3,1
18120.64,0.313,0.132,0.934,17.0,16.24,1.37,3,1
18120.656,0.299,0.15,0.921,24.41,14.07,2.35,3,1
18120.671,0.298,0.203,0.913,29.69,11.26,3.63,3,1
18120.671,0.314,0.258,0.922,32.32,9.37,5.58,3,1
18120.687,0.354,0.314,0.985,30.64,0.92,4.76,3,1
18120.687,0.315,0.367,0.985,29.73,-14.95,3.88,3,1
18120.703,0.376,0.393,0.936,26.58,-28.87,7.72,3,1
18120.718,0.316,0.374,0.963,24.23,-36.87,8.39,3,1
18120.718,0.24,0.373,0.934,28.47,-44.71,16.63,3,1
18120.734,0.334,0.276,0.882,22.95,-50.26,28.9,3,1
18120.75,0.453,0.14,0.926,15.72,-55.64,23.07,3,1
18120.765,0.418,0.142,0.852,15.32,-58.02,14.59,3,1
18120.765,0.476,0.113,0.83,15.99,-58.14,9.31,3,1
18120.781,0.523,0.174,0.824,19.56,-53.74,4.64,3,1
18120.781,0.559,0.291,0.787,21.3,-47.12,1.04,3,1
18120.796,0.576,0.328,0.759,21.03,-39.03,-2.35,3,1
18120.812,0.57,0.327,0.713,22.19,-30.4,-5.95,3,1
18120.812,0.58,0.315,0.683,23.8,-19.26,-5.52,3,1
18120.828,0.58,0.319,0.652,22.8,-5.04,-5.49,3,1
18120.828,0.571,0.293,0.646,16.94,10.28,-9.0,3,1
18120.843,0.563,0.273,0.673,9.19,25.82,-14.04,3,1
18120.859,0.51,0.27,0.692,3.39,38.94,-19.96,3,1
18120.859,0.471,0.31,0.741,-4.27,46.82,-23.83,3,1
18120.875,0.452,0.35,0.794,-22.8,50.39,-27.89,3,1
18120.89,0.402,0.356,0.839,-28.44,44.83,-28.29,3,1
18120.906,0.339,0.328,0.918,-27.31,30.34,-24.11,3,1
18120.906,0.298,0.283,1.113,-19.93,5.49,-14.01,3,1
18120.921,0.313,0.235,0.976,-17.27,-10.74,-13.73,3,1
18120.921,0.336,0.191,0.93,-13.18,-14.5,-13.46,3,1
18120.937,0.372,0.191,0.904,-6.47,-14.19,-12.76,3,1
18120.937,0.394,0.222,0.878,0.03,-13.25,-12.94,3,1
18120.953,0.423,0.271,0.86,0.31,-15.2,-15.93,3,1
18120.968,0.438,0.301,0.841,-6.99,-21.42,-24.99,3,1
18120.968,0.434,0.3,0.806,-18.52,-28.96,-35.34,3,1
18120.984,0.449,0.28,0.767,-34.42,-35.62,-44.65,3,1
18121.0,0.449,0.264,0.744,-51.06,-38.97,-54.48,3,1
18121.0,0.434,0.302,0.736,-61.74,-35.43,-58.38,3,1
18121.015,0.442,0.348,0.779,-63.39,-24.14,-51.61,3,1
18121.031,0.45,0.361,0.882,-52.28,-8.91,-37.2,3,1
18121.031,0.43,0.363,0.964,-33.17,2.35,-23.96,3,1
18121.046,0.395,0.293,0.989,-19.56,3.72,-18.07,3,1
18121.046,0.377,0.171,0.987,-14.07,-1.56,-16.88,3,1
18121.062,0.396,0.111,0.961,-8.48,-7.78,-19.68,3,1
18121.078,0.408,0.124,0.904,-1.68,-11.02,-23.93,3,1
18121.078,0.427,0.154,0.834,0.09,-12.42,-28.87,3,1
18121.093,0.451,0.209,0.813,-4.88,-11.44,-34.94,3,1
18121.109,0.453,0.273,0.816,-10.04,-8.06,-40.62,3,1
18121.109,0.433,0.316,0.818,-10.83,-3.11,-40.89,3,1
18121.125,0.433,0.37,0.839,-8.64,3.27,-33.33,3,1
18121.14,0.42,0.402,0.869,-2.32,9.52,-22.71,3,1
18121.14,0.379,0.387,0.872,4.18,13.89,-12.02,3,1
18121.156,0.375,0.325,0.896,4.61,14.25,-3.97,3,1
18121.171,0.372,0.224,0.911,1.95,10.01,-3.54,3,1
18121.171,0.365,0.193,0.902,0.95,4.67,-6.38,3,1
18121.187,0.379,0.225,0.893,3.36,1.28,-8.21,3,1
18121.187,0.398,0.249,0.897,6.9,0.12,-9.49,3,1
18121.203,0.398,0.274,0.897,8.58,-1.71,-12.24,3,1
18121.218,0.384,0.297,0.88,7.66,-4.73,-14.95,3,1
18121.218,0.373,0.314,0.843,5.8,-6.59,-14.19,3,1
18121.234,0.389,0.33,0.825,3.2,-5.01,-9.83,3,1
18121.25,0.392,0.329,0.837,1.8,-0.7,-5.52,3,1
18121.25,0.382,0.304,0.842,0.52,2.56,-2.69,3,1
18121.265,0.383,0.282,0.87,-2.5,3.72,-1.43,3,1
18121.281,0.382,0.282,0.893,-3.63,3.66,-0.79,3,1
18121.281,0.39,0.28,0.902,-2.11,2.84,0.03,3,1
18121.296,0.398,0.269,0.889,0.12,1.53,-0.34,3,1
18121.312,0.401,0.274,0.873,1.31,1.07,-1.25,3,1
18121.312,0.404,0.28,0.867,1.62,1.34,-1.4,3,1
18121.328,0.404,0.287,0.854,2.2,2.35,-0.15,3,1
18121.328,0.42,0.298,0.858,1.71,4.58,1.86,3,1
18121.359,0.423,0.262,0.848,1.62,8.48,1.95,3,1
18121.359,0.427,0.24,0.849,2.9,10.83,0.67,3,1
18121.375,0.42,0.259,0.866,4.18,13.52,-0.89,3,1
18121.39,0.415,0.28,0.885,5.28,14.44,-2.81,3,1
18121.39,0.394,0.287,0.893,6.68,13.58,-5.07,3,1
18121.406,0.383,0.287,0.883,7.78,10.93,-7.9,3,1
18121.421,0.366,0.291,0.874,7.97,9.46,-9.16,3,1
18121.421,0.36,0.311,0.868,7.63,9.74,-7.78,3,1
18121.437,0.369,0.314,0.867,6.56,11.66,-5.62,3,1
18121.437,0.357,0.301,0.869,5.68,13.86,-4.39,3,1
18121.453,0.353,0.295,0.876,4.79,13.37,-3.85,3,1
18121.468,0.349,0.302,0.886,2.78,10.93,-3.63,3,1
18121.468,0.346,0.31,0.871,0.21,6.99,-4.12,3,1
18121.484,0.358,0.325,0.87,-3.3,3.48,-4.3,3,1
18121.5,0.357,0.349,0.866,-6.84,1.25,-4.21,3,1
18121.5,0.363,0.352,0.858,-11.23,-0.49,-4.24,3,1
18121.515,0.356,0.334,0.844,-16.17,-1.86,-4.61,3,1
18121.531,0.362,0.316,0.848,-20.66,-2.53,-4.24,3,1
18121.531,0.363,0.297,0.875,-23.8,-1.86,-3.45,3,1
18121.546,0.363,0.271,0.919,-23.83,-1.01,-2.96,3,1
18121.546,0.355,0.25,0.964,-20.05,-1.74,-2.56,3,1
18121.562,0.367,0.214,0.987,-12.33,-4.43,-2.72,3,1
18121.578,0.38,0.198,0.977,-3.39,-6.16,-3.72,3,1
18121.578,0.384,0.185,0.938,5.68,-6.53,-5.55,3,1
18121.593,0.394,0.197,0.891,13.15,-6.47,-8.27,3,1
18121.609,0.395,0.238,0.856,18.37,-5.68,-11.05,3,1
18121.609,0.384,0.305,0.857,19.32,-4.58,-11.93,3,1
18121.625,0.383,0.358,0.86,17.27,-5.07,-11.08,3,1
18121.64,0.377,0.375,0.832,11.78,-5.1,-9.89,3,1
18121.64,0.369,0.365,0.814,4.15,-3.39,-8.33,3,1
18121.656,0.369,0.334,0.795,-2.41,-1.34,-6.78,3,1
18121.671,0.338,0.318,0.848,-6.87,1.59,-5.22,3,1
18121.671,0.325,0.294,0.849,-8.55,1.28,-2.11,3,1
18121.687,0.355,0.293,0.89,-12.51,1.53,0.12,3,1
18121.703,0.343,0.263,0.93,-12.09,2.35,0.64,3,1
18121.703,0.352,0.221,0.926,-6.9,2.01,1.74,3,1
18121.718,0.372,0.216,0.923,-1.31,1.28,1.34,3,1
18121.718,0.369,0.215,0.92,4.58,-0.03,-0.61,3,1
18121.734,0.374,0.242,0.906,9.89,-2.26,-2.53,3,1
18121.75,0.368,0.284,0.888,13.43,-4.03,-4.52,3,1
18121.75,0.355,0.324,0.894,13.67,-5.98,-5.49,3,1
18121.765,0.336,0.36,0.913,12.18,-9.52,-4.55,3,1
18121.781,0.335,0.382,0.882,9.52,-16.88,-2.99,3,1
18121.781,0.324,0.411,0.726,1.83,-23.68,-2.62,3,1
18121.796,0.411,0.388,0.717,-10.04,-14.92,3.14,3,1
18121.812,0.375,0.352,0.818,-15.93,2.04,7.14,3,1
18121.812,0.333,0.28,0.855,-17.67,10.28,11.26,3,1
18121.828,0.375,0.234,0.887,-19.01,12.02,13.92,3,1
18121.828,0.385,0.22,0.914,-17.79,11.26,11.9,3,1
18121.843,0.379,0.229,0.94,-15.05,8.88,8.85,3,1
18121.859,0.381,0.256,0.932,-10.41,0.15,3.2,3,1
18121.875,0.379,0.272,0.913,-9.4,-2.84,2.69,3,1
18121.875,0.381,0.264,0.903,-8.33,-4.0,1.65,3,1
18121.89,0.388,0.272,0.885,-8.3,-2.75,0.31,3,1
18121.89,0.396,0.259,0.883,-8.82,0.34,-0.89,3,1
18121.906,0.394,0.235,0.896,-6.32,3.88,-2.29,3,1
18121.921,0.387,0.233,0.911,-2.35,5.77,-3.3,3,1
18121.921,0.389,0.242,0.911,1.1,5.98,-4.73,3,1
18121.937,0.388,0.248,0.904,4.09,5.98,-5.37,3,1
18121.953,0.376,0.256,0.892,6.81,5.07,-6.38,3,1
18121.953,0.38,0.261,0.88,8.61,3.94,-6.74,3,1
18121.968,0.375,0.274,0.875,9.06,3.78,-6.68,3,1
18121.968,0.375,0.288,0.872,8.45,3.78,-6.81,3,1
18121.984,0.374,0.299,0.866,6.74,4.18,-7.11,3,1
18122.0,0.36,0.295,0.88,5.01,4.97,-7.11,3,1
18122.0,0.347,0.295,0.899,5.04,4.36,-7.26,3,1
18122.015,0.343,0.293,0.9,4.88,3.3,-7.32,3,1
18122.031,0.335,0.288,0.897,4.73,3.08,-7.02,3,1
18122.031,0.334,0.286,0.888,5.13,3.08,-6.5,3,1
18122.046,0.333,0.292,0.882,5.1,3.63,-5.77,3,1
18122.046,0.329,0.288,0.892,4.97,4.03,-4.82,3,1
18122.062,0.326,0.296,0.892,4.3,2.96,-3.51,3,1
18122.078,0.338,0.311,0.882,2.32,1.37,-2.44,3,1
18122.093,0.345,0.307,0.869,0.52,0.52,-2.32,3,1
18122.093,0.345,0.305,0.864,-1.83,0.34,-2.26,3,1
18122.109,0.349,0.315,0.878,-4.91,0.52,-1.95,3,1
18122.109,0.352,0.319,0.882,-7.45,0.06,-1.83,3,1
18122.125,0.35,0.309,0.875,-9.37,-0.79,-1.56,3,1
18122.14,0.352,0.303,0.893,-12.42,-1.86,-1.13,3,1
18122.14,0.352,0.308,0.941,-14.98,-4.85,-2.01,3,1
18122.156,0.367,0.291,0.97,-13.76,-9.0,-3.39,3,1
18122.171,0.398,0.25,0.923,-10.19,-11.23,-4.91,3,1
18122.171,0.429,0.216,0.885,-4.58,-6.68,-7.35,3,1
18122.187,0.41,0.188,0.895,4.21,1.19,-10.56,3,1
18122.187,0.383,0.187,0.891,13.58,6.07,-12.42,3,1
18122.203,0.35,0.217,0.913,19.68,8.61,-12.51,3,1
18122.218,0.328,0.225,0.901,23.62,7.93,-11.11,3,1
18122.218,0.328,0.225,0.896,25.03,7.14,-9.77,3,1
18122.234,0.306,0.231,0.912,29.3,7.23,-8.51,3,1
18122.25,0.298,0.257,0.918,35.71,5.34,-6.1,3,1
18122.25,0.299,0.307,0.905,40.56,1.71,-4.33,3,1
18122.265,0.304,0.36,0.907,41.69,-2.53,-2.53,3,1
18122.281,0.301,0.382,0.907,41.54,-6.87,-0.92,3,1
18122.281,0.281,0.407,0.829,38.58,-13.49,0.89,3,1
18122.296,0.345,0.463,0.689,25.18,-13.7,4.46,3,1
18122.296,0.361,0.453,0.721,9.95,-0.73,8.58,3,1
18122.312,0.338,0.399,0.781,1.56,10.86,13.49,3,1
18122.328,0.36,0.38,0.812,-5.65,13.43,16.39,3,1
18122.343,0.376,0.377,0.86,-12.97,10.59,14.4,3,1
18122.343,0.35,0.369,0.873,-20.66,3.88,9.8,3,1
18122.359,0.356,0.362,0.883,-25.94,-2.62,6.78,3,1
18122.359,0.36,0.354,0.908,-28.2,-7.2,5.28,3,1
18122.375,0.336,0.325,0.92,-27.99,-11.75,4.27,3,1
18122.39,0.324,0.297,0.906,-25.97,-16.24,4.94,3,1
18122.39,0.334,0.305,0.875,-24.48,-18.59,7.2,3,1
18122.406,0.343,0.314,0.88,-24.26,-16.33,9.74,3,1
18122.421,0.338,0.295,0.897,-22.1,-11.69,13.03,3,1
18122.421,0.351,0.267,0.918,-18.56,-7.87,16.54,3,1
18122.437,0.345,0.24,0.928,-13.82,-5.46,18.4,3,1
18122.437,0.354,0.232,0.929,-8.3,-5.34,19.32,3,1
18122.453,0.369,0.233,0.915,-3.6,-5.65,19.1,3,1
18122.468,0.369,0.245,0.9,-0.34,-4.85,18.62,3,1
18122.484,0.361,0.268,0.885,1.98,-4.49,18.43,3,1
18122.484,0.354,0.28,0.871,4.39,-2.96,22.4,3,1
18122.5,0.375,0.31,0.865,7.39,0.64,27.22,3,1
18122.5,0.359,0.316,0.847,9.92,6.13,32.72,3,1
18122.515,0.375,0.324,0.878,12.21,11.9,40.04,3,1
18122.531,0.385,0.319,0.899,17.58,16.82,46.3,3,1
18122.531,0.373,0.329,0.898,23.8,19.47,49.87,3,1
18122.546,0.369,0.338,0.892,28.5,20.48,53.41,3,1
18122.562,0.375,0.311,0.894,31.16,20.54,54.72,3,1
18122.562,0.376,0.276,0.897,32.44,20.08,53.41,3,1
18122.578,0.371,0.259,0.896,31.59,17.55,49.41,3,1
18122.578,0.379,0.249,0.895,29.39,13.21,44.13,3,1
18122.593,0.373,0.246,0.886,26.46,8.39,37.97,3,1
18122.609,0.365,0.268,0.879,20.08,3.81,33.17,3,1
18122.609,0.378,0.271,0.871,13.76,-0.52,29.39,3,1
18122.625,0.386,0.255,0.857,8.45,-4.52,24.72,3,1
18122.64,0.394,0.263,0.866,3.78,-6.87,19.68,3,1
18122.64,0.399,0.259,0.873,1.1,-7.81,14.56,3,1
18122.656,0.4,0.249,0.873,0.18,-7.84,9.83,3,1
18122.671,0.403,0.248,0.871,0.79,-7.2,6.07,3,1
18122.671,0.396,0.252,0.868,2.11,-6.13,3.2,3,1
18122.687,0.395,0.261,0.878,3.23,-5.13,1.16,3,1
18122.687,0.396,0.282,0.886,3.51,-5.55,-1.22,3,1
18122.703,0.385,0.296,0.884,3.14,-7.54,-3.63,3,1
18122.718,0.378,0.299,0.885,2.72,-10.86,-4.79,3,1
18122.718,0.369,0.297,0.906,1.59,-16.36,-6.32,3,1
18122.734,0.368,0.27,0.896,-2.41,-24.81,-9.19,3,1
18122.75,0.373,0.234,0.921,-10.35,-35.86,-14.68,3,1
18122.75,0.379,0.231,0.922,-16.3,-47.94,-20.97,3,1
18122.765,0.39,0.265,0.885,-20.63,-56.76,-24.75,3,1
18122.781,0.41,0.282,0.863,-25.36,-62.07,-27.44,3,1
18122.781,0.433,0.278,0.855,-28.32,-63.69,-29.57,3,1
18122.796,0.441,0.278,0.852,-30.06,-63.14,-30.98,3,1
18122.812,0.451,0.288,0.84,-28.81,-61.19,-31.8,3,1
18122.812,0.459,0.296,0.818,-26.03,-56.37,-30.73,3,1
18122.828,0.475,0.307,0.811,-21.39,-48.34,-27.04,3,1
18122.828,0.501,0.329,0.779,-12.85,-36.56,-20.23,3,1
18122.843,0.517,0.336,0.748,5.34,-2.41,-5.16,3,1
18122.859,0.524,0.324,0.745,7.08,10.47,-2.72,3,1
18122.875,0.516,0.284,0.756,5.34,18.07,-5.16,3,1
18122.875,0.487,0.25,0.777,1.89,22.77,-8.27,3,1
18122.89,0.491,0.28,0.804,-3.36,24.14,-12.3,3,1
18122.89,0.475,0.295,0.829,-7.57,24.38,-17.43,3,1
18122.906,0.379,0.327,0.93,-8.67,22.68,-19.5,3,1
18122.921,0.392,0.318,0.989,-4.43,12.51,-14.71,3,1
18122.921,0.379,0.29,0.924,-0.24,4.39,-11.63,3,1
18122.937,0.379,0.254,0.885,4.76,4.18,-6.65,3,1
18122.937,0.387,0.233,0.886,10.44,7.32,-1.86,3,1
18122.953,0.387,0.223,0.889,15.9,11.47,1.19,3,1
18122.968,0.391,0.24,0.894,20.36,14.19,3.3,3,1
18122.984,0.398,0.273,0.88,22.34,13.92,3.23,3,1
18122.984,0.414,0.301,0.85,22.1,12.94,2.78,3,1
18123.0,0.434,0.329,0.828,21.06,14.71,2.78,3,1
18123.0,0.432,0.323,0.832,20.39,17.52,1.98,3,1
18123.015,0.424,0.315,0.836,18.89,17.73,0.34,3,1
18123.031,0.428,0.318,0.828,16.6,16.08,-1.95,3,1
18123.031,0.43,0.335,0.817,14.04,14.83,-3.97,3,1
18123.046,0.412,0.352,0.824,11.47,14.34,-5.01,3,1
18123.062,0.407,0.348,0.827,7.69,13.06,-4.85,3,1
18123.062,0.4,0.341,0.831,3.78,11.72,-4.7,3,1
18123.078,0.393,0.338,0.834,0.15,10.01,-4.12,3,1
18123.078,0.404,0.328,0.844,-2.59,9.92,-2.56,3,1
18123.093,0.401,0.326,0.849,-2.56,10.9,-2.08,3,1
18123.109,0.394,0.32,0.864,-1.86,11.78,-1.59,3,1
18123.109,0.392,0.317,0.885,-0.92,12.15,-0.89,3,1
18123.125,0.383,0.31,0.899,0.61,10.83,-1.16,3,1
18123.14,0.373,0.304,0.897,1.4,7.57,-2.11,3,1
18123.14,0.373,0.301,0.897,1.37,4.33,-2.78,3,1
18123.156,0.374,0.302,0.894,3.08,1.62,-2.47,3,1
18123.171,0.372,0.314,0.87,4.76,-0.06,-2.01,3,1
18123.171,0.374,0.315,0.854,4.39,-0.7,-1.77,3,1
18123.187,0.376,0.318,0.842,3.36,-0.06,-1.83,3,1
18123.203,0.38,0.327,0.838,2.87,1.43,-1.28,3,1
18123.203,0.383,0.344,0.848,2.66,3.39,0.03,3,1
18123.218,0.385,0.349,0.857,1.98,4.94,0.82,3,1
18123.218,0.381,0.339,0.852,1.65,5.83,1.1,3,1
18123.234,0.377,0.324,0.848,1.34,5.8,1.28,3,1
18123.25,0.379,0.324,0.857,0.55,5.16,1.25,3,1
18123.25,0.378,0.326,0.869,-0.85,3.94,1.04,3,1
18123.265,0.37,0.329,0.875,-2.26,2.17,0.67,3,1
18123.281,0.371,0.327,0.858,-3.63,-0.34,1.31,3,1
18123.281,0.381,0.327,0.841,-5.37,-1.04,2.01,3,1
18123.296,0.391,0.319,0.86,-6.56,0.92,2.5,3,1
18123.312,0.386,0.301,0.872,-5.22,3.17,2.66,3,1
18123.312,0.38,0.292,0.879,-3.2,4.06,2.87,3,1
18123.328,0.39,0.288,0.884,-2.04,3.66,2.35,3,1
18123.328,0.393,0.29,0.888,-0.82,3.85,0.98,3,1
18123.343,0.386,0.299,0.891,0.52,3.51,0.09,3,1
18123.359,0.385,0.311,0.885,1.8,2.08,-0.37,3,1
18123.359,0.391,0.313,0.892,2.96,0.27,-1.07,3,1
18123.375,0.378,0.312,0.908,5.19,-1.92,-2.69,3,1
18123.39,0.375,0.313,0.913,8.18,-5.37,-3.45,3,1
18123.39,0.379,0.299,0.892,10.77,-7.51,-3.2,3,1
18123.406,0.402,0.29,0.865,12.73,-6.96,-3.2,3,1
18123.421,0.417,0.288,0.836,15.38,-4.52,-4.88,3,1
18123.421,0.413,0.292,0.82,17.18,-1.28,-7.26,3,1
18123.437,0.398,0.317,0.816,17.7,1.4,-8.55,3,1
18123.437,0.389,0.348,0.826,16.39,2.56,-9.19,3,1
18123.453,0.373,0.371,0.84,13.73,1.68,-9.67,3,1
18123.468,0.366,0.385,0.843,10.25,-1.07,-10.04,3,1
18123.484,0.352,0.391,0.835,5.86,-4.15,-10.53,3,1
18123.484,0.332,0.405,0.829,-0.12,-8.33,-10.13,3,1
18123.5,0.332,0.433,0.803,-8.48,-13.76,-8.03,3,1
18123.5,0.347,0.456,0.777,-19.2,-17.21,-4.97,3,1
18123.515,0.364,0.452,0.803,-30.88,-16.88,-1.74,3,1
18123.531,0.376,0.406,0.862,-38.51,-14.71,1.43,3,1
18123.531,0.383,0.336,0.882,-39.37,-13.82,4.85,3,1
18123.546,0.412,0.275,0.893,-35.13,-12.7,6.16,3,1
18123.562,0.396,0.221,0.913,-27.71,-10.25,5.25,3,1
18123.562,0.408,0.203,0.895,-20.39,-7.9,4.52,3,1
18123.578,0.398,0.219,0.882,-14.77,-4.24,1.77,3,1
18123.578,0.385,0.236,0.875,-9.77,-0.85,0.79,3,1
18123.593,0.384,0.254,0.876,-5.71,0.61,0.18,3,1
18123.609,0.375,0.273,0.881,-2.04,1.53,0.67,3,1
18123.609,0.374,0.298,0.886,0.21,0.79,2.29,3,1
18123.625,0.382,0.295,0.884,2.11,-1.13,3.54,3,1
18123.64,0.383,0.283,0.879,3.78,-1.74,4.58,3,1
18123.64,0.386,0.283,0.88,5.55,-2.66,5.07,3,1
18123.656,0.397,0.283,0.885,7.87,-3.78,4.97,3,1
18123.671,0.387,0.282,0.872,10.41,-3.85,5.46,3,1
18123.671,0.382,0.3,0.824,11.66,-2.75,6.87,3,1
18123.687,0.396,0.33,0.85,10.35,1.04,8.55,3,1
18123.687,0.425,0.299,0.822,11.41,7.48,11.11,3,1
18123.703,0.41,0.294,0.822,10.77,13.89,10.9,3,1
18123.718,0.416,0.305,0.841,10.99,16.48,10.01,3,1
18123.718,0.424,0.331,0.851,8.3,15.26,7.51,3,1
18123.734,0.418,0.352,0.856,4.15,12.05,3.51,3,1
18123.75,0.413,0.368,0.847,0.18,8.64,1.25,3,1
18123.75,0.405,0.362,0.857,-3.88,4.64,-1.34,3,1
18123.765,0.377,0.345,0.86,-7.26,0.76,-4.06,3,1
18123.781,0.363,0.322,0.863,-9.77,-2.75,-4.73,3,1
18123.781,0.356,0.324,0.858,-11.9,-4.7,-3.88,3,1
18123.796,0.358,0.334,0.868,-14.19,-3.69,-1.37,3,1
18123.812,0.363,0.303,0.88,-14.01,-2.17,1.16,3,1
18123.812,0.366,0.273,0.89,-11.99,-1.43,2.35,3,1
18123.828,0.366,0.268,0.909,-6.81,-3.33,3.36,3,1
18123.843,0.367,0.293,0.914,-4.0,-4.33,3.75,3,1
18123.843,0.377,0.285,0.898,-0.82,-4.55,3.91,3,1
18123.859,0.383,0.268,0.886,2.04,-4.67,3.88,3,1
18123.859,0.401,0.288,0.903,3.94,-5.25,3.23,3,1
18123.875,0.404,0.289,0.889,5.46,-6.59,2.08,3,1
18123.89,0.408,0.273,0.865,6.93,-7.75,0.61,3,1
18123.89,0.409,0.265,0.854,7.9,-8.09,-0.76,3,1
18123.906,0.414,0.281,0.856,8.33,-7.51,-1.77,3,1
18123.921,0.41,0.31,0.861,7.51,-6.56,-2.14,3,1
18123.921,0.41,0.319,0.86,6.47,-6.38,-1.89,3,1
18123.937,0.405,0.309,0.854,5.55,-6.32,-1.25,3,1
18123.937,0.404,0.291,0.859,5.68,-5.95,-0.82,3,1
18123.953,0.397,0.291,0.868,5.98,-6.1,-0.67,3,1
18123.968,0.401,0.308,0.873,5.46,-7.2,-0.58,3,1
18123.968,0.398,0.31,0.864,4.64,-9.06,-0.61,3,1
18123.984,0.407,0.31,0.858,4.15,-10.9,-0.79,3,1
18124.0,0.41,0.302,0.854,3.81,-12.39,-1.04,3,1
18124.0,0.411,0.311,0.85,2.87,-13.34,-1.13,3,1
18124.015,0.411,0.331,0.844,0.95,-13.34,-1.04,3,1
18124.031,0.416,0.328,0.837,-0.24,-12.33,-1.31,3,1
18124.031,0.415,0.309,0.825,0.52,-9.13,-1.65,3,1
18124.046,0.406,0.296,0.821,2.47,-5.07,-2.53,3,1
18124.062,0.405,0.312,0.843,3.72,-1.28,-2.75,3,1
18124.062,0.397,0.331,0.859,4.61,1.43,-3.2,3,1
18124.078,0.379,0.327,0.859,4.79,2.47,-3.23,3,1
18124.078,0.379,0.314,0.852,4.58,1.68,-1.86,3,1
18124.093,0.383,0.325,0.86,3.81,0.64,-0.21,3,1
18124.109,0.387,0.343,0.858,2.44,-0.64,1.19,3,1
18124.125,0.392,0.341,0.844,1.19,-1.46,2.23,3,1
18124.125,0.392,0.339,0.838,-0.27,-1.4,3.54,3,1
18124.14,0.396,0.338,0.842,-1.59,-1.4,4.61,3,1
18124.14,0.392,0.351,0.851,-4.39,-1.46,5.83,3,1
18124.156,0.395,0.35,0.859,-7.72,-2.81,7.57,3,1
18124.171,0.391,0.326,0.85,-10.9,-5.49,8.21,3,1
18124.171,0.395,0.309,0.856,-13.79,-9.52,8.42,3,1
18124.187,0.408,0.294,0.865,-16.33,-12.82,8.64,3,1
18124.187,0.414,0.278,0.871,-17.67,-16.39,7.69,3,1
18124.203,0.406,0.262,0.88,-18.07,-20.39,6.93,3,1
18124.218,0.442,0.28,0.875,-16.94,-23.68,6.96,3,1
18124.218,0.44,0.279,0.874,-14.65,-22.64,8.24,3,1
18124.234,0.444,0.27,0.877,-11.35,-21.94,9.31,3,1
18124.25,0.456,0.254,0.862,-7.39,-21.42,8.94,3,1
18124.25,0.47,0.246,0.849,-3.78,-18.68,7.66,3,1
18124.265,0.466,0.248,0.836,0.03,-14.5,5.34,3,1
18124.281,0.466,0.257,0.828,3.33,-10.62,3.05,3,1
18124.296,0.47,0.281,0.829,4.85,-6.62,1.37,3,1
18124.296,0.456,0.298,0.825,4.61,-3.91,-0.64,3,1
18124.296,0.451,0.302,0.826,3.48,-3.69,-1.77,3,1
18124.312,0.45,0.31,0.824,1.25,-4.61,-2.47,3,1
18124.328,0.446,0.311,0.817,-1.77,-5.55,-3.08,3,1
18124.328,0.447,0.31,0.812,-5.19,-6.16,-3.91,3,1
18124.343,0.437,0.304,0.81,-8.45,-6.13,-5.04,3,1
18124.359,0.435,0.306,0.815,-10.86,-5.28,-5.16,3,1
18124.375,0.437,0.315,0.827,-12.09,-3.23,-3.78,3,1
18124.375,0.438,0.311,0.838,-12.63,-1.07,-2.53,3,1
18124.39,0.431,0.296,0.849,-13.37,-0.21,-1.98,3,1
18124.39,0.428,0.278,0.862,-14.1,-0.64,-1.4,3,1
18124.406,0.437,0.271,0.871,-13.92,-1.71,-0.85,3,1
18124.421,0.432,0.265,0.88,-13.64,-3.08,-1.16,3,1
18124.421,0.43,0.256,0.886,-13.34,-5.74,-1.43,3,1
18124.437,0.437,0.256,0.884,-11.54,-8.61,-0.98,3,1
18124.437,0.441,0.25,0.877,-8.91,-10.5,-0.34,3,1
18124.453,0.454,0.248,0.871,-6.41,-11.08,0.7,3,1
18124.468,0.462,0.245,0.863,-3.51,-10.13,1.19,3,1
18124.468,0.468,0.241,0.853,-0.58,-8.7,1.34,3,1
18124.484,0.475,0.238,0.848,1.65,-7.14,0.55,3,1
18124.5,0.477,0.242,0.846,3.08,-5.37,-0.61,3,1
18124.5,0.474,0.242,0.842,4.43,-4.0,-2.08,3,1
18124.515,0.469,0.261,0.842,4.58,-3.11,-2.78,3,1
18124.531,0.464,0.263,0.838,4.88,-3.02,-3.75,3,1
18124.531,0.464,0.275,0.841,4.7,-3.05,-3.69,3,1
18124.546,0.463,0.279,0.837,4.76,-2.32,-3.66,3,1
18124.562,0.456,0.275,0.838,5.74,-1.53,-4.03,3,1
18124.562,0.45,0.295,0.835,6.71,-0.67,-4.3,3,1
18124.578,0.442,0.302,0.834,6.16,0.52,-3.94,3,1
18124.578,0.43,0.295,0.835,5.04,0.55,-2.99,3,1
18124.593,0.44,0.297,0.834,4.12,-0.95,-2.23,3,1
18124.609,0.445,0.317,0.832,1.25,-2.29,-2.23,3,1
18124.609,0.441,0.308,0.827,-2.56,-3.75,-2.41,3,1
18124.625,0.45,0.305,0.826,-6.1,-5.16,-1.62,3,1
18124.64,0.462,0.293,0.824,-7.57,-5.25,-1.16,3,1
18124.64,0.468,0.275,0.826,-8.21,-4.18,-1.59,3,1
18124.656,0.463,0.268,0.826,-9.19,-2.78,-2.69,3,1
18124.671,0.461,0.265,0.831,-9.83,-1.4,-3.66,3,1
18124.671,0.468,0.265,0.842,-9.74,0.24,-3.69,3,1
18124.687,0.459,0.26,0.845,-9.03,1.59,-3.94,3,1
18124.687,0.456,0.252,0.853,-7.84,2.01,-4.09,3,1
18124.703,0.452,0.259,0.859,-7.48,2.35,-3.91,3,1
18124.718,0.45,0.257,0.863,-6.71,1.59,-4.15,3,1
18124.718,0.449,0.26,0.862,-5.74,0.79,-4.09,3,1
18124.734,0.437,0.262,0.861,-4.27,0.46,-3.75,3,1
18124.75,0.439,0.271,0.866,-2.96,0.43,-2.66,3,1
18124.75,0.446,0.284,0.867,-1.5,1.53,-1.4,3,1
18124.765,0.429,0.264,0.861,0.52,2.17,-0.82,3,1
18124.781,0.428,0.266,0.858,1.22,1.07,0.55,3,1
18124.781,0.448,0.273,0.862,1.28,-0.03,1.92,3,1
18124.796,0.459,0.267,0.859,2.11,-0.64,2.08,3,1
18124.796,0.442,0.246,0.848,2.56,-2.69,1.19,3,1
18124.812,0.48,0.255,0.848,2.87,-1.43,0.34,3,1
18124.828,0.465,0.251,0.836,2.44,-0.58,-0.31,3,1
18124.828,0.466,0.252,0.836,2.66,0.27,-0.79,3,1
18124.843,0.466,0.27,0.844,2.99,1.56,-1.62,3,1
18124.859,0.453,0.276,0.842,3.17,2.78,-2.59,3,1
18124.859,0.452,0.282,0.844,3.2,3.02,-2.99,3,1
18124.875,0.455,0.287,0.841,3.02,3.11,-3.81,3,1
18124.89,0.444,0.288,0.838,1.8,2.99,-4.76,3,1
18124.89,0.437,0.291,0.835,-0.31,2.04,-5.19,3,1
18124.906,0.438,0.298,0.833,-2.56,1.43,-5.1,3,1
18124.921,0.433,0.302,0.837,-4.7,1.19,-4.55,3,1
18124.921,0.423,0.296,0.842,-6.44,0.73,-3.17,3,1
18124.937,0.431,0.288,0.854,-7.6,0.31,-1.4,3,1
18124.937,0.427,0.275,0.865,-7.93,-0.18,-0.61,3,1
18124.953,0.429,0.262,0.872,-7.63,-1.43,-0.27,3,1
18124.968,0.428,0.254,0.877,-7.05,-2.47,-0.27,3,1
18124.968,0.433,0.252,0.875,-6.01,-3.48,-0.4,3,1
18124.984,0.436,0.247,0.871,-4.0,-4.06,-0.43,3,1
18125.0,0.444,0.252,0.874,-2.2,-3.81,-0.4,3,1
18125.015,0.445,0.26,0.874,-1.25,-4.0,-0.15,3,1
18125.015,0.449,0.265,0.866,-0.06,-4.36,0.09,3,1
18125.031,0.451,0.258,0.855,2.08,-4.33,0.46,3,1
18125.031,0.456,0.255,0.846,4.15,-3.85,1.01,3,1
18125.046,0.454,0.263,0.841,4.79,-2.96,0.85,3,1
18125.046,0.459,0.266,0.839,4.39,-2.01,0.67,3,1
18125.062,0.456,0.266,0.839,4.3,-0.85,1.13,3,1
18125.078,0.463,0.268,0.839,4.97,-0.03,1.71,3,1
18125.093,0.459,0.271,0.843,5.1,1.07,1.65,3,1
18125.093,0.464,0.268,0.846,4.61,1.37,1.19,3,1
18125.109,0.45,0.259,0.841,5.1,1.71,-0.03,3,1
18125.109,0.439,0.259,0.841,5.07,2.47,-0.09,3,1
18125.125,0.445,0.27,0.849,4.67,2.78,0.89,3,1
18125.14,0.449,0.283,0.855,4.46,2.75,1.25,3,1
18125.14,0.442,0.281,0.849,3.78,2.2,0.4,3,1
18125.156,0.443,0.27,0.846,3.17,1.01,-0.21,3,1
18125.171,0.444,0.286,0.845,2.01,-0.46,-0.31,3,1
18125.171,0.458,0.293,0.84,0.12,-2.14,-1.53,3,1
18125.187,0.453,0.292,0.829,-1.98,-2.08,-2.87,3,1
18125.187,0.443,0.285,0.827,-3.14,-1.83,-3.63,3,1
18125.203,0.447,0.295,0.83,-4.43,-1.31,-3.11,3,1
18125.218,0.442,0.287,0.838,-5.8,-0.06,-2.62,3,1
18125.218,0.437,0.275,0.848,-6.99,0.0,-2.59,3,1
18125.234,0.438,0.271,0.858,-7.08,-0.85,-2.47,3,1
18125.25,0.438,0.272,0.864,-6.47,-1.34,-2.32,3,1
18125.25,0.441,0.273,0.864,-6.13,-1.83,-2.35,3,1
18125.265,0.436,0.266,0.86,-5.58,-1.98,-2.26,3,1
18125.281,0.435,0.26,0.859,-4.76,-1.65,-1.83,3,1
18125.281,0.435,0.258,0.859,-3.42,-1.25,-1.19,3,1
18125.296,0.442,0.254,0.862,-2.23,-1.34,-1.13,3,1
18125.312,0.443,0.263,0.868,-3.11,-0.92,-0.67,3,1
18125.312,0.437,0.258,0.87,-2.93,-1.25,-0.27,3,1
18125.328,0.447,0.243,0.871,-0.67,-2.29,0.61,3,1
18125.328,0.455,0.238,0.868,2.81,-2.14,0.7,3,1
18125.343,0.445,0.243,0.862,4.52,-2.56,0.12,3,1
18125.359,0.453,0.25,0.855,5.58,-3.17,-0.12,3,1
18125.359,0.458,0.253,0.843,7.93,-2.56,0.4,3,1
18125.375,0.459,0.281,0.846,9.37,-1.04,0.73,3,1
18125.39,0.454,0.29,0.845,9.58,-0.12,-0.06,3,1
18125.39,0.447,0.296,0.84,8.67,0.73,-0.58,3,1
18125.406,0.437,0.292,0.828,7.81,0.92,-1.43,3,1
18125.421,0.441,0.294,0.826,6.26,1.13,-1.34,3,1
18125.421,0.435,0.304,0.823,3.02,1.59,-1.22,3,1
18125.437,0.433,0.298,0.826,-1.07,1.07,-1.28,3,1
18125.437,0.437,0.3,0.831,-5.04,0.24,-0.61,3,1
18125.453,0.442,0.283,0.836,-6.9,-0.49,-0.4,3,1
18125.468,0.446,0.272,0.849,-7.81,-0.98,-0.46,3,1
18125.468,0.449,0.286,0.862,-9.52,-1.07,-0.67,3,1
18125.484,0.441,0.272,0.867,-9.64,-1.53,-1.46,3,1
18125.5,0.438,0.258,0.867,-7.9,-2.32,-1.5,3,1
18125.5,0.439,0.247,0.865,-3.81,-2.66,-1.43,3,1
18125.515,0.438,0.267,0.869,-1.68,-2.01,-0.89,3,1
18125.531,0.431,0.269,0.866,-1.13,-1.31,-0.31,3,1
18125.531,0.435,0.268,0.864,0.21,-1.31,1.07,3,1
18125.546,0.437,0.263,0.859,2.62,-1.92,1.95,3,1
18125.546,0.441,0.254,0.856,4.39,-2.59,1.89,3,1
18125.562,0.443,0.277,0.858,2.75,-2.84,2.01,3,1
18125.578,0.45,0.275,0.857,1.56,-3.42,1.5,3,1
18125.578,0.447,0.263,0.854,1.5,-3.63,0.92,3,1
18125.593,0.45,0.253,0.85,2.59,-3.88,0.67,3,1
18125.609,0.452,0.258,0.853,1.95,-3.36,0.49,3,1
18125.609,0.452,0.254,0.853,0.92,-2.53,0.0,3,1
18125.625,0.455,0.251,0.858,1.77,-1.68,0.0,3,1
18125.64,0.459,0.259,0.86,3.91,-1.19,0.43,3,1
18125.64,0.456,0.26,0.86,5.89,-1.01,-0.03,3,1
18125.656,0.455,0.27,0.861,6.81,-1.59,-0.06,3,1
18125.671,0.454,0.273,0.854,8.33,-1.86,-0.64,3,1
18125.671,0.455,0.265,0.856,10.68,-1.83,-1.53,3,1
18125.687,0.461,0.273,0.845,12.48,-2.47,-2.78,3,1
18125.703,0.464,0.291,0.835,13.7,-1.77,-3.57,3,1
18125.703,0.459,0.297,0.827,13.79,-0.31,-4.03,3,1
18125.718,0.453,0.287,0.824,12.27,0.64,-4.49,3,1
18125.718,0.461,0.288,0.812,10.96,1.19,-4.61,3,1
18125.734,0.47,0.302,0.815,9.74,2.62,-5.07,3,1
18125.75,0.465,0.315,0.794,6.16,3.17,-7.08,3,1
18125.75,0.448,0.324,0.777,0.15,4.52,-8.03,3,1
18125.765,0.425,0.355,0.798,-4.64,7.63,-5.65,3,1
18125.781,0.428,0.348,0.818,-7.75,9.25,-1.16,3,1
18125.781,0.43,0.309,0.828,-12.85,10.32,0.79,3,1
18125.796,0.418,0.286,0.846,-8.85,21.61,10.96,3,1
18125.812,0.476,0.274,0.812,0.46,34.06,13.37,3,1
18125.812,0.483,0.251,0.828,12.05,45.5,14.04,3,1
18125.828,0.426,0.223,0.893,18.86,49.1,13.06,3,1
18125.828,0.411,0.257,0.896,19.71,46.45,10.47,3,1
18125.843,0.388,0.281,0.875,18.68,42.45,8.27,3,1
18125.859,0.378,0.301,0.851,17.4,40.41,9.43,3,1
18125.875,0.38,0.315,0.84,16.82,41.69,13.0,3,1
18125.875,0.374,0.308,0.861,17.76,45.53,16.63,3,1
18125.89,0.359,0.292,0.897,19.38,47.24,19.01,3,1
18125.89,0.344,0.286,0.916,20.36,44.86,19.65,3,1
18125.906,0.346,0.292,0.892,20.29,40.8,19.26,3,1
18125.921,0.364,0.322,0.859,21.24,41.14,19.71,3,1
18125.921,0.368,0.339,0.843,24.29,46.78,22.28,3,1
18125.937,0.393,0.339,0.825,27.16,52.61,24.41,3,1
18125.937,0.401,0.359,0.806,27.89,56.61,23.04,3,1
18125.953,0.382,0.379,0.805,24.75,57.71,19.2,3,1
18125.968,0.359,0.393,0.799,15.75,54.66,15.23,3,1
18125.968,0.339,0.414,0.8,3.2,50.33,13.31,3,1
18125.984,0.325,0.409,0.813,-9.37,46.3,13.82,3,1
18126.0,0.315,0.399,0.841,-19.65,41.38,14.92,3,1
18126.0,0.303,0.388,0.881,-26.52,35.65,16.24,3,1
18126.015,0.281,0.354,0.915,-31.56,29.54,17.4,3,1
18126.031,0.282,0.32,0.931,-33.78,22.83,18.98,3,1
18126.031,0.286,0.292,0.943,-34.27,17.15,18.95,3,1
18126.046,0.266,0.272,0.938,-35.46,12.42,18.77,3,1
18126.062,0.273,0.275,0.931,-37.17,8.12,19.9,3,1
18126.062,0.265,0.269,0.924,-39.34,4.06,20.54,3,1
18126.078,0.267,0.268,0.921,-42.79,0.12,21.3,3,1
18126.078,0.266,0.259,0.916,-45.5,-2.23,22.13,3,1
18126.093,0.273,0.238,0.922,-46.63,-3.14,23.65,3,1
18126.109,0.282,0.226,0.914,-47.27,-3.39,24.45,3,1
18126.109,0.296,0.22,0.92,-48.01,-2.11,25.03,3,1
18126.125,0.305,0.208,0.924,-47.46,-0.79,23.9,3,1
18126.14,0.305,0.175,0.937,-44.8,0.64,23.16,3,1
18126.156,0.315,0.153,0.939,-39.49,2.26,23.07,3,1
18126.156,0.316,0.15,0.945,-35.34,3.69,22.19,3,1
18126.171,0.321,0.142,0.969,-33.08,5.19,21.09,3,1
18126.171,0.317,0.107,0.985,-29.08,5.92,19.29,3,1
18126.187,0.311,0.087,0.992,-22.71,5.55,17.49,3,1
18126.203,0.305,0.093,1.009,-15.87,3.91,15.78,3,1
18126.203,0.298,0.104,1.019,-10.28,1.65,13.89,3,1
18126.218,0.287,0.107,0.989,-6.13,-1.13,12.24,3,1
18126.218,0.293,0.117,0.947,-3.66,-2.44,11.32,3,1
18126.234,0.314,0.145,0.938,-1.95,0.06,10.83,3,1
18126.25,0.309,0.148,0.938,0.37,4.7,9.0,3,1
18126.265,0.293,0.142,0.944,2.14,7.57,7.2,3,1
18126.265,0.288,0.146,0.952,3.14,7.32,6.32,3,1
18126.281,0.291,0.147,0.951,3.72,5.19,5.46,3,1
18126.281,0.297,0.152,0.955,3.23,3.36,3.88,3,1
18126.296,0.298,0.153,0.953,2.78,1.71,2.17,3,1
18126.296,0.299,0.142,0.947,3.02,0.31,0.52,3,1
18126.312,0.3,0.141,0.944,4.27,-0.12,-0.89,3,1
18126.328,0.303,0.152,0.952,5.86,0.34,-1.95,3,1
18126.328,0.305,0.154,0.966,7.63,0.61,-2.75,3,1
18126.343,0.304,0.153,0.963,9.7,0.18,-3.02,3,1
18126.359,0.312,0.158,0.96,12.15,-1.04,-3.27,3,1
18126.359,0.32,0.157,0.955,14.01,-2.75,-5.31,3,1
18126.375,0.302,0.165,0.941,14.92,-4.09,-7.63,3,1
18126.39,0.307,0.176,0.936,15.08,-5.52,-8.48,3,1
18126.39,0.313,0.186,0.928,14.56,-6.56,-9.74,3,1
18126.406,0.31,0.191,0.923,13.76,-7.48,-11.38,3,1
18126.421,0.307,0.204,0.918,12.39,-8.12,-12.33,3,1
18126.421,0.306,0.206,0.921,10.77,-7.08,-12.91,3,1
18126.437,0.303,0.189,0.927,9.83,-5.16,-13.12,3,1
18126.453,0.317,0.161,0.943,10.28,-3.75,-14.28,3,1
18126.453,0.318,0.155,0.957,11.93,-4.46,-18.04,3,1
18126.468,0.311,0.165,0.963,13.82,-5.43,-21.15,3,1
18126.468,0.31,0.182,0.962,16.24,-6.2,-21.33,3,1
18126.484,0.314,0.187,0.949,19.65,-7.93,-21.61,3,1
18126.5,0.31,0.195,0.934,22.34,-8.79,-22.03,3,1
18126.5,0.31,0.212,0.938,24.72,-8.03,-20.14,3,1
18126.515,0.323,0.226,0.95,28.29,-6.44,-17.55,3,1
18126.531,0.32,0.225,0.949,32.84,-5.13,-16.36,3,1
18126.531,0.315,0.215,0.935,36.62,-5.1,-15.23,3,1
18126.546,0.322,0.223,0.925,39.58,-4.82,-14.68,3,1
18126.562,0.317,0.237,0.908,41.2,-3.63,-14.74,3,1
18126.562,0.316,0.253,0.89,41.41,-2.56,-14.8,3,1
18126.578,0.311,0.276,0.874,40.35,-1.46,-15.11,3,1
18126.593,0.308,0.303,0.867,36.77,-0.85,-15.35,3,1
18126.593,0.304,0.323,0.865,31.89,-0.79,-15.23,3,1
18126.609,0.299,0.337,0.864,26.7,-1.5,-14.65,3,1
18126.609,0.293,0.342,0.866,21.09,-2.72,-13.25,3,1
18126.625,0.302,0.345,0.866,16.11,-3.54,-12.02,3,1
18126.64,0.287,0.347,0.865,12.24,-3.57,-11.38,3,1
18126.64,0.28,0.345,0.877,8.79,-3.72,-9.43,3,1
18126.656,0.29,0.326,0.896,6.04,-4.52,-7.57,3,1
18126.671,0.292,0.313,0.9,3.23,-6.81,-8.76,3,1
18126.671,0.271,0.308,0.895,0.37,-8.7,-10.77,3,1
18126.687,0.273,0.308,0.899,-2.29,-9.95,-9.98,3,1
18126.703,0.278,0.3,0.893,-3.78,-10.5,-8.91,3,1
18126.703,0.281,0.297,0.88,-5.34,-10.01,-8.18,3,1
18126.718,0.291,0.295,0.88,-8.0,-7.81,-7.17,3,1
18126.718,0.3,0.284,0.892,-10.07,-4.73,-6.29,3,1
18126.734,0.302,0.27,0.905,-10.59,-1.98,-6.47,3,1
18126.75,0.298,0.263,0.913,-10.86,-0.79,-6.99,3,1
18126.765,0.309,0.265,0.911,-10.77,-1.01,-7.57,3,1
18126.765,0.316,0.268,0.907,-10.56,-1.43,-8.79,3,1
18126.765,0.308,0.275,0.907,-10.47,-0.58,-9.03,3,1
18126.781,0.306,0.288,0.912,-8.21,0.4,-7.72,3,1
18126.796,0.303,0.288,0.919,-5.19,1.25,-6.65,3,1
18126.796,0.292,0.28,0.924,-2.17,1.4,-5.37,3,1
18126.812,0.284,0.278,0.928,0.7,0.95,-4.49,3,1
18126.828,0.282,0.284,0.917,2.62,-0.03,-3.42,3,1
18126.828,0.29,0.294,0.905,3.14,-0.98,-2.2,3,1
18126.843,0.305,0.297,0.897,2.69,-2.01,-2.04,3,1
18126.859,0.315,0.308,0.886,1.25,-3.11,-2.96,3,1
18126.859,0.318,0.321,0.88,-0.92,-4.0,-4.09,3,1
18126.875,0.315,0.322,0.88,-3.51,-4.88,-4.97,3,1
18126.89,0.313,0.309,0.88,-6.13,-6.01,-5.77,3,1
18126.89,0.311,0.3,0.88,-8.55,-6.26,-6.53,3,1
18126.906,0.3,0.292,0.894,-10.53,-5.4,-6.53,3,1
18126.921,0.296,0.281,0.914,-11.08,-4.43,-5.22,3,1
18126.921,0.298,0.278,0.928,-9.34,-3.6,-3.14,3,1
18126.937,0.303,0.274,0.935,-7.26,-3.39,-2.62,3,1
18126.953,0.294,0.261,0.93,-5.86,-3.51,-3.02,3,1
18126.953,0.298,0.262,0.923,-4.09,-2.99,-3.08,3,1
18126.968,0.301,0.258,0.92,-2.01,-1.83,-3.2,3,1
18126.968,0.296,0.267,0.909,0.09,-0.49,-2.9,3,1
18126.984,0.295,0.269,0.911,0.58,0.67,-3.05,3,1
18127.0,0.293,0.284,0.919,1.16,1.37,-1.71,3,1
18127.0,0.297,0.287,0.914,1.83,1.13,-0.18,3,1
18127.015,0.301,0.272,0.904,1.71,-0.12,-0.09,3,1
18127.031,0.305,0.284,0.893,0.37,-1.34,0.03,3,1
18127.031,0.312,0.295,0.889,-1.53,-1.22,0.06,3,1
18127.046,0.313,0.294,0.892,-3.3,-0.55,0.4,3,1
18127.062,0.316,0.29,0.892,-4.58,-0.61,0.18,3,1
18127.078,0.313,0.285,0.896,-5.74,-0.34,-0.4,3,1
18127.078,0.312,0.286,0.901,-6.81,0.55,-0.92,3,1
18127.078,0.307,0.284,0.908,-7.35,1.25,-1.34,3,1
18127.093,0.302,0.279,0.909,-7.97,1.13,-1.56,3,1
18127.109,0.301,0.278,0.906,-8.12,0.34,-1.59,3,1
18127.125,0.295,0.278,0.904,-8.7,-0.12,-1.71,3,1
18127.125,0.289,0.283,0.907,-9.22,-0.09,-0.82,3,1
18127.14,0.291,0.282,0.911,-9.28,0.61,0.61,3,1
18127.14,0.292,0.272,0.924,-8.39,1.5,1.89,3,1
18127.156,0.288,0.26,0.933,-6.35,1.89,3.17,3,1
18127.171,0.292,0.251,0.936,-3.42,1.65,4.52,3,1
18127.171,0.294,0.247,0.934,-0.34,1.65,5.22,3,1
18127.187,0.292,0.241,0.932,2.17,1.5,5.19,3,1
18127.203,0.29,0.241,0.926,4.06,1.1,5.01,3,1
18127.203,0.291,0.262,0.92,5.13,0.67,5.1,3,1
18127.218,0.291,0.282,0.913,5.16,0.27,5.31,3,1
18127.218,0.294,0.291,0.9,4.36,0.0,5.58,3,1
18127.234,0.297,0.288,0.886,2.81,0.18,5.98,3,1
18127.25,0.298,0.282,0.887,0.67,1.1,6.26,3,1
18127.25,0.303,0.279,0.894,-1.07,2.14,6.41,3,1
18127.265,0.304,0.286,0.913,-3.63,2.41,6.53,3,1
18127.281,0.309,0.268,0.922,-5.34,1.22,5.68,3,1
18127.281,0.312,0.242,0.92,-5.65,-0.09,3.88,3,1
18127.296,0.317,0.227,0.919,-4.24,-0.82,2.08,3,1
18127.296,0.317,0.246,0.929,-3.14,-0.49,1.19,3,1
18127.312,0.313,0.252,0.931,-1.98,-0.12,0.58,3,1
18127.328,0.312,0.24,0.926,-0.34,-0.09,-0.09,3,1
18127.328,0.316,0.238,0.912,1.04,-0.27,-0.7,3,1
18127.343,0.317,0.24,0.912,2.17,0.64,-1.71,3,1
18127.359,0.313,0.256,0.922,2.78,1.83,-2.66,3,1
18127.359,0.31,0.259,0.914,3.33,1.4,-4.06,3,1
18127.375,0.315,0.256,0.908,3.11,0.55,-6.01,3,1
18127.39,0.311,0.261,0.909,3.08,0.58,-8.06,3,1
18127.39,0.301,0.276,0.913,2.87,0.52,-9.89,3,1
18127.406,0.3,0.285,0.913,2.11,-0.24,-10.8,3,1
18127.421,0.301,0.287,0.905,1.31,-1.37,-11.69,3,1
18127.421,0.284,0.296,0.894,-0.24,-2.2,-12.45,3,1
18127.437,0.278,0.3,0.897,-2.69,-2.75,-11.41,3,1
18127.437,0.283,0.303,0.897,-4.88,-1.83,-9.16,3,1
18127.453,0.288,0.277,0.907,-5.62,-0.24,-7.23,3,1
18127.468,0.287,0.258,0.921,-5.71,0.37,-6.74,3,1
18127.468,0.282,0.251,0.928,-5.1,-0.27,-7.14,3,1
18127.484,0.285,0.258,0.929,-5.01,-2.08,-7.93,3,1
18127.5,0.283,0.273,0.923,-5.13,-3.42,-8.36,3,1
18127.5,0.275,0.284,0.903,-5.01,-3.3,-7.29,3,1
18127.515,0.28,0.289,0.911,-5.55,-1.71,-4.49,3,1
18127.531,0.28,0.282,0.927,-4.85,0.37,-2.04,3,1
18127.531,0.263,0.263,0.935,-4.0,0.52,-0.21,3,1
18127.546,0.253,0.259,0.95,-3.23,-1.07,2.44,3,1
18127.562,0.24,0.276,0.96,-1.59,-3.45,6.07,3,1
18127.562,0.216,0.316,0.99,-0.09,-7.51,11.29,3,1
18127.578,0.195,0.323,0.991,0.49,-15.38,18.56,3,1
18127.578,0.174,0.282,1.056,-1.92,-26.92,23.93,3,1
18127.593,0.112,0.34,1.153,6.9,-41.66,34.27,3,1
18127.609,0.184,0.374,1.096,23.26,-57.99,56.18,3,1
18127.609,0.257,0.291,0.999,26.89,-71.57,62.99,3,1
18127.625,0.293,0.202,0.938,28.87,-77.18,63.3,3,1
18127.64,0.358,0.163,0.891,33.6,-76.3,62.84,3,1
18127.64,0.397,0.16,0.808,36.65,-70.96,58.63,3,1
18127.656,0.453,0.199,0.716,34.15,-60.58,55.12,3,1
18127.671,0.522,0.249,0.655,29.66,-44.92,51.79,3,1
18127.671,0.551,0.284,0.618,22.25,-27.92,44.16,3,1
18127.687,0.568,0.302,0.627,11.02,-12.88,35.16,3,1
18127.687,0.576,0.309,0.636,-2.62,-0.76,25.57,3,1
18127.703,0.577,0.315,0.642,-16.75,11.84,17.0,3,1
18127.718,0.416,0.322,0.843,-28.26,21.79,9.16,3,1
18127.718,0.408,0.233,1.151,-29.05,12.05,10.04,3,1
18127.734,0.429,0.156,1.048,-26.25,-7.02,6.93,3,1
18127.75,0.429,0.1,0.975,-24.08,-12.33,-1.16,3,1
18127.75,0.386,0.096,0.944,-11.78,-10.5,-4.97,3,1
18127.765,0.415,0.128,0.871,1.22,-7.6,-10.04,3,1
18127.781,0.408,0.206,0.843,-1.04,-5.55,-10.68,3,1
18127.781,0.392,0.253,0.837,-7.78,-5.31,-10.25,3,1
18127.796,0.407,0.293,0.825,-14.1,-3.78,-10.68,3,1
18127.796,0.397,0.282,0.836,-18.77,-3.17,-10.62,3,1
18127.812,0.404,0.267,0.859,-19.56,-2.87,-9.49,3,1
18127.828,0.392,0.247,0.874,-17.4,-1.62,-8.55,3,1
18127.828,0.391,0.226,0.88,-16.69,-1.46,-8.45,3,1
18127.843,0.395,0.214,0.898,-18.92,-3.23,-10.83,3,1
18127.859,0.391,0.23,0.91,-19.53,-6.32,-13.25,3,1
18127.859,0.407,0.25,0.88,-19.71,-9.06,-13.49,3,1
18127.875,0.413,0.245,0.882,-21.7,-9.61,-13.64,3,1
18127.89,0.413,0.226,0.884,-21.79,-9.43,-13.4,3,1
18127.89,0.415,0.218,0.888,-19.78,-9.0,-12.85,3,1
18127.906,0.409,0.209,0.893,-16.91,-8.33,-12.42,3,1
18127.921,0.412,0.192,0.898,-13.12,-7.57,-11.63,3,1
18127.921,0.418,0.196,0.902,-9.92,-7.23,-11.26,3,1
18127.937,0.425,0.209,0.884,-8.64,-7.32,-12.63,3,1
18127.937,0.427,0.202,0.879,-8.79,-6.29,-14.37,3,1
18127.953,0.426,0.199,0.871,-8.39,-6.01,-16.27,3,1
18127.968,0.426,0.213,0.875,-8.36,-6.07,-17.85,3,1
18127.968,0.422,0.22,0.878,-8.7,-6.29,-19.23,3,1
18127.984,0.415,0.228,0.879,-9.77,-6.9,-19.84,3,1
18128.0,0.417,0.23,0.886,-10.83,-7.66,-19.01,3,1
18128.0,0.416,0.221,0.894,-9.43,-7.2,-17.43,3,1
18128.015,0.408,0.22,0.903,-6.87,-6.04,-15.08,3,1
18128.031,0.41,0.211,0.906,-4.3,-5.22,-12.7,3,1
18128.031,0.41,0.198,0.902,-2.29,-4.33,-11.75,3,1
18128.046,0.408,0.193,0.899,-0.24,-3.81,-12.3,3,1
18128.062,0.407,0.198,0.888,1.46,-4.27,-13.46,3,1
18128.062,0.405,0.221,0.882,1.53,-4.67,-13.89,3,1
18128.078,0.408,0.226,0.87,1.19,-4.7,-13.31,3,1
18128.078,0.41,0.236,0.87,0.03,-4.85,-12.6,3,1
18128.093,0.413,0.248,0.867,-1.86,-5.28,-11.81,3,1
18128.109,0.424,0.247,0.875,-3.54,-5.01,-10.35,3,1
18128.125,0.422,0.236,0.88,-2.78,-3.39,-8.82,3,1
18128.125,0.413,0.226,0.886,-0.43,-1.92,-7.6,3,1
18128.14,0.408,0.223,0.894,1.34,-1.62,-6.56,3,1
18128.14,0.409,0.226,0.885,2.11,-1.71,-5.77,3,1
18128.156,0.41,0.223,0.883,2.32,-1.04,-4.97,3,1
18128.171,0.415,0.21,0.879,3.63,-0.46,-4.52,3,1
18128.171,0.414,0.215,0.878,4.39,-0.34,-4.94,3,1
18128.187,0.408,0.232,0.877,2.99,-0.7,-5.92,3,1
18128.187,0.408,0.239,0.874,1.25,-0.95,-5.98,3,1
18128.203,0.403,0.243,0.879,0.34,-0.61,-4.94,3,1
18128.218,0.406,0.23,0.874,0.0,-0.98,-3.97,3,1
18128.218,0.409,0.224,0.89,-0.85,-1.37,-3.88,3,1
18128.234,0.411,0.222,0.886,-1.13,-1.65,-4.06,3,1
18128.25,0.412,0.218,0.891,-1.07,-1.5,-3.97,3,1
18128.25,0.415,0.227,0.892,-0.58,-1.86,-4.52,3,1
18128.265,0.417,0.225,0.89,0.12,-1.89,-5.52,3,1
18128.281,0.41,0.22,0.886,1.16,-1.83,-5.95,3,1
18128.281,0.414,0.219,0.874,1.46,-2.84,-7.11,3,1
18128.296,0.412,0.232,0.868,0.61,-3.48,-8.39,3,1
18128.296,0.41,0.245,0.869,-0.21,-3.6,-8.18,3,1
18128.312,0.412,0.249,0.866,-1.22,-3.97,-7.75,3,1
18128.328,0.414,0.255,0.863,-2.99,-4.43,-7.69,3,1
18128.343,0.416,0.25,0.872,-4.88,-4.43,-7.2,3,1
18128.343,0.413,0.238,0.879,-5.31,-4.64,-6.53,3,1
18128.359,0.417,0.232,0.883,-4.94,-4.58,-5.77,3,1
18128.359,0.414,0.218,0.89,-3.78,-4.43,-5.62,3,1
18128.375,0.41,0.216,0.893,-1.56,-4.7,-6.1,3,1
18128.39,0.41,0.215,0.892,0.4,-4.88,-6.26,3,1
18128.39,0.412,0.217,0.881,1.34,-5.22,-6.99,3,1
18128.406,0.414,0.223,0.877,1.53,-4.91,-8.18,3,1
18128.421,0.413,0.229,0.88,1.74,-4.49,-8.55,3,1
18128.421,0.413,0.231,0.886,2.41,-3.97,-8.0,3,1
18128.437,0.411,0.235,0.878,3.2,-3.91,-7.51,3,1
18128.437,0.414,0.237,0.864,1.28,-4.36,-6.96,3,1
18128.453,0.417,0.215,0.855,-0.58,-4.43,-6.78,3,1
18128.468,0.406,0.223,0.881,-0.37,-4.52,-6.01,3,1
18128.468,0.419,0.246,0.884,0.85,-6.04,-4.43,3,1
18128.484,0.425,0.255,0.891,2.2,-6.47,-4.06,3,1
18128.5,0.425,0.263,0.892,4.7,-5.83,-3.88,3,1
18128.5,0.433,0.252,0.872,7.63,-4.24,-3.72,3,1
18128.515,0.424,0.246,0.866,9.61,-1.65,-4.06,3,1
18128.531,0.422,0.248,0.862,9.83,-0.15,-3.36,3,1
18128.531,0.42,0.243,0.848,8.91,-0.15,-2.38,3,1
18128.546,0.421,0.25,0.852,6.87,-0.7,-1.1,3,1
18128.562,0.408,0.274,0.908,4.85,-2.35,-0.95,3,1
18128.562,0.401,0.308,0.878,6.16,-3.97,2.81,3,1
18128.578,0.415,0.262,0.868,3.08,-5.49,4.3,3,1
18128.578,0.409,0.215,0.868,2.66,-6.5,0.4,3,1
18128.593,0.428,0.206,0.852,3.81,-5.83,-0.49,3,1
18128.609,0.416,0.231,0.851,4.64,-3.02,-2.9,3,1
18128.609,0.485,0.244,0.804,5.71,2.04,-0.24,3,1
18128.625,0.439,0.215,0.974,3.94,3.78,-5.1,3,1
18128.64,0.365,0.244,0.863,11.11,3.72,-4.43,3,1
18128.64,0.449,0.254,0.914,11.72,5.16,5.55,3,1
18128.656,0.43,0.162,0.882,14.56,1.31,-1.77,3,1
18128.656,0.417,0.25,0.861,15.53,2.87,-1.31,3,1
18128.671,0.45,0.28,0.86,16.3,4.21,-0.49,3,1
18128.687,0.406,0.281,0.846,16.27,5.98,-3.02,3,1
18128.703,0.42,0.319,0.852,15.78,6.38,-2.59,3,1
18128.703,0.395,0.305,0.852,14.07,6.01,-3.33,3,1
18128.718,0.391,0.295,0.85,11.2,4.73,-2.96,3,1
18128.718,0.394,0.295,0.853,8.3,3.66,-2.17,3,1
18128.734,0.391,0.283,0.856,5.92,2.9,-1.28,3,1
18128.75,0.398,0.276,0.866,1.92,1.1,0.61,3,1
18128.75,0.412,0.279,0.872,1.68,1.37,-0.34,3,1
18128.765,0.419,0.272,0.855,2.62,2.5,-1.37,3,1
18128.781,0.405,0.268,0.883,5.52,2.69,-1.65,3,1
18128.781,0.408,0.249,0.884,7.35,3.23,-2.66,3,1
18128.796,0.408,0.248,0.889,10.16,3.39,-3.33,3,1
18128.812,0.41,0.25,0.887,12.91,4.03,-3.33,3,1
18128.812,0.415,0.252,0.888,16.21,5.1,-3.02,3,1
18128.828,0.416,0.26,0.883,19.78,6.2,-2.72,3,1
18128.828,0.413,0.262,0.879,23.74,7.66,-3.36,3,1
18128.843,0.399,0.265,0.877,28.35,10.19,-3.33,3,1
18128.859,0.394,0.278,0.87,33.69,13.49,-1.31,3,1
18128.859,0.387,0.3,0.861,39.64,17.3,1.53,3,1
18128.875,0.37,0.341,0.85,43.58,20.54,4.94,3,1
18128.89,0.364,0.388,0.86,43.03,19.2,8.88,3,1
18128.89,0.339,0.424,0.857,36.68,13.86,12.18,3,1
18128.906,0.33,0.42,0.855,25.88,4.49,14.19,3,1
18128.921,0.32,0.415,0.868,14.71,-6.78,15.53,3,1
18128.921,0.307,0.398,0.854,5.68,-18.28,17.82,3,1
18128.937,0.323,0.327,0.893,-6.68,-28.9,19.47,3,1
18128.937,0.392,0.291,0.933,-9.61,-40.68,17.49,3,1
18128.953,0.425,0.314,0.864,-7.45,-44.65,16.57,3,1
18128.968,0.435,0.272,0.838,-7.66,-43.18,12.54,3,1
18128.968,0.469,0.257,0.822,-2.69,-37.29,10.83,3,1
18128.984,0.488,0.26,0.829,4.12,-27.92,10.28,3,1
18129.0,0.492,0.277,0.816,9.92,-18.95,8.67,3,1
18129.015,0.492,0.313,0.761,15.38,-9.86,9.0,3,1
18129.015,0.495,0.329,0.77,16.6,-1.59,9.22,3,1
18129.031,0.484,0.319,0.784,14.65,2.56,6.65,3,1
18129.031,0.482,0.325,0.779,9.92,3.66,2.99,3,1
18129.046,0.485,0.334,0.775,4.12,3.72,-1.5,3,1
18129.046,0.487,0.34,0.764,-2.66,3.2,-6.65,3,1
18129.062,0.479,0.337,0.758,-9.58,3.85,-11.2,3,1
18129.078,0.477,0.325,0.756,-16.27,5.13,-14.28,3,1
18129.093,0.49,0.327,0.739,-23.47,8.18,-16.97,3,1
18129.093,0.482,0.319,0.749,-29.82,13.92,-19.93,3,1
18129.109,0.423,0.334,0.85,-33.51,18.8,-21.79,3,1
18129.109,0.35,0.358,1.048,-30.82,14.25,-19.29,3,1
18129.125,0.339,0.301,1.069,-22.98,-2.84,-16.48,3,1
18129.14,0.403,0.226,0.933,-16.11,-16.39,-16.79,3,1
18129.14,0.421,0.207,0.859,-9.89,-17.03,-19.53,3,1
18129.156,0.432,0.21,0.83,-4.09,-11.05,-20.45,3,1
18129.171,0.443,0.224,0.828,0.43,-3.75,-22.22,3,1
18129.171,0.423,0.271,0.844,3.51,1.43,-24.63,3,1
18129.187,0.419,0.325,0.847,2.93,2.5,-26.64,3,1
18129.187,0.408,0.343,0.846,0.7,1.28,-28.87,3,1
18129.203,0.39,0.35,0.838,-1.77,-0.82,-29.6,3,1
18129.218,0.381,0.36,0.83,-5.25,-2.93,-28.57,3,1
18129.218,0.37,0.373,0.83,-8.82,-4.18,-25.67,3,1
18129.234,0.364,0.389,0.839,-11.57,-3.94,-20.54,3,1
18129.25,0.362,0.392,0.853,-12.3,-3.2,-13.82,3,1
18129.25,0.373,0.367,0.861,-11.17,-2.56,-7.29,3,1
18129.265,0.382,0.331,0.861,-10.56,-2.72,-3.45,3,1
18129.281,0.393,0.312,0.861,-11.02,-3.81,-1.43,3,1
18129.281,0.413,0.305,0.861,-10.93,-5.01,-0.06,3,1
18129.296,0.432,0.308,0.854,-10.07,-5.19,0.64,3,1
18129.296,0.436,0.311,0.839,-9.61,-4.67,-0.4,3,1
18129.312,0.444,0.291,0.84,-10.32,-4.55,-1.16,3,1
18129.328,0.452,0.283,0.842,-9.64,-3.66,-2.81,3,1
18129.328,0.449,0.272,0.846,-8.51,-1.5,-5.86,3,1
18129.343,0.437,0.27,0.853,-7.32,0.67,-8.7,3,1
18129.359,0.421,0.274,0.875,-5.19,2.35,-10.83,3,1
18129.359,0.409,0.287,0.879,-1.95,3.05,-11.54,3,1
18129.375,0.391,0.295,0.885,0.95,3.36,-11.26,3,1
18129.39,0.39,0.311,0.881,3.63,2.93,-10.19,3,1
18129.39,0.382,0.315,0.86,4.76,2.41,-8.67,3,1
18129.406,0.389,0.318,0.855,3.81,1.92,-7.14,3,1
18129.421,0.384,0.323,0.848,3.08,1.71,-5.92,3,1
18129.421,0.381,0.332,0.847,1.89,1.31,-4.27,3,1
18129.437,0.387,0.345,0.854,-0.06,0.31,-2.84,3,1
18129.437,0.388,0.348,0.856,-1.71,-0.76,-1.77,3,1
18129.453,0.386,0.331,0.856,-3.14,-1.98,-0.34,3,1
18129.468,0.396,0.319,0.855,-4.73,-3.69,0.67,3,1
18129.468,0.407,0.313,0.853,-6.16,-4.43,0.58,3,1
18129.484,0.409,0.307,0.847,-6.47,-3.48,0.24,3,1
18129.5,0.412,0.3,0.849,-5.98,-2.41,0.89,3,1
18129.5,0.424,0.294,0.871,-5.01,-1.56,1.22,3,1
18129.515,0.413,0.279,0.871,-2.56,-0.49,0.49,3,1
18129.531,0.418,0.276,0.871,0.0,0.37,0.52,3,1
18129.531,0.416,0.272,0.874,2.53,0.76,-0.27,3,1
18129.546,0.414,0.28,0.867,4.88,1.01,-0.92,3,1
18129.562,0.413,0.303,0.857,6.41,1.31,-1.31,3,1
18129.562,0.41,0.314,0.857,6.62,1.59,-1.62,3,1
18129.578,0.404,0.32,0.854,5.95,1.07,-2.32,3,1
18129.578,0.402,0.329,0.845,4.76,0.18,-3.02,3,1
18129.593,0.396,0.334,0.848,2.9,0.15,-2.81,3,1
18129.609,0.391,0.329,0.852,1.53,0.15,-2.32,3,1
18129.609,0.389,0.325,0.849,0.15,-0.31,-1.74,3,1
18129.625,0.39,0.321,0.847,-2.04,-1.1,-1.1,3,1
18129.64,0.397,0.309,0.848,-3.17,-1.28,-0.34,3,1
18129.656,0.405,0.308,0.86,-3.63,-0.95,0.4,3,1
18129.656,0.405,0.303,0.864,-3.08,-1.07,0.12,3,1
18129.656,0.406,0.297,0.866,-2.11,-1.37,-0.58,3,1
18129.671,0.407,0.303,0.864,-0.55,-1.62,-1.53,3,1
18129.687,0.406,0.309,0.856,0.7,-1.4,-2.78,3,1
18129.687,0.401,0.318,0.855,1.1,-0.76,-3.39,3,1
18129.703,0.395,0.321,0.856,0.89,-0.37,-3.11,3,1
18129.718,0.391,0.317,0.854,0.18,-0.24,-2.17,3,1
18129.734,0.396,0.31,0.857,-1.4,-1.04,-0.43,3,1
18129.734,0.399,0.314,0.858,-1.92,-1.22,0.06,3,1
18129.75,0.401,0.313,0.856,-1.53,-1.16,0.49,3,1
18129.75,0.405,0.309,0.862,-0.31,-0.79,0.82,3,1
18129.765,0.402,0.298,0.864,0.67,-0.64,0.43,3,1
18129.781,0.405,0.301,0.861,1.28,-0.73,0.03,3,1
18129.781,0.408,0.302,0.857,1.77,-0.61,-0.31,3,1
18129.796,0.403,0.306,0.859,1.98,-0.21,-0.21,3,1
18129.796,0.404,0.308,0.862,2.29,-0.03,0.18,3,1
18129.812,0.401,0.315,0.863,2.93,0.31,0.73,3,1
18129.828,0.403,0.31,0.861,4.03,0.85,1.34,3,1
18129.828,0.397,0.305,0.867,4.88,1.25,1.62,3,1
18129.843,0.393,0.309,0.869,6.56,1.4,1.98,3,1
18129.859,0.386,0.315,0.871,8.3,1.71,2.9,3,1
18129.875,0.385,0.32,0.876,10.04,1.56,4.06,3,1
18129.875,0.386,0.32,0.872,11.23,0.58,5.4,3,1
18129.89,0.395,0.324,0.857,11.35,-0.46,6.47,3,1
18129.89,0.4,0.32,0.843,11.02,-1.04,6.71,3,1
18129.906,0.401,0.323,0.835,10.16,-1.25,6.65,3,1
18129.921,0.4,0.338,0.835,8.7,-1.68,6.93,3,1
18129.921,0.402,0.355,0.834,6.71,-1.25,7.93,3,1
18129.937,0.402,0.351,0.829,4.85,-0.46,9.52,3,1
18129.937,0.408,0.337,0.833,2.66,-0.18,10.35,3,1
18129.953,0.413,0.315,0.842,0.58,-0.31,9.55,3,1
18129.968,0.413,0.312,0.85,-1.43,-0.37,8.27,3,1
18129.968,0.406,0.31,0.852,-1.86,-0.79,6.74,3,1
18129.984,0.407,0.315,0.854,-1.1,-0.49,6.81,3,1
18130.0,0.404,0.325,0.859,0.18,0.55,7.6,3,1
18130.0,0.4,0.318,0.866,2.04,1.07,8.09,3,1
18130.015,0.401,0.318,0.869,3.51,1.16,8.64,3,1
18130.031,0.401,0.31,0.863,4.85,0.61,8.61,3,1
18130.031,0.406,0.304,0.856,6.1,0.31,8.15,3,1
18130.046,0.411,0.308,0.848,6.53,0.55,7.32,3,1
18130.062,0.413,0.311,0.847,6.1,1.13,6.23,3,1
18130.062,0.412,0.311,0.844,5.43,1.07,5.19,3,1
18130.078,0.418,0.31,0.843,4.06,0.55,3.72,3,1
18130.078,0.418,0.313,0.842,2.14,0.03,1.77,3,1
18130.093,0.414,0.317,0.843,0.4,-0.4,0.34,3,1
18130.109,0.414,0.318,0.847,-0.61,-0.82,-0.15,3,1
18130.109,0.412,0.32,0.852,-1.07,-0.58,-0.34,3,1
18130.125,0.411,0.316,0.855,-1.07,-0.4,-0.21,3,1
18130.14,0.409,0.317,0.859,-0.64,-0.49,-0.18,3,1
18130.14,0.409,0.316,0.855,0.12,-0.58,-0.18,3,1
18130.156,0.41,0.316,0.849,0.43,-0.92,-0.52,3,1
18130.156,0.409,0.326,0.845,0.03,-1.28,-0.95,3,1
18130.171,0.409,0.338,0.842,-0.64,-1.37,-0.89,3,1
18130.187,0.409,0.334,0.844,-1.37,-1.19,-0.43,3,1
18130.187,0.407,0.319,0.847,-1.89,-1.28,-0.61,3,1
18130.203,0.406,0.311,0.848,-2.66,-1.92,-1.19,3,1
18130.218,0.405,0.321,0.851,-3.42,-2.5,-1.4,3,1
18130.218,0.403,0.328,0.857,-3.42,-2.32,-0.76,3,1
18130.234,0.402,0.321,0.861,-2.87,-1.68,0.09,3,1
18130.25,0.401,0.308,0.863,-1.71,-1.28,0.67,3,1
18130.25,0.398,0.306,0.862,-0.73,-1.43,0.61,3,1
18130.265,0.397,0.316,0.861,0.03,-1.28,0.95,3,1
18130.281,0.399,0.324,0.862,0.82,-0.95,1.92,3,1
18130.281,0.398,0.323,0.857,1.53,-0.95,2.84,3,1
18130.296,0.401,0.322,0.853,1.59,-1.25,3.51,3,1
18130.312,0.398,0.332,0.85,1.37,-1.37,4.79,3,1
18130.312,0.401,0.337,0.848,1.65,-1.04,6.65,3,1
18130.328,0.407,0.328,0.846,1.4,-1.04,7.69,3,1
18130.328,0.411,0.317,0.844,0.37,-1.98,7.57,3,1
18130.343,0.417,0.317,0.841,-1.1,-3.02,6.71,3,1
18130.359,0.419,0.32,0.838,-2.26,-3.33,6.01,3,1
18130.359,0.419,0.325,0.841,-2.66,-2.17,6.32,3,1
18130.375,0.419,0.318,0.851,-2.08,-0.98,7.08,3,1
18130.39,0.415,0.302,0.856,-1.62,-0.7,6.71,3,1
18130.39,0.412,0.298,0.859,-2.01,-1.46,5.71,3,1
18130.406,0.412,0.305,0.859,-1.8,-1.77,5.58,3,1
18130.406,0.412,0.312,0.86,-0.46,-0.98,6.68,3,1
18130.421,0.412,0.306,0.861,1.25,-0.21,7.51,3,1
18130.437,0.409,0.302,0.862,2.35,-0.34,7.57,3,1
18130.453,0.407,0.309,0.865,2.93,-0.89,7.78,3,1
18130.453,0.411,0.316,0.863,4.55,-0.82,8.88,3,1
18130.468,0.414,0.32,0.86,7.29,0.18,10.62,3,1
18130.468,0.408,0.322,0.858,10.19,1.74,12.67,3,1
18130.484,0.41,0.321,0.861,12.33,3.27,14.92,3,1
18130.5,0.414,0.309,0.858,14.65,4.27,16.69,3,1
18130.515,0.417,0.301,0.853,16.05,4.76,17.46,3,1
18130.515,0.42,0.302,0.846,15.93,4.58,16.94,3,1
18130.531,0.419,0.305,0.838,14.98,4.03,15.78,3,1
18130.531,0.42,0.316,0.84,13.73,4.43,15.47,3,1
18130.546,0.426,0.322,0.846,14.13,5.68,16.75,3,1
18130.562,0.426,0.318,0.847,15.35,6.99,17.06,3,1
18130.562,0.418,0.308,0.847,15.35,7.29,16.05,3,1
18130.578,0.414,0.31,0.85,14.5,6.9,15.29,3,1
18130.578,0.421,0.313,0.85,14.19,6.59,14.92,3,1
18130.593,0.423,0.31,0.846,14.04,6.07,13.52,3,1
18130.609,0.418,0.31,0.846,13.12,5.01,11.29,3,1
18130.609,0.419,0.318,0.846,11.54,3.81,9.64,3,1
18130.625,0.424,0.315,0.841,10.68,2.84,7.72,3,1
18130.64,0.422,0.319,0.838,9.8,1.8,5.43,3,1
18130.64,0.414,0.327,0.837,7.75,0.21,3.33,3,1
18130.656,0.419,0.342,0.83,5.68,-1.16,2.56,3,1
18130.671,0.423,0.351,0.828,4.18,-1.1,3.11,3,1
18130.671,0.42,0.346,0.83,3.02,-0.85,3.78,3,1
18130.687,0.417,0.343,0.833,1.98,-1.04,4.21,3,1
18130.687,0.418,0.345,0.835,1.34,-1.16,4.79,3,1
18130.703,0.422,0.342,0.836,1.46,-0.92,5.55,3,1
18130.718,0.422,0.332,0.84,3.33,0.09,6.26,3,1
18130.718,0.421,0.329,0.844,4.18,0.18,6.23,3,1
18130.734,0.419,0.329,0.85,4.61,-0.09,6.29,3,1
18130.75,0.419,0.332,0.855,4.88,0.03,7.14,3,1
18130.75,0.419,0.326,0.85,6.99,0.98,8.73,3,1
18130.765,0.416,0.322,0.848,9.89,2.5,10.01,3,1
18130.781,0.406,0.328,0.85,11.78,3.78,11.44,3,1
18130.781,0.407,0.339,0.862,13.46,5.37,14.13,3,1
18130.796,0.411,0.332,0.863,17.98,7.57,17.12,3,1
18130.796,0.41,0.328,0.847,22.68,9.43,18.56,3,1
18130.812,0.414,0.337,0.834,24.45,10.13,18.95,3,1
18130.828,0.417,0.334,0.832,24.35,10.74,18.59,3,1
18130.843,0.417,0.329,0.832,24.41,12.09,18.56,3,1
18130.843,0.423,0.329,0.834,25.18,13.98,19.44,3,1
18130.859,0.433,0.323,0.838,26.83,15.2,19.1,3,1
18130.859,0.426,0.33,0.84,27.31,15.26,16.88,3,1
18130.875,0.419,0.343,0.845,26.49,14.16,14.95,3,1
18130.89,0.419,0.342,0.842,26.58,13.25,14.13,3,1
18130.89,0.421,0.342,0.838,27.89,12.67,13.55,3,1
18130.906,0.42,0.354,0.836,28.78,12.21,12.3,3,1
18130.921,0.414,0.361,0.83,27.44,10.96,9.95,3,1
18130.921,0.409,0.362,0.82,23.83,7.81,6.56,3,1
18130.937,0.419,0.363,0.812,18.22,3.75,1.86,3,1
18130.937,0.423,0.363,0.815,11.63,-0.76,-4.58,3,1
18130.953,0.413,0.358,0.811,6.16,-6.71,-10.99,3,1
18130.968,0.41,0.35,0.842,-1.31,-15.29,-16.75,3,1
18130.984,0.419,0.335,0.868,-11.02,-28.23,-25.3,3,1
18130.984,0.396,0.346,0.823,-20.57,-40.16,-34.12,3,1
18131.0,0.408,0.367,0.806,-28.35,-45.96,-36.93,3,1
18131.0,0.468,0.366,0.826,-28.44,-44.83,-35.13,3,1
18131.015,0.496,0.348,0.832,-24.02,-40.35,-37.32,3,1
18131.031,0.478,0.315,0.811,-21.0,-36.13,-42.79,3,1
18131.031,0.459,0.313,0.792,-21.79,-35.0,-48.43,3,1
18131.046,0.474,0.323,0.771,-26.37,-36.56,-54.2,3,1
18131.062,0.478,0.332,0.739,-32.69,-36.62,-61.1,3,1
18131.062,0.458,0.402,0.718,-45.69,-36.81,-68.88,3,1
18131.078,0.451,0.415,0.67,-53.5,-30.49,-68.0,3,1
18131.078,0.457,0.486,0.676,-53.65,-15.41,-58.63,3,1
18131.093,0.446,0.543,0.699,-44.5,6.26,-43.58,3,1
18131.109,0.407,0.533,0.706,-32.96,29.91,-24.96,3,1
18131.109,0.387,0.444,0.768,-30.92,46.88,-10.8,3,1
18131.125,0.364,0.336,0.833,-31.98,53.99,-5.52,3,1
18131.14,0.217,0.336,1.061,-32.07,51.48,-2.93,3,1
18131.14,0.178,0.297,1.28,-24.93,25.45,3.45,3,1
18131.156,0.325,0.231,1.082,-13.61,-7.57,6.2,3,1
18131.171,0.365,0.266,0.922,-2.23,-15.93,4.49,3,1
18131.171,0.387,0.304,0.889,12.73,-10.19,9.28,3,1
18131.187,0.4,0.302,0.851,25.42,-1.92,14.74,3,1
18131.203,0.386,0.332,0.825,31.13,4.27,17.27,3,1
18131.203,0.391,0.389,0.825,29.76,6.2,18.86,3,1
18131.218,0.401,0.425,0.82,27.62,6.13,20.48,3,1
18131.265,0.394,0.428,0.795,25.88,6.44,22.71,3,1
18131.265,0.395,0.409,0.79,20.45,5.28,23.9,3,1
18131.265,0.398,0.395,0.794,13.21,4.06,24.45,3,1
18131.265,0.4,0.372,0.787,6.99,3.42,24.75,3,1
18131.265,0.403,0.352,0.796,1.53,3.91,24.6,3,1
18131.281,0.406,0.345,0.819,-2.47,4.88,24.17,3,1
18131.281,0.402,0.34,0.847,-4.39,5.25,22.98,3,1
18131.296,0.398,0.338,0.861,-4.21,4.67,22.03,3,1
18131.296,0.407,0.34,0.866,-1.71,4.0,21.91,3,1
18131.312,0.413,0.33,0.863,2.44,4.21,21.55,3,1
18131.328,0.419,0.323,0.856,6.71,4.82,21.09,3,1
18131.328,0.418,0.314,0.849,9.43,5.34,19.81,3,1
18131.343,0.42,0.315,0.848,10.01,5.8,18.59,3,1
18131.359,0.42,0.317,0.851,9.77,5.95,16.88,3,1
18131.359,0.418,0.32,0.854,8.42,4.67,14.01,3,1
18131.375,0.42,0.327,0.849,6.47,2.53,11.17,3,1
18131.39,0.426,0.324,0.84,5.37,0.7,8.24,3,1
18131.39,0.425,0.325,0.834,4.76,-0.31,5.34,3,1
18131.406,0.417,0.336,0.832,3.81,-0.34,3.08,3,1
18131.421,0.419,0.347,0.836,3.27,0.31,2.69,3,1
18131.421,0.42,0.344,0.835,3.94,0.79,2.62,3,1
18131.437,0.417,0.339,0.83,5.04,1.25,2.23,3,1
18131.437,0.42,0.346,0.837,5.28,1.62,2.14,3,1
18131.453,0.418,0.352,0.84,5.25,1.37,1.46,3,1
18131.468,0.418,0.355,0.834,4.7,-0.12,0.0,3,1
18131.468,0.413,0.358,0.819,3.51,-1.53,-1.62,3,1
18131.484,0.406,0.371,0.811,2.32,-0.85,-1.59,3,1
18131.5,0.406,0.374,0.824,0.95,1.13,0.34,3,1
18131.5,0.397,0.354,0.844,0.27,2.47,1.77,3,1
18131.515,0.391,0.34,0.855,0.7,2.78,2.87,3,1
18131.531,0.393,0.342,0.861,1.4,2.5,3.94,3,1
18131.531,0.4,0.327,0.864,2.59,2.38,4.06,3,1
18131.546,0.397,0.314,0.858,4.03,2.14,3.05,3,1
18131.562,0.399,0.329,0.85,4.82,1.4,2.17,3,1
18131.562,0.404,0.346,0.842,4.85,0.76,0.89,3,1
18131.578,0.404,0.358,0.833,4.18,0.03,0.06,3,1
18131.578,0.404,0.368,0.827,3.23,-0.46,0.0,3,1
18131.593,0.405,0.376,0.827,2.2,-0.34,1.07,3,1
18131.609,0.406,0.37,0.827,1.34,-0.43,1.74,3,1
18131.609,0.409,0.366,0.824,0.73,-0.34,2.59,3,1
18131.625,0.414,0.359,0.826,0.73,0.21,3.2,3,1
18131.64,0.414,0.357,0.828,1.04,0.46,3.23,3,1
18131.656,0.416,0.359,0.828,0.52,0.31,2.78,3,1
18131.656,0.417,0.355,0.832,-0.64,-0.27,1.8,3,1
18131.671,0.412,0.35,0.832,-1.56,-0.67,0.79,3,1
18131.671,0.409,0.343,0.836,-2.01,-0.76,0.4,3,1
18131.687,0.405,0.343,0.849,-2.41,-0.73,0.09,3,1
18131.703,0.401,0.337,0.853,-3.66,-3.2,-2.26,3,1
18131.703,0.402,0.338,0.847,-3.78,-3.75,-2.69,3,1
18131.718,0.399,0.345,0.839,-2.84,-2.44,-1.68,3,1
18131.718,0.4,0.351,0.84,-1.89,-0.85,-0.55,3,1
18131.734,0.402,0.337,0.85,-1.1,-0.98,-0.82,3,1
18131.75,0.398,0.339,0.839,-0.4,-1.71,-1.28,3,1
18131.75,0.407,0.356,0.831,0.52,-1.34,-0.46,3,1
18131.765,0.41,0.359,0.838,1.25,-0.03,0.46,3,1
18131.781,0.407,0.353,0.843,1.46,0.61,0.7,3,1
18131.781,0.408,0.348,0.835,1.37,-0.18,0.37,3,1
18131.796,0.412,0.351,0.83,1.43,-0.73,0.18,3,1
18131.812,0.415,0.355,0.829,1.28,-0.37,0.15,3,1
18131.812,0.409,0.355,0.835,0.98,0.31,-0.12,3,1
18131.828,0.408,0.35,0.84,0.85,0.61,0.15,3,1
18131.828,0.41,0.339,0.846,1.01,0.43,0.12,3,1
18131.843,0.406,0.336,0.847,1.37,0.37,-0.21,3,1
18131.859,0.403,0.341,0.85,1.56,0.49,-0.09,3,1
18131.875,0.403,0.344,0.854,2.08,0.73,0.15,3,1
18131.875,0.404,0.336,0.845,3.14,0.79,0.0,3,1
18131.89,0.401,0.339,0.837,3.72,0.76,-0.58,3,1
18131.89,0.399,0.353,0.837,4.0,0.92,-0.67,3,1
18131.906,0.402,0.365,0.839,3.91,1.22,-0.34,3,1
18131.921,0.401,0.362,0.837,3.66,1.19,-0.24,3,1
18131.921,0.403,0.362,0.83,2.87,0.18,-0.49,3,1
18131.937,0.401,0.371,0.822,1.71,-0.82,-0.89,3,1
18131.953,0.403,0.379,0.822,0.06,-1.56,-0.76,3,1
18131.953,0.403,0.38,0.822,-1.25,-1.56,-0.03,3,1
18131.968,0.401,0.37,0.827,-2.38,-1.5,0.76,3,1
18131.968,0.403,0.357,0.837,-3.45,-1.74,1.43,3,1
18131.984,0.408,0.349,0.838,-4.15,-2.35,1.4,3,1
18132.0,0.412,0.345,0.841,-4.52,-2.9,0.92,3,1
18132.0,0.41,0.343,0.842,-4.64,-3.42,0.27,3,1
18132.015,0.407,0.344,0.841,-4.3,-3.42,-0.43,3,1
18132.015,0.408,0.344,0.844,-4.0,-3.11,-0.76,3,1
18132.031,0.405,0.339,0.848,-3.36,-2.66,-1.1,3,1
18132.046,0.4,0.337,0.85,-2.62,-2.32,-1.4,3,1
18132.046,0.399,0.338,0.848,-1.74,-2.23,-1.68,3,1
18132.062,0.401,0.343,0.845,-0.95,-1.83,-1.62,3,1
18132.078,0.402,0.346,0.847,-0.31,-1.59,-1.34,3,1
18132.078,0.404,0.35,0.842,-0.27,-1.74,-1.56,3,1
18132.093,0.408,0.353,0.835,-0.55,-2.26,-1.71,3,1
18132.109,0.408,0.356,0.833,-1.1,-2.29,-1.65,3,1
18132.109,0.414,0.356,0.838,-1.53,-1.92,-1.22,3,1
18132.125,0.414,0.343,0.839,-1.43,-1.71,-1.22,3,1
18132.14,0.41,0.338,0.839,-1.4,-1.74,-1.62,3,1
18132.14,0.414,0.344,0.845,-1.13,-1.59,-1.46,3,1
18132.156,0.412,0.344,0.848,-0.21,-1.13,-1.34,3,1
18132.171,0.41,0.334,0.843,0.64,-1.04,-1.89,3,1
18132.171,0.413,0.337,0.84,0.98,-1.19,-2.41,3,1
18132.187,0.414,0.341,0.838,1.16,-1.34,-2.87,3,1
18132.187,0.414,0.348,0.836,1.04,-1.53,-3.57,3,1
18132.203,0.412,0.357,0.836,0.49,-1.65,-3.94,3,1
18132.218,0.409,0.357,0.833,-0.09,-1.92,-4.12,3,1
18132.218,0.407,0.355,0.831,-0.67,-2.26,-4.43,3,1
18132.234,0.406,0.357,0.831,-1.53,-2.47,-4.64,3,1
18132.25,0.405,0.364,0.837,-2.26,-2.44,-4.36,3,1
18132.25,0.402,0.359,0.842,-2.26,-2.35,-4.21,3,1
18132.265,0.399,0.351,0.838,-1.92,-2.32,-4.03,3,1
18132.281,0.397,0.345,0.837,-1.28,-1.86,-3.69,3,1
18132.281,0.394,0.347,0.844,-0.52,-1.34,-3.36,3,1
18132.296,0.393,0.353,0.846,-0.21,-0.95,-2.9,3,1
18132.312,0.394,0.354,0.847,-0.21,-0.73,-2.35,3,1
18132.312,0.396,0.348,0.841,-0.27,-0.98,-2.35,3,1
18132.328,0.403,0.344,0.838,-0.43,-1.68,-2.53,3,1
18132.328,0.402,0.352,0.84,-1.28,-2.26,-3.02,3,1
18132.343,0.404,0.36,0.838,-2.47,-2.99,-3.08,3,1
18132.359,0.409,0.359,0.837,-3.14,-3.39,-2.44,3,1
18132.359,0.407,0.356,0.834,-2.99,-3.2,-1.56,3,1
18132.375,0.41,0.352,0.837,-2.47,-2.35,-0.58,3,1
18132.39,0.416,0.347,0.845,-1.89,-1.59,0.31,3,1
18132.39,0.417,0.336,0.841,-0.82,-1.31,-0.12,3,1
18132.406,0.418,0.336,0.839,-0.06,-1.4,-1.13,3,1
18132.406,0.417,0.346,0.84,0.4,-1.56,-2.32,3,1
18132.421,0.411,0.355,0.838,0.92,-1.31,-3.11,3,1
18132.437,0.407,0.353,0.841,1.59,-0.37,-2.75,3,1
18132.453,0.403,0.341,0.847,2.59,0.21,-2.69,3,1
18132.453,0.398,0.335,0.845,3.02,0.0,-3.14,3,1
18132.468,0.397,0.346,0.845,2.44,-0.55,-3.51,3,1
18132.484,0.399,0.356,0.842,1.31,-1.31,-3.75,3,1
18132.484,0.399,0.359,0.835,0.73,-2.04,-3.81,3,1
18132.5,0.402,0.362,0.831,0.0,-2.29,-3.88,3,1
18132.5,0.396,0.363,0.833,-0.85,-2.26,-3.78,3,1
18132.515,0.392,0.367,0.836,-1.28,-1.71,-2.62,3,1
18132.531,0.399,0.363,0.842,-0.95,-0.73,-0.79,3,1
18132.531,0.401,0.347,0.84,-0.12,-0.43,0.0,3,1
18132.546,0.402,0.342,0.842,0.37,-0.52,-0.09,3,1
18132.546,0.403,0.353,0.843,0.49,-0.98,-0.27,3,1
18132.562,0.409,0.363,0.831,0.98,-1.43,-0.4,3,1
18132.578,0.41,0.363,0.827,0.82,-1.43,-0.61,3,1
18132.578,0.405,0.361,0.829,0.43,-1.16,-0.92,3,1
18132.593,0.402,0.362,0.836,-0.21,-0.7,-0.61,3,1
18132.609,0.4,0.356,0.841,-0.76,-0.55,-0.06,3,1
18132.609,0.401,0.343,0.845,-0.76,-0.55,0.18,3,1
18132.625,0.401,0.34,0.85,-0.46,-0.52,0.49,3,1
18132.64,0.404,0.339,0.85,-0.12,-0.49,0.64,3,1
18132.64,0.405,0.339,0.844,0.21,-0.73,0.24,3,1
18132.656,0.409,0.348,0.838,0.15,-1.19,-0.37,3,1
18132.671,0.411,0.357,0.834,-0.09,-1.43,-1.04,3,1
18132.671,0.408,0.363,0.831,-0.55,-1.31,-1.43,3,1
18132.687,0.405,0.364,0.834,-0.15,-0.03,-0.4,3,1
18132.703,0.401,0.359,0.838,0.82,0.15,0.0,3,1
18132.703,0.401,0.347,0.84,1.22,-0.15,0.06,3,1
18132.718,0.404,0.357,0.835,1.53,-0.34,-0.12,3,1
18132.718,0.406,0.363,0.828,1.71,-0.34,-0.4,3,1
18132.734,0.404,0.37,0.829,1.13,-0.21,-0.49,3,1
18132.75,0.398,0.364,0.834,0.12,0.03,-0.49,3,1
18132.75,0.396,0.354,0.842,-0.73,-0.03,-0.18,3,1
18132.765,0.398,0.343,0.85,-1.31,-0.46,-0.37,3,1
18132.781,0.399,0.341,0.848,-1.8,-1.46,-1.01,3,1
18132.781,0.404,0.345,0.843,-2.26,-2.35,-1.37,3,1
18132.796,0.408,0.347,0.841,-2.56,-2.93,-2.01,3,1
18132.796,0.408,0.345,0.835,-2.93,-3.66,-2.78,3,1
18132.812,0.412,0.351,0.835,-3.75,-4.21,-3.45,3,1
18132.828,0.415,0.358,0.832,-4.39,-3.72,-3.72,3,1
18132.828,0.417,0.358,0.829,-4.12,-2.66,-3.78,3,1
18132.843,0.41,0.345,0.833,-2.9,-1.68,-3.69,3,1
18132.859,0.405,0.348,0.836,-1.68,-0.89,-3.11,3,1
18132.859,0.408,0.353,0.84,-1.25,-0.52,-2.78,3,1
18132.875,0.409,0.349,0.841,-1.25,-0.89,-3.3,3,1
18132.89,0.409,0.352,0.839,-1.37,-1.5,-3.88,3,1
18132.89,0.409,0.35,0.835,-1.01,-1.89,-4.46,3,1
18132.906,0.41,0.336,0.845,-1.89,-2.08,-5.65,3,1
18132.921,0.407,0.336,0.851,-3.81,-3.14,-7.51,3,1
18132.921,0.41,0.326,0.844,-4.36,-4.76,-9.55,3,1
18132.937,0.413,0.327,0.849,-6.96,-7.02,-12.82,3,1
18132.937,0.419,0.32,0.849,-10.71,-10.68,-17.91,3,1
18132.953,0.424,0.323,0.838,-14.25,-13.89,-23.35,3,1
18132.968,0.424,0.329,0.831,-17.03,-15.47,-28.14,3,1
18132.968,0.422,0.336,0.833,-19.5,-16.48,-32.11,3,1
18132.984,0.422,0.325,0.813,-22.46,-17.43,-35.16,3,1
18133.0,0.437,0.28,0.812,-28.57,-18.49,-40.47,3,1
18133.0,0.428,0.305,0.831,-30.49,-17.12,-44.74,3,1
18133.015,0.429,0.358,0.846,-26.25,-13.43,-44.37,3,1
18133.031,0.421,0.373,0.843,-20.6,-9.95,-43.24,3,1
18133.031,0.391,0.374,0.829,-16.21,-5.83,-40.19,3,1
18133.046,0.386,0.39,0.847,-12.51,-1.86,-33.85,3,1
18133.062,0.384,0.392,0.883,-5.46,1.86,-26.73,3,1
18133.062,0.368,0.364,0.888,4.46,5.19,-20.75,3,1
18133.078,0.36,0.329,0.867,10.47,6.44,-16.91,3,1
18133.078,0.367,0.313,0.852,10.56,5.58,-16.14,3,1
18133.093,0.372,0.329,0.837,8.09,3.97,-17.85,3,1
18133.109,0.368,0.347,0.818,4.15,1.86,-19.99,3,1
18133.109,0.382,0.372,0.813,-1.46,0.31,-21.3,3,1
18133.125,0.38,0.381,0.811,-7.6,-0.85,-23.32,3,1
18133.14,0.374,0.383,0.802,-14.04,-2.01,-24.45,3,1
18133.14,0.368,0.398,0.802,-20.69,-1.71,-24.2,3,1
18133.156,0.372,0.395,0.823,-24.9,-0.18,-21.7,3,1
18133.171,0.376,0.387,0.844,-25.64,1.43,-18.98,3,1
18133.171,0.362,0.379,0.856,-24.96,2.75,-16.97,3,1
18133.187,0.352,0.364,0.866,-24.9,2.69,-14.86,3,1
18133.187,0.359,0.354,0.874,-25.36,1.1,-13.09,3,1
18133.203,0.354,0.348,0.88,-25.39,-0.95,-11.99,3,1
18133.218,0.353,0.351,0.878,-24.14,-2.78,-10.41,3,1
18133.218,0.343,0.355,0.884,-22.06,-4.33,-7.45,3,1
18133.234,0.333,0.379,0.889,-18.71,-4.97,-1.83,3,1
18133.25,0.324,0.407,0.893,-15.05,-5.37,5.86,3,1
18133.25,0.31,0.398,0.905,-12.7,-6.47,13.55,3,1
18133.265,0.307,0.36,0.898,-11.05,-8.94,21.49,3,1
18133.281,0.328,0.344,0.901,-10.62,-12.45,27.28,3,1
18133.281,0.332,0.33,0.95,-9.64,-15.81,30.18,3,1
18133.296,0.319,0.325,0.977,-4.36,-21.42,32.41,3,1
18133.312,0.322,0.346,0.947,3.63,-27.28,37.6,3,1
18133.312,0.358,0.305,0.906,9.43,-31.34,42.39,3,1
18133.328,0.391,0.26,0.882,12.39,-31.65,43.24,3,1
18133.328,0.417,0.24,0.856,16.79,-27.74,43.34,3,1
18133.343,0.44,0.237,0.839,21.7,-22.03,43.43,3,1
18133.359,0.452,0.248,0.825,26.43,-15.99,42.24,3,1
18133.359,0.468,0.27,0.819,30.24,-10.22,40.77,3,1
18133.375,0.472,0.301,0.813,32.2,-5.65,39.25,3,1
18133.39,0.475,0.324,0.804,32.14,-3.33,36.96,3,1
18133.406,0.483,0.324,0.796,29.73,-2.72,34.06,3,1
18133.406,0.499,0.309,0.786,26.0,-2.87,30.3,3,1
18133.406,0.524,0.304,0.752,21.67,-1.53,25.03,3,1
18133.421,0.539,0.297,0.732,15.66,3.36,18.28,3,1
18133.437,0.53,0.272,0.722,10.25,10.28,10.86,3,1
18133.437,0.521,0.269,0.714,5.86,17.98,4.39,3,1
18133.453,0.509,0.288,0.738,0.49,24.9,-1.83,3,1
18133.468,0.486,0.292,0.765,-7.75,28.23,-9.13,3,1
18133.468,0.441,0.29,0.846,-17.06,27.1,-16.75,3,1
18133.484,0.374,0.306,0.988,-20.14,19.01,-21.91,3,1
18133.5,0.356,0.315,1.016,-14.65,5.74,-21.85,3,1
18133.5,0.389,0.308,0.927,-5.95,-2.08,-17.98,3,1
18133.515,0.41,0.29,0.881,2.9,0.27,-13.61,3,1
18133.531,0.41,0.258,0.877,11.99,6.01,-10.93,3,1
18133.531,0.397,0.251,0.859,18.04,8.79,-11.32,3,1
18133.546,0.399,0.3,0.854,19.47,8.73,-12.63,3,1
18133.546,0.405,0.355,0.852,19.41,7.97,-13.58,3,1
18133.562,0.399,0.386,0.831,19.14,6.41,-13.82,3,1
18133.578,0.4,0.392,0.807,16.91,4.82,-13.12,3,1
18133.593,0.394,0.389,0.791,11.78,3.48,-12.79,3,1
18133.593,0.391,0.391,0.792,5.52,2.69,-11.87,3,1
18133.609,0.386,0.395,0.805,-0.61,2.01,-10.59,3,1
18133.609,0.383,0.394,0.824,-5.04,2.01,-8.73,3,1
18133.625,0.378,0.378,0.84,-6.96,2.41,-6.01,3,1
18133.64,0.379,0.352,0.861,-7.48,2.23,-4.03,3,1
18133.64,0.38,0.33,0.872,-7.11,0.95,-3.54,3,1
18133.656,0.379,0.318,0.871,-6.47,-1.04,-3.2,3,1
18133.656,0.385,0.331,0.866,-4.82,-2.38,-1.92,3,1
18133.671,0.39,0.342,0.859,-3.66,-1.8,-0.58,3,1
18133.687,0.394,0.346,0.85,-3.2,-1.07,0.34,3,1
18133.687,0.396,0.34,0.844,-2.84,-0.95,0.52,3,1
18133.703,0.396,0.352,0.859,-2.26,-1.56,1.16,3,1
18133.718,0.403,0.345,0.847,-1.86,-2.38,1.04,3,1
18133.734,0.4,0.337,0.835,-1.77,-2.41,0.21,3,1
18133.734,0.399,0.337,0.831,-1.59,-2.01,0.0,3,1
18133.75,0.399,0.342,0.842,-1.86,-1.53,0.18,3,1
18133.75,0.397,0.346,0.853,-2.9,-1.46,-0.03,3,1
18133.765,0.396,0.339,0.851,-4.06,-2.35,-0.61,3,1
18133.781,0.398,0.337,0.847,-4.67,-3.51,-0.67,3,1
18133.781,0.402,0.334,0.842,-4.97,-3.97,-0.7,3,1
18133.796,0.404,0.337,0.845,-5.4,-3.48,-0.4,3,1
18133.812,0.403,0.334,0.845,-5.4,-3.14,-0.09,3,1
18133.812,0.402,0.329,0.843,-5.13,-2.78,0.21,3,1
18133.828,0.403,0.334,0.857,-4.94,-2.26,0.89,3,1
18133.828,0.395,0.334,0.865,-4.33,-2.23,0.76,3,1
18133.843,0.396,0.333,0.856,-3.72,-3.23,1.04,3,1
18133.859,0.402,0.328,0.847,-3.88,-4.03,0.95,3,1
18133.859,0.405,0.327,0.847,-4.15,-4.03,0.55,3,1
18133.875,0.401,0.328,0.849,-4.52,-3.81,0.43,3,1
18133.89,0.402,0.321,0.85,-4.61,-3.66,-0.18,3,1
18133.89,0.401,0.321,0.852,-4.97,-3.66,-0.89,3,1
18133.906,0.398,0.321,0.853,-4.97,-3.85,-1.59,3,1
18133.921,0.399,0.322,0.855,-4.49,-3.14,-1.62,3,1
18133.921,0.401,0.323,0.853,-3.6,-2.29,-1.01,3,1
18133.937,0.401,0.321,0.853,-2.23,-2.14,-0.12,3,1
18133.953,0.406,0.331,0.853,-0.98,-1.95,1.13,3,1
18133.953,0.416,0.339,0.848,0.0,-1.95,1.77,3,1
18133.968,0.416,0.336,0.836,0.46,-1.83,1.83,3,1
18133.968,0.421,0.331,0.831,0.24,-1.89,1.59,3,1
18133.984,0.418,0.334,0.837,-0.61,-1.31,0.89,3,1
18134.0,0.409,0.331,0.845,-1.65,-0.79,0.37,3,1
18134.0,0.402,0.323,0.856,-2.84,-0.82,0.52,3,1
18134.015,0.402,0.308,0.866,-3.6,-1.34,0.58,3,1
18134.031,0.402,0.294,0.866,-3.36,-1.95,0.06,3,1
18134.031,0.4,0.296,0.865,-2.75,-2.2,-0.67,3,1
18134.046,0.401,0.31,0.867,-1.8,-2.14,-1.1,3,1
18134.046,0.401,0.31,0.862,-0.52,-1.86,-1.65,3,1
18134.062,0.4,0.313,0.855,0.67,-1.74,-2.23,3,1
18134.078,0.399,0.323,0.85,1.4,-1.56,-2.41,3,1
18134.078,0.401,0.334,0.853,1.74,-1.19,-1.89,3,1
18134.093,0.402,0.346,0.853,2.01,-1.04,-0.73,3,1
18134.109,0.405,0.342,0.846,2.32,-1.25,0.46,3,1
18134.109,0.41,0.336,0.834,1.8,-1.65,1.22,3,1
18134.125,0.417,0.338,0.832,0.79,-1.53,1.89,3,1
18134.14,0.422,0.337,0.835,0.09,-0.89,1.98,3,1
18134.14,0.419,0.327,0.84,-0.43,-0.58,1.5,3,1
18134.156,0.417,0.32,0.852,-0.79,-0.58,0.89,3,1
18134.171,0.413,0.315,0.858,-0.58,-0.7,0.21,3,1
18134.171,0.41,0.306,0.86,0.06,-0.67,-0.43,3,1
18134.187,0.406,0.3,0.863,1.28,-0.43,-0.95,3,1
18134.187,0.403,0.3,0.865,2.38,-0.09,-1.71,3,1
18134.203,0.399,0.309,0.863,3.48,0.15,-2.23,3,1
18134.218,0.396,0.322,0.861,4.55,0.49,-2.17,3,1
18134.218,0.393,0.331,0.857,5.13,0.67,-1.86,3,1
18134.234,0.392,0.334,0.853,5.13,0.15,-1.77,3,1
18134.25,0.394,0.341,0.853,4.58,-0.43,-1.25,3,1
18134.265,0.397,0.349,0.851,4.18,-1.16,-0.09,3,1
18134.265,0.4,0.344,0.844,3.91,-1.83,1.1,3,1
18134.281,0.41,0.338,0.836,3.39,-2.38,1.8,3,1
18134.281,0.415,0.333,0.83,2.56,-2.53,1.8,3,1
18134.296,0.416,0.337,0.83,1.56,-2.29,1.62,3,1
18134.296,0.417,0.339,0.83,0.37,-2.01,1.07,3,1
18134.312,0.416,0.339,0.834,-0.89,-2.04,0.43,3,1
18134.328,0.413,0.338,0.842,-1.83,-2.32,-0.21,3,1
18134.328,0.412,0.328,0.845,-2.32,-2.47,-0.89,3,1
18134.343,0.408,0.318,0.848,-2.44,-2.75,-1.68,3,1
18134.359,0.407,0.317,0.853,-2.59,-2.96,-2.32,3,1
18134.359,0.405,0.321,0.858,-2.53,-3.3,-3.05,3,1
18134.375,0.404,0.32,0.859,-2.11,-3.45,-3.6,3,1
18134.39,0.402,0.318,0.859,-1.71,-3.88,-4.27,3,1
18134.39,0.401,0.323,0.861,-1.22,-4.27,-4.52,3,1
18134.406,0.401,0.325,0.862,-0.24,-4.79,-4.49,3,1
18134.421,0.404,0.328,0.857,1.65,-5.01,-4.09,3,1
18134.421,0.407,0.326,0.85,2.84,-4.88,-3.66,3,1
18134.437,0.411,0.324,0.845,3.3,-4.88,-3.6,3,1
18134.437,0.414,0.332,0.843,3.33,-4.85,-3.66,3,1
18134.453,0.414,0.341,0.833,2.93,-4.79,-3.51,3,1
18134.468,0.416,0.345,0.825,1.98,-4.36,-3.08,3,1
18134.468,0.416,0.346,0.823,0.95,-3.17,-2.62,3,1
18134.484,0.41,0.342,0.827,0.09,-2.08,-1.98,3,1
18134.5,0.411,0.337,0.836,-1.07,-1.74,-1.53,3,1
18134.5,0.409,0.329,0.846,-1.77,-1.22,-1.4,3,1
18134.515,0.411,0.324,0.853,-1.4,-0.76,-1.22,3,1
18134.531,0.414,0.319,0.857,-0.18,-0.55,-1.13,3,1
18134.531,0.411,0.315,0.859,1.37,0.03,-1.31,3,1
18134.546,0.409,0.314,0.861,3.23,0.52,-1.65,3,1
18134.562,0.407,0.32,0.857,4.88,0.67,-1.86,3,1
18134.562,0.408,0.331,0.849,6.13,0.76,-2.01,3,1
18134.578,0.41,0.337,0.844,6.56,1.1,-2.11,3,1
18134.578,0.408,0.337,0.844,7.05,1.59,-1.95,3,1
18134.593,0.403,0.343,0.842,7.42,2.08,-1.68,3,1
18134.609,0.406,0.343,0.838,7.08,1.98,-1.5,3,1
18134.609,0.401,0.345,0.837,6.44,1.74,-1.74,3,1
18134.625,0.403,0.355,0.832,5.19,0.58,-1.22,3,1
18134.64,0.403,0.364,0.827,3.85,-0.03,-0.64,3,1
18134.64,0.406,0.361,0.826,-0.27,-1.13,0.34,3,1
18134.656,0.408,0.358,0.826,-2.01,-1.43,0.34,3,1
18134.671,0.411,0.355,0.833,-3.27,-2.26,-0.21,3,1
18134.671,0.411,0.349,0.833,-4.46,-2.87,-1.04,3,1
18134.687,0.412,0.342,0.84,-4.94,-2.84,-1.46,3,1
18134.687,0.409,0.339,0.843,-4.64,-2.72,-1.95,3,1
18134.703,0.405,0.337,0.847,-4.64,-2.72,-2.32,3,1
18134.718,0.404,0.336,0.847,-4.7,-3.08,-2.32,3,1
18134.718,0.404,0.33,0.843,-4.85,-4.12,-2.75,3,1
18134.734,0.408,0.336,0.84,-6.04,-5.28,-3.27,3,1
18134.75,0.405,0.34,0.84,-7.51,-6.2,-3.94,3,1
18134.75,0.406,0.343,0.833,-8.58,-6.62,-4.12,3,1
18134.765,0.407,0.337,0.831,-10.32,-6.23,-4.06,3,1
18134.781,0.411,0.35,0.845,-10.47,-4.7,-3.27,3,1
18134.781,0.406,0.347,0.846,-8.55,-2.53,-1.71,3,1
18134.796,0.404,0.319,0.855,-7.51,-2.17,-0.79,3,1
18134.796,0.418,0.31,0.86,-6.47,-2.29,-0.49,3,1
18134.812,0.422,0.306,0.861,-4.88,-1.86,-1.25,3,1
18134.828,0.427,0.309,0.855,-2.38,-1.04,-2.14,3,1
18134.828,0.421,0.295,0.856,-0.61,-0.73,-3.33,3,1
18134.843,0.418,0.298,0.856,1.04,-0.79,-3.42,3,1
18134.859,0.427,0.317,0.852,2.44,-0.61,-4.18,3,1
18134.859,0.413,0.321,0.852,3.54,0.79,-4.79,3,1
18134.875,0.404,0.324,0.848,5.04,2.14,-4.46,3,1
18134.89,0.402,0.343,0.848,6.53,3.02,-3.45,3,1
18134.89,0.397,0.347,0.848,7.35,3.75,-2.38,3,1
18134.906,0.394,0.343,0.846,6.78,3.57,-2.04,3,1
18134.921,0.392,0.353,0.846,6.01,2.59,-1.74,3,1
18134.921,0.391,0.36,0.836,4.55,1.25,-1.13,3,1
18134.937,0.396,0.359,0.831,2.59,0.03,-0.4,3,1
18134.937,0.4,0.358,0.833,0.34,-1.07,0.21,3,1
18134.953,0.402,0.351,0.834,-1.77,-1.95,0.21,3,1
18134.968,0.405,0.348,0.838,-3.33,-2.5,0.09,3,1
18134.968,0.405,0.34,0.843,-4.0,-2.78,0.18,3,1
18134.984,0.405,0.335,0.85,-4.09,-2.66,0.21,3,1
18135.0,0.402,0.333,0.853,-3.57,-2.44,0.24,3,1
18135.015,0.402,0.333,0.85,-2.87,-2.5,0.49,3,1
18135.015,0.403,0.333,0.847,-2.56,-2.41,0.7,3,1
18135.031,0.403,0.335,0.846,-2.44,-2.35,0.82,3,1
18135.031,0.403,0.338,0.842,-2.62,-2.53,1.04,3,1
18135.046,0.408,0.339,0.841,-3.11,-2.56,1.31,3,1
18135.046,0.41,0.334,0.842,-3.51,-2.41,1.5,3,1
18135.062,0.412,0.33,0.842,-3.81,-2.35,1.43,3,1
18135.078,0.413,0.326,0.845,-3.66,-1.95,1.34,3,1
18135.093,0.416,0.321,0.852,-2.81,-1.34,1.4,3,1
18135.093,0.418,0.315,0.856,-1.8,-0.52,1.07,3,1
18135.109,0.418,0.306,0.859,-0.27,0.15,0.55,3,1
18135.109,0.417,0.31,0.861,1.95,0.92,0.43,3,1
18135.125,0.417,0.316,0.86,4.09,1.71,0.21,3,1
18135.14,0.413,0.32,0.855,5.58,2.2,-0.27,3,1
18135.14,0.406,0.33,0.847,6.29,1.98,-0.7,3,1
18135.156,0.404,0.342,0.841,6.23,1.89,-0.46,3,1
18135.171,0.398,0.348,0.838,5.68,1.89,0.0,3,1
18135.171,0.395,0.345,0.836,5.04,1.5,0.15,3,1
18135.187,0.396,0.358,0.842,3.39,0.89,1.1,3,1
18135.187,0.402,0.361,0.843,0.49,-0.09,1.92,3,1
18135.203,0.4,0.324,0.828,-1.13,-1.34,1.56,3,1
18135.218,0.414,0.33,0.837,-2.41,-2.47,1.89,3,1
18135.234,0.418,0.341,0.845,-3.33,-2.62,1.68,3,1
18135.234,0.418,0.341,0.846,-4.27,-2.78,0.61,3,1
18135.25,0.417,0.344,0.845,-4.3,-3.05,-0.21,3,1
18135.25,0.418,0.323,0.84,-3.23,-3.17,-1.16,3,1
18135.265,0.418,0.321,0.847,-2.41,-2.75,-1.95,3,1
18135.281,0.412,0.332,0.848,-1.43,-2.17,-2.9,3,1
18135.281,0.401,0.33,0.845,-0.58,-1.62,-3.63,3,1
18135.296,0.399,0.334,0.85,0.67,-1.83,-3.48,3,1
18135.312,0.394,0.334,0.848,1.71,-1.62,-3.39,3,1
18135.312,0.393,0.337,0.847,1.65,-1.5,-3.23,3,1
18135.328,0.389,0.343,0.845,0.76,-1.62,-2.66,3,1
18135.328,0.391,0.343,0.846,-0.52,-2.17,-1.77,3,1
18135.343,0.399,0.348,0.842,-1.92,-2.81,-0.64,3,1
18135.359,0.41,0.349,0.843,-3.45,-2.81,0.4,3,1
18135.359,0.41,0.334,0.845,-4.43,-1.98,1.4,3,1
18135.375,0.417,0.316,0.851,-4.52,-1.77,2.69,3,1
18135.39,0.432,0.304,0.854,-3.54,-1.37,2.81,3,1
18135.39,0.435,0.295,0.857,-1.8,-0.31,2.01,3,1
18135.406,0.43,0.297,0.863,0.58,0.46,1.37,3,1
18135.421,0.431,0.3,0.859,3.51,1.1,0.24,3,1
18135.421,0.414,0.303,0.854,6.41,1.68,-0.67,3,1
18135.437,0.417,0.325,0.851,8.88,2.23,-0.79,3,1
18135.453,0.402,0.34,0.849,10.5,3.45,-0.95,3,1
18135.453,0.394,0.353,0.845,11.2,4.03,-0.43,3,1
18135.468,0.39,0.352,0.838,11.41,3.81,0.18,3,1
18135.468,0.386,0.36,0.836,10.83,3.33,1.25,3,1
18135.484,0.389,0.367,0.833,9.22,3.17,1.56,3,1
18135.5,0.385,0.363,0.835,7.39,3.02,1.98,3,1
18135.5,0.386,0.364,0.835,5.58,1.89,3.02,3,1
18135.515,0.392,0.361,0.832,3.45,0.15,3.42,3,1
18135.531,0.397,0.362,0.834,1.1,-1.04,3.91,3,1
18135.531,0.404,0.358,0.837,-0.4,-1.16,4.97,3,1
18135.546,0.406,0.35,0.84,-0.37,-0.58,6.2,3,1
18135.546,0.41,0.336,0.843,-0.15,-0.15,6.81,3,1
18135.562,0.408,0.329,0.845,0.4,0.76,7.08,3,1
18135.578,0.408,0.332,0.85,1.04,1.8,7.54,3,1
18135.578,0.401,0.331,0.852,2.11,2.78,8.18,3,1
18135.593,0.402,0.335,0.853,3.02,3.05,8.85,3,1
18135.609,0.405,0.335,0.852,3.75,3.02,9.28,3,1
18135.609,0.404,0.328,0.845,4.03,2.56,8.76,3,1
18135.625,0.405,0.333,0.844,3.85,2.17,8.3,3,1
18135.64,0.411,0.34,0.848,4.21,1.5,6.65,3,1
18135.64,0.404,0.335,0.845,4.06,1.13,5.92,3,1
18135.656,0.406,0.341,0.846,4.82,1.56,6.1,3,1
18135.671,0.405,0.339,0.843,6.87,2.93,7.02,3,1
18135.671,0.404,0.34,0.846,8.73,4.64,8.39,3,1
18135.687,0.404,0.337,0.847,9.74,5.83,9.19,3,1
18135.687,0.395,0.345,0.852,10.62,7.14,10.47,3,1
18135.703,0.401,0.348,0.85,12.67,8.76,13.03,3,1
18135.718,0.403,0.341,0.846,14.86,9.83,15.08,3,1
18135.734,0.399,0.34,0.848,15.23,10.07,15.5,3,1
18135.734,0.397,0.344,0.849,14.07,9.09,15.29,3,1
18135.75,0.409,0.354,0.839,13.09,7.17,15.17,3,1
18135.75,0.413,0.357,0.824,11.69,5.68,14.22,3,1
18135.765,0.414,0.36,0.815,9.95,4.55,13.34,3,1
18135.781,0.417,0.368,0.829,7.02,4.39,12.88,3,1
18135.781,0.421,0.346,0.817,4.58,3.17,10.99,3,1
18135.796,0.423,0.332,0.816,1.8,1.65,7.54,3,1
18135.812,0.423,0.339,0.834,-1.8,0.27,3.45,3,1
18135.812,0.415,0.338,0.836,-4.12,-1.8,-0.27,3,1
18135.828,0.419,0.346,0.834,-5.34,-3.05,-2.78,3,1
18135.828,0.409,0.347,0.836,-5.77,-2.93,-4.18,3,1
18135.843,0.403,0.347,0.841,-6.04,-2.96,-4.64,3,1
18135.859,0.388,0.349,0.843,-6.1,-2.69,-4.18,3,1
18135.859,0.393,0.351,0.855,-5.77,-2.75,-2.38,3,1
18135.875,0.397,0.344,0.857,-4.82,-2.62,-1.19,3,1
18135.906,0.39,0.329,0.854,-4.21,-2.69,-1.01,3,1
18135.906,0.401,0.339,0.852,-4.03,-3.27,-0.55,3,1
18135.906,0.409,0.346,0.845,-3.36,-2.9,-0.82,3,1
18135.921,0.402,0.341,0.842,-2.93,-1.95,-1.07,3,1
18135.921,0.409,0.342,0.845,-2.23,-1.65,-0.55,3,1
18135.937,0.418,0.335,0.849,-0.92,-0.4,-0.49,3,1
18135.937,0.403,0.313,0.849,0.7,0.34,-1.65,3,1
18135.953,0.413,0.317,0.85,2.41,-0.12,-2.5,3,1
18135.968,0.408,0.333,0.846,4.09,0.7,-3.39,3,1
18135.968,0.4,0.337,0.845,5.65,1.13,-3.69,3,1
18135.984,0.395,0.349,0.847,7.05,1.62,-3.66,3,1
18136.0,0.387,0.366,0.848,8.06,2.59,-2.78,3,1
18136.0,0.381,0.37,0.846,8.48,3.08,-0.95,3,1
18136.015,0.383,0.369,0.841,7.81,2.38,1.01,3,1
18136.031,0.388,0.368,0.836,6.07,1.34,2.17,3,1
18136.031,0.396,0.369,0.831,3.48,-0.12,2.69,3,1
18136.046,0.401,0.367,0.824,0.49,-1.46,2.84,3,1
18136.046,0.411,0.364,0.823,-2.81,-2.78,2.72,3,1
18136.062,0.416,0.36,0.827,-5.77,-3.48,2.41,3,1
18136.078,0.417,0.342,0.833,-7.39,-3.57,2.14,3,1
18136.078,0.418,0.325,0.847,-7.81,-3.14,1.71,3,1
18136.093,0.413,0.318,0.862,-6.53,-2.26,1.04,3,1
18136.109,0.405,0.319,0.87,-4.06,-1.25,0.61,3,1
18136.109,0.402,0.318,0.868,-1.01,-1.04,0.31,3,1
18136.125,0.398,0.329,0.857,1.62,-0.89,-0.18,3,1
18136.14,0.396,0.346,0.844,3.36,-0.76,-0.52,3,1
18136.156,0.392,0.361,0.83,4.0,-0.67,-0.52,3,1
18136.156,0.391,0.373,0.827,3.02,-0.89,0.0,3,1
18136.171,0.389,0.378,0.826,1.5,-1.16,0.89,3,1
18136.171,0.394,0.367,0.828,0.24,-1.04,1.83,3,1
18136.187,0.396,0.354,0.833,-0.89,-0.98,2.11,3,1
18136.203,0.4,0.348,0.837,-1.43,-1.1,2.11,3,1
18136.203,0.404,0.348,0.843,-1.25,-0.92,2.17,3,1
18136.218,0.405,0.345,0.85,-0.7,-0.52,2.44,3,1
18136.218,0.405,0.337,0.856,0.12,-0.18,2.5,3,1
18136.234,0.41,0.334,0.851,0.95,-0.49,2.53,3,1
18136.25,0.413,0.33,0.845,1.19,-0.82,2.08,3,1
18136.25,0.412,0.335,0.849,1.22,-0.73,2.01,3,1
18136.265,0.412,0.34,0.845,1.5,-0.73,2.14,3,1
18136.281,0.401,0.341,0.845,1.19,-0.43,2.53,3,1
18136.281,0.401,0.358,0.854,1.83,0.98,5.43,3,1
18136.296,0.411,0.34,0.85,4.21,2.5,8.73,3,1
18136.296,0.415,0.328,0.838,6.44,3.78,9.19,3,1
18136.312,0.414,0.328,0.839,6.84,4.52,7.81,3,1
18136.328,0.416,0.333,0.84,7.05,4.91,6.65,3,1
18136.328,0.418,0.345,0.828,8.03,5.04,5.13,3,1
18136.343,0.418,0.351,0.824,7.97,5.8,3.42,3,1
18136.359,0.412,0.347,0.83,7.42,6.81,1.77,3,1
18136.375,0.406,0.344,0.833,7.17,6.53,-0.06,3,1
18136.375,0.403,0.35,0.832,6.71,6.01,-1.62,3,1
18136.39,0.402,0.355,0.836,5.43,5.46,-3.33,3,1
18136.39,0.391,0.356,0.836,4.06,4.97,-5.01,3,1
18136.406,0.376,0.367,0.845,3.05,5.31,-4.27,3,1
18136.421,0.385,0.372,0.852,3.6,5.98,-1.34,3,1
18136.421,0.389,0.351,0.846,4.79,7.08,0.52,3,1
18136.437,0.388,0.345,0.84,5.16,8.27,1.34,3,1
18136.453,0.391,0.35,0.844,5.49,9.64,2.38,3,1
18136.453,0.394,0.354,0.846,6.29,10.74,3.17,3,1
18136.468,0.388,0.361,0.848,6.04,10.53,3.23,3,1
18136.468,0.386,0.363,0.849,4.58,9.16,3.17,3,1
18136.484,0.389,0.36,0.845,3.08,7.26,2.96,3,1
18136.5,0.389,0.365,0.843,1.4,4.7,2.29,3,1
18136.5,0.391,0.372,0.837,-0.95,1.77,1.13,3,1
18136.515,0.391,0.373,0.835,-3.66,-0.95,-0.18,3,1
18136.531,0.391,0.372,0.837,-5.4,-2.5,-1.1,3,1
18136.531,0.392,0.366,0.832,-5.55,-2.59,-1.62,3,1
18136.546,0.384,0.358,0.838,-5.28,-1.71,-1.89,3,1
18136.562,0.383,0.353,0.852,-4.39,-1.19,-1.43,3,1
18136.562,0.38,0.351,0.855,-3.05,-1.07,-1.53,3,1
18136.578,0.373,0.351,0.85,-2.35,-1.8,-1.98,3,1
18136.593,0.378,0.364,0.849,-2.23,-2.96,-1.59,3,1
18136.593,0.379,0.369,0.844,-2.72,-3.54,-1.5,3,1
18136.609,0.379,0.364,0.844,-3.85,-4.21,-1.22,3,1
18136.609,0.379,0.36,0.842,-6.5,-5.4,-0.67,3,1
18136.625,0.375,0.355,0.839,-7.54,-4.82,0.73,3,1
18136.64,0.382,0.354,0.849,-7.42,-3.63,1.8,3,1
18136.64,0.388,0.341,0.862,-6.59,-3.11,1.77,3,1
18136.656,0.393,0.319,0.863,-5.58,-2.78,1.43,3,1
18136.671,0.401,0.319,0.863,-4.24,-2.66,0.98,3,1
18136.671,0.408,0.328,0.858,-2.32,-1.98,0.15,3,1
18136.687,0.408,0.33,0.851,-0.4,-0.92,-0.95,3,1
18136.687,0.398,0.334,0.851,1.19,0.03,-1.65,3,1
18136.703,0.393,0.343,0.852,2.99,1.1,-1.19,3,1
18136.718,0.392,0.342,0.855,4.85,1.77,-0.7,3,1
18136.718,0.382,0.339,0.854,6.16,1.83,-0.85,3,1
18136.734,0.381,0.35,0.85,6.96,1.43,-0.49,3,1
18136.75,0.379,0.364,0.845,7.14,1.1,0.0,3,1
18136.75,0.374,0.373,0.842,6.71,0.73,0.31,3,1
18136.765,0.364,0.388,0.842,5.19,-0.7,0.7,3,1
18136.781,0.36,0.407,0.837,2.11,-3.14,1.37,3,1
18136.781,0.36,0.406,0.836,-1.28,-5.71,2.53,3,1
18136.796,0.348,0.394,0.848,-4.55,-9.13,3.88,3,1
18136.812,0.348,0.395,0.866,-8.27,-14.22,6.26,3,1
18136.812,0.37,0.369,0.845,-12.91,-19.44,8.3,3,1
18136.828,0.372,0.333,0.826,-16.21,-22.34,9.22,3,1
18136.828,0.409,0.321,0.885,-17.67,-24.96,9.86,3,1
18136.843,0.429,0.294,0.838,-15.5,-25.97,7.26,3,1
18136.859,0.437,0.308,0.825,-14.77,-21.55,6.65,3,1
18136.859,0.447,0.288,0.837,-10.32,-16.27,5.28,3,1
18136.875,0.449,0.293,0.837,-5.28,-10.99,4.24,3,1
18136.89,0.446,0.307,0.835,-2.38,-6.81,3.11,3,1
18136.89,0.445,0.319,0.837,-0.15,-3.66,1.71,3,1
18136.906,0.43,0.332,0.837,0.76,-1.71,0.37,3,1
18136.921,0.422,0.327,0.83,1.16,-1.28,-0.61,3,1
18136.921,0.426,0.342,0.83,0.67,-1.13,-0.12,3,1
18136.937,0.422,0.344,0.829,-0.4,-0.37,0.03,3,1
18136.937,0.422,0.335,0.832,-1.19,0.58,0.4,3,1
18136.953,0.422,0.328,0.834,-1.59,1.19,0.67,3,1
18136.968,0.419,0.325,0.833,-2.11,1.62,0.34,3,1
18136.968,0.422,0.337,0.841,-2.96,2.14,0.43,3,1
18136.984,0.416,0.336,0.85,-3.39,2.01,0.34,3,1
18137.0,0.411,0.332,0.854,-2.96,0.79,0.34,3,1
18137.0,0.416,0.334,0.853,-2.78,-0.89,0.58,3,1
18137.015,0.42,0.33,0.848,-2.69,-2.04,0.82,3,1
18137.031,0.42,0.329,0.842,-2.5,-2.14,0.7,3,1
18137.031,0.419,0.324,0.838,-2.41,-1.95,0.31,3,1
18137.046,0.423,0.321,0.838,-2.11,-1.46,-0.06,3,1
18137.046,0.42,0.322,0.838,-2.23,-0.79,-0.89,3,1
18137.062,0.412,0.33,0.838,-2.81,-0.06,-1.34,3,1
18137.078,0.414,0.335,0.842,-3.3,0.76,-0.82,3,1
18137.078,0.409,0.325,0.846,-3.08,1.25,-0.7,3,1
18137.093,0.405,0.321,0.848,-3.17,1.01,-0.89,3,1
18137.109,0.406,0.328,0.853,-3.78,0.61,-0.76,3,1
18137.109,0.41,0.327,0.853,-4.06,-0.12,-0.52,3,1
18137.125,0.408,0.321,0.852,-3.36,-0.7,-0.64,3,1
18137.14,0.405,0.329,0.853,-3.02,-1.28,-0.64,3,1
18137.14,0.409,0.337,0.85,-3.02,-1.5,0.09,3,1
18137.156,0.413,0.328,0.851,-2.62,-1.31,0.95,3,1
18137.156,0.41,0.319,0.85,-2.32,-1.4,0.98,3,1
18137.171,0.408,0.318,0.848,-2.53,-1.62,1.07,3,1
18137.187,0.415,0.324,0.849,-2.75,-1.8,1.74,3,1
18137.187,0.423,0.318,0.851,-2.44,-1.4,1.83,3,1
18137.203,0.428,0.31,0.851,-2.01,-1.19,0.92,3,1
18137.218,0.431,0.313,0.841,-1.74,-1.1,-0.27,3,1
18137.234,0.433,0.315,0.838,-1.59,-0.4,-1.28,3,1
18137.234,0.434,0.312,0.828,-2.53,0.21,-2.47,3,1
18137.25,0.44,0.311,0.819,-3.78,1.37,-3.97,3,1
18137.25,0.443,0.308,0.818,-4.79,3.17,-5.71,3,1
18137.265,0.432,0.309,0.821,-5.77,5.46,-7.42,3,1
18137.281,0.428,0.316,0.829,-6.2,7.81,-8.06,3,1
18137.281,0.409,0.319,0.864,-5.95,9.25,-8.67,3,1
18137.296,0.392,0.3,0.901,-5.4,6.96,-9.67,3,1
18137.296,0.393,0.293,0.909,-3.97,1.4,-11.35,3,1
18137.312,0.398,0.299,0.901,-1.8,-4.15,-13.46,3,1
18137.328,0.406,0.29,0.89,-0.61,-9.03,-16.42,3,1
18137.328,0.407,0.283,0.868,-0.76,-13.76,-20.97,3,1
18137.343,0.397,0.305,0.844,-2.72,-17.43,-25.06,3,1
18137.359,0.394,0.35,0.831,-4.76,-17.73,-25.06,3,1
18137.359,0.404,0.372,0.826,-4.43,-14.07,-20.48,3,1
18137.375,0.409,0.353,0.84,-1.95,-8.79,-15.78,3,1
18137.39,0.401,0.319,0.863,-0.27,-5.65,-14.13,3,1
18137.39,0.395,0.294,0.884,0.92,-5.8,-14.22,3,1
18137.406,0.394,0.297,0.885,2.87,-7.97,-14.74,3,1
18137.421,0.395,0.31,0.877,5.16,-9.74,-14.47,3,1
18137.421,0.4,0.324,0.862,6.71,-10.71,-14.04,3,1
18137.437,0.408,0.325,0.844,7.72,-10.77,-13.37,3,1
18137.437,0.41,0.329,0.837,8.0,-9.83,-12.79,3,1
18137.453,0.411,0.338,0.829,8.64,-8.3,-11.87,3,1
18137.468,0.413,0.346,0.826,9.31,-6.53,-10.62,3,1
18137.468,0.413,0.348,0.824,9.37,-5.22,-9.95,3,1
18137.484,0.412,0.36,0.821,8.55,-4.58,-9.67,3,1
18137.5,0.412,0.375,0.82,6.96,-4.52,-9.09,3,1
18137.5,0.411,0.381,0.816,4.94,-5.01,-8.61,3,1
18137.515,0.408,0.377,0.808,2.75,-5.37,-8.18,3,1
18137.531,0.408,0.381,0.808,0.89,-4.21,-6.47,3,1
18137.531,0.406,0.383,0.809,-0.06,-2.32,-4.24,3,1
18137.546,0.403,0.386,0.822,-1.04,-0.21,-1.74,3,1
18137.546,0.392,0.369,0.831,-2.44,0.73,-0.12,3,1
18137.562,0.395,0.346,0.844,-4.3,-0.4,0.64,3,1
18137.578,0.399,0.341,0.846,-5.58,-2.41,0.61,3,1
18137.593,0.411,0.342,0.844,-6.53,-3.81,0.31,3,1
18137.593,0.413,0.347,0.844,-7.29,-4.18,0.21,3,1
18137.609,0.413,0.332,0.839,-7.17,-3.14,0.43,3,1
18137.609,0.417,0.327,0.846,-6.38,-2.5,0.43,3,1
18137.625,0.417,0.327,0.85,-4.97,-2.17,0.37,3,1
18137.64,0.417,0.332,0.849,-3.78,-2.29,-0.12,3,1
18137.64,0.419,0.335,0.843,-2.96,-3.08,-0.76,3,1
18137.656,0.415,0.346,0.84,-2.75,-3.66,-1.46,3,1
18137.671,0.412,0.352,0.835,-2.59,-4.21,-1.89,3,1
18137.671,0.412,0.356,0.832,-3.05,-4.73,-1.71,3,1
18137.687,0.411,0.36,0.837,-4.06,-4.76,-1.37,3,1
18137.687,0.403,0.352,0.839,-4.09,-3.88,-0.55,3,1
18137.703,0.404,0.354,0.844,-3.08,-2.84,1.28,3,1
18137.718,0.401,0.33,0.852,-1.19,-2.41,2.38,3,1
18137.718,0.404,0.328,0.857,0.18,-2.56,3.69,3,1
18137.734,0.411,0.327,0.853,1.59,-3.11,4.46,3,1
18137.75,0.421,0.323,0.848,2.62,-2.9,5.07,3,1
18137.765,0.417,0.321,0.843,3.57,-2.59,5.22,3,1
18137.765,0.422,0.324,0.838,3.75,-2.81,5.19,3,1
18137.781,0.425,0.333,0.833,2.78,-2.96,4.94,3,1
18137.781,0.431,0.334,0.831,1.68,-3.08,4.18,3,1
18137.796,0.432,0.329,0.822,0.85,-2.75,3.3,3,1
18137.796,0.431,0.329,0.82,-0.49,-2.78,2.11,3,1
18137.812,0.433,0.341,0.824,-2.26,-2.87,0.73,3,1
18137.828,0.433,0.348,0.822,-3.75,-2.44,-0.34,3,1
18137.843,0.43,0.341,0.827,-4.27,-1.43,-1.01,3,1
18137.843,0.432,0.327,0.837,-3.33,-0.55,-1.74,3,1
18137.859,0.419,0.329,0.851,-2.29,0.03,-2.66,3,1
18137.859,0.417,0.335,0.853,-0.92,-0.67,-2.62,3,1
18137.875,0.423,0.333,0.843,0.4,-1.83,-2.62,3,1
18137.89,0.422,0.332,0.828,1.65,-2.35,-2.96,3,1
18137.89,0.423,0.342,0.823,1.22,-2.62,-3.3,3,1
18137.906,0.425,0.362,0.826,-0.58,-2.62,-2.96,3,1
18137.921,0.419,0.366,0.823,-2.41,-2.29,-2.44,3,1
18137.921,0.422,0.35,0.827,-3.91,-2.35,-2.01,3,1
18137.937,0.422,0.332,0.831,-4.88,-2.35,-2.53,3,1
18137.953,0.417,0.327,0.837,-5.46,-2.26,-3.45,3,1
18137.953,0.419,0.335,0.848,-6.04,-2.17,-3.75,3,1
18137.968,0.419,0.323,0.842,-5.65,-1.77,-3.85,3,1
18137.968,0.414,0.31,0.843,-5.1,-1.5,-3.14,3,1
18137.984,0.427,0.308,0.853,-4.82,-1.43,-2.32,3,1
18138.0,0.426,0.301,0.857,-3.33,-0.82,-2.41,3,1
18138.0,0.431,0.305,0.858,-1.07,-0.15,-2.56,3,1
18138.015,0.422,0.307,0.854,1.8,1.31,-3.42,3,1
18138.031,0.417,0.319,0.854,5.13,2.53,-3.63,3,1
18138.031,0.415,0.334,0.851,7.78,3.57,-3.51,3,1
18138.046,0.411,0.339,0.839,9.03,3.91,-3.2,3,1
18138.062,0.411,0.348,0.83,8.85,3.94,-2.35,3,1
18138.062,0.411,0.354,0.822,7.81,3.54,-1.56,3,1
18138.078,0.411,0.363,0.822,5.34,2.78,-0.52,3,1
18138.078,0.413,0.364,0.82,2.59,2.32,0.61,3,1
18138.093,0.418,0.359,0.825,0.27,1.8,1.28,3,1
18138.109,0.417,0.348,0.832,-1.56,1.1,0.95,3,1
18138.109,0.418,0.338,0.835,-2.41,0.82,0.09,3,1
18138.125,0.418,0.336,0.84,-2.5,1.04,-0.89,3,1
18138.14,0.416,0.329,0.844,-1.95,1.46,-1.89,3,1
18138.14,0.412,0.328,0.851,-1.25,1.46,-2.72,3,1
18138.156,0.41,0.33,0.853,-0.31,1.1,-3.39,3,1
18138.171,0.409,0.329,0.848,0.79,0.67,-3.48,3,1
18138.171,0.411,0.336,0.85,1.16,0.34,-3.08,3,1
18138.187,0.41,0.34,0.847,1.22,-0.4,-2.84,3,1
18138.187,0.412,0.343,0.841,1.1,-1.13,-2.66,3,1
18138.203,0.415,0.345,0.838,1.22,-1.59,-2.72,3,1
18138.218,0.412,0.345,0.834,1.59,-1.43,-3.02,3,1
18138.218,0.412,0.349,0.833,1.1,-1.07,-3.39,3,1
18138.234,0.409,0.346,0.839,0.92,-0.34,-3.48,3,1
18138.25,0.405,0.341,0.841,1.34,-0.03,-3.11,3,1
18138.25,0.405,0.339,0.841,1.68,0.03,-2.26,3,1
18138.265,0.411,0.341,0.845,1.59,-0.06,-1.46,3,1
18138.281,0.412,0.339,0.846,1.8,0.09,-1.07,3,1
18138.281,0.413,0.328,0.842,3.11,0.46,-0.89,3,1
18138.296,0.413,0.332,0.851,4.39,1.1,-1.28,3,1
18138.296,0.411,0.339,0.853,5.25,1.59,-1.86,3,1
18138.312,0.409,0.339,0.848,6.26,2.17,-2.29,3,1
18138.328,0.408,0.338,0.842,7.72,3.08,-2.14,3,1
18138.343,0.412,0.334,0.837,9.86,3.72,-2.01,3,1
18138.343,0.408,0.35,0.842,10.32,4.27,-1.71,3,1
18138.359,0.407,0.36,0.84,10.25,4.24,-0.95,3,1
18138.359,0.405,0.364,0.836,10.16,4.06,-0.46,3,1
18138.375,0.402,0.361,0.828,9.83,3.66,-0.15,3,1
18138.39,0.403,0.363,0.828,8.42,3.05,-0.06,3,1
18138.39,0.4,0.37,0.829,6.59,2.5,0.0,3,1
18138.406,0.399,0.372,0.831,4.55,1.95,0.06,3,1
18138.421,0.403,0.369,0.832,2.93,1.19,0.4,3,1
18138.437,0.414,0.365,0.828,1.34,0.46,-0.18,3,1
18138.437,0.408,0.352,0.83,-0.37,-0.12,-1.59,3,1
18138.453,0.41,0.357,0.836,-1.37,-1.04,-2.75,3,1
18138.453,0.411,0.358,0.832,-1.4,-1.98,-4.43,3,1
18138.468,0.409,0.359,0.834,-1.13,-1.65,-5.62,3,1
18138.468,0.401,0.361,0.838,-0.85,-1.37,-5.89,3,1
18138.484,0.403,0.362,0.847,-0.79,-1.65,-4.76,3,1
18138.5,0.401,0.359,0.834,1.07,-1.13,-5.65,3,1
18138.515,0.391,0.356,0.831,1.65,-0.43,-5.58,3,1
18138.515,0.378,0.363,0.842,1.13,-0.27,-4.43,3,1
18138.531,0.379,0.379,0.842,0.27,-1.31,-3.36,3,1
18138.531,0.376,0.386,0.832,-0.7,-1.86,-1.95,3,1
18138.546,0.377,0.382,0.829,-2.08,-2.35,0.34,3,1
18138.562,0.384,0.378,0.833,-3.63,-2.62,2.23,3,1
18138.562,0.386,0.366,0.838,-4.64,-2.5,3.51,3,1
18138.578,0.392,0.35,0.838,-5.31,-2.47,4.15,3,1
18138.578,0.404,0.343,0.844,-5.1,-2.26,4.06,3,1
18138.593,0.411,0.34,0.853,-3.48,-1.77,3.39,3,1
18138.609,0.417,0.336,0.852,-1.59,-0.67,2.62,3,1
18138.609,0.426,0.343,0.85,0.82,0.89,1.5,3,1
18138.625,0.418,0.335,0.842,2.81,1.65,1.16,3,1
18138.64,0.424,0.347,0.839,4.18,2.38,0.61,3,1
18138.64,0.413,0.35,0.838,5.07,3.66,-0.46,3,1
18138.656,0.409,0.347,0.84,5.98,3.3,-0.61,3,1
18138.671,0.41,0.355,0.836,6.87,2.72,-0.21,3,1
18138.671,0.406,0.361,0.832,6.93,2.56,-0.24,3,1
18138.687,0.4,0.36,0.829,6.74,2.69,-0.09,3,1
18138.687,0.405,0.366,0.828,6.56,3.3,0.4,3,1
18138.703,0.397,0.37,0.832,6.38,4.73,0.55,3,1
18138.718,0.391,0.365,0.835,6.47,5.58,0.15,3,1
18138.734,0.386,0.37,0.835,6.07,6.13,0.03,3,1
18138.734,0.386,0.373,0.834,5.31,6.47,-0.27,3,1
18138.75,0.383,0.37,0.829,4.58,6.56,-0.73,3,1
18138.75,0.381,0.369,0.823,2.9,6.35,-1.04,3,1
18138.765,0.387,0.38,0.831,0.85,6.35,-0.95,3,1
18138.781,0.383,0.381,0.835,-0.79,6.23,-0.7,3,1
18138.781,0.381,0.377,0.84,-2.11,5.43,-0.21,3,1
18138.796,0.383,0.374,0.844,-2.47,4.82,0.58,3,1
18138.812,0.382,0.367,0.846,-2.32,4.52,1.43,3,1
18138.812,0.39,0.365,0.842,-1.86,4.27,2.17,3,1
18138.828,0.39,0.368,0.84,-1.16,4.64,3.14,3,1
18138.828,0.39,0.369,0.845,-0.4,5.1,4.09,3,1
18138.843,0.389,0.366,0.843,0.27,4.85,4.36,3,1
18138.859,0.393,0.361,0.842,-0.24,4.15,4.18,3,1
18138.859,0.393,0.354,0.843,-0.92,3.81,3.54,3,1
18138.875,0.391,0.349,0.848,-0.52,4.12,3.2,3,1
18138.89,0.393,0.344,0.855,0.4,4.43,2.41,3,1
18138.89,0.386,0.339,0.854,1.28,4.27,1.31,3,1
18138.906,0.38,0.346,0.852,1.65,4.09,0.82,3,1
18138.921,0.382,0.352,0.855,2.29,4.49,1.07,3,1
18138.921,0.377,0.36,0.859,3.45,5.25,1.62,3,1
18138.937,0.371,0.362,0.86,4.43,5.28,2.2,3,1
18138.953,0.363,0.36,0.862,5.19,4.46,2.35,3,1
18138.953,0.368,0.365,0.851,5.8,3.3,2.23,3,1
18138.968,0.371,0.371,0.839,5.22,2.29,1.62,3,1
18138.968,0.373,0.378,0.834,4.0,1.74,1.19,3,1
18138.984,0.37,0.384,0.835,2.72,1.16,1.4,3,1
18139.0,0.373,0.39,0.834,1.01,0.0,1.92,3,1
18139.0,0.376,0.392,0.834,-1.04,-1.16,2.32,3,1
18139.015,0.379,0.389,0.835,-2.62,-2.29,2.81,3,1
18139.031,0.38,0.383,0.832,-3.6,-3.48,3.11,3,1
18139.046,0.387,0.375,0.828,-4.46,-4.24,3.05,3,1
18139.046,0.397,0.368,0.831,-5.46,-4.36,2.35,3,1
18139.046,0.396,0.368,0.843,-6.56,-3.85,1.56,3,1
18139.062,0.399,0.351,0.848,-6.26,-3.72,0.85,3,1
18139.078,0.393,0.336,0.85,-5.52,-4.21,-0.64,3,1
18139.078,0.388,0.332,0.854,-4.61,-4.49,-2.29,3,1
18139.093,0.381,0.342,0.865,-3.75,-4.15,-2.9,3,1
18139.109,0.375,0.349,0.864,-2.44,-3.75,-2.72,3,1
18139.109,0.374,0.354,0.862,-1.22,-3.36,-1.8,3,1
18139.125,0.367,0.348,0.855,-0.15,-2.84,-0.79,3,1
18139.14,0.372,0.344,0.847,0.64,-2.9,0.24,3,1
18139.14,0.384,0.36,0.845,0.98,-2.17,1.19,3,1
18139.156,0.377,0.36,0.846,1.31,-0.82,1.83,3,1
18139.171,0.378,0.362,0.844,0.82,-1.04,2.62,3,1
18139.171,0.389,0.364,0.827,-0.21,-1.4,2.87,3,1
18139.187,0.392,0.365,0.808,-1.65,-0.7,2.69,3,1
18139.203,0.394,0.402,0.812,-4.58,0.4,2.75,3,1
18139.203,0.367,0.473,0.798,-11.29,-1.07,2.78,3,1
18139.218,0.379,0.508,0.753,-23.22,-5.25,4.39,3,1
18139.218,0.405,0.491,0.774,-36.62,-5.52,7.29,3,1
18139.234,0.39,0.383,0.782,-42.82,-1.59,9.64,3,1
18139.25,0.411,0.256,0.842,-43.37,6.81,13.0,3,1
18139.25,0.39,0.163,0.932,-34.03,15.44,12.94,3,1
18139.265,0.381,0.136,0.936,-20.05,18.77,10.44,3,1
18139.281,0.406,0.166,0.922,-7.66,21.03,8.42,3,1
18139.281,0.393,0.223,0.928,2.84,22.86,4.39,3,1
18139.296,0.393,0.273,0.939,7.45,21.15,0.89,3,1
18139.312,0.385,0.274,0.957,15.14,17.64,-1.59,3,1
18139.312,0.365,0.285,0.952,23.93,11.23,-3.75,3,1
18139.328,0.366,0.321,0.904,28.05,2.2,-7.51,3,1
18139.328,0.358,0.37,0.865,27.59,-4.36,-10.77,3,1
18139.343,0.333,0.41,0.826,25.67,-6.96,-10.77,3,1
18139.359,0.354,0.404,0.755,20.14,-5.58,-6.81,3,1
18139.359,0.367,0.393,0.768,12.12,2.41,-3.78,3,1
18139.375,0.341,0.364,0.824,10.41,9.92,-0.43,3,1
18139.39,0.333,0.379,0.845,6.59,9.46,1.31,3,1
18139.39,0.335,0.411,0.848,0.89,5.07,2.11,3,1
18139.406,0.35,0.422,0.847,-2.44,1.04,4.79,3,1
18139.421,0.36,0.416,0.844,-5.86,-2.23,6.9,3,1
18139.421,0.361,0.388,0.84,-10.01,-5.1,7.57,3,1
18139.437,0.371,0.358,0.846,-14.01,-7.17,7.69,3,1
18139.453,0.381,0.329,0.853,-16.05,-8.39,7.29,3,1
18139.453,0.39,0.314,0.861,-16.57,-8.55,6.47,3,1
18139.468,0.396,0.31,0.868,-16.11,-7.87,5.31,3,1
18139.468,0.401,0.295,0.88,-14.1,-6.41,3.88,3,1
18139.484,0.403,0.278,0.887,-10.44,-4.55,2.5,3,1
18139.5,0.402,0.276,0.884,-6.44,-2.93,0.73,3,1
18139.5,0.402,0.276,0.882,-2.78,-1.22,-1.04,3,1
18139.515,0.397,0.288,0.886,0.67,0.24,-2.47,3,1
18139.531,0.39,0.308,0.883,3.57,0.61,-3.75,3,1
18139.546,0.382,0.324,0.876,5.83,0.49,-4.85,3,1
18139.546,0.372,0.337,0.869,7.48,0.21,-5.28,3,1
18139.562,0.366,0.348,0.866,8.18,-0.18,-5.55,3,1
18139.562,0.35,0.349,0.859,7.84,-2.53,-4.91,3,1
18139.578,0.351,0.367,0.851,5.34,-4.06,-3.63,3,1
18139.578,0.344,0.379,0.833,1.1,-4.79,-1.31,3,1
18139.593,0.351,0.386,0.825,-3.08,-4.49,0.82,3,1
18139.609,0.363,0.349,0.842,-5.74,-4.88,2.14,3,1
18139.609,0.369,0.342,0.849,-8.03,-5.68,2.26,3,1
18139.625,0.378,0.342,0.857,-9.49,-6.35,1.83,3,1
18139.64,0.385,0.337,0.863,-9.67,-6.38,1.1,3,1
18139.64,0.388,0.324,0.867,-9.28,-6.5,-0.37,3,1
18139.656,0.385,0.315,0.866,-8.76,-6.93,-1.95,3,1
18139.671,0.389,0.318,0.866,-8.45,-7.45,-2.93,3,1
18139.671,0.384,0.321,0.865,-7.97,-6.84,-3.45,3,1
18139.687,0.372,0.318,0.87,-7.35,-6.47,-3.17,3,1
18139.703,0.373,0.328,0.873,-6.99,-6.87,-2.26,3,1
18139.703,0.374,0.334,0.858,-6.84,-7.2,-1.25,3,1
18139.718,0.378,0.328,0.847,-7.69,-6.78,-0.43,3,1
18139.718,0.38,0.336,0.849,-8.45,-5.13,0.21,3,1
18139.734,0.373,0.333,0.854,-8.76,-3.23,1.13,3,1
18139.75,0.382,0.328,0.859,-9.0,-2.35,2.26,3,1
18139.765,0.386,0.325,0.864,-9.16,-0.95,2.9,3,1
18139.765,0.38,0.311,0.863,-8.39,-0.06,3.11,3,1
18139.781,0.397,0.302,0.865,-7.05,0.03,3.63,3,1
18139.781,0.4,0.299,0.866,-5.13,1.8,3.57,3,1
18139.796,0.394,0.29,0.876,-3.08,2.96,3.02,3,1
18139.796,0.396,0.276,0.882,-0.67,3.36,2.75,3,1
18139.812,0.388,0.286,0.878,2.23,3.94,2.01,3,1
18139.828,0.382,0.296,0.881,5.1,4.82,1.95,3,1
18139.843,0.383,0.311,0.878,8.18,6.9,3.17,3,1
18139.843,0.372,0.308,0.873,11.05,9.31,4.64,3,1
18139.859,0.372,0.306,0.874,12.82,10.32,5.71,3,1
18139.859,0.371,0.316,0.877,14.22,10.96,6.44,3,1
18139.875,0.37,0.323,0.874,14.74,10.35,6.35,3,1
18139.89,0.373,0.33,0.862,13.46,8.51,5.49,3,1
18139.89,0.376,0.34,0.845,10.71,6.23,4.03,3,1
18139.906,0.384,0.345,0.837,7.26,4.24,2.75,3,1
18139.921,0.391,0.347,0.838,3.75,3.11,1.31,3,1
18139.921,0.383,0.34,0.84,0.58,2.04,-0.61,3,1
18139.937,0.385,0.337,0.847,-2.72,0.49,-2.29,3,1
18139.953,0.388,0.337,0.854,-5.25,-0.73,-4.27,3,1
18139.953,0.383,0.33,0.855,-6.44,-1.22,-6.23,3,1
18139.968,0.376,0.325,0.858,-6.99,-0.7,-7.17,3,1
18139.968,0.377,0.323,0.87,-6.84,0.03,-7.26,3,1
18139.984,0.376,0.313,0.871,-5.8,0.52,-7.87,3,1
18140.0,0.372,0.311,0.864,-4.67,1.16,-8.12,3,1
18140.0,0.371,0.322,0.865,-3.33,2.81,-7.29,3,1
18140.015,0.367,0.323,0.863,-1.77,4.67,-6.5,3,1
18140.031,0.361,0.325,0.867,-0.82,6.1,-5.19,3,1
18140.046,0.356,0.333,0.873,-0.61,6.68,-3.54,3,1
18140.046,0.355,0.326,0.874,-0.49,6.35,-2.32,3,1
18140.062,0.358,0.316,0.87,-0.95,5.83,-1.65,3,1
18140.062,0.36,0.314,0.88,-1.28,5.62,-1.22,3,1
18140.078,0.36,0.312,0.887,-0.76,4.94,-1.19,3,1
18140.078,0.36,0.313,0.89,0.12,4.0,-1.34,3,1
18140.093,0.357,0.314,0.889,1.43,3.2,-1.4,3,1
18140.109,0.362,0.312,0.875,2.69,2.53,-1.5,3,1
18140.125,0.372,0.313,0.866,2.93,2.81,-2.2,3,1
18140.125,0.363,0.313,0.868,3.51,4.21,-3.08,3,1
18140.14,0.358,0.328,0.871,3.72,4.39,-3.39,3,1
18140.14,0.359,0.343,0.867,2.5,3.57,-4.06,3,1
18140.156,0.347,0.344,0.859,1.5,3.3,-4.52,3,1
18140.171,0.341,0.344,0.859,0.79,3.23,-4.0,3,1
18140.171,0.339,0.35,0.863,-0.43,2.78,-3.08,3,1
18140.187,0.338,0.352,0.861,-2.23,2.29,-2.17,3,1
18140.203,0.346,0.338,0.866,-4.0,2.35,-1.53,3,1
18140.203,0.35,0.321,0.872,-5.28,1.98,-1.83,3,1
18140.218,0.365,0.311,0.877,-5.95,1.19,-3.17,3,1
18140.218,0.373,0.307,0.877,-5.55,1.16,-5.37,3,1
18140.234,0.382,0.304,0.873,-4.06,2.32,-8.42,3,1
18140.25,0.374,0.296,0.875,-2.26,4.67,-10.71,3,1
18140.265,0.367,0.309,0.888,0.37,6.93,-10.41,3,1
18140.265,0.348,0.311,0.892,3.88,7.97,-10.25,3,1
18140.281,0.34,0.312,0.891,6.01,7.29,-10.25,3,1
18140.281,0.326,0.326,0.88,5.92,5.71,-10.28,3,1
18140.296,0.334,0.346,0.871,4.18,4.15,-9.83,3,1
18140.312,0.327,0.354,0.874,2.5,3.75,-9.19,3,1
18140.312,0.317,0.36,0.878,1.16,2.56,-8.06,3,1
18140.328,0.307,0.361,0.879,-0.4,0.67,-6.29,3,1
18140.328,0.315,0.362,0.871,-2.17,-1.16,-4.06,3,1
18140.343,0.315,0.363,0.861,-3.54,-0.49,-1.71,3,1
18140.359,0.317,0.341,0.868,-4.43,0.85,0.92,3,1
18140.359,0.321,0.328,0.882,-4.88,1.25,2.5,3,1
18140.375,0.323,0.323,0.886,-4.79,0.7,3.2,3,1
18140.39,0.333,0.322,0.889,-4.27,0.15,3.45,3,1
18140.406,0.336,0.323,0.906,-2.9,0.09,3.27,3,1
18140.406,0.341,0.326,0.919,-0.98,-0.98,2.32,3,1
18140.421,0.35,0.316,0.906,1.71,-2.41,0.85,3,1
18140.421,0.361,0.314,0.876,3.6,-2.01,-1.34,3,1
18140.437,0.357,0.31,0.88,5.1,0.37,-2.75,3,1
18140.437,0.37,0.301,0.907,8.94,2.08,-3.6,3,1
18140.453,0.381,0.287,0.894,13.37,3.11,-5.46,3,1
18140.468,0.386,0.281,0.885,14.83,5.43,-8.48,3,1
18140.468,0.393,0.27,0.891,19.62,8.91,-10.83,3,1
18140.484,0.366,0.277,0.902,26.03,13.0,-12.51,3,1
18140.5,0.328,0.313,0.906,31.89,14.34,-12.85,3,1
18140.515,0.341,0.331,0.868,34.55,12.85,-12.27,3,1
18140.515,0.331,0.346,0.865,33.3,12.45,-11.75,3,1
18140.531,0.313,0.364,0.881,35.77,12.3,-11.99,3,1
18140.531,0.294,0.378,0.88,39.58,11.26,-11.35,3,1
18140.546,0.268,0.377,0.881,41.9,8.58,-11.02,3,1
18140.562,0.252,0.375,0.869,44.56,2.14,-10.47,3,1
18140.562,0.252,0.403,0.856,44.4,-0.98,-8.85,3,1
18140.578,0.237,0.432,0.862,43.43,-3.69,-4.76,3,1
18140.578,0.191,0.517,0.779,38.61,-7.9,2.66,3,1
18140.593,0.27,0.552,0.709,23.8,-8.3,11.44,3,1
18140.609,0.294,0.543,0.747,8.42,-0.85,16.97,3,1
18140.609,0.272,0.48,0.754,-1.95,4.33,21.18,3,1
18140.625,0.293,0.46,0.762,-12.6,3.91,24.45,3,1
18140.64,0.309,0.465,0.799,-21.7,3.11,25.91,3,1
18140.64,0.311,0.466,0.86,-29.54,0.52,25.48,3,1
18140.656,0.306,0.439,0.855,-33.78,-5.95,23.9,3,1
18140.671,0.348,0.353,0.879,-40.89,-13.67,21.3,3,1
18140.671,0.322,0.308,0.977,-42.85,-23.1,13.31,3,1
18140.687,0.366,0.356,0.905,-35.0,-29.05,14.19,3,1
18140.703,0.42,0.311,0.849,-31.4,-28.08,11.54,3,1
18140.703,0.428,0.251,0.844,-22.16,-17.09,8.18,3,1
18140.718,0.409,0.256,0.873,-13.03,-4.97,4.91,3,1
18140.718,0.399,0.286,0.891,-6.62,1.22,-0.24,3,1
18140.734,0.386,0.301,0.875,0.43,5.07,-3.36,3,1
18140.75,0.374,0.338,0.865,4.3,7.84,-5.92,3,1
18140.765,0.352,0.368,0.86,7.05,9.13,-7.93,3,1
18140.765,0.339,0.386,0.862,7.32,9.43,-8.76,3,1
18140.781,0.332,0.386,0.858,7.08,9.03,-9.64,3,1
18140.781,0.318,0.377,0.843,6.32,8.33,-10.16,3,1
18140.796,0.323,0.384,0.838,3.66,7.75,-9.86,3,1
18140.796,0.32,0.4,0.839,0.46,7.2,-9.74,3,1
18140.812,0.316,0.41,0.849,-3.39,5.13,-9.52,3,1
18140.828,0.32,0.408,0.857,-7.29,1.43,-9.19,3,1
18140.843,0.327,0.415,0.855,-10.71,-2.23,-9.09,3,1
18140.843,0.325,0.415,0.854,-13.28,-5.31,-8.7,3,1
18140.859,0.324,0.398,0.846,-15.53,-6.81,-7.81,3,1
18140.875,0.308,0.387,0.84,-16.42,-6.62,-6.44,3,1
18140.875,0.283,0.396,0.941,-16.72,-6.71,-2.99,3,1
18140.89,0.302,0.356,0.975,-14.92,-14.28,-1.28,3,1
18140.89,0.296,0.332,0.933,-12.36,-22.19,-2.99,3,1
18140.906,0.3,0.321,0.912,-7.26,-26.22,-2.44,3,1
18140.921,0.312,0.332,0.894,-2.69,-27.47,-1.19,3,1
18140.921,0.305,0.352,0.882,-0.46,-26.58,0.06,3,1
18140.937,0.297,0.362,0.876,0.82,-26.15,2.69,3,1
18140.953,0.309,0.368,0.872,0.89,-26.22,6.07,3,1
18140.953,0.323,0.369,0.867,0.64,-26.18,8.67,3,1
18140.968,0.341,0.362,0.857,0.85,-25.54,10.47,3,1
18140.968,0.36,0.351,0.849,1.46,-24.02,11.63,3,1
18140.984,0.387,0.357,0.836,1.74,-21.85,11.66,3,1
18141.0,0.392,0.351,0.817,2.08,-18.28,10.44,3,1
18141.0,0.394,0.342,0.813,0.92,-15.59,9.49,3,1
18141.015,0.422,0.358,0.819,-0.7,-13.18,8.3,3,1
18141.031,0.425,0.349,0.807,-0.89,-8.85,6.13,3,1
18141.031,0.422,0.331,0.807,-1.04,-4.39,4.27,3,1
18141.046,0.422,0.324,0.824,-0.92,-0.58,1.92,3,1
18141.062,0.396,0.321,0.844,-0.27,2.35,-0.09,3,1
18141.062,0.39,0.323,0.86,0.49,3.23,-1.4,3,1
18141.078,0.382,0.333,0.867,2.01,4.33,-2.41,3,1
18141.078,0.37,0.348,0.877,3.54,5.01,-2.53,3,1
18141.093,0.363,0.347,0.879,5.25,4.15,-1.86,3,1
18141.109,0.357,0.355,0.871,6.41,2.96,-1.37,3,1
18141.109,0.351,0.364,0.859,6.78,1.8,-0.85,3,1
18141.125,0.355,0.378,0.849,5.95,0.82,-0.46,3,1
18141.14,0.35,0.387,0.84,4.55,0.49,0.03,3,1
18141.14,0.346,0.393,0.827,2.59,0.09,1.19,3,1
18141.156,0.344,0.402,0.826,-0.06,0.18,3.33,3,1
18141.171,0.344,0.406,0.834,-2.72,0.52,6.07,3,1
18141.171,0.343,0.392,0.847,-5.07,0.27,8.7,3,1
18141.187,0.349,0.368,0.858,-6.29,-0.95,11.08,3,1
18141.203,0.352,0.362,0.871,-6.68,-2.47,12.63,3,1
18141.203,0.358,0.376,0.881,-5.55,-4.09,14.4,3,1
18141.218,0.364,0.365,0.881,-3.97,-6.35,15.32,3,1
18141.218,0.364,0.362,0.873,-2.72,-8.48,16.27,3,1
18141.234,0.371,0.363,0.866,-1.16,-9.64,17.85,3,1
18141.25,0.374,0.353,0.856,1.22,-9.31,19.84,3,1
18141.25,0.386,0.34,0.847,3.27,-7.6,21.67,3,1
18141.265,0.389,0.324,0.845,4.64,-5.04,22.68,3,1
18141.281,0.403,0.308,0.847,5.65,-2.78,22.8,3,1
18141.296,0.412,0.289,0.853,6.87,-0.73,21.06,3,1
18141.296,0.42,0.281,0.855,7.87,0.73,18.62,3,1
18141.312,0.429,0.279,0.859,8.85,2.23,15.26,3,1
18141.312,0.43,0.282,0.863,10.68,3.54,11.2,3,1
18141.328,0.429,0.287,0.867,12.33,4.52,6.93,3,1
18141.328,0.425,0.296,0.866,14.77,4.91,2.66,3,1
18141.343,0.412,0.317,0.858,18.43,5.62,-0.76,3,1
18141.359,0.398,0.347,0.85,21.64,6.62,-2.47,3,1
18141.359,0.389,0.371,0.841,23.5,7.45,-2.69,3,1
18141.375,0.379,0.386,0.836,23.9,7.84,-1.92,3,1
18141.39,0.375,0.39,0.837,23.04,7.81,-0.49,3,1
18141.39,0.379,0.387,0.839,22.22,6.65,0.58,3,1
18141.406,0.382,0.39,0.838,20.94,4.76,0.89,3,1
18141.421,0.383,0.39,0.836,19.04,2.32,-0.06,3,1
18141.421,0.386,0.395,0.825,16.63,-0.37,-1.07,3,1
18141.437,0.395,0.399,0.808,13.86,-2.41,-2.08,3,1
18141.437,0.401,0.397,0.79,10.47,-3.23,-3.88,3,1
18141.453,0.404,0.398,0.776,6.04,-2.69,-6.04,3,1
18141.468,0.401,0.407,0.768,1.07,-0.58,-7.45,3,1
18141.468,0.398,0.403,0.786,-3.85,2.17,-8.06,3,1
18141.484,0.383,0.394,0.818,-7.48,4.09,-8.48,3,1
18141.5,0.363,0.381,0.847,-9.58,3.91,-8.7,3,1
18141.515,0.36,0.376,0.866,-10.01,1.13,-8.3,3,1
18141.515,0.358,0.377,0.875,-9.34,-1.37,-7.81,3,1
18141.531,0.349,0.376,0.868,-7.42,-2.99,-7.26,3,1
18141.531,0.352,0.377,0.86,-4.24,-4.09,-3.75,3,1
18141.546,0.369,0.394,0.855,-3.33,-3.14,-2.78,3,1
18141.562,0.356,0.389,0.843,-3.81,-3.78,-1.31,3,1
18141.562,0.363,0.382,0.837,-4.36,-4.33,-0.37,3,1
18141.578,0.39,0.365,0.829,-4.24,-3.63,-0.92,3,1
18141.593,0.386,0.35,0.831,-4.36,-3.27,-1.92,3,1
18141.593,0.408,0.344,0.841,-4.39,-3.36,-2.53,3,1
18141.609,0.409,0.335,0.845,-3.11,-1.83,-4.85,3,1
18141.609,0.391,0.336,0.845,-1.31,-0.79,-7.75,3,1
18141.625,0.384,0.358,0.846,1.43,1.16,-7.78,3,1
18141.64,0.38,0.386,0.851,4.55,4.85,-5.86,3,1
18141.64,0.369,0.375,0.853,6.84,6.78,-5.1,3,1
18141.656,0.366,0.359,0.847,7.78,6.2,-5.07,3,1
18141.671,0.371,0.376,0.839,8.0,5.34,-5.55,3,1
18141.671,0.371,0.389,0.826,7.2,4.94,-6.59,3,1
18141.687,0.373,0.397,0.821,5.25,4.24,-7.11,3,1
18141.687,0.372,0.414,0.818,2.62,3.48,-7.63,3,1
18141.703,0.368,0.414,0.811,0.06,3.08,-7.42,3,1
18141.718,0.369,0.406,0.813,-2.59,2.99,-6.71,3,1
18141.734,0.364,0.388,0.82,-4.39,2.66,-6.87,3,1
18141.734,0.37,0.395,0.844,-6.29,2.47,-6.93,3,1
18141.75,0.357,0.398,0.859,-7.11,2.2,-7.97,3,1
18141.75,0.349,0.39,0.863,-6.93,0.52,-8.48,3,1
18141.765,0.341,0.383,0.863,-6.68,-1.77,-8.7,3,1
18141.781,0.343,0.377,0.856,-6.41,-3.48,-8.3,3,1
18141.781,0.348,0.373,0.849,-7.11,-4.85,-7.97,3,1
18141.796,0.349,0.383,0.847,-8.48,-5.86,-7.72,3,1
18141.812,0.339,0.406,0.845,-10.1,-5.68,-5.68,3,1
18141.812,0.353,0.402,0.844,-10.25,-4.88,-1.8,3,1
18141.828,0.365,0.376,0.851,-8.21,-3.2,0.82,3,1
18141.828,0.366,0.35,0.861,-5.62,-2.01,1.28,3,1
18141.843,0.369,0.351,0.864,-3.94,-1.59,1.13,3,1
18141.859,0.372,0.36,0.858,-2.23,-1.25,0.7,3,1
18141.859,0.373,0.362,0.847,-0.03,-0.18,0.61,3,1
18141.875,0.373,0.37,0.847,1.83,1.74,0.82,3,1
18141.89,0.363,0.37,0.847,2.75,3.6,0.95,3,1
18141.89,0.357,0.365,0.849,2.93,4.43,0.92,3,1
18141.906,0.358,0.366,0.841,3.36,4.52,1.13,3,1
18141.921,0.359,0.383,0.833,3.2,5.28,1.95,3,1
18141.921,0.361,0.397,0.839,2.81,6.96,3.05,3,1
18141.937,0.358,0.389,0.844,2.29,7.78,3.94,3,1
18141.953,0.355,0.381,0.856,1.77,6.2,4.06,3,1
18141.953,0.342,0.395,0.866,0.03,3.02,4.03,3,1
18141.968,0.352,0.393,0.868,-1.19,-1.59,3.81,3,1
18141.968,0.356,0.392,0.878,-1.74,-5.98,3.11,3,1
18141.984,0.349,0.376,0.859,-2.01,-11.08,0.95,3,1
18142.0,0.38,0.326,0.859,-4.7,-15.26,-1.59,3,1
18142.0,0.38,0.303,0.911,-6.9,-20.36,-7.78,3,1
18142.015,0.372,0.365,0.895,-5.22,-25.33,-11.47,3,1
18142.031,0.396,0.339,0.85,-2.38,-27.77,-14.07,3,1
18142.031,0.381,0.327,0.832,0.49,-26.0,-17.18,3,1
18142.046,0.376,0.381,0.823,1.86,-21.58,-16.57,3,1
18142.062,0.384,0.398,0.81,3.05,-15.72,-14.19,3,1
18142.062,0.383,0.381,0.807,4.85,-9.95,-12.6,3,1
18142.078,0.378,0.382,0.811,6.68,-5.46,-11.29,3,1
18142.078,0.376,0.397,0.812,6.56,-2.78,-10.16,3,1
18142.093,0.374,0.411,0.815,5.28,-0.95,-8.94,3,1
18142.109,0.374,0.408,0.817,3.66,0.03,-7.66,3,1
18142.109,0.375,0.4,0.819,2.23,0.61,-6.26,3,1
18142.125,0.369,0.399,0.826,0.67,0.61,-5.43,3,1
18142.14,0.367,0.406,0.833,-1.16,0.12,-4.97,3,1
18142.14,0.36,0.401,0.834,-2.78,-0.27,-4.49,3,1
18142.156,0.346,0.388,0.838,-3.48,-0.18,-3.39,3,1
18142.171,0.348,0.394,0.848,-3.45,-0.24,-1.01,3,1
18142.171,0.348,0.399,0.854,-2.81,-0.58,0.61,3,1
18142.187,0.332,0.394,0.855,-3.02,-1.5,2.59,3,1
18142.203,0.34,0.4,0.859,-4.06,-4.06,5.31,3,1
18142.203,0.349,0.397,0.856,-4.46,-6.87,7.54,3,1
18142.218,0.359,0.396,0.853,-5.19,-9.64,9.37,3,1
18142.218,0.373,0.39,0.848,-5.83,-11.93,10.41,3,1
18142.234,0.39,0.383,0.842,-6.01,-13.46,10.19,3,1
18142.25,0.408,0.385,0.828,-6.41,-14.22,8.73,3,1
18142.265,0.413,0.367,0.809,-6.53,-13.58,6.5,3,1
18142.265,0.437,0.359,0.801,-6.44,-11.44,4.7,3,1
18142.281,0.455,0.362,0.798,-6.5,-7.23,2.26,3,1
18142.281,0.442,0.348,0.796,-7.11,-3.14,-1.68,3,1
18142.296,0.436,0.334,0.802,-8.0,-0.15,-5.01,3,1
18142.312,0.425,0.33,0.813,-7.6,3.05,-7.78,3,1
18142.312,0.405,0.346,0.825,-7.84,5.49,-10.32,3,1
18142.328,0.387,0.354,0.836,-8.39,6.99,-11.81,3,1
18142.328,0.368,0.361,0.849,-8.18,8.7,-11.96,3,1
18142.343,0.347,0.374,0.861,-7.02,9.16,-11.32,3,1
18142.359,0.338,0.382,0.873,-5.65,8.45,-9.49,3,1
18142.359,0.326,0.398,0.884,-4.7,7.57,-6.71,3,1
18142.375,0.324,0.402,0.886,-2.93,6.16,-2.84,3,1
18142.39,0.327,0.388,0.887,-1.25,3.85,1.19,3,1
18142.406,0.336,0.366,0.886,0.67,0.43,4.18,3,1
18142.406,0.347,0.356,0.881,1.59,-3.3,6.23,3,1
18142.421,0.362,0.36,0.869,2.26,-6.47,7.9,3,1
18142.421,0.375,0.36,0.853,3.57,-8.12,8.48,3,1
18142.437,0.385,0.363,0.839,4.94,-8.42,8.51,3,1
18142.437,0.395,0.369,0.83,5.22,-7.87,8.42,3,1
18142.453,0.395,0.377,0.82,4.36,-6.59,7.93,3,1
18142.468,0.398,0.375,0.815,2.99,-5.22,7.42,3,1
18142.468,0.405,0.369,0.819,1.16,-4.06,6.74,3,1
18142.484,0.409,0.364,0.819,-0.76,-3.45,5.34,3,1
18142.5,0.411,0.364,0.817,-2.62,-3.08,3.39,3,1
18142.5,0.408,0.364,0.817,-4.21,-2.2,1.5,3,1
18142.515,0.406,0.356,0.821,-5.62,-1.19,-0.46,3,1
18142.531,0.402,0.363,0.827,-6.78,1.59,-2.72,3,1
18142.531,0.395,0.366,0.834,-6.53,2.41,-3.33,3,1
18142.546,0.387,0.361,0.838,-6.35,2.62,-3.33,3,1
18142.562,0.374,0.365,0.865,-6.16,2.32,-3.14,3,1
18142.562,0.363,0.37,0.857,-5.83,1.86,-2.17,3,1
18142.578,0.369,0.393,0.844,-4.46,1.53,0.7,3,1
18142.578,0.372,0.387,0.845,-3.66,1.71,2.59,3,1
18142.593,0.369,0.364,0.85,-4.43,1.8,3.36,3,1
18142.609,0.369,0.357,0.846,-5.07,2.26,4.3,3,1
18142.625,0.375,0.354,0.839,-4.94,3.17,5.71,3,1
18142.625,0.382,0.35,0.846,-4.91,4.3,6.47,3,1
18142.64,0.387,0.341,0.855,-4.3,5.55,7.08,3,1
18142.64,0.399,0.338,0.866,-2.35,7.26,7.69,3,1
18142.656,0.414,0.326,0.867,2.04,10.22,7.66,3,1
18142.671,0.423,0.324,0.83,7.48,15.35,6.93,3,1
18142.671,0.404,0.345,0.796,12.76,23.71,7.23,3,1
18142.687,0.35,0.365,0.851,16.02,31.07,8.51,3,1
18142.703,0.316,0.315,0.994,14.89,27.22,9.13,3,1
18142.703,0.332,0.283,0.975,14.86,12.15,5.4,3,1
18142.718,0.334,0.312,0.916,16.79,1.13,2.14,3,1
18142.718,0.359,0.345,0.869,19.84,-4.24,0.89,3,1
18142.734,0.375,0.369,0.82,22.13,-4.97,0.49,3,1
18142.75,0.373,0.393,0.794,20.81,-3.69,0.55,3,1
18142.75,0.379,0.406,0.794,14.4,-3.72,-0.24,3,1
18142.765,0.388,0.404,0.801,6.84,-6.5,-2.99,3,1
18142.781,0.394,0.405,0.811,-0.67,-10.56,-7.08,3,1
18142.781,0.392,0.393,0.83,-7.78,-15.23,-12.33,3,1
18142.796,0.389,0.381,0.842,-13.79,-21.15,-18.07,3,1
18142.812,0.395,0.38,0.843,-18.83,-25.79,-23.19,3,1
18142.812,0.377,0.383,0.833,-22.06,-27.74,-26.55,3,1
18142.828,0.367,0.393,0.828,-22.64,-26.37,-25.3,3,1
18142.843,0.379,0.391,0.837,-19.93,-21.42,-19.99,3,1
18142.843,0.374,0.377,0.845,-13.82,-14.04,-14.5,3,1
18142.859,0.364,0.34,0.865,-7.48,-8.21,-10.41,3,1
18142.859,0.358,0.303,0.883,-2.2,-5.89,-7.75,3,1
18142.875,0.361,0.303,0.889,2.29,-6.13,-6.74,3,1
18142.89,0.365,0.338,0.877,4.85,-8.18,-6.93,3,1
18142.89,0.37,0.374,0.863,4.09,-11.26,-7.84,3,1
18142.906,0.366,0.386,0.852,1.83,-14.77,-9.09,3,1
18142.921,0.37,0.39,0.844,-0.76,-18.07,-9.86,3,1
18142.921,0.366,0.387,0.834,-3.3,-19.23,-9.49,3,1
18142.937,0.374,0.384,0.817,-4.15,-17.79,-6.96,3,1
18142.953,0.391,0.378,0.827,-2.96,-13.98,-3.81,3,1
18142.953,0.397,0.358,0.838,0.95,-9.52,-1.86,3,1
18142.968,0.4,0.354,0.833,5.16,-5.98,-0.49,3,1
18142.968,0.403,0.36,0.838,7.08,-4.36,0.06,3,1
18142.984,0.412,0.362,0.838,7.57,-4.24,-0.58,3,1
18143.0,0.411,0.366,0.824,6.99,-5.43,-2.38,3,1
18143.0,0.414,0.38,0.815,4.03,-7.51,-4.33,3,1
18143.015,0.416,0.386,0.808,0.31,-9.77,-7.17,3,1
18143.031,0.412,0.392,0.799,-4.21,-12.02,-10.19,3,1
18143.031,0.409,0.399,0.789,-9.37,-13.79,-12.79,3,1
18143.046,0.399,0.405,0.769,-14.34,-13.09,-14.1,3,1
18143.062,0.399,0.41,0.757,-18.19,-8.51,-12.12,3,1
18143.062,0.403,0.402,0.772,-18.92,-0.49,-8.36,3,1
18143.078,0.388,0.388,0.809,-17.27,6.96,-5.01,3,1
18143.078,0.365,0.379,0.836,-17.46,10.1,-2.38,3,1
18143.093,0.363,0.363,0.869,-20.2,8.64,-1.01,3,1
18143.109,0.362,0.359,0.885,-21.0,4.85,-0.09,3,1
18143.109,0.367,0.371,0.871,-19.71,1.28,1.74,3,1
18143.125,0.38,0.367,0.856,-18.46,-0.73,3.51,3,1
18143.14,0.388,0.355,0.84,-18.59,-1.37,4.06,3,1
18143.14,0.395,0.343,0.827,-19.44,-0.95,4.03,3,1
18143.156,0.406,0.339,0.823,-20.26,1.43,4.82,3,1
18143.171,0.416,0.33,0.819,-20.11,5.25,5.8,3,1
18143.171,0.426,0.309,0.839,-19.23,9.52,5.31,3,1
18143.187,0.423,0.288,0.867,-16.72,13.18,3.63,3,1
18143.203,0.412,0.282,0.883,-12.51,14.77,1.59,3,1
18143.203,0.394,0.295,0.906,-7.42,15.05,-0.06,3,1
18143.218,0.382,0.306,0.91,-2.41,13.37,-1.1,3,1
18143.218,0.369,0.318,0.9,1.25,10.74,-2.2,3,1
18143.234,0.357,0.331,0.894,4.24,8.03,-2.23,3,1
18143.25,0.352,0.342,0.875,6.35,5.65,-1.5,3,1
18143.25,0.351,0.36,0.869,7.35,4.85,0.09,3,1
18143.265,0.346,0.37,0.861,7.23,4.55,2.35,3,1
18143.281,0.353,0.365,0.851,6.23,3.45,4.39,3,1
18143.281,0.369,0.371,0.844,4.03,1.65,6.38,3,1
18143.296,0.376,0.363,0.835,0.09,-0.76,6.26,3,1
18143.312,0.389,0.356,0.841,-4.61,-2.66,5.86,3,1
18143.312,0.395,0.351,0.842,-8.42,-4.03,4.88,3,1
18143.328,0.4,0.342,0.844,-10.5,-4.61,3.94,3,1
18143.328,0.404,0.328,0.851,-11.14,-4.18,2.59,3,1
18143.343,0.395,0.306,0.86,-10.56,-2.87,0.67,3,1
18143.359,0.394,0.294,0.869,-8.91,-1.25,-0.15,3,1
18143.359,0.395,0.289,0.877,-6.26,0.43,-1.01,3,1
18143.375,0.389,0.282,0.878,-3.02,1.65,-2.41,3,1
18143.39,0.386,0.286,0.886,-0.27,2.44,-3.33,3,1
18143.39,0.386,0.291,0.887,2.84,3.02,-3.66,3,1
18143.406,0.373,0.298,0.878,6.5,3.81,-3.94,3,1
18143.421,0.379,0.313,0.875,9.55,4.09,-3.97,3,1
18143.421,0.363,0.323,0.876,11.87,5.01,-3.36,3,1
18143.437,0.361,0.342,0.873,13.46,5.89,-2.11,3,1
18143.453,0.355,0.348,0.859,14.56,6.13,-0.4,3,1
18143.453,0.357,0.356,0.851,14.16,5.86,1.1,3,1
18143.468,0.344,0.357,0.856,12.3,5.4,2.26,3,1
18143.468,0.344,0.361,0.854,10.25,3.75,4.12,3,1
18143.484,0.353,0.372,0.852,7.84,2.96,6.44,3,1
18143.5,0.355,0.372,0.853,5.86,3.6,9.06,3,1
18143.515,0.352,0.358,0.847,5.55,5.37,14.37,3,1
18143.515,0.359,0.352,0.848,5.55,5.92,16.33,3,1
18143.531,0.368,0.352,0.855,4.27,5.74,16.14,3,1
18143.531,0.372,0.352,0.861,2.44,4.64,14.56,3,1
18143.546,0.377,0.339,0.847,0.85,3.94,12.12,3,1
18143.562,0.381,0.335,0.851,-0.58,2.81,10.59,3,1
18143.562,0.405,0.347,0.855,-1.4,1.92,9.16,3,1
18143.578,0.405,0.334,0.851,-2.23,1.74,6.38,3,1
18143.578,0.402,0.313,0.854,-3.2,0.92,3.33,3,1
18143.593,0.403,0.304,0.857,-3.08,-0.06,0.89,3,1
18143.609,0.409,0.31,0.859,-1.56,0.55,-0.49,3,1
18143.609,0.395,0.318,0.859,0.34,2.08,-2.2,3,1
18143.625,0.386,0.314,0.865,2.01,3.17,-3.2,3,1
18143.64,0.378,0.314,0.871,4.18,4.46,-3.63,3,1
18143.656,0.366,0.325,0.876,6.07,5.83,-4.27,3,1
18143.656,0.349,0.333,0.879,7.23,6.47,-4.97,3,1
18143.656,0.337,0.34,0.879,7.87,6.16,-5.19,3,1
18143.671,0.335,0.347,0.875,8.67,5.43,-5.1,3,1
18143.687,0.328,0.355,0.866,8.55,4.61,-4.64,3,1
18143.703,0.326,0.361,0.86,6.96,3.42,-3.42,3,1
18143.703,0.334,0.369,0.854,5.04,1.8,-1.5,3,1
18143.718,0.343,0.375,0.847,2.81,0.58,0.49,3,1
18143.718,0.349,0.372,0.845,0.7,0.34,2.56,3,1
18143.734,0.36,0.366,0.853,-1.07,0.21,4.43,3,1
18143.75,0.366,0.354,0.856,-1.74,0.09,5.25,3,1
18143.75,0.369,0.346,0.858,-1.86,-0.06,5.62,3,1
18143.765,0.37,0.344,0.857,-1.71,-0.27,5.52,3,1
18143.781,0.368,0.35,0.858,-2.66,-0.73,4.79,3,1
18143.781,0.361,0.355,0.854,-5.07,-1.74,4.06,3,1
18143.796,0.358,0.35,0.852,-8.09,-3.48,3.85,3,1
18143.812,0.357,0.357,0.855,-10.47,-4.09,4.61,3,1
18143.812,0.352,0.357,0.861,-12.12,-4.21,5.8,3,1
18143.828,0.351,0.345,0.863,-13.09,-4.46,6.78,3,1
18143.828,0.359,0.328,0.862,-13.18,-4.55,7.23,3,1
18143.843,0.361,0.318,0.867,-12.85,-4.39,7.05,3,1
18143.859,0.364,0.319,0.873,-12.6,-4.24,6.78,3,1
18143.859,0.375,0.319,0.871,-11.47,-4.21,6.59,3,1
18143.875,0.38,0.318,0.87,-9.98,-3.85,6.29,3,1
18143.89,0.384,0.319,0.871,-8.18,-3.72,5.52,3,1
18143.89,0.383,0.329,0.868,-6.99,-3.94,4.79,3,1
18143.906,0.391,0.323,0.855,-6.56,-4.15,4.03,3,1
18143.921,0.391,0.32,0.853,-6.5,-3.69,2.87,3,1
18143.921,0.383,0.32,0.854,-6.78,-2.5,2.56,3,1
18143.937,0.385,0.308,0.857,-6.78,-1.13,2.69,3,1
18143.937,0.38,0.302,0.867,-6.23,0.43,2.66,3,1
18143.953,0.374,0.297,0.876,-5.52,0.73,1.89,3,1
18143.968,0.366,0.307,0.882,-6.01,0.46,1.4,3,1
18143.968,0.362,0.306,0.883,-6.07,0.0,1.56,3,1
18143.984,0.363,0.306,0.881,-5.25,0.09,2.14,3,1
18144.0,0.364,0.309,0.886,-3.72,0.37,2.87,3,1
18144.0,0.358,0.313,0.882,-3.17,-0.27,3.33,3,1
18144.015,0.364,0.309,0.875,-3.17,-1.28,3.75,3,1
18144.031,0.371,0.308,0.87,-2.99,-1.5,4.18,3,1
18144.031,0.377,0.306,0.87,-2.38,-1.22,4.58,3,1
18144.046,0.383,0.305,0.877,-1.83,-0.61,4.82,3,1
18144.062,0.383,0.295,0.879,-0.82,-0.27,4.24,3,1
18144.062,0.386,0.285,0.874,0.89,0.09,3.78,3,1
18144.078,0.386,0.288,0.88,2.44,0.85,3.33,3,1
18144.078,0.383,0.289,0.883,3.48,1.31,2.93,3,1
18144.093,0.374,0.29,0.879,4.27,1.28,1.98,3,1
18144.109,0.371,0.3,0.876,4.76,0.73,1.34,3,1
18144.109,0.368,0.311,0.872,4.82,0.31,1.22,3,1
18144.125,0.37,0.318,0.869,4.76,0.27,1.53,3,1
18144.14,0.365,0.317,0.865,4.46,0.27,1.68,3,1
18144.14,0.369,0.316,0.86,3.72,-0.34,1.77,3,1
18144.156,0.378,0.324,0.861,2.75,-0.89,1.77,3,1
18144.171,0.38,0.33,0.863,1.46,-1.28,1.43,3,1
18144.171,0.38,0.323,0.856,0.03,-1.74,0.52,3,1
18144.187,0.383,0.314,0.857,-1.4,-2.2,-0.55,3,1
18144.187,0.381,0.313,0.863,-2.62,-2.5,-1.71,3,1
18144.203,0.381,0.309,0.863,-3.88,-2.72,-2.84,3,1
18144.218,0.381,0.302,0.87,-5.04,-2.59,-3.57,3,1
18144.234,0.376,0.303,0.876,-5.62,-2.41,-3.75,3,1
18144.234,0.377,0.294,0.88,-4.94,-2.47,-3.97,3,1
18144.25,0.376,0.297,0.884,-3.97,-2.53,-3.85,3,1
18144.25,0.381,0.294,0.89,-2.29,-2.56,-4.21,3,1
18144.265,0.375,0.297,0.897,-0.58,-2.69,-5.19,3,1
18144.281,0.365,0.296,0.878,1.4,-3.75,-6.59,3,1
18144.281,0.363,0.309,0.881,2.66,-4.0,-6.35,3,1
18144.296,0.369,0.331,0.876,3.36,-3.63,-4.94,3,1
18144.312,0.361,0.322,0.863,3.78,-3.08,-4.06,3,1
18144.312,0.364,0.316,0.856,3.63,-2.14,-2.08,3,1
18144.328,0.371,0.312,0.857,3.33,-1.16,-0.49,3,1
18144.328,0.373,0.312,0.863,2.9,-0.21,0.12,3,1
18144.343,0.374,0.308,0.867,2.14,0.34,0.15,3,1
18144.359,0.371,0.305,0.873,2.38,1.04,0.27,3,1
18144.359,0.37,0.309,0.885,3.11,1.65,1.22,3,1
18144.375,0.372,0.3,0.882,4.15,1.74,1.8,3,1
18144.39,0.369,0.293,0.877,5.07,1.62,2.08,3,1
18144.39,0.371,0.308,0.871,5.55,1.34,2.78,3,1
18144.406,0.371,0.321,0.863,5.71,1.34,3.39,3,1
18144.421,0.374,0.328,0.86,5.1,1.71,4.09,3,1
18144.421,0.384,0.324,0.859,4.55,2.01,4.27,3,1
18144.437,0.382,0.324,0.862,3.81,1.98,3.81,3,1
18144.437,0.384,0.324,0.856,2.5,1.4,3.08,3,1
18144.453,0.389,0.32,0.854,1.19,0.82,1.65,3,1
18144.468,0.388,0.32,0.858,0.37,0.82,0.12,3,1
18144.468,0.382,0.322,0.866,0.37,0.79,-1.95,3,1
18144.484,0.374,0.327,0.859,0.76,1.71,-3.45,3,1
18144.5,0.377,0.329,0.846,1.07,4.0,-3.48,3,1
18144.5,0.379,0.327,0.85,0.64,5.74,-3.54,3,1
18144.515,0.363,0.325,0.864,-0.18,5.43,-3.39,3,1
18144.531,0.362,0.32,0.875,-0.95,4.3,-2.96,3,1
18144.531,0.356,0.322,0.874,-0.7,3.57,-2.87,3,1
18144.546,0.348,0.325,0.882,-0.27,3.23,-2.23,3,1
18144.562,0.349,0.335,0.881,-0.03,2.87,-0.82,3,1
18144.562,0.346,0.328,0.878,0.46,2.44,0.09,3,1
18144.578,0.347,0.325,0.871,0.52,2.04,1.4,3,1
18144.593,0.355,0.325,0.871,0.46,1.89,2.87,3,1
18144.593,0.352,0.329,0.874,-0.64,1.83,3.69,3,1
18144.609,0.351,0.318,0.877,-1.04,1.28,4.79,3,1
18144.609,0.36,0.318,0.878,-0.89,0.67,6.38,3,1
18144.625,0.368,0.311,0.869,-0.4,0.49,7.17,3,1
18144.64,0.374,0.307,0.866,-0.55,1.16,6.9,3,1
18144.64,0.377,0.305,0.869,-0.55,2.29,6.13,3,1
18144.656,0.376,0.302,0.872,0.4,3.36,5.22,3,1
18144.671,0.375,0.306,0.881,1.01,4.12,4.52,3,1
18144.671,0.373,0.302,0.879,1.77,4.36,3.42,3,1
18144.687,0.366,0.305,0.881,2.38,4.12,2.53,3,1
18144.687,0.363,0.312,0.873,2.41,3.02,2.01,3,1
18144.703,0.37,0.32,0.872,1.83,1.77,1.59,3,1
18144.718,0.363,0.328,0.871,0.64,0.95,0.92,3,1
18144.718,0.369,0.321,0.867,-0.52,-0.46,-0.37,3,1
18144.734,0.362,0.31,0.858,-1.53,-1.95,-2.17,3,1
18144.75,0.371,0.307,0.865,-2.75,-2.38,-2.99,3,1
18144.765,0.383,0.307,0.875,-3.11,-2.01,-4.49,3,1
18144.765,0.377,0.308,0.871,-3.05,-2.14,-7.81,3,1
18144.781,0.367,0.306,0.871,-2.41,-1.8,-9.64,3,1
18144.781,0.368,0.309,0.874,-0.98,-1.04,-9.83,3,1
18144.796,0.371,0.314,0.874,0.15,-0.76,-10.62,3,1
18144.812,0.362,0.317,0.88,0.49,-0.64,-12.18,3,1
18144.812,0.341,0.322,0.878,0.89,-1.37,-12.6,3,1
18144.828,0.346,0.334,0.874,0.67,-3.2,-11.17,3,1
18144.828,0.349,0.349,0.869,-0.89,-4.09,-10.38,3,1
18144.843,0.343,0.341,0.865,-2.5,-4.12,-9.74,3,1
18144.859,0.344,0.338,0.866,-3.69,-4.03,-7.93,3,1
18144.859,0.349,0.334,0.867,-5.16,-4.3,-6.59,3,1
18144.875,0.344,0.331,0.87,-6.9,-3.88,-5.43,3,1
18144.89,0.351,0.327,0.882,-7.75,-3.17,-3.36,3,1
18144.89,0.362,0.307,0.886,-6.9,-2.38,-1.92,3,1
18144.906,0.36,0.283,0.885,-5.83,-2.23,-2.53,3,1
18144.906,0.375,0.263,0.89,-4.85,-2.84,-4.03,3,1
18144.921,0.383,0.275,0.895,-3.57,-3.33,-6.01,3,1
18144.937,0.381,0.281,0.888,-1.86,-3.91,-8.82,3,1
18144.953,0.377,0.287,0.881,-0.24,-3.97,-11.63,3,1
18144.953,0.365,0.297,0.865,2.56,-3.2,-13.7,3,1
18144.968,0.357,0.32,0.859,5.34,-0.67,-13.12,3,1
18144.968,0.347,0.347,0.871,7.26,3.17,-10.59,3,1
18144.984,0.336,0.344,0.884,8.48,5.01,-8.48,3,1
18145.0,0.334,0.332,0.881,9.03,4.12,-7.11,3,1
18145.0,0.337,0.329,0.874,8.76,2.29,-6.74,3,1
18145.015,0.34,0.348,0.871,7.23,0.79,-6.2,3,1
18145.031,0.339,0.361,0.861,5.46,0.27,-5.22,3,1
18145.031,0.343,0.361,0.855,3.2,-0.18,-3.85,3,1
18145.046,0.347,0.354,0.856,0.64,-0.61,-2.96,3,1
18145.046,0.342,0.345,0.86,-2.2,-1.19,-2.81,3,1
18145.062,0.341,0.345,0.866,-4.76,-1.5,-2.29,3,1
18145.078,0.342,0.33,0.87,-5.13,-1.25,-1.22,3,1
18145.078,0.34,0.326,0.883,-5.1,-0.85,-0.4,3,1
18145.093,0.344,0.315,0.89,-4.39,-1.34,-0.61,3,1
18145.109,0.343,0.315,0.887,-3.88,-1.98,-1.28,3,1
18145.109,0.351,0.313,0.874,-2.69,-2.96,-2.56,3,1
18145.125,0.353,0.329,0.87,-2.38,-2.78,-3.2,3,1
18145.14,0.349,0.336,0.869,-2.17,-1.86,-3.02,3,1
18145.14,0.351,0.329,0.868,-1.86,-1.31,-2.35,3,1
18145.156,0.351,0.33,0.865,-1.86,-0.64,-1.25,3,1
18145.171,0.355,0.319,0.866,-1.22,0.24,-0.4,3,1
18145.171,0.353,0.336,0.885,-1.74,1.07,0.67,3,1
18145.187,0.356,0.324,0.883,-1.4,0.76,0.52,3,1
18145.187,0.351,0.314,0.887,-1.22,0.18,-0.15,3,1
18145.203,0.355,0.306,0.886,-0.27,-1.25,-1.13,3,1
18145.218,0.357,0.313,0.882,-0.18,-2.23,-2.29,3,1
18145.218,0.349,0.326,0.871,-0.7,-1.95,-3.14,3,1
18145.234,0.346,0.315,0.869,0.09,-0.18,-2.44,3,1
18145.25,0.348,0.312,0.881,1.95,2.2,-0.76,3,1
18145.265,0.349,0.312,0.891,3.45,3.6,-0.15,3,1
18145.265,0.344,0.315,0.892,4.33,3.85,-0.43,3,1
18145.281,0.341,0.325,0.881,5.71,3.02,-0.4,3,1
18145.281,0.342,0.331,0.871,6.84,1.86,-0.09,3,1
18145.296,0.344,0.352,0.861,5.8,0.67,0.15,3,1
18145.312,0.34,0.368,0.851,3.08,-0.7,0.06,3,1
18145.312,0.341,0.37,0.84,-0.7,-2.29,0.37,3,1
18145.328,0.345,0.366,0.837,-4.67,-2.99,0.95,3,1
18145.328,0.347,0.36,0.849,-8.7,-3.39,1.59,3,1
18145.343,0.349,0.353,0.864,-12.45,-3.91,1.8,3,1
18145.359,0.348,0.333,0.883,-14.95,-4.97,1.98,3,1
18145.359,0.355,0.318,0.888,-15.44,-6.62,1.53,3,1
18145.375,0.36,0.321,0.87,-16.24,-7.23,0.7,3,1
18145.39,0.365,0.32,0.87,-17.88,-7.08,-0.15,3,1
18145.39,0.365,0.315,0.859,-19.23,-6.93,-1.89,3,1
18145.406,0.36,0.331,0.895,-22.16,-7.93,-4.49,3,1
18145.421,0.349,0.345,0.913,-24.14,-11.66,-6.62,3,1
18145.421,0.345,0.338,0.902,-25.36,-15.2,-6.87,3,1
18145.437,0.348,0.304,0.859,-25.61,-15.75,-6.1,3,1
18145.453,0.359,0.271,0.852,-22.95,-10.56,-3.51,3,1
18145.453,0.338,0.264,0.874,-16.6,-3.78,-0.49,3,1
18145.468,0.344,0.24,0.881,-11.84,1.28,1.74,3,1
18145.468,0.343,0.229,0.895,-3.94,7.08,3.66,3,1
18145.484,0.347,0.225,0.899,0.18,7.02,4.43,3,1
18145.5,0.359,0.243,0.924,4.64,5.4,4.67,3,1
18145.515,0.365,0.251,0.925,8.91,2.32,4.12,3,1
18145.515,0.374,0.26,0.913,12.51,-0.06,3.14,3,1
18145.531,0.363,0.262,0.908,15.14,-0.7,2.08,3,1
18145.531,0.355,0.26,0.907,18.71,-1.62,2.01,3,1
18145.546,0.348,0.287,0.858,21.39,-3.08,1.89,3,1
18145.562,0.355,0.344,0.836,19.38,-0.82,2.26,3,1
18145.562,0.389,0.328,0.829,16.75,6.56,4.06,3,1
18145.578,0.361,0.305,0.857,16.45,14.53,3.57,3,1
18145.578,0.338,0.308,0.897,18.89,17.18,4.79,3,1
18145.593,0.334,0.322,0.892,18.89,14.13,4.27,3,1
18145.609,0.338,0.345,0.883,17.03,10.77,3.42,3,1
18145.625,0.335,0.371,0.874,15.5,8.06,3.97,3,1
18145.625,0.332,0.376,0.863,13.09,4.09,4.73,3,1
18145.64,0.332,0.38,0.861,8.45,-0.34,5.46,3,1
18145.64,0.324,0.386,0.853,1.4,-5.58,4.91,3,1
18145.656,0.326,0.392,0.82,-8.06,-10.25,4.49,3,1
18145.671,0.344,0.376,0.82,-17.3,-11.14,5.58,3,1
18145.671,0.342,0.339,0.845,-21.79,-8.48,7.42,3,1
18145.687,0.332,0.322,0.873,-23.68,-6.71,9.52,3,1
18145.687,0.336,0.306,0.884,-25.42,-7.39,10.68,3,1
18145.703,0.346,0.285,0.898,-26.86,-8.0,11.38,3,1
18145.718,0.353,0.26,0.912,-25.73,-7.81,11.69,3,1
18145.734,0.361,0.247,0.919,-21.61,-8.21,11.35,3,1
18145.734,0.368,0.247,0.914,-17.37,-8.76,10.56,3,1
18145.75,0.372,0.25,0.901,-13.92,-9.0,9.22,3,1
18145.75,0.384,0.254,0.891,-11.72,-8.55,7.63,3,1
18145.765,0.392,0.253,0.898,-9.58,-6.38,6.07,3,1
18145.781,0.386,0.249,0.896,-5.89,-4.3,5.01,3,1
18145.781,0.386,0.253,0.894,-2.32,-2.93,4.33,3,1
18145.796,0.388,0.257,0.894,0.21,-1.65,3.42,3,1
18145.796,0.383,0.255,0.893,2.5,-0.4,2.38,3,1
18145.812,0.377,0.25,0.891,4.64,0.12,1.46,3,1
18145.828,0.378,0.269,0.898,4.76,-0.03,0.79,3,1
18145.828,0.371,0.277,0.899,4.52,-0.49,-0.34,3,1
18145.843,0.361,0.27,0.885,4.43,-1.65,-0.76,3,1
18145.859,0.37,0.275,0.881,4.61,-2.59,-0.89,3,1
18145.859,0.371,0.287,0.876,4.79,-2.87,-1.37,3,1
18145.875,0.369,0.294,0.872,4.0,-2.84,-1.28,3,1
18145.89,0.376,0.29,0.867,2.84,-3.02,-1.5,3,1
18145.89,0.375,0.294,0.864,1.65,-3.05,-2.01,3,1
18145.906,0.383,0.302,0.865,0.7,-2.69,-2.47,3,1
18145.921,0.378,0.299,0.869,-0.03,-1.92,-3.23,3,1
18145.921,0.377,0.287,0.874,-0.79,-1.98,-3.63,3,1
18145.937,0.38,0.279,0.877,-0.98,-2.29,-4.85,3,1
18145.937,0.377,0.279,0.881,-1.16,-2.72,-6.32,3,1
18145.953,0.372,0.283,0.881,-1.31,-2.93,-7.17,3,1
18145.968,0.366,0.283,0.883,-1.19,-2.78,-7.26,3,1
18145.968,0.365,0.288,0.894,-1.34,-2.59,-6.87,3,1
18145.984,0.362,0.296,0.896,-1.83,-2.5,-6.44,3,1
18146.0,0.36,0.285,0.887,-1.04,-2.11,-5.89,3,1
18146.0,0.353,0.273,0.879,0.89,-1.37,-4.91,3,1
18146.015,0.363,0.277,0.885,3.11,-0.7,-3.69,3,1
18146.031,0.359,0.291,0.889,3.91,0.09,-3.08,3,1
18146.031,0.355,0.288,0.887,3.39,-0.06,-2.47,3,1
18146.046,0.359,0.285,0.885,3.17,-0.73,-1.68,3,1
18146.046,0.361,0.281,0.884,3.94,-1.13,-1.07,3,1
18146.062,0.359,0.284,0.887,4.27,-0.82,-0.46,3,1
18146.078,0.353,0.295,0.892,3.91,-0.27,0.52,3,1
18146.093,0.358,0.292,0.89,4.39,0.06,1.59,3,1
18146.093,0.358,0.281,0.887,5.37,0.49,2.72,3,1
18146.109,0.362,0.281,0.885,6.35,0.67,3.42,3,1
18146.109,0.365,0.293,0.884,6.47,0.34,3.51,3,1
18146.125,0.366,0.306,0.875,5.89,-0.37,3.57,3,1
18146.14,0.376,0.306,0.87,4.94,-1.13,3.63,3,1
18146.14,0.381,0.306,0.864,3.91,-1.74,3.33,3,1
18146.156,0.387,0.302,0.858,2.66,-2.17,2.44,3,1
18146.171,0.387,0.307,0.864,0.79,-2.2,1.34,3,1
18146.171,0.385,0.301,0.863,-0.7,-2.26,-0.18,3,1
18146.187,0.381,0.294,0.863,-0.89,-2.01,-1.89,3,1
18146.187,0.37,0.31,0.875,-1.34,-1.01,-2.35,3,1
18146.203,0.362,0.304,0.881,-1.1,-0.12,-2.38,3,1
18146.218,0.353,0.295,0.889,-1.22,0.31,-2.11,3,1
18146.218,0.347,0.284,0.892,-0.43,-0.15,-1.74,3,1
18146.234,0.345,0.284,0.892,0.37,-0.82,-1.43,3,1
18146.25,0.348,0.292,0.89,0.95,-1.25,-1.01,3,1
18146.25,0.348,0.297,0.888,1.22,-2.04,-0.31,3,1
18146.265,0.349,0.308,0.886,0.89,-2.66,0.7,3,1
18146.281,0.356,0.309,0.881,0.85,-3.05,2.11,3,1
18146.281,0.361,0.306,0.879,0.58,-3.45,3.57,3,1
18146.296,0.37,0.297,0.877,0.24,-3.6,4.43,3,1
18146.312,0.378,0.29,0.88,-0.09,-3.36,4.91,3,1
18146.312,0.384,0.281,0.884,0.55,-2.96,4.97,3,1
18146.328,0.387,0.271,0.892,1.89,-2.62,4.46,3,1
18146.328,0.391,0.266,0.893,3.91,-2.59,3.63,3,1
18146.343,0.388,0.261,0.896,6.56,-2.32,2.26,3,1
18146.359,0.388,0.268,0.902,10.35,-2.01,1.04,3,1
18146.359,0.372,0.297,0.895,12.94,-1.71,0.37,3,1
18146.375,0.372,0.302,0.887,14.86,-2.56,0.18,3,1
18146.39,0.359,0.308,0.875,15.44,-2.69,0.73,3,1
18146.39,0.363,0.307,0.866,16.14,-1.8,1.83,3,1
18146.406,0.36,0.311,0.862,15.47,-1.28,2.75,3,1
18146.421,0.364,0.298,0.855,14.16,-1.95,2.78,3,1
18146.421,0.37,0.318,0.858,11.84,-2.78,2.84,3,1
18146.437,0.371,0.339,0.86,8.88,-3.85,3.3,3,1
18146.453,0.389,0.334,0.857,6.23,-5.07,3.3,3,1
18146.453,0.384,0.328,0.847,2.62,-6.65,1.83,3,1
18146.468,0.389,0.321,0.841,0.58,-6.04,1.98,3,1
18146.468,0.397,0.336,0.848,-0.46,-5.16,1.01,3,1
18146.484,0.4,0.325,0.868,0.43,-5.04,-0.7,3,1
18146.5,0.384,0.308,0.881,2.84,-5.49,-1.56,3,1
18146.5,0.385,0.31,0.873,4.79,-5.22,-2.2,3,1
18146.515,0.388,0.306,0.866,6.1,-4.24,-3.39,3,1
18146.531,0.373,0.304,0.848,8.06,-2.72,-4.39,3,1
18146.531,0.369,0.329,0.846,7.78,-0.64,-3.48,3,1
18146.546,0.37,0.338,0.852,6.56,0.58,-2.44,3,1
18146.562,0.349,0.343,0.85,5.28,1.01,-1.22,3,1
18146.562,0.342,0.348,0.845,2.93,-0.21,1.16,3,1
18146.578,0.358,0.345,0.849,-0.03,-0.92,4.43,3,1
18146.593,0.354,0.339,0.835,-2.9,-0.49,7.17,3,1
18146.593,0.367,0.342,0.841,-7.02,0.06,9.06,3,1
18146.609,0.363,0.338,0.852,-10.25,1.07,10.86,3,1
18146.609,0.359,0.343,0.856,-11.41,1.43,14.07,3,1
18146.625,0.379,0.342,0.86,-12.39,1.77,17.18,3,1
18146.64,0.392,0.323,0.867,-12.6,3.3,18.56,3,1
18146.656,0.386,0.299,0.849,-12.42,4.85,18.77,3,1
18146.656,0.395,0.29,0.821,-14.01,6.29,18.68,3,1
18146.671,0.413,0.292,0.824,-17.3,8.91,18.04,3,1
18146.671,0.412,0.299,0.82,-20.54,12.24,16.51,3,1
18146.687,0.407,0.309,0.844,-25.24,15.32,14.83,3,1
18146.687,0.38,0.299,0.854,-29.05,16.54,12.85,3,1
18146.703,0.349,0.304,0.856,-32.35,15.87,11.78,3,1
18146.718,0.333,0.316,0.863,-35.52,14.1,12.51,3,1
18146.734,0.324,0.333,0.871,-39.7,12.54,14.86,3,1
18146.734,0.327,0.323,0.885,-42.7,11.6,17.52,3,1
18146.75,0.333,0.282,0.922,-43.0,11.87,20.66,3,1
18146.75,0.336,0.222,0.94,-40.83,11.38,23.1,3,1
18146.765,0.356,0.174,0.96,-36.44,11.29,23.93,3,1
18146.781,0.38,0.154,1.006,-28.5,12.02,23.8,3,1
18146.781,0.372,0.117,1.007,-17.33,10.07,21.64,3,1
18146.796,0.425,0.088,0.977,-7.39,6.74,17.03,3,1
18146.812,0.441,0.093,0.969,2.23,7.05,10.41,3,1
18146.812,0.438,0.118,0.958,13.25,8.33,4.97,3,1
18146.828,0.428,0.142,0.936,22.28,7.57,1.01,3,1
18146.828,0.419,0.177,0.911,28.87,4.97,-2.41,3,1
18146.843,0.406,0.211,0.891,34.18,2.5,-5.25,3,1
18146.859,0.395,0.239,0.885,35.95,-0.31,-8.48,3,1
18146.875,0.368,0.255,0.918,35.04,-3.72,-11.38,3,1
18146.875,0.338,0.251,0.9,34.12,-8.88,-12.94,3,1
18146.89,0.361,0.261,0.808,29.85,-12.91,-13.37,3,1
18146.89,0.417,0.251,0.816,25.67,-5.74,-12.57,3,1
18146.906,0.399,0.192,0.85,29.33,9.58,-12.45,3,1
18146.921,0.361,0.194,0.924,35.65,21.7,-13.03,3,1
18146.921,0.312,0.253,0.947,44.22,23.8,-13.4,3,1
18146.937,0.316,0.309,0.924,47.33,18.52,-13.18,3,1
18146.953,0.304,0.372,0.914,45.47,11.96,-13.49,3,1
18146.953,0.297,0.407,0.892,42.42,3.75,-11.96,3,1
18146.968,0.289,0.428,0.868,35.37,-6.47,-10.71,3,1
18146.968,0.274,0.426,0.85,25.27,-18.34,-9.58,3,1
18146.984,0.249,0.464,0.736,9.64,-29.57,-7.87,3,1
18147.0,0.338,0.51,0.807,-15.26,-34.0,-0.46,3,1
18147.015,0.381,0.331,0.772,-30.55,-32.11,-0.46,3,1
18147.015,0.348,0.319,0.777,-35.43,-24.05,0.89,3,1
18147.031,0.39,0.349,0.802,-31.28,-15.23,7.72,3,1
18147.031,0.389,0.353,0.837,-32.65,-7.93,10.44,3,1
18147.046,0.383,0.324,0.861,-38.21,-5.13,9.77,3,1
18147.062,0.385,0.293,0.861,-39.92,-4.27,9.4,3,1
18147.062,0.374,0.286,0.883,-41.54,-4.67,9.03,3,1
18147.078,0.375,0.272,0.906,-44.34,-8.67,7.42,3,1
18147.078,0.384,0.248,0.897,-47.12,-12.94,4.85,3,1
18147.093,0.386,0.228,0.888,-48.4,-14.53,2.69,3,1
18147.109,0.392,0.207,0.894,-46.88,-12.97,2.41,3,1
18147.109,0.409,0.197,0.914,-42.12,-9.64,3.02,3,1
18147.125,0.41,0.197,0.923,-33.97,-4.94,4.46,3,1
18147.14,0.401,0.184,0.924,-24.08,0.03,6.29,3,1
18147.14,0.409,0.163,0.937,-13.89,3.72,7.14,3,1
18147.156,0.402,0.153,0.943,-4.58,6.23,5.74,3,1
18147.171,0.39,0.154,0.946,1.5,7.26,2.96,3,1
18147.171,0.383,0.156,0.941,5.65,7.05,0.37,3,1
18147.187,0.37,0.167,0.923,9.92,6.84,-1.34,3,1
18147.187,0.378,0.203,0.91,13.21,7.93,-1.56,3,1
18147.203,0.383,0.235,0.889,16.57,10.99,-0.43,3,1
18147.218,0.379,0.251,0.888,18.65,14.77,0.95,3,1
18147.234,0.375,0.233,0.917,19.29,15.84,0.67,3,1
18147.234,0.367,0.221,0.928,18.56,13.31,-1.71,3,1
18147.25,0.364,0.231,0.931,17.12,8.24,-4.67,3,1
18147.25,0.374,0.243,0.908,16.57,2.87,-7.57,3,1
18147.265,0.379,0.255,0.881,15.93,0.06,-9.92,3,1
18147.281,0.389,0.26,0.865,14.8,-0.27,-11.96,3,1
18147.281,0.39,0.257,0.852,12.45,-0.09,-14.95,3,1
18147.296,0.382,0.282,0.866,8.18,-0.21,-18.46,3,1
18147.312,0.377,0.298,0.884,4.58,-0.27,-20.78,3,1
18147.312,0.349,0.291,0.887,2.9,-0.67,-22.25,3,1
18147.328,0.333,0.281,0.895,3.11,-0.95,-21.12,3,1
18147.343,0.331,0.259,0.899,3.75,-1.83,-19.71,3,1
18147.343,0.331,0.254,0.911,3.81,-3.36,-19.44,3,1
18147.359,0.33,0.271,0.91,4.03,-5.68,-19.17,3,1
18147.359,0.333,0.282,0.89,3.75,-7.54,-18.07,3,1
18147.375,0.334,0.289,0.875,2.62,-7.84,-16.02,3,1
18147.39,0.338,0.3,0.867,1.74,-6.84,-12.94,3,1
18147.406,0.344,0.306,0.885,0.98,-4.55,-9.28,3,1
18147.406,0.335,0.291,0.891,1.62,-2.84,-5.55,3,1
18147.421,0.345,0.277,0.891,2.29,-2.35,-2.56,3,1
18147.421,0.356,0.272,0.889,2.17,-2.14,-1.07,3,1
18147.437,0.359,0.267,0.898,4.18,-0.76,-0.43,3,1
18147.437,0.355,0.269,0.9,5.58,-0.21,0.06,3,1
18147.453,0.359,0.272,0.887,7.08,1.5,0.43,3,1
18147.468,0.365,0.265,0.881,8.88,3.94,1.07,3,1
18147.468,0.357,0.275,0.897,10.77,5.71,2.23,3,1
18147.484,0.358,0.278,0.895,12.42,6.47,2.5,3,1
18147.5,0.349,0.267,0.886,13.46,6.32,2.17,3,1
18147.5,0.351,0.281,0.885,14.07,5.43,2.41,3,1
18147.515,0.352,0.307,0.884,13.92,3.91,2.23,3,1
18147.531,0.349,0.325,0.881,12.15,2.08,1.68,3,1
18147.531,0.344,0.323,0.873,9.67,-0.34,1.4,3,1
18147.546,0.349,0.323,0.87,7.11,-2.75,1.04,3,1
18147.546,0.348,0.325,0.863,4.0,-5.19,0.43,3,1
18147.562,0.342,0.331,0.842,-0.64,-6.87,-0.06,3,1
18147.578,0.354,0.331,0.849,-5.68,-6.1,1.07,3,1
18147.578,0.356,0.307,0.867,-8.18,-3.72,2.2,3,1
18147.593,0.35,0.285,0.889,-9.22,-2.75,2.5,3,1
18147.609,0.353,0.275,0.907,-9.8,-4.0,1.89,3,1
18147.609,0.351,0.271,0.911,-9.31,-5.92,0.82,3,1
18147.625,0.357,0.279,0.908,-8.0,-7.72,-0.09,3,1
18147.64,0.361,0.286,0.907,-6.78,-9.55,-1.13,3,1
18147.64,0.364,0.285,0.901,-6.26,-11.44,-2.56,3,1
18147.656,0.36,0.282,0.896,-6.35,-13.15,-3.69,3,1
18147.671,0.36,0.283,0.889,-6.41,-14.68,-3.88,3,1
18147.671,0.371,0.289,0.892,-5.95,-15.75,-3.72,3,1
18147.687,0.372,0.285,0.888,-5.46,-16.17,-3.75,3,1
18147.687,0.367,0.276,0.878,-5.68,-16.17,-3.63,3,1
18147.703,0.378,0.267,0.888,-5.98,-15.47,-2.78,3,1
18147.718,0.38,0.249,0.894,-4.06,-13.64,-2.26,3,1
18147.734,0.372,0.227,0.892,-0.27,-11.87,-2.69,3,1
18147.734,0.38,0.224,0.909,2.96,-10.5,-3.81,3,1
18147.75,0.381,0.252,0.934,4.94,-9.03,-5.04,3,1
18147.75,0.372,0.242,0.925,10.16,-9.22,-7.29,3,1
18147.765,0.368,0.248,0.912,15.9,-9.98,-8.0,3,1
18147.781,0.374,0.273,0.905,21.67,-10.8,-7.26,3,1
18147.781,0.385,0.321,0.893,25.76,-10.68,-4.7,3,1
18147.796,0.392,0.343,0.874,27.13,-10.07,-1.8,3,1
18147.812,0.404,0.303,0.846,28.57,-10.35,-0.61,3,1
18147.812,0.407,0.299,0.816,29.57,-9.61,0.12,3,1
18147.828,0.414,0.333,0.804,27.22,-7.87,0.24,3,1
18147.843,0.418,0.353,0.798,22.13,-5.34,-1.04,3,1
18147.843,0.401,0.357,0.792,15.87,-2.53,-3.39,3,1
18147.859,0.386,0.334,0.804,9.77,-1.07,-6.44,3,1
18147.859,0.368,0.341,0.828,3.23,-0.21,-8.27,3,1
18147.875,0.353,0.348,0.858,-2.75,-0.18,-8.58,3,1
18147.89,0.345,0.331,0.877,-5.62,-0.92,-7.87,3,1
18147.89,0.342,0.311,0.869,-4.73,-1.92,-6.07,3,1
18147.906,0.344,0.251,0.852,0.18,-3.2,-6.04,3,1
18147.906,0.372,0.355,0.909,3.14,-2.96,-6.56,3,1
18147.921,0.352,0.489,0.952,-2.2,-1.46,-2.9,3,1
18147.937,0.34,0.356,0.887,-1.71,-5.07,-0.06,3,1
18147.937,0.357,0.206,0.802,3.08,-8.94,2.14,3,1
18147.953,0.41,0.219,0.805,7.66,-10.93,2.9,3,1
18147.968,0.414,0.427,0.882,1.86,-10.04,6.04,3,1
18147.984,0.414,0.459,0.885,-7.26,-11.41,7.78,3,1
18147.984,0.415,0.312,0.832,-8.61,-14.74,7.29,3,1
18148.0,0.431,0.239,0.803,-5.28,-17.06,6.96,3,1
18148.0,0.457,0.254,0.825,-6.5,-17.0,5.4,3,1
18148.015,0.449,0.307,0.882,-13.06,-15.41,2.38,3,1
18148.031,0.423,0.302,0.894,-17.7,-15.72,-0.27,3,1
18148.031,0.428,0.235,0.874,-15.2,-17.52,-2.44,3,1
18148.046,0.431,0.224,0.882,-10.74,-17.06,-5.71,3,1
18148.062,0.431,0.235,0.897,-5.07,-14.47,-11.14,3,1
18148.062,0.419,0.25,0.907,0.43,-11.57,-16.82,3,1
18148.078,0.396,0.26,0.894,5.89,-10.8,-21.85,3,1
18148.078,0.391,0.264,0.874,11.51,-11.78,-25.03,3,1
18148.093,0.389,0.303,0.872,13.86,-13.03,-26.25,3,1
18148.109,0.388,0.344,0.863,14.5,-15.32,-26.89,3,1
18148.125,0.383,0.37,0.846,13.7,-18.31,-26.22,3,1
18148.125,0.388,0.377,0.831,10.86,-21.73,-25.3,3,1
18148.14,0.391,0.374,0.81,7.39,-25.42,-25.12,3,1
18148.14,0.395,0.4,0.792,1.71,-28.38,-23.96,3,1
18148.156,0.408,0.418,0.777,-4.76,-29.54,-21.76,3,1
18148.171,0.412,0.421,0.763,-10.28,-27.86,-17.88,3,1
18148.171,0.414,0.411,0.757,-13.7,-23.26,-11.96,3,1
18148.187,0.424,0.411,0.756,-15.02,-16.08,-3.75,3,1
18148.187,0.44,0.417,0.757,-15.5,-6.84,6.44,3,1
18148.203,0.434,0.383,0.758,-18.1,2.47,14.13,3,1
18148.218,0.416,0.374,0.809,-22.31,9.98,20.84,3,1
18148.218,0.433,0.34,0.866,-20.72,15.02,27.56,3,1
18148.234,0.431,0.296,0.887,-15.47,19.26,30.15,3,1
18148.25,0.406,0.299,0.885,-7.32,23.71,32.53,3,1
18148.25,0.414,0.298,0.85,4.15,29.02,36.84,3,1
18148.265,0.457,0.289,0.833,14.68,38.39,41.11,3,1
18148.281,0.477,0.252,0.767,23.56,52.8,41.17,3,1
18148.281,0.461,0.236,0.736,28.02,69.98,39.0,3,1
18148.296,0.448,0.231,0.762,29.39,84.63,36.59,3,1
18148.312,0.439,0.261,0.8,27.31,91.92,30.55,3,1
18148.312,0.409,0.306,0.817,21.27,94.18,23.62,3,1
18148.328,0.375,0.349,0.843,13.76,92.5,17.79,3,1
18148.343,0.347,0.337,0.87,7.6,87.59,15.2,3,1
18148.343,0.342,0.337,0.893,-3.11,76.45,9.67,3,1
18148.359,0.346,0.321,0.899,-15.29,64.06,2.47,3,1
18148.359,0.336,0.287,0.895,-23.19,55.67,-4.12,3,1
18148.375,0.267,0.274,0.965,-27.04,49.9,-8.76,3,1
18148.39,0.151,0.296,1.209,-23.13,35.89,-7.14,3,1
18148.39,0.231,0.203,1.181,-11.05,7.14,-4.03,3,1
18148.406,0.239,0.167,1.061,-0.4,-12.09,-8.45,3,1
18148.421,0.264,0.195,1.018,14.47,-19.14,-8.06,3,1
18148.421,0.27,0.244,0.973,35.92,-24.66,-6.29,3,1
18148.437,0.274,0.283,0.934,38.15,-26.61,-5.13,3,1
18148.437,0.278,0.329,0.903,36.62,-27.92,-3.91,3,1
18148.453,0.264,0.39,0.891,34.06,-29.97,-1.59,3,1
18148.468,0.271,0.391,0.867,31.1,-34.12,2.32,3,1
18148.484,0.286,0.402,0.853,26.49,-37.93,6.32,3,1
18148.484,0.289,0.425,0.841,20.45,-41.11,10.44,3,1
18148.5,0.299,0.431,0.836,12.82,-44.47,14.89,3,1
18148.5,0.314,0.427,0.838,4.55,-49.01,18.86,3,1
18148.515,0.339,0.417,0.841,-2.66,-53.41,22.03,3,1
18148.531,0.363,0.386,0.824,-8.09,-56.09,23.83,3,1
18148.531,0.392,0.357,0.8,-12.3,-55.94,24.2,3,1
18148.546,0.431,0.333,0.78,-15.96,-51.76,23.71,3,1
18148.562,0.451,0.298,0.769,-18.74,-44.43,21.73,3,1
18148.562,0.47,0.266,0.769,-20.78,-35.46,17.82,3,1
18148.578,0.491,0.248,0.779,-21.45,-25.82,12.82,3,1
18148.578,0.494,0.248,0.788,-20.42,-16.05,7.14,3,1
18148.593,0.484,0.26,0.815,-18.95,-7.72,1.95,3,1
18148.609,0.461,0.276,0.85,-16.88,-2.08,-1.43,3,1
18148.625,0.46,0.286,0.878,-13.58,0.61,-2.96,3,1
18148.625,0.447,0.282,0.877,-8.88,0.98,-5.13,3,1
18148.64,0.427,0.281,0.868,-4.73,0.34,-6.99,3,1
18148.64,0.43,0.292,0.868,-2.2,-1.01,-8.88,3,1
18148.656,0.425,0.305,0.862,-0.92,-2.5,-11.35,3,1
18148.671,0.425,0.313,0.851,-1.28,-3.91,-13.7,3,1
18148.687,0.426,0.318,0.85,-2.5,-3.69,-14.8,3,1
18148.687,0.433,0.311,0.863,-1.56,-3.3,-14.86,3,1
18148.687,0.436,0.298,0.886,0.21,-4.76,-16.82,3,1
18148.703,0.418,0.301,0.884,1.19,-7.35,-19.93,3,1
18148.718,0.408,0.298,0.897,2.47,-9.22,-21.39,3,1
18148.718,0.395,0.296,0.878,5.28,-11.54,-21.03,3,1
18148.734,0.405,0.313,0.82,5.31,-12.79,-20.11,3,1
18148.75,0.421,0.339,0.801,2.26,-9.61,-18.71,3,1
18148.75,0.424,0.322,0.764,-0.31,-5.49,-17.79,3,1
18148.765,0.457,0.315,0.691,-6.13,0.12,-17.94,3,1
18148.781,0.473,0.347,0.739,-15.78,9.37,-20.69,3,1
18148.796,0.415,0.35,0.799,-20.97,16.66,-23.1,3,1
18148.796,0.391,0.344,0.828,-23.74,18.46,-22.13,3,1
18148.812,0.383,0.356,0.861,-26.18,18.01,-20.36,3,1
18148.812,0.364,0.332,0.882,-26.52,17.03,-18.52,3,1
18148.828,0.351,0.306,0.895,-24.63,15.9,-15.41,3,1
18148.828,0.339,0.288,0.906,-19.96,15.93,-10.86,3,1
18148.843,0.327,0.284,0.933,-12.76,16.48,-5.07,3,1
18148.859,0.311,0.282,0.949,-4.03,15.87,0.46,3,1
18148.859,0.305,0.295,0.942,2.72,12.73,5.77,3,1
18148.875,0.323,0.309,0.91,6.93,8.18,10.9,3,1
18148.89,0.348,0.311,0.818,8.79,6.13,15.02,3,1
18148.89,0.37,0.314,0.862,1.77,7.42,16.39,3,1
18148.906,0.243,0.369,1.124,-0.12,-1.01,13.67,3,1
18148.921,0.253,0.432,1.105,12.27,-21.82,24.35,3,1
18148.921,0.34,0.409,0.968,15.2,-39.37,33.08,3,1
18148.937,0.356,0.326,0.905,18.98,-41.93,39.58,3,1
18148.953,0.382,0.236,0.866,27.71,-37.57,45.87,3,1
18148.953,0.426,0.193,0.835,35.25,-32.41,46.63,3,1
18148.968,0.426,0.217,0.792,37.11,-27.28,42.82,3,1
18148.968,0.474,0.261,0.761,32.56,-23.68,38.64,3,1
18148.984,0.488,0.309,0.736,26.64,-17.64,34.06,3,1
18149.0,0.529,0.339,0.701,20.75,-10.86,31.13,3,1
18149.015,0.538,0.357,0.655,11.93,-4.33,25.09,3,1
18149.015,0.535,0.368,0.612,-4.55,1.8,18.16,3,1
18149.031,0.566,0.372,0.569,-25.76,10.01,12.33,3,1
18149.031,0.604,0.351,0.537,-44.37,24.45,5.8,3,1
18149.046,0.603,0.332,0.539,-59.72,45.56,-1.68,3,1
18149.062,0.492,0.367,0.757,-80.26,63.33,-10.65,3,1
18149.062,0.311,0.57,1.202,-112.13,56.89,-17.09,3,1
18149.078,0.134,0.329,1.419,-90.33,28.6,-1.86,3,1
18149.078,0.435,0.102,1.124,-62.29,-5.01,18.43,3,1
18149.093,0.433,-0.045,0.938,-47.03,-1.83,14.47,3,1
18149.109,0.376,-0.183,0.974,-17.21,12.36,6.62,3,1
18149.109,0.355,-0.112,0.993,12.02,17.12,1.43,3,1
18149.125,0.362,0.017,0.972,31.65,16.88,-4.97,3,1
18149.14,0.348,0.122,0.953,45.96,15.87,-8.51,3,1
18149.156,0.361,0.227,0.928,57.71,11.87,-8.51,3,1
18149.156,0.347,0.31,0.894,66.29,5.13,-9.13,3,1
18149.171,0.328,0.37,0.861,69.0,-4.09,-7.78,3,1
18149.171,0.332,0.396,0.858,65.25,-13.4,-4.97,3,1
18149.187,0.329,0.393,0.861,60.37,-22.68,-2.69,3,1
18149.203,0.326,0.391,0.855,54.69,-31.8,0.85,3,1
18149.203,0.355,0.404,0.792,44.5,-37.05,5.71,3,1
18149.218,0.437,0.375,0.775,31.46,-33.02,8.24,3,1
18149.218,0.415,0.323,0.841,31.37,-19.41,10.07,3,1
18149.234,0.429,0.276,0.826,33.54,-9.55,15.26,3,1
18149.25,0.422,0.227,0.886,21.97,-12.09,7.32,3,1
18149.25,0.396,0.307,0.883,17.55,-19.47,1.28,3,1
18149.265,0.431,0.346,0.889,14.16,-26.0,3.11,3,1
18149.281,0.466,0.373,0.837,13.06,-29.94,4.49,3,1
18149.281,0.472,0.36,0.766,15.81,-28.93,3.88,3,1
18149.296,0.5,0.364,0.739,12.57,-23.62,2.26,3,1
18149.312,0.505,0.357,0.701,9.58,-13.86,0.67,3,1
18149.312,0.495,0.357,0.672,7.11,-1.19,0.12,3,1
18149.328,0.478,0.375,0.686,3.66,12.48,1.13,3,1
18149.328,0.454,0.372,0.716,-4.27,22.22,0.7,3,1
18149.343,0.436,0.361,0.757,-13.03,27.41,-0.49,3,1
18149.359,0.412,0.371,0.794,-19.87,28.87,-1.1,3,1
18149.359,0.397,0.38,0.834,-26.52,26.61,-0.73,3,1
18149.375,0.392,0.376,0.86,-31.59,22.16,1.04,3,1
18149.39,0.391,0.355,0.869,-33.75,18.13,4.09,3,1
18149.406,0.396,0.327,0.875,-33.23,15.56,7.39,3,1
18149.406,0.413,0.303,0.885,-25.79,14.44,11.6,3,1
18149.421,0.425,0.274,0.887,-22.0,14.5,10.07,3,1
18149.421,0.441,0.248,0.891,-19.01,15.63,6.04,3,1
18149.437,0.456,0.231,0.874,-17.49,17.91,1.16,3,1
18149.437,0.39,0.234,0.864,-15.69,18.34,-1.95,3,1
18149.453,0.349,0.255,0.972,-16.27,14.01,-3.88,3,1
18149.468,0.385,0.256,0.999,-14.95,1.28,-6.2,3,1
18149.468,0.384,0.261,0.928,-12.48,-8.39,-10.74,3,1
18149.484,0.386,0.259,0.901,-7.08,-11.11,-11.87,3,1
18149.5,0.381,0.254,0.889,-1.83,-11.57,-12.36,3,1
18149.5,0.383,0.264,0.892,0.76,-10.68,-12.54,3,1
18149.515,0.381,0.269,0.89,3.48,-9.92,-12.51,3,1
18149.531,0.379,0.28,0.885,5.55,-9.8,-12.09,3,1
18149.546,0.386,0.297,0.876,7.26,-9.58,-10.59,3,1
18149.546,0.393,0.3,0.859,9.25,-8.82,-8.55,3,1
18149.546,0.399,0.3,0.852,9.67,-8.36,-6.96,3,1
18149.562,0.405,0.302,0.851,8.12,-8.58,-6.16,3,1
18149.578,0.412,0.311,0.851,5.07,-9.8,-6.35,3,1
18149.578,0.419,0.315,0.847,2.47,-10.96,-6.47,3,1
18149.593,0.416,0.313,0.843,0.79,-11.51,-5.92,3,1
18149.609,0.417,0.308,0.849,-0.92,-11.6,-4.88,3,1
18149.609,0.418,0.302,0.854,-2.47,-11.96,-4.49,3,1
18149.625,0.418,0.296,0.848,-4.03,-12.57,-4.46,3,1
18149.64,0.424,0.286,0.845,-5.92,-12.21,-4.73,3,1
18149.64,0.428,0.27,0.851,-5.4,-9.49,-4.94,3,1
18149.656,0.42,0.273,0.857,-2.17,-5.65,-4.36,3,1
18149.671,0.417,0.285,0.867,1.65,-2.66,-3.81,3,1
18149.671,0.411,0.284,0.877,5.19,-0.67,-4.3,3,1
18149.687,0.4,0.283,0.873,8.21,0.09,-5.25,3,1
18149.687,0.392,0.298,0.867,10.32,-0.06,-5.49,3,1
18149.703,0.394,0.313,0.863,11.57,-0.58,-5.07,3,1
18149.718,0.396,0.32,0.852,11.81,-1.07,-4.21,3,1
18149.718,0.399,0.325,0.845,10.99,-1.83,-3.45,3,1
18149.734,0.398,0.326,0.841,8.73,-3.33,-3.08,3,1
18149.75,0.404,0.335,0.836,4.52,-5.4,-3.3,3,1
18149.75,0.411,0.342,0.835,-0.49,-7.78,-3.75,3,1
18149.765,0.412,0.333,0.829,-4.55,-9.58,-4.03,3,1
18149.781,0.418,0.327,0.83,-8.24,-10.47,-3.57,3,1
18149.781,0.426,0.322,0.835,-11.17,-10.13,-2.93,3,1
18149.796,0.433,0.303,0.848,-11.99,-8.55,-1.77,3,1
18149.812,0.433,0.285,0.859,-10.44,-6.62,-0.31,3,1
18149.812,0.439,0.279,0.866,-8.06,-5.22,0.64,3,1
18149.828,0.442,0.265,0.871,-5.83,-4.58,-0.58,3,1
18149.828,0.435,0.261,0.866,-3.42,-4.33,-2.9,3,1
18149.843,0.435,0.269,0.862,-0.55,-4.3,-4.85,3,1
18149.859,0.438,0.28,0.856,0.82,-4.49,-7.6,3,1
18149.875,0.43,0.293,0.848,0.76,-5.07,-11.41,3,1
18149.875,0.418,0.309,0.843,0.37,-5.19,-13.49,3,1
18149.89,0.412,0.32,0.843,0.27,-4.7,-13.21,3,1
18149.89,0.408,0.326,0.846,0.0,-4.15,-11.99,3,1
18149.906,0.406,0.324,0.848,0.03,-3.42,-10.59,3,1
18149.921,0.405,0.32,0.853,0.43,-2.99,-8.85,3,1
18149.921,0.409,0.316,0.852,0.52,-3.42,-7.42,3,1
18149.937,0.416,0.312,0.849,-0.64,-4.36,-7.14,3,1
18149.937,0.428,0.298,0.851,-2.9,-5.58,-8.24,3,1
18149.953,0.433,0.295,0.852,-5.49,-7.35,-10.9,3,1
18149.968,0.44,0.293,0.851,-7.39,-9.19,-14.01,3,1
18149.968,0.442,0.294,0.843,-9.4,-10.5,-16.82,3,1
18149.984,0.453,0.292,0.844,-10.74,-11.26,-19.07,3,1
18150.0,0.449,0.283,0.832,-10.71,-10.77,-21.94,3,1
18150.0,0.443,0.292,0.832,-10.38,-9.13,-23.74,3,1
18150.015,0.439,0.295,0.842,-10.1,-7.6,-25.06,3,1
18150.031,0.425,0.285,0.858,-9.58,-6.2,-26.46,3,1
18150.031,0.416,0.295,0.857,-9.03,-6.32,-27.31,3,1
18150.046,0.415,0.311,0.858,-9.64,-8.09,-28.63,3,1
18150.062,0.412,0.292,0.836,-12.79,-10.56,-31.04,3,1
18150.062,0.426,0.27,0.809,-20.29,-13.31,-36.13,3,1
18150.078,0.421,0.302,0.782,-28.05,-13.64,-40.56,3,1
18150.078,0.428,0.334,0.788,-33.85,-10.38,-40.16,3,1
18150.093,0.43,0.355,0.827,-34.06,-4.52,-37.08,3,1
18150.109,0.403,0.375,0.848,-29.51,1.22,-32.56,3,1
18150.109,0.39,0.362,0.869,-25.03,4.52,-25.64,3,1
18150.125,0.396,0.331,0.889,-20.6,5.65,-19.78,3,1
18150.14,0.39,0.293,0.908,-16.42,5.74,-16.42,3,1
18150.14,0.38,0.267,0.934,-11.6,4.82,-14.34,3,1
18150.156,0.369,0.261,0.918,-4.52,2.81,-11.32,3,1
18150.171,0.388,0.268,0.89,1.16,1.22,-7.87,3,1
18150.171,0.399,0.279,0.88,4.24,2.11,-5.77,3,1
18150.187,0.403,0.276,0.88,7.63,4.58,-4.33,3,1
18150.203,0.392,0.279,0.867,11.63,6.47,-3.39,3,1
18150.203,0.39,0.303,0.849,13.31,7.69,-1.8,3,1
18150.218,0.393,0.327,0.84,13.4,9.64,0.21,3,1
18150.218,0.387,0.333,0.842,13.34,12.51,2.56,3,1
18150.234,0.371,0.343,0.859,12.76,14.65,4.85,3,1
18150.25,0.345,0.366,0.873,11.96,13.73,8.24,3,1
18150.25,0.33,0.385,0.857,10.65,11.2,14.37,3,1
18150.265,0.344,0.389,0.836,8.03,9.92,22.0,3,1
18150.281,0.339,0.388,0.942,6.41,9.43,28.75,3,1
18150.296,0.316,0.379,0.992,11.93,3.23,35.71,3,1
18150.296,0.341,0.347,0.919,17.64,-5.25,42.36,3,1
18150.312,0.368,0.288,0.879,19.1,-10.04,44.77,3,1
18150.312,0.393,0.247,0.885,19.01,-13.28,42.6,3,1
18150.328,0.412,0.241,0.895,16.72,-18.07,35.95,3,1
18150.328,0.398,0.263,0.901,12.3,-25.03,28.72,3,1
18150.343,0.404,0.271,0.879,9.77,-33.17,24.72,3,1
18150.359,0.435,0.277,0.869,8.76,-39.95,21.27,3,1
18150.359,0.461,0.302,0.858,6.71,-45.5,16.6,3,1
18150.375,0.489,0.289,0.816,5.16,-48.31,11.38,3,1
18150.39,0.511,0.285,0.747,3.3,-45.78,7.02,3,1
18150.39,0.542,0.291,0.713,-3.3,-24.99,0.0,3,1
18150.406,0.563,0.292,0.688,-5.83,-9.31,-2.14,3,1
18150.421,0.558,0.318,0.639,-10.16,7.72,-1.86,3,1
18150.421,0.528,0.341,0.686,-17.24,22.13,-1.71,3,1
18150.437,0.512,0.337,0.715,-20.81,35.4,-1.37,3,1
18150.453,0.421,0.348,0.911,-20.6,44.37,0.67,3,1
18150.453,0.326,0.307,0.995,-15.41,36.99,5.07,3,1
18150.468,0.447,0.286,0.925,-12.02,26.22,11.11,3,1
18150.484,0.442,0.259,0.88,-7.42,27.65,11.72,3,1
18150.484,0.432,0.189,0.856,4.97,34.7,14.59,3,1
18150.5,0.443,0.206,0.848,18.22,44.01,19.41,3,1
18150.5,0.428,0.256,0.865,27.83,53.9,21.73,3,1
18150.515,0.401,0.263,0.894,31.83,60.55,22.06,3,1
18150.531,0.373,0.261,0.912,34.3,61.89,21.45,3,1
18150.531,0.36,0.279,0.898,36.87,59.3,22.03,3,1
18150.546,0.383,0.293,0.85,37.75,56.83,21.73,3,1
18150.562,0.382,0.317,0.831,37.81,58.41,20.39,3,1
18150.562,0.359,0.33,0.834,35.52,59.79,19.14,3,1
18150.578,0.355,0.347,0.845,30.82,58.84,17.76,3,1
18150.578,0.335,0.373,0.853,26.37,57.71,16.6,3,1
18150.593,0.329,0.385,0.861,23.41,57.37,19.5,3,1
18150.609,0.33,0.379,0.84,21.85,57.8,23.44,3,1
18150.609,0.327,0.38,0.835,16.91,56.67,24.05,3,1
18150.625,0.319,0.369,0.86,7.69,52.86,21.52,3,1
18150.64,0.303,0.346,0.891,-2.99,44.43,16.36,3,1
18150.656,0.301,0.326,0.903,-12.57,32.78,9.8,3,1
18150.656,0.306,0.322,0.914,-19.87,23.38,3.91,3,1
18150.671,0.306,0.303,0.914,-22.64,17.94,-0.18,3,1
18150.671,0.302,0.257,0.908,-22.22,14.47,-4.3,3,1
18150.687,0.32,0.195,0.908,-13.73,11.26,-9.92,3,1
18150.703,0.268,0.377,1.041,-15.44,11.9,-8.15,3,1
18150.703,0.281,0.365,0.975,-14.62,5.49,-8.24,3,1
18150.718,0.296,0.257,0.901,-12.24,1.13,-9.46,3,1
18150.718,0.307,0.181,0.826,-6.01,2.38,-9.55,3,1
18150.734,0.344,0.174,0.895,0.58,6.93,-11.87,3,1
18150.75,0.284,0.348,0.994,-1.77,10.8,-12.54,3,1
18150.75,0.337,0.326,0.915,-5.25,4.06,-18.22,3,1
18150.765,0.31,0.249,0.868,-3.6,1.56,-24.38,3,1
18150.781,0.304,0.297,0.854,-1.4,3.14,-23.62,3,1
18150.781,0.293,0.34,0.9,-1.16,7.2,-22.19,3,1
18150.796,0.276,0.382,0.925,-3.3,10.59,-17.91,3,1
18150.812,0.292,0.32,0.878,-3.36,10.77,-17.06,3,1
18150.812,0.265,0.284,0.869,-1.74,12.36,-16.24,3,1
18150.828,0.28,0.327,0.882,-0.09,16.24,-11.84,3,1
18150.828,0.255,0.352,0.913,-0.61,20.26,-9.19,3,1
18150.843,0.249,0.357,0.901,-1.77,21.91,-6.68,3,1
18150.859,0.261,0.32,0.872,0.12,22.77,-2.44,3,1
18150.859,0.268,0.356,0.874,1.8,24.23,2.14,3,1
18150.875,0.271,0.387,0.9,-1.77,23.96,2.93,3,1
18150.89,0.256,0.386,0.894,-6.53,21.33,3.75,3,1
18150.89,0.262,0.38,0.88,-9.86,17.88,6.62,3,1
18150.906,0.241,0.372,0.869,-13.0,15.11,10.32,3,1
18150.921,0.245,0.378,0.874,-17.55,13.58,15.47,3,1
18150.921,0.246,0.363,0.901,-21.3,13.79,18.43,3,1
18150.937,0.23,0.32,0.933,-22.25,13.64,19.9,3,1
18150.953,0.225,0.281,0.947,-20.54,12.02,22.19,3,1
18150.953,0.239,0.246,0.971,-17.82,9.34,23.01,3,1
18150.968,0.25,0.21,0.986,-15.23,5.46,20.05,3,1
18150.968,0.259,0.203,0.979,-14.65,0.37,13.21,3,1
18150.984,0.257,0.205,0.976,-14.74,-3.85,5.28,3,1
18151.0,0.232,0.216,0.953,-13.0,-7.14,-0.82,3,1
18151.0,0.205,0.247,0.939,-10.68,-7.72,-2.41,3,1
18151.015,0.201,0.271,0.92,-8.51,-4.82,-0.06,3,1
18151.031,0.207,0.268,0.935,-6.9,1.59,3.85,3,1
18151.031,0.2,0.232,0.953,-3.66,7.05,6.32,3,1
18151.046,0.193,0.218,0.949,-0.67,9.19,7.57,3,1
18151.062,0.209,0.233,0.943,0.49,9.13,7.26,3,1
18151.062,0.212,0.26,0.92,-0.24,8.76,5.52,3,1
18151.078,0.228,0.279,0.917,-1.13,9.25,5.4,3,1
18151.078,0.242,0.293,0.912,-1.37,9.4,5.74,3,1
18151.093,0.246,0.298,0.916,-3.63,9.03,5.04,3,1
18151.109,0.254,0.292,0.933,-7.05,8.09,3.81,3,1
18151.109,0.253,0.278,0.929,-9.64,6.56,1.86,3,1
18151.125,0.244,0.267,0.918,-11.47,5.1,-0.49,3,1
18151.14,0.244,0.264,0.917,-13.15,4.82,-1.28,3,1
18151.14,0.248,0.259,0.93,-15.02,5.98,-1.37,3,1
18151.156,0.258,0.237,0.954,-15.75,6.96,-2.47,3,1
18151.171,0.249,0.224,0.952,-14.04,6.62,-4.21,3,1
18151.171,0.241,0.212,0.957,-10.16,6.13,-5.01,3,1
18151.187,0.234,0.207,0.97,-5.13,5.89,-5.49,3,1
18151.203,0.211,0.222,0.991,-0.49,4.91,-6.23,3,1
18151.203,0.184,0.238,0.989,3.72,2.87,-5.34,3,1
18151.218,0.182,0.237,0.99,8.12,0.85,-2.53,3,1
18151.218,0.184,0.239,1.012,14.13,-1.4,-0.34,3,1
18151.234,0.168,0.27,1.038,21.09,-5.86,1.43,3,1
18151.25,0.147,0.285,1.045,27.16,-15.23,4.33,3,1
18151.25,0.127,0.296,1.024,32.01,-27.53,9.37,3,1
18151.265,0.159,0.294,1.028,32.99,-39.34,11.44,3,1
18151.281,0.135,0.296,0.986,31.04,-50.75,11.99,3,1
18151.281,0.135,0.307,1.081,26.03,-64.55,14.65,3,1
18151.296,0.215,0.244,1.055,25.82,-84.57,15.23,3,1
18151.312,0.264,0.221,0.949,22.31,-98.48,8.27,3,1
18151.312,0.287,0.203,0.945,18.37,-105.62,-0.15,3,1
18151.328,0.288,0.209,0.901,16.6,-114.08,-9.49,3,1
18151.328,0.298,0.271,0.816,9.86,-120.67,-15.99,3,1
18151.343,0.342,0.353,0.778,0.98,-115.94,-13.06,3,1
18151.359,0.414,0.374,0.786,0.67,-98.15,-1.95,3,1
18151.359,0.459,0.372,0.781,10.5,-75.69,8.39,3,1
18151.375,0.482,0.359,0.744,21.91,-43.82,13.86,3,1
18151.39,0.48,0.321,0.698,15.26,-34.79,9.13,3,1
18151.39,0.49,0.294,0.678,3.11,-26.4,2.08,3,1
18151.406,0.512,0.315,0.67,-12.88,-17.64,-7.2,3,1
18151.421,0.494,0.322,0.658,-25.76,-8.03,-15.02,3,1
18151.421,0.452,0.33,0.757,-32.38,4.12,-15.29,3,1
18151.437,0.45,0.324,0.895,-30.15,12.51,-10.77,3,1
18151.437,0.368,0.306,0.988,-26.49,13.86,-10.8,3,1
18151.453,0.345,0.224,0.952,-16.45,10.59,-7.75,3,1
18151.468,0.419,0.214,0.9,-7.14,11.75,-3.81,3,1
18151.468,0.392,0.19,0.897,6.81,20.05,-2.53,3,1
18151.484,0.356,0.191,0.888,17.61,23.62,-2.99,3,1
18151.5,0.362,0.28,0.897,17.4,22.52,-3.39,3,1
18151.5,0.359,0.36,0.882,12.97,19.84,-4.03,3,1
18151.515,0.352,0.365,0.843,7.45,17.03,-3.45,3,1
18151.531,0.355,0.326,0.823,2.87,14.8,-2.53,3,1
18151.546,0.349,0.339,0.851,-1.4,13.73,0.43,3,1
18151.546,0.345,0.371,0.9,-9.22,11.32,3.23,3,1
18151.546,0.348,0.324,0.925,-16.24,6.2,3.2,3,1
18151.562,0.347,0.285,0.945,-19.78,0.34,3.17,3,1
18151.578,0.37,0.255,0.949,-17.85,-6.99,1.59,3,1
18151.593,0.4,0.256,0.917,-14.31,-10.16,-0.58,3,1
18151.593,0.436,0.246,0.864,-10.93,-5.77,-1.95,3,1
18151.609,0.402,0.239,0.88,-4.55,1.89,-4.36,3,1
18151.609,0.387,0.24,0.874,3.85,5.83,-4.58,3,1
18151.625,0.374,0.259,0.871,8.27,7.63,-5.25,3,1
18151.64,0.35,0.258,0.881,13.0,9.19,-4.73,3,1
18151.64,0.335,0.268,0.885,17.73,10.16,-2.81,3,1
18151.656,0.319,0.278,0.901,22.74,10.62,-0.4,3,1
18151.671,0.31,0.286,0.929,28.93,9.58,3.14,3,1
18151.671,0.312,0.3,0.951,33.78,4.18,5.16,3,1
18151.687,0.314,0.315,0.98,36.74,-4.94,5.34,3,1
18151.703,0.302,0.334,0.99,39.46,-17.12,4.55,3,1
18151.703,0.371,0.334,0.886,39.16,-28.72,3.02,3,1
18151.718,0.362,0.364,0.845,34.18,-32.2,-0.21,3,1
18151.718,0.352,0.367,0.847,28.53,-32.2,0.98,3,1
18151.734,0.365,0.31,0.866,22.71,-31.89,2.11,3,1
18151.75,0.377,0.264,0.866,21.27,-31.62,2.62,3,1
18151.765,0.439,0.261,0.832,23.04,-30.58,2.72,3,1
18151.765,0.445,0.277,0.812,26.52,-25.88,-1.04,3,1
18151.781,0.455,0.282,0.813,29.08,-21.03,-4.43,3,1
18151.781,0.464,0.318,0.823,31.07,-17.55,-8.79,3,1
18151.796,0.457,0.36,0.832,33.14,-15.14,-12.91,3,1
18151.812,0.443,0.389,0.831,34.09,-14.4,-15.99,3,1
18151.812,0.442,0.394,0.819,33.85,-15.11,-18.22,3,1
18151.828,0.441,0.391,0.81,33.14,-15.26,-20.48,3,1
18151.828,0.438,0.378,0.801,32.84,-13.76,-22.52,3,1
18151.843,0.434,0.371,0.801,32.07,-10.56,-23.96,3,1
18151.859,0.432,0.369,0.809,30.58,-7.08,-25.06,3,1
18151.859,0.434,0.365,0.826,30.3,-4.09,-26.7,3,1
18151.875,0.434,0.37,0.856,33.48,-0.24,-28.41,3,1
18151.89,0.427,0.363,0.89,42.36,5.89,-28.87,3,1
18151.89,0.412,0.345,0.924,57.04,13.09,-27.04,3,1
18151.906,0.406,0.332,0.958,76.27,20.23,-23.56,3,1
18151.921,0.403,0.321,0.972,98.91,26.64,-20.2,3,1
18151.937,0.396,0.314,0.967,122.65,31.4,-18.16,3,1
18151.937,0.393,0.325,0.953,145.33,35.04,-18.22,3,1
18151.953,0.384,0.354,0.915,165.47,36.93,-19.99,3,1
18151.953,0.378,0.415,0.86,179.11,36.99,-22.31,3,1
18151.968,0.365,0.509,0.79,181.1,34.0,-25.3,3,1
18151.968,0.343,0.6,0.73,168.68,27.71,-28.87,3,1
18151.984,0.331,0.666,0.682,143.5,20.14,-32.26,3,1
18152.0,0.369,0.741,0.636,111.42,12.88,-30.43,3,1
18152.0,0.366,0.81,0.626,66.35,8.45,-10.9,3,1
18152.015,0.273,0.768,0.681,15.2,6.93,-2.96,3,1
18152.031,0.375,0.661,0.696,-10.62,1.56,-9.06,3,1
18152.031,0.368,0.636,0.706,-29.39,-0.79,-9.19,3,1
18152.046,0.354,0.602,0.705,-39.74,-1.59,-13.21,3,1
18152.046,0.363,0.566,0.722,-40.22,-2.47,-16.97,3,1
18152.062,0.367,0.594,0.72,-33.81,-2.2,-18.68,3,1
18152.078,0.355,0.602,0.705,-27.62,-2.08,-19.53,3,1
18152.093,0.353,0.592,0.703,-25.64,-2.72,-19.2,3,1
18152.093,0.368,0.599,0.695,-25.54,-4.15,-19.01,3,1
18152.109,0.36,0.595,0.701,-33.14,-6.32,-17.85,3,1
18152.109,0.378,0.54,0.698,-39.49,-8.61,-20.33,3,1
18152.125,0.385,0.521,0.693,-46.94,-10.41,-22.43,3,1
18152.14,0.39,0.509,0.676,-56.55,-11.26,-25.57,3,1
18152.14,0.393,0.479,0.671,-68.21,-10.8,-29.57,3,1
18152.156,0.385,0.465,0.681,-79.2,-9.03,-34.24,3,1
18152.171,0.371,0.463,0.693,-86.76,-6.04,-39.16,3,1
18152.171,0.351,0.479,0.715,-88.9,-0.95,-43.31,3,1
18152.187,0.323,0.493,0.747,-85.21,5.16,-44.71,3,1
18152.203,0.289,0.477,0.787,-75.38,9.92,-42.76,3,1
18152.203,0.275,0.45,0.832,-57.99,11.78,-38.36,3,1
18152.218,0.304,0.467,0.845,-33.17,11.32,-37.48,3,1
18152.234,0.261,0.494,0.827,-8.58,11.38,-39.28,3,1
18152.234,0.213,0.501,0.821,9.58,8.85,-37.81,3,1
18152.25,0.239,0.553,0.823,24.02,5.28,-33.36,3,1
18152.25,0.229,0.64,0.799,36.23,3.14,-34.0,3,1
18152.265,0.185,0.65,0.764,40.62,-0.27,-34.52,3,1
18152.281,0.186,0.664,0.74,37.78,-4.18,-33.42,3,1
18152.281,0.167,0.705,0.714,32.53,-7.97,-32.53,3,1
18152.296,0.153,0.738,0.694,25.24,-12.02,-28.96,3,1
18152.312,0.136,0.766,0.659,15.78,-15.72,-26.46,3,1
18152.312,0.14,0.738,0.628,4.97,-19.41,-21.79,3,1
18152.328,0.14,0.714,0.604,-4.52,-21.42,-16.85,3,1
18152.328,0.125,0.722,0.601,-10.1,-20.94,-11.66,3,1
18152.343,0.115,0.73,0.583,-11.29,-17.85,-4.3,3,1
18152.359,0.092,0.731,0.516,-7.72,-0.31,24.72,3,1
18152.375,0.132,0.789,0.463,-0.55,15.87,38.27,3,1
18152.375,0.137,0.751,0.46,8.3,31.65,46.08,3,1
18152.39,0.183,0.688,0.48,18.37,45.5,45.53,3,1
18152.39,0.177,0.713,0.431,26.86,60.73,45.47,3,1
18152.406,0.094,0.764,0.41,29.73,79.23,54.66,3,1
18152.421,0.072,0.812,0.457,27.74,94.61,73.95,3,1
18152.421,0.108,0.845,0.499,27.1,107.3,92.87,3,1
18152.437,0.081,0.81,0.525,26.31,118.41,108.68,3,1
18152.453,0.068,0.72,0.529,23.83,124.82,117.16,3,1
18152.453,0.12,0.629,0.577,19.84,127.87,118.44,3,1
18152.468,0.184,0.566,0.635,17.94,129.12,107.55,3,1
18152.484,0.17,0.526,0.683,13.7,128.33,88.5,3,1
18152.484,0.177,0.494,0.735,3.6,122.38,68.54,3,1
18152.5,0.157,0.465,0.784,-10.59,115.12,50.57,3,1
18152.5,0.151,0.455,0.836,-29.42,105.87,36.74,3,1
18152.515,0.148,0.415,0.884,-48.74,96.22,24.45,3,1
18152.531,0.12,0.371,0.929,-65.31,86.49,13.61,3,1
18152.531,0.098,0.354,0.977,-76.66,77.55,7.11,3,1
18152.546,0.092,0.342,1.025,-80.14,68.06,3.02,3,1
18152.562,0.089,0.339,1.079,-76.63,56.83,0.15,3,1
18152.562,-0.014,0.354,1.301,-68.45,39.19,-1.4,3,1
18152.578,-0.172,0.359,1.573,-49.26,-1.04,5.98,3,1
18152.578,0.142,0.317,1.334,-28.38,-56.83,16.82,3,1
18152.593,0.199,0.442,1.008,-31.62,-81.55,6.78,3,1
18152.609,0.186,0.396,0.927,-38.64,-76.48,-0.03,3,1
18152.609,0.233,0.367,0.896,-36.62,-63.91,-0.12,3,1
18152.625,0.264,0.424,0.855,-28.66,-46.36,-0.49,3,1
18152.64,0.261,0.467,0.847,-21.06,-26.49,-1.13,3,1
18152.64,0.269,0.48,0.885,-19.29,-9.92,-1.07,3,1
18152.656,0.264,0.481,0.944,-19.1,-0.21,-2.62,3,1
18152.671,0.249,0.459,0.966,-17.73,3.23,-4.94,3,1
18152.671,0.235,0.438,0.95,-17.37,3.11,-6.56,3,1
18152.687,0.228,0.425,0.926,-15.96,2.01,-6.23,3,1
18152.703,0.229,0.406,0.897,-13.09,1.28,-5.34,3,1
18152.703,0.222,0.402,0.88,-10.5,3.02,-4.82,3,1
18152.718,0.201,0.415,0.876,-8.21,6.29,-2.47,3,1
18152.718,0.2,0.41,0.895,-7.87,7.39,1.4,3,1
18152.734,0.203,0.393,0.907,-5.22,6.16,3.05,3,1
18152.75,0.2,0.394,0.896,-1.07,4.18,3.11,3,1
18152.75,0.208,0.398,0.886,2.01,2.72,3.36,3,1
18152.765,0.198,0.416,0.87,4.03,2.26,2.32,3,1
18152.781,0.191,0.448,0.856,2.53,2.32,1.86,3,1
18152.796,0.189,0.469,0.853,-1.13,3.27,2.47,3,1
18152.796,0.182,0.483,0.859,-4.82,5.4,3.39,3,1
18152.812,0.174,0.498,0.867,-8.85,7.14,4.27,3,1
18152.812,0.174,0.498,0.871,-13.73,7.29,5.37,3,1
18152.828,0.177,0.484,0.873,-17.37,6.74,5.31,3,1
18152.843,0.171,0.466,0.877,-19.65,5.92,5.01,3,1
18152.843,0.171,0.468,0.875,-22.95,5.16,5.46,3,1
18152.859,0.171,0.446,0.873,-25.03,4.82,5.71,3,1
18152.859,0.171,0.43,0.871,-25.76,5.13,5.31,3,1
18152.875,0.167,0.422,0.868,-26.43,6.1,5.16,3,1
18152.89,0.165,0.404,0.876,-26.03,6.74,4.88,3,1
18152.89,0.154,0.397,0.882,-23.77,8.12,4.94,3,1
18152.906,0.155,0.403,0.883,-21.85,9.8,6.01,3,1
18152.921,0.151,0.402,0.893,-20.54,11.32,6.53,3,1
18152.921,0.149,0.383,0.903,-18.89,12.3,6.35,3,1
18152.937,0.149,0.369,0.908,-16.3,12.42,5.4,3,1
18152.953,0.145,0.362,0.905,-12.91,13.12,4.79,3,1
18152.953,0.143,0.355,0.898,-10.22,13.61,4.21,3,1
18152.968,0.143,0.361,0.886,-8.09,14.04,2.66,3,1
18152.968,0.138,0.391,0.87,-8.3,15.41,1.16,3,1
18152.984,0.141,0.422,0.877,-11.9,17.24,0.12,3,1
18153.0,0.132,0.425,0.885,-15.41,17.67,-1.31,3,1
18153.015,0.129,0.442,0.885,-19.17,16.75,-1.98,3,1
18153.015,0.133,0.449,0.89,-24.29,15.93,-2.47,3,1
18153.031,0.134,0.426,0.902,-29.02,15.32,-3.05,3,1
18153.031,0.134,0.398,0.895,-30.82,14.59,-3.66,3,1
18153.046,0.13,0.39,0.9,-31.1,15.29,-3.39,3,1
18153.062,0.132,0.389,0.916,-31.04,16.08,-2.75,3,1
18153.062,0.124,0.369,0.926,-31.07,15.41,-3.3,3,1
18153.078,0.124,0.346,0.92,-31.19,13.52,-4.58,3,1
18153.078,0.13,0.344,0.923,-31.83,12.12,-5.49,3,1
18153.093,0.128,0.336,0.923,-32.72,11.26,-5.86,3,1
18153.109,0.137,0.319,0.932,-33.97,9.95,-6.1,3,1
18153.109,0.138,0.306,0.919,-34.42,8.27,-6.41,3,1
18153.125,0.139,0.313,0.928,-34.82,7.2,-6.2,3,1
18153.14,0.147,0.313,0.941,-35.58,5.71,-5.92,3,1
18153.14,0.147,0.304,0.949,-35.83,2.35,-6.35,3,1
18153.156,0.161,0.294,0.948,-34.88,-1.34,-6.87,3,1
18153.171,0.158,0.294,0.952,-33.02,-2.62,-6.99,3,1
18153.171,0.139,0.263,0.967,-30.55,-2.75,-5.16,3,1
18153.187,0.147,0.252,0.983,-26.92,-4.36,-3.6,3,1
18153.203,0.135,0.212,0.994,-16.57,-3.17,-0.92,3,1
18153.203,0.12,0.184,0.996,-7.05,-1.5,-0.85,3,1
18153.218,0.116,0.184,1.007,-0.67,0.64,-2.17,3,1
18153.234,0.098,0.167,1.02,7.14,3.02,-2.47,3,1
18153.234,0.097,0.139,1.05,18.1,7.63,-2.41,3,1
18153.25,0.093,0.116,1.074,32.99,13.12,-3.36,3,1
18153.25,0.103,0.08,1.095,50.78,17.21,-4.76,3,1
18153.265,0.106,0.102,1.144,67.14,16.33,-5.34,3,1
18153.281,0.092,0.153,1.121,81.73,7.66,-3.42,3,1
18153.281,0.111,0.178,1.079,88.75,-6.78,1.68,3,1
18153.296,0.113,0.213,1.057,89.63,-23.19,7.14,3,1
18153.312,0.117,0.238,1.029,87.74,-40.96,10.44,3,1
18153.312,0.135,0.291,1.013,80.66,-56.83,9.7,3,1
18153.328,0.105,0.431,1.037,71.99,-68.21,8.94,3,1
18153.328,0.174,0.459,0.93,67.75,-77.06,18.34,3,1
18153.343,0.26,0.4,0.957,21.09,-91.8,-2.66,3,1
18153.359,0.282,0.384,0.995,2.81,-93.17,-11.17,3,1
18153.375,0.293,0.406,0.969,-10.47,-91.56,-18.49,3,1
18153.375,0.285,0.31,0.967,-18.19,-91.19,-23.71,3,1
18153.39,0.332,0.302,0.973,-19.65,-93.3,-29.94,3,1
18153.39,0.306,0.291,0.936,-14.5,-96.16,-38.27,3,1
18153.406,0.302,0.27,0.899,-10.86,-99.61,-42.6,3,1
18153.421,0.317,0.305,0.866,-6.59,-101.96,-48.13,3,1
18153.421,0.34,0.337,0.81,-1.01,-101.87,-53.71,3,1
18153.437,0.321,0.381,0.757,1.65,-97.26,-60.46,3,1
18153.453,0.329,0.43,0.718,-0.85,-89.45,-65.89,3,1
18153.453,0.32,0.428,0.691,-8.45,-80.02,-70.25,3,1
18153.468,0.317,0.451,0.693,-19.93,-69.19,-73.27,3,1
18153.468,0.305,0.484,0.689,-29.18,-58.5,-75.78,3,1
18153.484,0.309,0.472,0.685,-35.55,-47.09,-75.23,3,1
18153.5,0.3,0.492,0.681,-40.71,-34.21,-76.14,3,1
18153.5,0.271,0.505,0.699,-45.32,-21.15,-73.4,3,1
18153.515,0.244,0.502,0.732,-48.01,-9.03,-66.62,3,1
18153.531,0.227,0.475,0.764,-48.71,-0.52,-62.17,3,1
18153.546,0.209,0.43,0.789,-49.23,2.78,-60.98,3,1
18153.546,0.197,0.433,0.82,-48.8,2.69,-60.85,3,1
18153.562,0.178,0.415,0.833,-47.49,0.21,-61.98,3,1
18153.562,0.174,0.358,0.838,-47.7,-5.28,-62.93,3,1
18153.578,0.194,0.337,0.847,-46.54,-10.86,-64.94,3,1
18153.593,0.185,0.338,0.846,-41.87,-14.19,-67.84,3,1
18153.593,0.163,0.307,0.836,-36.23,-14.89,-68.58,3,1
18153.609,0.18,0.309,0.836,-30.76,-11.41,-70.19,3,1
18153.625,0.192,0.297,0.842,-24.41,-5.07,-73.27,3,1
18153.625,0.153,0.314,0.854,-18.04,2.72,-77.49,3,1
18153.64,0.097,0.315,0.864,-11.38,8.39,-75.81,3,1
18153.64,0.174,0.34,0.884,-3.3,11.51,-72.82,3,1
18153.656,0.087,0.378,0.885,5.28,12.82,-76.45,3,1
18153.671,0.019,0.374,0.906,10.38,9.74,-69.83,3,1
18153.687,0.129,0.42,0.925,16.66,4.24,-61.98,3,1
18153.687,0.117,0.466,0.902,24.72,0.12,-61.8,3,1
18153.703,0.104,0.473,0.872,27.41,-1.46,-60.0,3,1
18153.703,0.097,0.466,0.863,23.47,-1.95,-56.79,3,1
18153.718,0.134,0.474,0.856,19.29,-1.83,-52.46,3,1
18153.718,0.147,0.488,0.841,17.82,2.01,-50.69,3,1
18153.734,0.122,0.487,0.833,14.71,6.01,-48.22,3,1
18153.75,0.139,0.505,0.836,11.14,8.18,-44.65,3,1
18153.75,0.144,0.513,0.841,10.38,9.83,-40.96,3,1
18153.765,0.149,0.515,0.844,11.08,11.6,-37.39,3,1
18153.781,0.131,0.506,0.842,10.74,12.51,-33.2,3,1
18153.781,0.138,0.49,0.847,9.77,12.51,-28.96,3,1
18153.796,0.154,0.5,0.852,7.97,12.54,-26.46,3,1
18153.812,0.137,0.502,0.853,5.8,12.54,-24.81,3,1
18153.812,0.132,0.498,0.86,2.78,11.32,-21.18,3,1
18153.828,0.134,0.497,0.863,-0.64,9.13,-15.9,3,1
18153.828,0.145,0.492,0.862,-3.08,7.32,-9.83,3,1
18153.843,0.149,0.482,0.86,-5.28,7.35,-4.21,3,1
18153.859,0.167,0.476,0.866,-6.78,9.55,0.03,3,1
18153.859,0.157,0.466,0.872,-7.05,13.25,2.44,3,1
18153.875,0.146,0.454,0.89,-7.93,16.21,4.58,3,1
18153.89,0.144,0.447,0.903,-8.18,17.27,4.88,3,1
18153.89,0.125,0.439,0.917,-7.2,16.6,3.97,3,1
18153.906,0.114,0.423,0.925,-5.25,13.21,4.36,3,1
18153.921,0.135,0.431,0.923,-2.84,9.61,4.94,3,1
18153.921,0.132,0.423,0.909,-1.28,7.11,5.58,3,1
18153.937,0.16,0.42,0.9,-2.14,6.47,4.91,3,1
18153.953,0.156,0.423,0.894,-4.85,8.0,2.26,3,1
18153.953,0.136,0.411,0.896,-9.61,9.31,0.24,3,1
18153.968,0.144,0.406,0.905,-13.49,9.25,-1.13,3,1
18153.968,0.133,0.403,0.91,-14.59,8.58,-2.2,3,1
18153.984,0.137,0.405,0.923,-14.1,7.54,-2.87,3,1
18154.0,0.126,0.414,0.939,-11.44,6.65,-3.75,3,1
18154.0,0.11,0.422,0.967,-7.9,5.1,-3.14,3,1
18154.015,0.113,0.42,0.972,-4.33,2.14,-1.59,3,1
18154.031,0.112,0.425,0.966,-2.29,-0.34,-1.01,3,1
18154.031,0.112,0.428,0.958,-1.46,-2.47,-0.85,3,1
18154.046,0.114,0.422,0.938,-1.71,-4.46,-0.98,3,1
18154.062,0.117,0.415,0.917,-2.47,-5.46,-0.98,3,1
18154.062,0.125,0.407,0.898,-3.33,-6.29,-0.98,3,1
18154.078,0.13,0.401,0.888,-4.21,-6.71,-1.19,3,1
18154.093,0.131,0.398,0.88,-4.79,-6.29,-1.22,3,1
18154.093,0.13,0.396,0.88,-5.04,-5.55,-1.43,3,1
18154.109,0.132,0.398,0.881,-4.91,-4.7,-1.77,3,1
18154.109,0.129,0.402,0.887,-4.3,-3.6,-1.83,3,1
18154.125,0.13,0.407,0.895,-2.84,-2.59,-1.83,3,1
18154.14,0.128,0.406,0.901,-0.58,-2.23,-1.8,3,1
18154.14,0.125,0.404,0.907,1.31,-2.62,-1.77,3,1
18154.156,0.126,0.41,0.913,2.04,-3.97,-1.77,3,1
18154.171,0.13,0.414,0.913,1.62,-5.25,-1.86,3,1
18154.171,0.133,0.405,0.91,0.49,-6.35,-2.38,3,1
18154.187,0.132,0.398,0.909,-0.46,-7.32,-3.42,3,1
18154.203,0.132,0.401,0.911,-0.27,-8.27,-4.55,3,1
18154.203,0.133,0.401,0.908,1.22,-8.94,-5.04,3,1
18154.218,0.14,0.405,0.895,3.2,-8.58,-4.52,3,1
18154.234,0.148,0.403,0.877,5.19,-7.66,-3.11,3,1
18154.234,0.146,0.395,0.857,5.4,-5.71,-2.99,3,1
18154.25,0.153,0.405,0.888,4.12,-3.42,-2.56,3,1
18154.25,0.158,0.395,0.862,2.38,-3.36,-3.45,3,1
18154.265,0.148,0.392,0.849,-1.68,-1.31,-5.55,3,1
18154.281,0.162,0.379,0.852,-4.0,2.29,-7.35,3,1
18154.281,0.165,0.381,0.844,-6.01,6.9,-10.56,3,1
18154.296,0.109,0.431,0.892,-6.93,13.73,-12.91,3,1
18154.312,0.101,0.455,0.959,-3.81,16.88,-9.95,3,1
18154.312,0.189,0.413,0.92,-4.3,15.9,-9.74,3,1
18154.328,0.006,0.498,1.011,3.42,10.47,-4.3,3,1
18154.328,0.072,0.432,1.034,9.43,2.32,-1.74,3,1
18154.343,0.155,0.419,0.91,9.13,4.76,-0.27,3,1
18154.359,0.123,0.437,0.89,13.06,5.68,1.46,3,1
18154.359,0.127,0.377,0.863,18.37,4.58,2.69,3,1
18154.375,0.124,0.393,0.855,19.93,3.2,5.07,3,1
18154.39,0.11,0.439,0.866,16.82,1.07,9.92,3,1
18154.39,0.088,0.478,0.87,10.8,-3.54,15.26,3,1
18154.406,0.094,0.488,0.89,5.01,-8.33,19.68,3,1
18154.421,0.099,0.499,0.873,2.44,-11.02,24.32,3,1
18154.421,0.108,0.519,0.861,-1.22,-11.11,30.18,3,1
18154.437,0.116,0.522,0.868,-6.44,-8.85,35.77,3,1
18154.453,0.113,0.523,0.893,-8.06,-5.68,42.63,3,1
18154.453,0.076,0.587,0.888,12.54,-0.4,60.7,3,1
18154.468,0.18,0.561,0.775,52.55,12.12,94.24,3,1
18154.468,0.101,0.579,0.687,79.17,26.12,110.81,3,1
18154.484,0.106,0.586,0.748,90.09,40.01,119.79,3,1
18154.5,0.158,0.575,0.767,92.56,48.49,120.24,3,1
18154.5,0.181,0.553,0.756,82.98,53.25,113.83,3,1
18154.515,0.21,0.52,0.757,61.46,54.29,96.29,3,1
18154.531,0.191,0.458,0.762,32.17,50.23,72.54,3,1
18154.546,0.192,0.426,0.772,-0.58,42.91,50.51,3,1
18154.546,0.172,0.388,0.793,-32.07,35.49,33.42,3,1
18154.562,0.16,0.33,0.82,-58.11,29.45,22.25,3,1
18154.562,0.15,0.295,0.87,-76.6,24.96,13.73,3,1
18154.578,0.152,0.266,0.925,-87.1,20.33,6.13,3,1
18154.578,0.142,0.24,0.97,-90.76,17.52,-2.14,3,1
18154.593,0.092,0.205,1.017,-88.99,14.28,-8.18,3,1
18154.609,0.123,0.203,1.064,-80.48,10.5,-11.57,3,1
18154.609,0.093,0.215,1.082,-65.34,8.94,-14.4,3,1
18154.625,0.077,0.237,1.097,-47.79,7.14,-14.47,3,1
18154.64,0.053,0.274,1.101,-25.54,5.62,-10.35,3,1
18154.64,0.073,0.292,1.074,-3.08,2.81,-4.09,3,1
18154.656,0.109,0.322,1.025,14.13,0.52,-4.39,3,1
18154.671,0.102,0.348,0.959,25.15,0.12,-7.63,3,1
18154.671,0.106,0.372,0.912,29.42,-0.61,-9.64,3,1
18154.687,0.136,0.39,0.886,29.42,-1.46,-11.23,3,1
18154.703,0.149,0.411,0.848,25.39,-1.98,-14.59,3,1
18154.703,0.133,0.444,0.807,16.94,-1.22,-18.92,3,1
18154.718,0.112,0.482,0.801,7.11,2.69,-19.84,3,1
18154.734,0.108,0.505,0.772,-0.79,8.15,-15.29,3,1
18154.734,0.181,0.45,0.732,-11.02,17.85,-9.67,3,1
18154.75,-0.023,0.531,0.937,-17.94,29.33,-8.94,3,1
18154.75,0.064,0.463,1.056,-3.39,26.0,5.74,3,1
18154.765,0.095,0.437,0.964,2.78,12.24,8.18,3,1
18154.781,0.061,0.44,0.945,-2.93,6.04,7.97,3,1
18154.796,0.09,0.382,0.953,-6.38,1.28,10.41,3,1
18154.796,0.093,0.324,0.94,-5.92,-1.71,10.19,3,1
18154.812,0.096,0.3,0.92,-1.98,-2.47,8.55,3,1
18154.812,0.086,0.289,0.927,2.9,-3.45,5.8,3,1
18154.828,0.071,0.297,0.929,6.93,-6.38,2.78,3,1
18154.828,0.079,0.312,0.929,9.98,-10.32,-0.52,3,1
18154.843,0.066,0.342,0.949,13.82,-14.5,-4.97,3,1
18154.859,0.048,0.383,0.95,18.22,-18.52,-6.35,3,1
18154.859,0.047,0.411,0.967,20.23,-21.49,-4.21,3,1
18154.875,0.021,0.454,1.017,21.97,-24.75,0.09,3,1
18154.89,0.141,0.375,0.938,22.16,-30.67,5.25,3,1
18154.906,0.121,0.405,0.955,11.84,-31.31,-2.44,3,1
18154.906,0.042,0.311,0.956,1.74,-35.0,-12.09,3,1
18154.921,0.07,0.298,0.956,-8.03,-46.91,-16.85,3,1
18154.921,0.162,0.334,0.939,-9.46,-51.79,-15.78,3,1
18154.937,0.14,0.319,0.907,-11.66,-52.55,-21.33,3,1
18154.953,0.167,0.316,0.905,-17.94,-53.1,-24.6,3,1
18154.953,0.182,0.331,0.904,-18.4,-50.33,-29.88,3,1
18154.968,0.179,0.315,0.896,-15.99,-47.98,-34.73,3,1
18154.984,0.185,0.333,0.896,-10.5,-43.95,-39.67,3,1
18154.984,0.152,0.35,0.885,-3.33,-41.81,-42.57,3,1
18155.0,0.217,0.4,0.883,-0.95,-40.35,-44.86,3,1
18155.0,0.164,0.427,0.878,-2.53,-36.71,-50.78,3,1
18155.015,0.18,0.436,0.9,-11.69,-37.35,-54.81,3,1
18155.031,0.208,0.477,0.922,-21.61,-37.48,-62.14,3,1
18155.031,0.141,0.456,0.911,-29.51,-37.9,-68.51,3,1
18155.046,0.158,0.437,0.909,-38.09,-41.51,-71.05,3,1
18155.062,0.155,0.414,0.905,-40.99,-44.56,-73.55,3,1
18155.062,0.158,0.397,0.9,-37.14,-48.1,-75.17,3,1
18155.078,0.154,0.381,0.903,-31.71,-51.33,-74.1,3,1
18155.093,0.186,0.377,0.917,-22.77,-53.44,-71.02,3,1
18155.093,0.217,0.41,0.903,-10.04,-53.04,-66.59,3,1
18155.109,0.196,0.44,0.871,0.55,-49.56,-61.22,3,1
18155.125,0.209,0.436,0.848,5.65,-46.85,-51.76,3,1
18155.125,0.255,0.456,0.837,8.03,-42.02,-44.83,3,1
18155.14,0.227,0.444,0.817,8.36,-36.53,-42.05,3,1
18155.14,0.239,0.433,0.804,4.0,-33.94,-40.22,3,1
18155.156,0.252,0.455,0.792,-1.71,-31.37,-41.05,3,1
18155.171,0.251,0.45,0.781,-8.45,-28.29,-41.41,3,1
18155.171,0.26,0.445,0.782,-16.48,-23.93,-40.44,3,1
18155.187,0.245,0.437,0.799,-22.0,-19.04,-38.27,3,1
18155.203,0.237,0.419,0.809,-23.32,-14.04,-34.3,3,1
18155.203,0.23,0.412,0.829,-21.76,-8.76,-29.88,3,1
18155.218,0.219,0.416,0.852,-17.12,-3.42,-25.67,3,1
18155.218,0.21,0.418,0.86,-10.74,1.28,-21.55,3,1
18155.234,0.205,0.418,0.86,-3.54,6.07,-16.69,3,1
18155.25,0.197,0.405,0.859,4.15,11.44,-11.87,3,1
18155.25,0.188,0.402,0.864,11.41,15.87,-9.0,3,1
18155.265,0.181,0.409,0.861,16.66,18.49,-8.06,3,1
18155.281,0.174,0.421,0.855,17.46,19.2,-8.45,3,1
18155.281,0.172,0.428,0.857,13.98,18.89,-9.13,3,1
18155.296,0.169,0.426,0.864,7.97,18.16,-9.61,3,1
18155.312,0.17,0.427,0.874,0.89,17.37,-10.38,3,1
18155.312,0.157,0.421,0.896,-6.29,14.16,-10.41,3,1
18155.328,0.146,0.423,0.956,-5.25,9.43,-7.6,3,1
18155.328,0.152,0.434,0.981,-4.58,3.57,-6.44,3,1
18155.343,0.166,0.425,0.972,-4.24,-1.19,-5.43,3,1
18155.359,0.185,0.405,0.942,-2.81,-4.36,-4.49,3,1
18155.375,0.188,0.381,0.907,-0.49,-5.37,-5.04,3,1
18155.375,0.196,0.373,0.883,1.37,-5.46,-6.13,3,1
18155.39,0.196,0.372,0.869,2.78,-4.79,-7.87,3,1
18155.39,0.188,0.385,0.87,3.2,-3.81,-9.16,3,1
18155.406,0.181,0.397,0.876,3.14,-3.02,-9.19,3,1
18155.421,0.177,0.397,0.886,3.05,-1.8,-8.0,3,1
18155.421,0.169,0.405,0.898,3.02,-0.52,-6.65,3,1
18155.437,0.163,0.417,0.904,3.81,0.4,-4.82,3,1
18155.453,0.159,0.419,0.897,5.25,1.37,-2.11,3,1
18155.453,0.153,0.398,0.889,6.04,0.89,0.21,3,1
18155.468,0.162,0.4,0.897,5.25,0.31,0.0,3,1
18155.468,0.161,0.42,0.904,3.75,0.03,-1.89,3,1
18155.484,0.161,0.416,0.896,2.14,-1.13,-2.29,3,1
18155.5,0.175,0.415,0.88,0.21,-1.4,-0.58,3,1
18155.5,0.188,0.417,0.852,-3.63,0.37,-0.31,3,1
18155.515,0.191,0.445,0.849,-11.26,6.81,-0.15,3,1
18155.531,0.171,0.482,0.843,-19.99,14.47,3.17,3,1
18155.531,0.141,0.476,0.861,-26.31,18.8,9.22,3,1
18155.546,0.153,0.405,0.832,-28.47,19.68,14.53,3,1
18155.562,0.232,0.33,0.796,-30.67,23.83,13.43,3,1
18155.562,0.045,0.373,0.972,-24.29,29.85,7.42,3,1
18155.578,0.083,0.27,1.018,-6.96,18.92,11.35,3,1
18155.593,0.146,0.384,0.946,-6.62,5.89,7.72,3,1
18155.593,0.117,0.435,0.929,-14.98,2.23,4.79,3,1
18155.609,0.124,0.36,0.923,-20.42,-1.62,5.46,3,1
18155.625,0.122,0.325,0.908,-20.14,-3.54,7.39,3,1
18155.625,0.13,0.334,0.902,-15.08,-4.09,9.13,3,1
18155.64,0.157,0.323,0.902,-7.32,-3.81,7.54,3,1
18155.64,0.145,0.324,0.922,2.14,-3.08,3.23,3,1
18155.656,0.132,0.341,0.94,12.15,-3.91,1.62,3,1
18155.671,0.144,0.366,0.957,21.58,-4.91,2.9,3,1
18155.671,0.137,0.406,0.965,29.05,-5.31,6.59,3,1
18155.687,0.15,0.43,0.971,33.78,-6.29,12.42,3,1
18155.703,0.109,0.456,0.992,35.46,-8.21,19.47,3,1
18155.703,0.201,0.401,0.872,34.06,-12.63,29.36,3,1
18155.718,0.23,0.501,0.835,39.67,-4.73,40.16,3,1
18155.734,0.229,0.441,0.85,59.3,10.65,57.41,3,1
18155.734,0.198,0.396,0.813,61.62,12.42,51.3,3,1
18155.75,0.24,0.438,0.818,54.02,16.6,45.59,3,1
18155.75,0.222,0.448,0.811,44.8,17.79,35.04,3,1
18155.765,0.208,0.41,0.811,31.46,16.79,25.12,3,1
18155.781,0.217,0.433,0.808,18.19,17.21,18.37,3,1
18155.781,0.189,0.437,0.826,6.5,17.76,14.59,3,1
18155.796,0.187,0.431,0.845,-4.79,17.24,12.91,3,1
18155.812,0.163,0.427,0.863,-13.0,17.67,13.79,3,1
18155.812,0.158,0.433,0.888,-15.81,18.83,16.3,3,1
18155.828,0.157,0.421,0.911,-12.7,20.48,16.79,3,1
18155.843,0.136,0.408,0.906,-8.39,21.49,15.05,3,1
18155.843,0.113,0.391,0.904,-5.04,20.17,15.26,3,1
18155.859,0.139,0.406,0.901,-1.34,17.7,14.31,3,1
18155.859,0.134,0.418,0.882,0.64,17.06,11.6,3,1
18155.875,0.139,0.418,0.87,-1.04,17.79,9.95,3,1
18155.89,0.163,0.402,0.856,-4.91,19.26,7.35,3,1
18155.906,0.201,0.393,0.826,-11.05,23.56,0.4,3,1
18155.906,0.116,0.391,0.765,-21.18,31.95,-9.22,3,1
18155.921,0.039,0.426,0.919,-34.09,34.94,-11.08,3,1
18155.921,0.192,0.344,0.916,-37.57,30.18,-8.06,3,1
18155.937,0.0,0.471,1.053,-41.6,30.34,-11.84,3,1
18155.953,0.028,0.414,1.109,-34.36,17.79,-0.31,3,1
18155.953,0.103,0.368,0.987,-33.11,0.06,4.94,3,1
18155.968,0.136,0.373,0.954,-32.81,-3.23,5.95,3,1
18155.968,0.126,0.332,0.93,-24.08,-2.14,6.47,3,1
18155.984,0.138,0.295,0.902,-13.31,0.31,8.73,3,1
18156.0,0.131,0.307,0.914,-2.9,2.08,9.61,3,1
18156.0,0.126,0.343,0.921,3.72,2.04,9.52,3,1
18156.015,0.099,0.355,0.936,5.01,0.18,9.92,3,1
18156.031,0.103,0.369,0.943,5.37,-2.81,12.91,3,1
18156.031,0.107,0.388,0.937,7.81,-4.7,15.08,3,1
18156.046,0.095,0.386,0.945,10.83,-5.74,16.08,3,1
18156.062,0.082,0.384,0.967,14.34,-7.69,17.7,3,1
18156.062,0.089,0.386,0.989,18.74,-11.93,18.56,3,1
18156.078,0.044,0.424,1.043,22.83,-18.19,19.53,3,1
18156.078,0.111,0.416,1.013,27.31,-28.14,25.06,3,1
18156.093,0.112,0.444,0.935,32.29,-32.62,28.66,3,1
18156.109,0.088,0.497,0.934,58.26,-24.66,47.36,3,1
18156.109,0.173,0.481,0.881,79.38,-22.25,60.06,3,1
18156.125,0.147,0.495,0.843,85.57,-18.19,60.18,3,1
18156.14,0.158,0.541,0.787,87.98,-9.74,71.11,3,1
18156.156,0.178,0.542,0.761,88.53,-4.18,80.42,3,1
18156.156,0.173,0.472,0.742,87.92,0.92,85.09,3,1
18156.171,0.229,0.445,0.745,81.82,4.21,82.06,3,1
18156.171,0.25,0.455,0.758,71.99,7.6,69.09,3,1
18156.187,0.218,0.409,0.778,58.53,7.2,55.27,3,1
18156.203,0.249,0.39,0.837,42.91,2.5,43.64,3,1
18156.203,0.268,0.417,0.888,29.45,-3.6,30.85,3,1
18156.218,0.238,0.43,0.926,16.39,-11.38,19.04,3,1
18156.218,0.228,0.432,0.963,0.4,-24.26,12.85,3,1
18156.234,0.266,0.448,1.005,-12.18,-37.14,7.51,3,1
18156.25,0.246,0.428,1.018,-20.02,-49.2,2.29,3,1
18156.25,0.276,0.407,1.006,-24.72,-59.76,-2.17,3,1
18156.265,0.271,0.387,0.974,-24.75,-65.89,-6.74,3,1
18156.281,0.275,0.363,0.932,-20.36,-69.7,-10.44,3,1
18156.281,0.277,0.347,0.879,-12.27,-70.25,-12.82,3,1
18156.296,0.283,0.364,0.825,8.7,-58.2,-13.67,3,1
18156.312,0.278,0.393,0.776,19.01,-47.88,-11.93,3,1
18156.312,0.257,0.423,0.735,27.28,-38.06,-11.26,3,1
18156.328,0.256,0.458,0.707,33.66,-28.41,-12.24,3,1
18156.343,0.248,0.516,0.648,36.38,-18.01,-11.81,3,1
18156.343,0.25,0.566,0.627,35.55,-7.05,-9.16,3,1
18156.359,0.269,0.597,0.622,32.01,4.09,-4.91,3,1
18156.375,0.28,0.61,0.621,26.64,15.38,-0.85,3,1
18156.375,0.281,0.607,0.62,19.26,25.67,2.53,3,1
18156.39,0.279,0.603,0.633,10.28,33.2,4.94,3,1
18156.39,0.282,0.608,0.662,-0.09,37.87,6.9,3,1
18156.406,0.278,0.617,0.692,-10.1,40.86,9.13,3,1
18156.421,0.269,0.6,0.73,-18.68,42.18,12.67,3,1
18156.421,0.273,0.574,0.774,-24.9,41.87,17.7,3,1
18156.437,0.288,0.569,0.8,-27.92,41.23,22.98,3,1
18156.453,0.284,0.559,0.812,-28.32,42.18,27.86,3,1
18156.453,0.276,0.531,0.817,-28.29,43.15,32.96,3,1
18156.468,0.275,0.504,0.829,-27.34,43.76,37.97,3,1
18156.468,0.279,0.471,0.837,-24.29,44.92,40.19,3,1
18156.484,0.281,0.43,0.826,-19.41,46.42,37.57,3,1
18156.5,0.263,0.398,0.818,-14.13,47.91,32.62,3,1
18156.5,0.247,0.397,0.821,-9.37,49.26,29.82,3,1
18156.515,0.259,0.42,0.834,-6.44,50.87,27.04,3,1
18156.531,0.26,0.425,0.85,-5.49,52.67,19.71,3,1
18156.531,0.224,0.421,0.856,-9.0,53.29,11.14,3,1
18156.546,0.204,0.417,0.869,-17.58,50.14,4.76,3,1
18156.562,0.232,0.428,0.846,-29.02,45.26,-1.62,3,1
18156.562,0.215,0.436,0.815,-46.17,43.55,-9.58,3,1
18156.578,0.125,0.464,0.918,-65.46,39.89,-16.45,3,1
18156.593,0.22,0.444,0.959,-72.42,32.78,-15.35,3,1
18156.593,-0.026,0.547,1.16,-73.18,28.2,-13.43,3,1
18156.609,0.064,0.497,1.24,-55.94,8.36,7.9,3,1
18156.609,0.214,0.505,1.031,-43.43,-5.83,17.49,3,1
18156.625,0.181,0.467,0.943,-42.18,-2.14,17.58,3,1
18156.64,0.161,0.317,0.925,-35.43,-0.12,17.43,3,1
18156.64,0.163,0.213,0.877,-22.92,-3.36,15.81,3,1
18156.656,0.174,0.22,0.848,-8.24,-6.35,12.67,3,1
18156.671,0.184,0.234,0.863,2.75,-7.69,8.97,3,1
18156.671,0.2,0.257,0.902,9.49,-8.73,1.89,3,1
18156.687,0.171,0.296,0.937,15.17,-9.83,-6.1,3,1
18156.703,0.171,0.346,0.978,19.81,-12.18,-11.72,3,1
18156.703,0.165,0.388,1.028,25.15,-16.14,-15.78,3,1
18156.718,0.108,0.428,1.104,30.49,-23.74,-17.73,3,1
18156.718,0.216,0.39,0.988,36.35,-34.49,-13.49,3,1
18156.734,0.205,0.425,0.915,26.92,-37.87,-17.55,3,1
18156.75,0.163,0.367,0.977,13.25,-43.43,-21.12,3,1
18156.75,0.181,0.294,0.965,-1.43,-58.93,-26.89,3,1
18156.765,0.239,0.326,0.902,-9.19,-66.84,-27.71,3,1
18156.781,0.273,0.354,0.864,-16.63,-68.54,-31.71,3,1
18156.781,0.268,0.318,0.84,-25.54,-66.68,-38.61,3,1
18156.796,0.286,0.297,0.813,-30.88,-61.59,-44.1,3,1
18156.812,0.299,0.29,0.796,-29.91,-54.14,-50.97,3,1
18156.812,0.3,0.299,0.795,-24.81,-44.53,-58.9,3,1
18156.828,0.276,0.324,0.797,-17.43,-35.13,-66.04,3,1
18156.828,0.253,0.36,0.8,-11.2,-27.19,-69.98,3,1
18156.843,0.24,0.414,0.825,-8.03,-21.12,-71.29,3,1
18156.859,0.225,0.455,0.842,-6.87,-16.33,-71.54,3,1
18156.859,0.206,0.469,0.846,-8.82,-12.51,-70.41,3,1
18156.875,0.195,0.459,0.854,-10.53,-10.65,-68.82,3,1
18156.89,0.197,0.464,0.865,-11.02,-10.32,-67.05,3,1
18156.89,0.196,0.469,0.866,-8.94,-10.35,-63.72,3,1
18156.906,0.198,0.478,0.859,-4.94,-9.61,-58.63,3,1
18156.921,0.202,0.493,0.855,-0.52,-7.9,-51.48,3,1
18156.921,0.2,0.508,0.838,3.97,-4.39,-42.42,3,1
18156.937,0.204,0.522,0.815,7.08,-0.46,-30.58,3,1
18156.953,0.205,0.536,0.802,9.58,4.43,-19.01,3,1
18156.953,0.204,0.526,0.795,10.62,7.87,-11.02,3,1
18156.968,0.209,0.518,0.795,9.19,9.86,-6.29,3,1
18156.968,0.203,0.503,0.796,5.46,11.17,-4.03,3,1
18156.984,0.2,0.499,0.811,-0.58,11.2,-3.17,3,1
18157.0,0.22,0.51,0.825,-6.04,10.19,-2.35,3,1
18157.0,0.213,0.5,0.826,-11.02,11.02,-2.2,3,1
18157.015,0.199,0.479,0.844,-17.79,12.15,1.34,3,1
18157.031,0.202,0.467,0.863,-23.07,13.43,7.51,3,1
18157.031,0.208,0.465,0.852,-24.2,16.3,14.19,3,1
18157.046,0.206,0.433,0.856,-22.31,20.45,18.49,3,1
18157.062,0.231,0.395,0.867,-18.43,23.99,17.61,3,1
18157.062,0.235,0.365,0.825,-14.83,27.71,11.2,3,1
18157.078,0.243,0.376,0.77,-16.91,32.84,2.5,3,1
18157.078,0.234,0.392,0.727,-25.15,42.05,-5.46,3,1
18157.093,0.174,0.34,0.714,-40.53,50.78,-9.8,3,1
18157.109,0.137,0.409,0.929,-56.89,56.46,-15.96,3,1
18157.109,0.04,0.377,1.053,-60.82,49.56,-17.33,3,1
18157.125,-0.004,0.475,1.213,-64.61,30.92,-11.14,3,1
18157.14,0.004,0.476,1.247,-57.5,11.38,5.28,3,1
18157.156,0.115,0.377,1.05,-56.06,-4.55,13.18,3,1
18157.156,0.155,0.342,1.006,-62.23,-2.81,9.67,3,1
18157.171,0.167,0.241,0.932,-50.66,3.72,5.04,3,1
18157.171,0.146,0.194,0.888,-35.04,8.33,4.12,3,1
18157.187,0.148,0.256,0.918,-32.26,7.05,3.97,3,1
18157.203,0.154,0.251,0.925,-34.42,0.0,3.66,3,1
18157.203,0.163,0.245,0.94,-40.41,-8.18,9.09,3,1
18157.218,0.147,0.216,0.944,-32.72,-7.08,9.09,3,1
18157.218,0.197,0.337,1.021,-43.43,-10.22,3.94,3,1
18157.234,0.171,0.293,1.023,-39.58,-10.01,3.91,3,1
18157.25,0.118,0.296,1.029,-29.45,-9.95,7.11,3,1
18157.265,0.245,0.245,0.899,-20.14,-12.36,11.72,3,1
18157.265,0.187,0.245,0.844,-17.61,-5.86,7.17,3,1
18157.281,0.145,0.233,0.887,2.75,0.79,15.87,3,1
18157.281,0.089,0.257,0.921,14.8,-5.04,21.49,3,1
18157.296,0.09,0.296,0.97,28.05,-9.55,25.79,3,1
18157.312,0.046,0.295,0.957,39.37,-15.66,34.79,3,1
18157.312,0.057,0.336,1.09,51.88,-21.58,46.3,3,1
18157.328,-0.002,0.435,1.189,62.56,-29.76,61.65,3,1
18157.343,0.017,0.499,1.101,93.91,-39.0,85.79,3,1
18157.343,0.058,0.418,0.865,138.83,-36.32,108.37,3,1
18157.359,0.143,0.5,0.844,148.84,-28.6,124.33,3,1
18157.359,0.238,0.573,0.847,141.15,-27.95,129.95,3,1
18157.375,0.216,0.5,0.683,138.49,-19.23,138.62,3,1
18157.39,0.256,0.477,0.571,116.37,-6.41,146.37,3,1
18157.39,0.348,0.428,0.52,80.05,6.2,142.06,3,1
18157.406,0.419,0.311,0.493,36.19,21.3,121.13,3,1
18157.421,0.471,0.197,0.489,-12.3,38.64,82.09,3,1
18157.421,0.436,0.124,0.467,-55.02,53.1,39.03,3,1
18157.437,0.425,0.108,0.459,-89.3,69.61,7.05,3,1
18157.453,0.413,0.082,0.473,-117.77,93.14,-16.33,3,1
18157.453,0.303,0.053,0.701,-137.94,118.9,-37.17,3,1
18157.468,-0.428,0.228,1.905,-121.8,112.4,-41.75,3,1
18157.468,-0.078,0.165,2.239,-29.88,26.73,7.29,3,1
18157.484,0.437,0.589,1.376,-0.95,-33.02,13.92,3,1
18157.5,0.229,0.68,1.089,-43.52,-20.33,-9.16,3,1
18157.5,0.219,0.215,1.123,-68.42,-13.03,-9.74,3,1
18157.515,0.213,0.018,1.003,-48.71,-9.92,-6.44,3,1
18157.531,0.179,0.04,0.854,-2.62,-8.85,-6.68,3,1
18157.546,0.151,0.128,0.772,35.83,-7.81,0.34,3,1
18157.546,0.164,0.171,0.83,51.0,-8.06,6.84,3,1
18157.546,0.142,0.168,0.956,52.34,-10.04,2.59,3,1
18157.562,0.094,0.262,1.097,44.28,-14.25,-8.03,3,1
18157.578,0.111,0.348,1.142,35.07,-22.71,-15.63,3,1
18157.593,0.167,0.396,1.041,17.52,-28.81,-24.48,3,1
18157.593,0.124,0.355,1.078,-17.88,-30.95,-39.34,3,1
18157.609,0.014,0.308,1.161,-62.41,-45.99,-63.78,3,1
18157.609,0.089,0.206,1.162,-76.66,-61.68,-70.56,3,1
18157.625,0.127,0.156,1.121,-81.64,-75.01,-79.2,3,1
18157.64,0.161,0.109,1.087,-87.74,-85.97,-99.55,3,1
18157.64,0.213,0.072,1.03,-88.6,-88.32,-123.2,3,1
18157.656,0.197,0.047,0.92,-85.88,-78.19,-150.24,3,1
18157.671,0.164,0.007,0.838,-84.23,-61.46,-176.52,3,1
18157.671,0.16,-0.024,0.833,-79.38,-42.6,-198.49,3,1
18157.687,0.129,0.02,0.821,-63.94,-26.49,-212.56,3,1
18157.703,0.12,0.143,0.824,-46.11,-11.6,-215.12,3,1
18157.703,0.118,0.235,0.844,-29.94,1.43,-208.2,3,1
18157.718,0.083,0.285,0.885,-16.36,7.69,-194.68,3,1
18157.718,0.047,0.306,0.938,-5.86,6.26,-175.24,3,1
18157.734,0.038,0.311,0.965,5.22,-4.61,-156.8,3,1
18157.75,0.041,0.327,0.948,15.81,-19.93,-143.22,3,1
18157.75,0.071,0.381,0.907,20.81,-35.22,-133.52,3,1
18157.765,0.123,0.448,0.82,16.72,-46.17,-125.49,3,1
18157.781,0.169,0.486,0.756,1.07,-48.59,-116.34,3,1
18157.781,0.237,0.496,0.722,-21.21,-43.67,-107.55,3,1
18157.796,0.273,0.482,0.676,-39.61,-32.26,-99.92,3,1
18157.812,0.29,0.43,0.648,-51.7,-15.66,-90.98,3,1
18157.812,0.332,0.386,0.644,-56.0,3.2,-81.33,3,1
18157.828,0.356,0.355,0.618,-50.84,25.06,-73.95,3,1
18157.828,0.35,0.319,0.594,-40.04,49.29,-65.46,3,1
18157.843,0.37,0.308,0.611,-23.16,73.58,-56.06,3,1
18157.859,0.316,0.282,0.634,1.37,95.28,-47.15,3,1
18157.859,0.281,0.271,0.688,30.27,111.18,-35.55,3,1
18157.875,0.238,0.31,0.766,61.98,122.29,-22.61,3,1
18157.89,0.032,0.417,0.98,74.95,118.32,-6.93,3,1
18157.906,-0.206,0.758,1.278,29.82,74.83,8.7,3,1
18157.906,-0.191,0.736,1.429,-15.44,17.43,16.48,3,1
18157.921,-0.218,0.472,1.444,-35.55,-31.68,19.26,3,1
18157.921,-0.03,0.406,1.268,-47.24,-67.84,27.65,3,1
18157.937,0.13,0.339,1.053,-39.4,-69.86,29.42,3,1
18157.937,0.113,0.219,1.015,-24.35,-46.11,20.94,3,1
18157.953,0.072,0.209,1.149,-10.83,-25.94,10.13,3,1
18157.968,0.047,0.275,1.184,21.64,-14.31,11.9,3,1
18157.984,-0.014,0.353,1.147,59.91,-9.43,24.26,3,1
18157.984,-0.057,0.386,1.13,88.87,-16.17,35.0,3,1
18158.0,-0.079,0.43,1.106,101.05,-31.34,43.98,3,1
18158.0,-0.012,0.512,1.057,96.84,-51.48,50.02,3,1
18158.015,0.037,0.513,0.922,101.54,-64.21,60.85,3,1
18158.031,0.029,0.612,0.809,92.78,-65.68,77.3,3,1
18158.031,0.142,0.6,0.746,73.55,-61.8,87.77,3,1
18158.046,0.163,0.538,0.724,53.29,-53.13,91.22,3,1
18158.062,0.176,0.497,0.717,40.01,-44.13,93.33,3,1
18158.062,0.189,0.452,0.685,36.65,-36.84,96.93,3,1
18158.078,0.211,0.384,0.646,33.02,-30.43,100.53,3,1
18158.078,0.254,0.349,0.679,25.3,-24.63,98.36,3,1
18158.093,0.28,0.332,0.722,20.39,-19.68,91.19,3,1
18158.109,0.289,0.289,0.736,19.9,-15.29,84.29,3,1
18158.109,0.322,0.252,0.761,20.05,-10.01,80.08,3,1
18158.125,0.345,0.252,0.81,21.85,-3.42,75.01,3,1
18158.14,0.346,0.23,0.846,26.4,1.07,68.64,3,1
18158.14,0.36,0.192,0.868,32.11,3.51,61.92,3,1
18158.156,0.381,0.173,0.892,35.4,4.36,53.35,3,1
18158.171,0.405,0.18,0.911,34.21,4.27,41.72,3,1
18158.171,0.407,0.19,0.918,27.71,2.81,27.56,3,1
18158.187,0.407,0.203,0.937,18.04,-0.06,15.47,3,1
18158.187,0.401,0.205,0.949,9.43,-3.14,6.84,3,1
18158.203,0.401,0.196,0.948,2.62,-5.89,1.83,3,1
18158.218,0.406,0.204,0.955,-3.11,-6.96,-2.75,3,1
18158.218,0.402,0.208,0.963,-6.07,-6.16,-9.09,3,1
18158.234,0.391,0.194,0.963,-6.93,-4.06,-16.66,3,1
18158.25,0.378,0.218,0.981,-9.64,-1.1,-24.2,3,1
18158.25,0.37,0.253,0.987,-10.68,1.62,-32.75,3,1
18158.265,0.348,0.276,0.975,-11.2,4.09,-43.4,3,1
18158.281,0.312,0.327,0.965,-9.77,3.23,-43.12,3,1
18158.281,0.271,0.371,0.957,-6.13,0.4,-38.67,3,1
18158.296,0.187,0.452,0.969,0.73,-4.43,-31.43,3,1
18158.312,0.162,0.469,0.954,12.45,-11.63,-22.64,3,1
18158.312,0.153,0.502,0.936,25.67,-17.43,-13.76,3,1
18158.328,0.142,0.552,0.898,39.19,-20.81,-4.55,3,1
18158.343,0.139,0.584,0.839,51.24,-21.58,5.68,3,1
18158.343,0.129,0.641,0.795,57.37,-20.02,17.52,3,1
18158.359,0.117,0.694,0.786,58.53,-18.34,28.93,3,1
18158.359,0.134,0.717,0.774,58.47,-17.67,41.54,3,1
18158.375,0.15,0.739,0.748,58.63,-16.05,57.01,3,1
18158.39,0.155,0.74,0.723,60.3,-12.36,79.01,3,1
18158.39,0.192,0.725,0.672,67.48,-4.12,104.46,3,1
18158.406,0.228,0.701,0.635,81.42,10.74,126.5,3,1
18158.421,0.276,0.647,0.578,97.69,29.85,143.99,3,1
18158.421,0.317,0.614,0.535,109.68,53.59,157.38,3,1
18158.437,0.326,0.597,0.487,117.44,80.29,169.47,3,1
18158.453,0.325,0.569,0.461,123.33,108.31,182.04,3,1
18158.453,0.262,0.519,0.425,122.1,131.5,192.85,3,1
18158.468,0.223,0.562,0.407,107.76,156.62,204.93,3,1
18158.484,0.295,0.587,0.469,86.31,188.82,216.99,3,1
18158.484,0.433,0.347,0.714,65.98,223.27,208.99,3,1
18158.5,0.321,0.22,0.877,54.9,239.42,173.62,3,1
18158.515,0.19,0.265,0.885,44.31,225.99,137.88,3,1
18158.515,0.224,0.328,0.934,20.51,200.87,108.74,3,1
18158.531,0.241,0.338,1.077,-10.65,176.92,84.63,3,1
18158.546,-0.146,0.393,1.647,-42.85,139.29,63.6,3,1
18158.546,-0.082,0.265,1.964,-62.07,55.36,66.29,3,1
18158.562,0.324,0.291,1.498,-66.35,-20.23,48.4,3,1
18158.562,0.258,0.242,1.094,-65.19,-33.02,21.12,3,1
18158.578,0.297,0.07,0.957,-40.59,-25.91,7.97,3,1
18158.593,0.288,0.057,0.858,6.35,-13.67,2.66,3,1
18158.593,0.257,0.178,0.763,53.68,-3.11,-1.77,3,1
18158.609,0.195,0.339,0.697,73.61,-2.69,-5.01,3,1
18158.609,0.204,0.459,0.713,62.99,-12.88,-8.27,3,1
18158.625,0.213,0.575,0.767,44.16,-22.37,-11.93,3,1
18158.64,0.219,0.669,0.792,24.9,-28.87,-12.42,3,1
18158.64,0.244,0.716,0.823,7.57,-32.23,-11.66,3,1
18158.656,0.263,0.728,0.841,-2.99,-30.27,-8.42,3,1
18158.671,0.266,0.691,0.829,-8.58,-25.36,-2.17,3,1
18158.671,0.265,0.597,0.816,-10.96,-21.88,4.73,3,1
18158.687,0.27,0.497,0.83,-10.44,-21.79,9.22,3,1
18158.687,0.264,0.414,0.836,-8.0,-24.78,8.82,3,1
18158.703,0.261,0.378,0.831,-5.52,-28.53,5.86,3,1
18158.718,0.266,0.387,0.849,-3.85,-31.04,2.9,3,1
18158.718,0.273,0.405,0.87,-2.9,-33.05,-0.21,3,1
18158.734,0.27,0.424,0.862,-2.53,-35.25,-3.81,3,1
18158.75,0.267,0.449,0.844,-2.69,-35.92,-4.97,3,1
18158.75,0.282,0.458,0.841,-2.01,-33.97,-2.78,3,1
18158.765,0.297,0.441,0.836,0.15,-31.5,-0.85,3,1
18158.781,0.314,0.425,0.813,2.87,-29.73,-1.04,3,1
18158.781,0.322,0.443,0.804,4.55,-28.05,-2.93,3,1
18158.796,0.329,0.461,0.804,4.0,-27.22,-5.46,3,1
18158.812,0.34,0.462,0.798,0.76,-27.47,-8.61,3,1
18158.812,0.34,0.47,0.794,-2.5,-27.77,-12.3,3,1
18158.828,0.331,0.488,0.782,-4.67,-26.83,-14.77,3,1
18158.828,0.328,0.499,0.756,-5.52,-23.29,-12.97,3,1
18158.843,0.343,0.501,0.739,-3.75,-16.69,-9.03,3,1
18158.859,0.349,0.508,0.735,0.85,-9.22,-5.46,3,1
18158.859,0.35,0.521,0.734,4.82,-2.96,-2.78,3,1
18158.875,0.348,0.541,0.745,5.8,2.14,-0.98,3,1
18158.89,0.322,0.557,0.771,2.84,5.43,0.34,3,1
18158.89,0.292,0.569,0.789,-3.27,4.7,2.35,3,1
18158.906,0.295,0.564,0.784,-10.96,1.53,6.01,3,1
18158.921,0.311,0.554,0.789,-17.67,-0.46,9.46,3,1
18158.921,0.306,0.536,0.801,-21.85,-0.76,12.54,3,1
18158.937,0.304,0.5,0.808,-25.09,-0.73,15.59,3,1
18158.953,0.321,0.463,0.808,-25.64,-0.21,18.68,3,1
18158.953,0.337,0.436,0.807,-21.85,1.98,21.18,3,1
18158.968,0.347,0.417,0.824,-15.63,5.19,22.31,3,1
18158.968,0.342,0.409,0.848,-8.85,7.11,21.94,3,1
18158.984,0.336,0.415,0.845,-3.69,7.42,21.18,3,1
18159.0,0.337,0.42,0.85,-0.7,8.61,21.55,3,1
18159.0,0.334,0.418,0.85,2.78,9.89,22.06,3,1
18159.015,0.332,0.426,0.834,6.5,10.77,22.1,3,1
18159.031,0.335,0.421,0.825,9.09,12.12,22.4,3,1
18159.031,0.34,0.416,0.826,11.84,13.28,21.67,3,1
18159.046,0.33,0.416,0.82,13.28,12.88,18.4,3,1
18159.062,0.324,0.421,0.821,10.35,10.5,14.53,3,1
18159.062,0.318,0.431,0.835,4.82,7.35,10.65,3,1
18159.078,0.318,0.438,0.841,-0.24,4.06,7.45,3,1
18159.078,0.313,0.434,0.839,-4.39,1.43,5.1,3,1
18159.093,0.308,0.446,0.842,-7.42,-0.37,3.91,3,1
18159.109,0.307,0.455,0.834,-7.75,-0.92,5.04,3,1
18159.109,0.317,0.458,0.831,-6.13,0.21,8.21,3,1
18159.125,0.326,0.451,0.826,-3.08,2.96,11.11,3,1
18159.14,0.336,0.438,0.82,0.34,6.26,12.63,3,1
18159.14,0.338,0.436,0.823,3.72,8.82,13.18,3,1
18159.156,0.344,0.426,0.824,3.81,7.97,10.77,3,1
18159.171,0.345,0.43,0.829,0.18,5.31,7.02,3,1
18159.171,0.336,0.434,0.828,-4.82,2.69,4.39,3,1
18159.187,0.34,0.429,0.834,-7.78,0.0,3.94,3,1
18159.203,0.354,0.432,0.836,-7.42,-2.01,3.17,3,1
18159.203,0.337,0.448,0.824,-5.58,-2.01,1.68,3,1
18159.218,0.319,0.446,0.834,-5.1,-1.86,1.53,3,1
18159.218,0.289,0.453,0.84,-4.91,-2.84,3.75,3,1
18159.234,0.291,0.485,0.857,-1.65,-2.5,10.35,3,1
18159.25,0.303,0.476,0.893,2.66,-10.32,16.79,3,1
18159.25,0.284,0.469,0.879,0.95,-15.17,19.32,3,1
18159.265,0.297,0.449,0.86,0.03,-18.34,20.23,3,1
18159.281,0.329,0.408,0.834,1.37,-16.94,19.93,3,1
18159.281,0.394,0.378,0.776,4.0,-11.02,18.68,3,1
18159.296,0.393,0.389,0.754,7.75,-1.71,17.21,3,1
18159.312,0.396,0.396,0.765,11.35,7.32,16.42,3,1
18159.312,0.411,0.413,0.777,14.44,13.79,15.17,3,1
18159.328,0.431,0.453,0.762,17.91,21.67,14.37,3,1
18159.343,0.411,0.464,0.729,21.61,32.26,13.58,3,1
18159.343,0.379,0.442,0.727,23.47,41.47,13.58,3,1
18159.359,0.384,0.433,0.744,24.17,46.78,13.49,3,1
18159.359,0.381,0.455,0.733,20.6,50.63,11.23,3,1
18159.375,0.368,0.469,0.714,9.4,53.8,7.93,3,1
18159.39,0.263,0.468,0.85,-6.65,54.02,4.79,3,1
18159.406,0.131,0.445,1.178,-15.2,36.53,7.57,3,1
18159.406,0.298,0.452,1.108,-9.67,6.41,15.29,3,1
18159.421,0.32,0.383,0.901,-5.65,-3.11,11.51,3,1
18159.421,0.315,0.268,0.893,4.94,1.13,4.91,3,1
18159.437,0.287,0.276,0.854,20.54,3.14,-0.49,3,1
18159.453,0.282,0.345,0.806,25.82,2.14,-5.49,3,1
18159.453,0.281,0.443,0.806,21.42,3.27,-6.99,3,1
18159.468,0.299,0.516,0.806,17.49,4.79,-4.94,3,1
18159.468,0.296,0.565,0.804,13.61,5.86,-2.32,3,1
18159.484,0.282,0.564,0.788,9.31,5.52,1.43,3,1
18159.5,0.291,0.535,0.776,4.58,4.24,5.16,3,1
18159.5,0.292,0.516,0.774,-2.81,3.17,6.41,3,1
18159.515,0.299,0.501,0.779,-11.69,2.47,7.05,3,1
18159.531,0.321,0.501,0.782,-20.02,1.31,6.81,3,1
18159.531,0.341,0.523,0.806,-27.71,-0.7,4.88,3,1
18159.546,0.323,0.523,0.81,-34.21,-3.51,3.33,3,1
18159.562,0.33,0.482,0.768,-40.74,-5.65,4.09,3,1
18159.562,0.356,0.421,0.806,-45.9,-3.72,3.17,3,1
18159.578,0.335,0.36,0.868,-43.64,-1.62,1.19,3,1
18159.578,0.315,0.304,0.918,-34.64,0.58,-0.98,3,1
18159.593,0.288,0.262,0.945,-23.04,0.27,-3.48,3,1
18159.609,0.292,0.256,0.923,-12.48,-0.7,-6.29,3,1
18159.609,0.26,0.281,0.931,-3.6,0.7,-8.03,3,1
18159.625,0.253,0.29,0.934,6.47,1.5,-6.84,3,1
18159.64,0.255,0.302,0.923,17.7,1.8,-5.77,3,1
18159.656,0.254,0.336,0.932,26.49,1.34,-5.92,3,1
18159.656,0.256,0.356,0.926,32.2,-0.95,-6.07,3,1
18159.671,0.281,0.326,0.925,36.96,-5.04,-8.06,3,1
18159.671,0.301,0.365,0.797,40.22,-9.74,-11.26,3,1
18159.687,0.368,0.502,0.763,27.83,-11.44,-13.61,3,1
18159.703,0.36,0.609,0.738,14.77,-9.58,-17.27,3,1
18159.703,0.371,0.743,0.692,4.3,0.73,-10.1,3,1
18159.718,0.375,0.692,0.675,-2.96,10.01,-1.46,3,1
18159.718,0.383,0.598,0.685,-9.34,11.93,0.06,3,1
18159.734,0.365,0.578,0.761,-15.75,15.29,2.56,3,1
18159.75,0.325,0.527,0.853,-20.33,14.86,5.49,3,1
18159.75,0.286,0.46,0.846,-21.52,10.74,7.02,3,1
18159.765,0.291,0.396,0.865,-21.64,9.06,6.96,3,1
18159.781,0.219,0.302,0.896,-16.24,10.25,6.04,3,1
18159.781,0.23,0.229,0.914,-9.03,10.71,6.74,3,1
18159.796,0.213,0.202,0.965,-0.34,11.81,4.15,3,1
18159.796,0.198,0.203,0.984,11.08,9.28,2.04,3,1
18159.812,0.231,0.243,0.969,23.8,3.45,0.21,3,1
18159.828,0.254,0.336,0.955,38.91,0.0,-1.56,3,1
18159.828,0.268,0.411,0.933,51.42,-1.86,-1.43,3,1
18159.843,0.274,0.435,0.918,60.24,-4.27,-1.19,3,1
18159.859,0.322,0.462,0.8,63.88,-5.89,-1.37,3,1
18159.859,0.298,0.537,0.687,52.52,-7.29,-5.52,3,1
18159.875,0.307,0.603,0.675,31.28,-6.23,-6.32,3,1
18159.89,0.334,0.654,0.722,13.89,-4.09,-4.55,3,1
18159.89,0.312,0.659,0.707,0.7,-3.08,-2.5,3,1
18159.906,0.306,0.628,0.746,-10.83,-2.78,1.89,3,1
18159.921,0.308,0.559,0.786,-15.99,-2.69,5.49,3,1
18159.921,0.292,0.489,0.819,-17.61,-1.92,7.87,3,1
18159.937,0.294,0.429,0.841,-18.1,-2.96,8.0,3,1
18159.953,0.298,0.391,0.846,-16.85,-4.61,5.43,3,1
18159.953,0.306,0.391,0.854,-13.15,-5.25,2.56,3,1
18159.968,0.308,0.404,0.861,-7.29,-4.82,-0.06,3,1
18159.984,0.304,0.422,0.855,-2.59,-4.67,-2.44,3,1
18159.984,0.3,0.439,0.846,-0.73,-5.1,-4.36,3,1
18160.0,0.293,0.459,0.842,-0.24,-5.83,-5.58,3,1
18160.0,0.292,0.465,0.84,-0.4,-6.44,-5.71,3,1
18160.015,0.295,0.456,0.848,-0.95,-7.2,-6.41,3,1
18160.031,0.288,0.442,0.864,-1.19,-8.7,-7.66,3,1
18160.031,0.273,0.443,0.865,-1.31,-10.5,-8.36,3,1
18160.046,0.283,0.449,0.877,-1.19,-12.24,-7.63,3,1
18160.062,0.29,0.447,0.867,1.04,-13.43,-7.05,3,1
18160.062,0.299,0.442,0.854,5.37,-12.91,-4.94,3,1
18160.078,0.308,0.437,0.839,10.9,-11.75,-3.33,3,1
18160.078,0.307,0.438,0.814,14.01,-11.2,-3.2,3,1
18160.093,0.306,0.457,0.809,12.39,-11.69,-3.78,3,1
18160.109,0.3,0.48,0.805,7.02,-13.31,-5.37,3,1
18160.109,0.308,0.504,0.806,1.77,-15.11,-6.5,3,1
18160.125,0.316,0.522,0.806,-0.4,-15.63,-6.29,3,1
18160.14,0.32,0.528,0.786,1.25,-14.16,-3.97,3,1
18160.14,0.327,0.524,0.743,2.81,-10.96,-0.37,3,1
18160.156,0.341,0.513,0.712,1.07,-5.55,2.11,3,1
18160.171,0.343,0.508,0.71,-3.81,1.13,3.48,3,1
18160.171,0.338,0.529,0.712,-11.47,6.29,4.46,3,1
18160.187,0.348,0.565,0.716,-22.95,7.54,4.3,3,1
18160.187,0.344,0.619,0.693,-37.17,6.84,4.18,3,1
18160.203,0.336,0.636,0.713,-52.64,7.08,6.53,3,1
18160.218,0.334,0.577,0.792,-64.64,6.84,8.82,3,1
18160.234,0.308,0.461,0.852,-68.03,7.11,10.25,3,1
18160.234,0.279,0.339,0.941,-50.94,7.78,10.8,3,1
18160.25,0.252,0.206,0.964,-36.9,7.02,7.75,3,1
18160.25,0.266,0.123,0.986,-18.77,7.97,1.83,3,1
18160.265,0.241,0.089,1.059,5.1,9.13,-1.74,3,1
18160.281,0.245,0.113,1.058,35.37,9.98,-4.0,3,1
18160.281,0.252,0.222,1.012,61.07,7.51,-6.16,3,1
18160.296,0.257,0.34,0.981,74.92,1.25,-9.31,3,1
18160.312,0.283,0.396,0.826,80.42,-6.04,-10.53,3,1
18160.312,0.325,0.472,0.677,72.15,-7.66,-12.67,3,1
18160.328,0.382,0.521,0.7,61.95,-0.4,-14.56,3,1
18160.328,0.373,0.586,0.851,62.38,7.08,-15.99,3,1
18160.343,0.231,0.634,0.821,62.11,2.04,-14.13,3,1
18160.359,0.246,0.668,0.734,40.53,-14.59,-11.84,3,1
18160.359,0.367,0.626,0.764,22.4,-23.16,-9.37,3,1
18160.375,0.338,0.55,0.764,16.42,-23.19,-9.22,3,1
18160.39,0.298,0.523,0.787,13.0,-23.87,-9.19,3,1
18160.39,0.31,0.526,0.796,10.28,-26.31,-6.01,3,1
18160.406,0.339,0.535,0.772,9.31,-26.83,-3.63,3,1
18160.421,0.352,0.529,0.747,10.1,-23.83,-3.75,3,1
18160.437,0.346,0.524,0.739,9.19,-18.52,-4.52,3,1
18160.437,0.342,0.504,0.728,7.2,-15.23,-5.68,3,1
18160.453,0.36,0.495,0.712,5.19,-12.09,-7.93,3,1
18160.453,0.361,0.486,0.707,3.63,-6.87,-12.09,3,1
18160.468,0.338,0.485,0.718,1.83,-1.37,-16.97,3,1
18160.468,0.315,0.518,0.739,-1.4,2.99,-19.68,3,1
18160.484,0.312,0.543,0.763,-3.23,5.34,-19.96,3,1
18160.5,0.302,0.557,0.789,-5.01,6.81,-19.35,3,1
18160.5,0.264,0.568,0.812,-8.48,5.43,-18.52,3,1
18160.515,0.247,0.592,0.817,-13.34,0.82,-15.38,3,1
18160.531,0.24,0.613,0.82,-18.43,-3.02,-9.03,3,1
18160.531,0.252,0.592,0.827,-21.15,-6.38,-1.25,3,1
18160.546,0.265,0.563,0.834,-21.33,-9.34,4.58,3,1
18160.562,0.261,0.54,0.835,-22.22,-13.06,8.21,3,1
18160.562,0.276,0.52,0.823,-23.8,-16.48,12.39,3,1
18160.578,0.301,0.485,0.799,-23.07,-17.12,16.11,3,1
18160.593,0.317,0.463,0.774,-21.85,-15.38,17.64,3,1
18160.593,0.336,0.466,0.758,-21.58,-11.51,18.71,3,1
18160.609,0.343,0.465,0.75,-20.6,-5.77,19.17,3,1
18160.609,0.351,0.48,0.749,-18.16,0.64,20.2,3,1
18160.625,0.349,0.498,0.747,-16.24,7.72,21.55,3,1
18160.64,0.345,0.481,0.758,-13.12,15.56,23.38,3,1
18160.64,0.359,0.475,0.781,-5.89,24.23,26.61,3,1
18160.656,0.341,0.463,0.802,2.78,31.56,27.47,3,1
18160.671,0.313,0.455,0.828,8.33,35.71,27.41,3,1
18160.671,0.318,0.442,0.855,12.3,36.62,28.38,3,1
18160.687,0.324,0.422,0.842,14.07,34.64,26.89,3,1
18160.703,0.324,0.41,0.81,8.67,30.52,21.73,3,1
18160.703,0.328,0.408,0.785,-3.45,24.81,14.22,3,1
18160.718,0.349,0.413,0.77,-18.22,20.78,6.84,3,1
18160.718,0.358,0.407,0.765,-29.42,20.36,0.06,3,1
18160.734,0.302,0.419,0.828,-32.93,20.78,-5.19,3,1
18160.75,0.289,0.442,0.996,-26.12,15.38,-4.36,3,1
18160.75,0.314,0.444,0.997,-17.09,5.46,-4.52,3,1
18160.765,0.283,0.368,0.946,-12.05,-0.34,-9.7,3,1
18160.781,0.278,0.299,0.884,-4.15,-3.54,-13.18,3,1
18160.781,0.285,0.316,0.839,3.88,-3.75,-15.87,3,1
18160.796,0.292,0.375,0.835,8.12,-1.65,-18.43,3,1
18160.812,0.308,0.425,0.838,8.73,-0.58,-21.88,3,1
18160.812,0.297,0.466,0.841,7.57,-1.89,-26.28,3,1
18160.828,0.281,0.495,0.84,6.5,-3.51,-27.68,3,1
18160.828,0.274,0.507,0.836,5.77,-4.52,-26.22,3,1
18160.843,0.259,0.502,0.806,4.76,-4.82,-23.87,3,1
18160.859,0.273,0.468,0.772,-0.82,-4.15,-21.76,3,1
18160.859,0.267,0.446,0.814,-6.68,-2.5,-22.55,3,1
18160.875,0.262,0.465,0.845,-5.43,-0.37,-20.2,3,1
18160.89,0.266,0.478,0.855,-4.06,-0.24,-18.25,3,1
18160.89,0.257,0.489,0.857,-4.88,-1.65,-17.58,3,1
18160.906,0.262,0.494,0.843,-5.19,-3.36,-15.53,3,1
18160.921,0.257,0.492,0.819,-6.62,-4.85,-14.37,3,1
18160.921,0.256,0.489,0.815,-9.64,-4.36,-11.84,3,1
18160.937,0.268,0.477,0.837,-9.61,-2.04,-7.84,3,1
18160.953,0.269,0.473,0.839,-5.28,0.79,-3.97,3,1
18160.953,0.275,0.455,0.84,-1.8,2.38,-1.37,3,1
18160.968,0.281,0.432,0.853,0.12,2.84,-1.13,3,1
18160.968,0.283,0.417,0.86,1.98,2.41,-2.47,3,1
18160.984,0.276,0.423,0.851,3.54,1.37,-4.85,3,1
18161.0,0.284,0.435,0.83,3.75,0.03,-7.29,3,1
18161.0,0.282,0.45,0.809,2.23,-0.15,-9.83,3,1
18161.015,0.266,0.47,0.822,0.46,0.79,-10.83,3,1
18161.031,0.264,0.492,0.844,0.89,1.86,-8.51,3,1
18161.031,0.261,0.507,0.852,2.75,2.56,-5.37,3,1
18161.046,0.256,0.501,0.846,4.09,2.08,-2.99,3,1
18161.062,0.26,0.484,0.839,3.78,1.04,-1.59,3,1
18161.062,0.26,0.461,0.835,2.32,0.21,-1.37,3,1
18161.078,0.267,0.452,0.833,1.04,-0.52,-1.59,3,1
18161.093,0.266,0.459,0.831,0.61,-0.95,-2.14,3,1
18161.093,0.266,0.477,0.831,-0.03,-1.68,-3.02,3,1
18161.109,0.268,0.493,0.825,-1.37,-2.32,-4.0,3,1
18161.109,0.261,0.503,0.83,-3.88,-2.14,-4.06,3,1
18161.125,0.258,0.489,0.832,-5.43,-1.89,-2.99,3,1
18161.14,0.253,0.468,0.829,-5.65,-0.67,-1.43,3,1
18161.14,0.255,0.44,0.842,-4.55,0.31,0.76,3,1
18161.156,0.26,0.436,0.856,-2.47,1.34,2.41,3,1
18161.171,0.26,0.432,0.858,-0.49,1.77,2.84,3,1
18161.171,0.257,0.431,0.864,0.43,1.34,2.47,3,1
18161.187,0.259,0.448,0.865,1.46,0.58,2.44,3,1
18161.187,0.262,0.456,0.848,2.87,-0.18,2.14,3,1
18161.203,0.263,0.467,0.836,2.32,-0.79,1.53,3,1
18161.218,0.266,0.48,0.824,-3.54,-2.17,-0.27,3,1
18161.234,0.259,0.501,0.815,-8.42,-2.96,-0.12,3,1
18161.234,0.258,0.51,0.802,-13.64,-2.9,0.85,3,1
18161.25,0.267,0.499,0.813,-17.18,-3.23,1.34,3,1
18161.25,0.274,0.455,0.846,-20.11,-5.04,0.09,3,1
18161.265,0.275,0.415,0.842,-22.71,-6.47,-2.44,3,1
18161.281,0.279,0.4,0.85,-23.13,-7.23,-5.46,3,1
18161.281,0.281,0.398,0.857,-20.42,-7.45,-7.97,3,1
18161.296,0.284,0.386,0.849,-16.45,-6.78,-9.74,3,1
18161.312,0.295,0.392,0.85,-14.19,-6.26,-13.52,3,1
18161.312,0.287,0.385,0.865,-11.35,-5.8,-18.31,3,1
18161.328,0.272,0.383,0.88,-6.23,-4.55,-20.45,3,1
18161.328,0.267,0.377,0.86,1.56,-1.89,-19.84,3,1
18161.343,0.259,0.379,0.867,9.28,3.48,-16.72,3,1
18161.359,0.249,0.424,0.89,17.33,7.39,-12.36,3,1
18161.359,0.25,0.471,0.873,21.73,6.35,-9.77,3,1
18161.375,0.247,0.504,0.824,19.26,3.27,-9.83,3,1
18161.39,0.249,0.53,0.799,13.34,2.08,-8.73,3,1
18161.39,0.241,0.542,0.804,7.23,2.35,-6.26,3,1
18161.406,0.23,0.54,0.805,1.19,2.26,-3.11,3,1
18161.421,0.235,0.522,0.827,-4.7,2.26,0.09,3,1
18161.421,0.234,0.478,0.85,-8.85,1.59,1.65,3,1
18161.437,0.235,0.445,0.852,-12.42,-0.37,1.56,3,1
18161.437,0.258,0.439,0.869,-15.81,-2.08,-0.09,3,1
18161.453,0.265,0.434,0.88,-16.24,-3.81,-2.78,3,1
18161.468,0.265,0.437,0.871,-15.69,-6.07,-5.28,3,1
18161.484,0.269,0.458,0.86,-17.3,-9.16,-7.72,3,1
18161.484,0.259,0.502,0.846,-21.0,-12.6,-9.46,3,1
18161.5,0.248,0.528,0.836,-23.41,-14.01,-6.93,3,1
18161.5,0.264,0.515,0.82,-23.56,-11.93,-0.37,3,1
18161.515,0.252,0.469,0.843,-24.26,-7.75,4.36,3,1
18161.531,0.232,0.398,0.873,-21.91,-5.4,7.08,3,1
18161.531,0.236,0.346,0.871,-16.54,-3.88,8.88,3,1
18161.546,0.222,0.304,0.892,-8.09,-1.1,9.09,3,1
18161.562,0.21,0.293,0.916,2.9,0.67,9.43,3,1
18161.562,0.211,0.314,0.94,14.59,0.79,9.83,3,1
18161.578,0.23,0.347,0.925,25.06,-1.16,11.29,3,1
18161.593,0.278,0.406,0.815,27.44,-2.9,12.02,3,1
18161.593,0.307,0.504,0.73,16.45,1.16,11.26,3,1
18161.609,0.317,0.544,0.734,0.89,6.07,8.3,3,1
18161.609,0.3,0.583,0.786,-14.1,4.3,5.65,3,1
18161.625,0.329,0.588,0.817,-28.11,-2.81,4.09,3,1
18161.64,0.354,0.545,0.839,-36.1,-8.33,1.1,3,1
18161.656,0.339,0.496,0.855,-38.82,-9.4,0.09,3,1
18161.656,0.327,0.391,0.897,-35.62,-8.58,-1.13,3,1
18161.671,0.261,0.298,0.917,-24.63,-7.84,-2.47,3,1
18161.671,0.245,0.237,0.93,-10.01,-5.46,-0.64,3,1
18161.687,0.197,0.2,0.941,5.55,0.27,-0.31,3,1
18161.703,0.184,0.179,0.949,16.21,2.96,-0.82,3,1
18161.703,0.185,0.223,0.935,23.99,3.57,-2.04,3,1
18161.718,0.213,0.304,0.921,33.97,4.46,-1.4,3,1
18161.718,0.247,0.371,0.946,47.15,5.49,0.82,3,1
18161.734,0.254,0.43,0.916,59.72,5.77,3.42,3,1
18161.75,0.308,0.464,0.816,61.86,8.79,5.4,3,1
18161.75,0.299,0.423,0.772,55.15,14.25,1.95,3,1
18161.765,0.244,0.463,0.71,44.89,14.07,-1.04,3,1
18161.781,0.267,0.578,0.681,26.83,10.93,-0.79,3,1
18161.781,0.275,0.642,0.693,6.44,11.23,0.92,3,1
18161.796,0.272,0.663,0.796,-10.62,12.42,5.04,3,1
18161.812,0.253,0.638,0.864,-18.46,8.33,9.4,3,1
18161.812,0.256,0.57,0.839,-23.93,2.56,13.98,3,1
18161.828,0.278,0.464,0.841,-28.32,0.67,17.0,3,1
18161.828,0.28,0.388,0.864,-26.0,1.4,17.12,3,1
18161.843,0.278,0.362,0.882,-18.74,1.68,15.29,3,1
18161.859,0.28,0.37,0.89,-12.45,0.67,12.12,3,1
18161.859,0.277,0.389,0.892,-7.48,-1.13,8.27,3,1
18161.875,0.274,0.42,0.889,-3.94,-3.23,5.13,3,1
18161.89,0.269,0.445,0.884,-2.01,-5.8,3.17,3,1
18161.89,0.253,0.46,0.866,-2.11,-8.06,2.11,3,1
18161.906,0.249,0.466,0.857,-4.24,-9.64,2.44,3,1
18161.921,0.25,0.456,0.862,-6.96,-10.41,2.9,3,1
18161.921,0.24,0.448,0.858,-10.04,-11.38,2.59,3,1
18161.937,0.238,0.426,0.841,-12.45,-12.09,2.87,3,1
18161.953,0.248,0.415,0.848,-14.28,-11.63,3.17,3,1
18161.953,0.248,0.417,0.87,-15.41,-10.35,3.57,3,1
18161.968,0.251,0.423,0.882,-15.05,-9.92,4.91,3,1
18161.984,0.251,0.404,0.896,-12.33,-10.56,7.2,3,1
18161.984,0.258,0.401,0.911,-7.93,-11.02,10.5,3,1
18162.0,0.276,0.395,0.934,-1.83,-11.63,13.89,3,1
18162.0,0.285,0.385,0.927,5.43,-14.01,14.71,3,1
18162.015,0.283,0.378,0.894,11.51,-16.11,14.8,3,1
18162.031,0.297,0.377,0.863,15.81,-17.06,15.08,3,1
18162.031,0.301,0.402,0.874,20.26,-16.75,15.02,3,1
18162.046,0.284,0.425,0.824,24.84,-14.1,17.27,3,1
18162.062,0.304,0.431,0.834,25.94,-11.54,19.78,3,1
18162.062,0.297,0.452,0.852,29.08,-9.06,21.91,3,1
18162.078,0.291,0.46,0.856,32.2,-6.47,25.57,3,1
18162.078,0.313,0.441,0.839,35.49,-4.91,28.44,3,1
18162.093,0.322,0.428,0.805,36.47,-4.18,27.65,3,1
18162.109,0.326,0.411,0.77,33.72,-2.56,24.41,3,1
18162.109,0.331,0.392,0.755,27.8,0.43,20.63,3,1
18162.125,0.34,0.395,0.761,21.97,4.64,17.61,3,1
18162.14,0.324,0.431,0.78,16.36,6.84,14.37,3,1
18162.14,0.332,0.464,0.818,9.19,6.47,13.31,3,1
18162.156,0.349,0.466,0.848,5.71,5.37,12.42,3,1
18162.171,0.354,0.445,0.832,7.29,4.0,9.77,3,1
18162.171,0.347,0.432,0.812,9.74,3.48,7.17,3,1
18162.187,0.346,0.433,0.81,10.38,2.99,4.88,3,1
18162.203,0.342,0.451,0.803,0.15,-1.4,-2.47,3,1
18162.203,0.345,0.474,0.785,-10.44,-5.22,-8.18,3,1
18162.218,0.349,0.496,0.775,-21.15,-9.7,-14.28,3,1
18162.234,0.354,0.488,0.778,-32.29,-14.04,-21.36,3,1
18162.234,0.338,0.438,0.839,-44.34,-19.38,-30.3,3,1
18162.25,0.31,0.404,0.913,-54.75,-27.04,-39.86,3,1
18162.25,0.28,0.384,0.957,-52.92,-36.19,-45.32,3,1
18162.265,0.299,0.357,0.933,-48.01,-43.58,-46.88,3,1
18162.281,0.285,0.301,0.939,-57.8,-52.1,-53.83,3,1
18162.281,0.271,0.233,0.925,-69.64,-62.56,-64.97,3,1
18162.296,0.296,0.227,0.904,-70.41,-64.76,-67.54,3,1
18162.312,0.329,0.271,0.906,-64.15,-63.08,-69.19,3,1
18162.312,0.341,0.286,0.898,-50.72,-60.0,-71.9,3,1
18162.328,0.361,0.347,0.885,-34.33,-54.29,-72.18,3,1
18162.343,0.349,0.39,0.873,-18.86,-48.19,-72.39,3,1
18162.343,0.332,0.423,0.839,-4.7,-41.69,-68.3,3,1
18162.359,0.333,0.449,0.808,7.78,-33.97,-58.29,3,1
18162.359,0.331,0.483,0.772,19.62,-24.29,-46.57,3,1
18162.375,0.334,0.509,0.747,30.18,-13.25,-32.81,3,1
18162.39,0.338,0.519,0.756,39.19,-2.47,-20.33,3,1
18162.39,0.33,0.514,0.772,45.93,4.15,-12.18,3,1
18162.406,0.318,0.533,0.781,46.02,6.1,-6.01,3,1
18162.421,0.302,0.56,0.799,41.41,6.84,0.27,3,1
18162.421,0.269,0.567,0.805,35.8,6.44,6.99,3,1
18162.437,0.266,0.574,0.802,31.04,3.33,16.27,3,1
18162.453,0.294,0.578,0.809,27.07,-0.37,26.8,3,1
18162.453,0.323,0.58,0.811,24.63,-0.92,37.48,3,1
18162.468,0.352,0.544,0.778,27.92,2.66,46.85,3,1
18162.468,0.383,0.495,0.707,34.03,8.27,53.07,3,1
18162.484,0.426,0.468,0.67,36.01,16.51,54.02,3,1
18162.5,0.465,0.445,0.634,31.65,26.06,47.61,3,1
18162.5,0.458,0.435,0.607,19.01,35.74,34.0,3,1
18162.515,0.441,0.436,0.603,0.46,43.64,18.98,3,1
18162.531,0.405,0.443,0.604,-20.26,49.71,5.8,3,1
18162.531,0.398,0.469,0.636,-38.33,55.82,-2.38,3,1
18162.546,0.34,0.52,0.778,-52.95,60.12,-7.14,3,1
18162.562,0.025,0.638,1.254,-60.21,48.07,-3.48,3,1
18162.562,0.177,0.554,1.315,-47.15,9.7,20.91,3,1
18162.578,0.304,0.435,0.924,-40.47,-11.23,30.7,3,1
18162.593,0.287,0.28,0.865,-36.53,-6.93,29.36,3,1
18162.593,0.295,0.159,0.878,-15.81,-0.82,29.79,3,1
18162.609,0.326,0.177,0.808,6.35,4.88,29.18,3,1
18162.609,0.328,0.276,0.826,15.29,12.73,25.57,3,1
18162.625,0.317,0.367,0.893,15.9,18.19,23.13,3,1
18162.64,0.337,0.395,0.891,20.81,19.53,22.0,3,1
18162.64,0.341,0.419,0.818,28.57,22.52,21.94,3,1
18162.656,0.358,0.437,0.769,36.01,29.02,22.98,3,1
18162.671,0.341,0.44,0.761,45.01,38.09,25.03,3,1
18162.671,0.331,0.473,0.781,49.68,43.86,26.58,3,1
18162.687,0.313,0.523,0.818,43.58,44.13,25.73,3,1
18162.703,0.289,0.534,0.829,28.84,39.12,23.62,3,1
18162.703,0.288,0.499,0.836,13.46,31.5,22.89,3,1
18162.718,0.302,0.471,0.854,3.48,23.77,21.82,3,1
18162.718,0.304,0.459,0.863,-2.87,16.57,18.46,3,1
18162.734,0.307,0.425,0.867,-7.26,11.32,14.68,3,1
18162.75,0.307,0.373,0.872,-7.78,6.93,10.65,3,1
18162.75,0.307,0.364,0.893,-6.5,2.08,5.77,3,1
18162.765,0.303,0.385,0.891,-6.13,-2.62,0.7,3,1
18162.781,0.304,0.39,0.872,-6.44,-4.91,-2.66,3,1
18162.781,0.31,0.39,0.85,-4.94,-5.62,-5.28,3,1
18162.796,0.304,0.401,0.83,-2.17,-5.89,-8.09,3,1
18162.812,0.294,0.437,0.838,-1.4,-4.76,-8.85,3,1
18162.812,0.29,0.456,0.866,-1.07,-2.84,-7.51,3,1
18162.828,0.291,0.435,0.871,0.24,-3.51,-7.45,3,1
18162.828,0.287,0.431,0.865,-0.4,-7.11,-9.64,3,1
18162.843,0.277,0.457,0.856,-2.01,-10.41,-10.62,3,1
18162.859,0.278,0.497,0.829,-4.09,-11.96,-8.24,3,1
18162.859,0.287,0.529,0.81,-7.26,-10.56,-2.75,3,1
18162.875,0.294,0.51,0.795,-9.61,-8.55,2.32,3,1
18162.89,0.302,0.466,0.803,-13.64,-8.06,4.3,3,1
18162.89,0.304,0.448,0.801,-17.85,-7.87,4.67,3,1
18162.906,0.325,0.439,0.8,-22.95,-7.11,5.22,3,1
18162.921,0.357,0.417,0.888,-29.11,-9.95,2.17,3,1
18162.921,0.351,0.446,0.835,-35.46,-18.34,-6.07,3,1
18162.937,0.357,0.493,0.761,-45.32,-22.74,-11.17,3,1
18162.953,0.348,0.476,0.766,-54.23,-17.7,-9.86,3,1
18162.953,0.294,0.425,0.869,-52.71,-9.19,-3.05,3,1
18162.968,0.294,0.362,0.862,-41.66,-5.77,3.81,3,1
18162.968,0.286,0.319,0.838,-33.85,0.31,5.98,3,1
18162.984,0.269,0.258,0.871,-26.18,7.9,6.16,3,1
18163.0,0.254,0.247,0.917,-16.57,13.0,6.93,3,1
18163.0,0.282,0.269,0.956,-4.94,14.77,8.76,3,1
18163.015,0.285,0.242,0.994,8.91,14.8,9.74,3,1
18163.031,0.299,0.274,1.004,19.38,9.4,7.54,3,1
18163.031,0.323,0.3,0.996,30.09,3.97,5.01,3,1
18163.046,0.32,0.338,0.879,39.7,-0.27,2.75,3,1
18163.062,0.345,0.413,0.734,37.08,-0.7,1.83,3,1
18163.062,0.34,0.464,0.699,26.67,3.33,0.27,3,1
18163.078,0.33,0.546,0.701,12.39,6.53,1.04,3,1
18163.078,0.324,0.62,0.709,-7.63,6.74,3.3,3,1
18163.093,0.323,0.595,0.753,-27.89,6.81,6.32,3,1
18163.109,0.31,0.534,0.825,-41.44,6.84,10.28,3,1
18163.109,0.29,0.456,0.877,-46.51,5.4,14.01,3,1
18163.125,0.291,0.386,0.911,-47.55,2.96,17.12,3,1
18163.14,0.301,0.314,0.921,-45.17,0.61,17.64,3,1
18163.14,0.314,0.255,0.914,-40.31,-0.31,15.72,3,1
18163.156,0.322,0.216,0.901,-33.27,1.74,12.51,3,1
18163.171,0.322,0.215,0.895,-23.77,5.71,9.46,3,1
18163.171,0.314,0.239,0.891,-14.71,9.86,6.96,3,1
18163.187,0.327,0.276,0.842,-5.34,19.81,5.46,3,1
18163.203,0.313,0.322,0.874,-2.44,22.16,6.71,3,1
18163.203,0.297,0.349,0.875,-4.43,23.22,8.27,3,1
18163.218,0.308,0.373,0.846,-8.18,25.03,8.42,3,1
18163.218,0.301,0.36,0.874,-9.43,27.44,9.09,3,1
18163.234,0.284,0.359,0.924,-7.75,28.32,10.01,3,1
18163.25,0.26,0.352,0.961,-7.17,25.09,10.25,3,1
18163.25,0.254,0.324,0.979,-9.03,18.1,9.86,3,1
18163.265,0.261,0.296,0.971,-9.8,10.9,8.73,3,1
18163.281,0.263,0.276,0.943,-8.12,5.22,6.65,3,1
18163.281,0.271,0.276,0.911,-6.16,2.96,5.43,3,1
18163.296,0.291,0.272,0.894,-3.27,4.24,5.07,3,1
18163.296,0.3,0.271,0.893,1.28,7.14,4.09,3,1
18163.312,0.295,0.285,0.894,5.65,9.83,2.69,3,1
18163.328,0.291,0.315,0.897,8.33,11.51,1.56,3,1
18163.343,0.277,0.356,0.907,8.67,11.29,0.4,3,1
18163.343,0.251,0.392,0.904,5.86,8.88,0.09,3,1
18163.359,0.246,0.397,0.895,0.95,6.44,2.29,3,1
18163.359,0.242,0.379,0.899,-4.03,4.58,4.39,3,1
18163.375,0.234,0.366,0.895,-8.48,2.35,5.58,3,1
18163.39,0.244,0.346,0.89,-12.67,0.98,6.32,3,1
18163.39,0.263,0.31,0.897,-14.83,1.74,6.38,3,1
18163.406,0.268,0.281,0.899,-13.73,3.02,5.37,3,1
18163.421,0.273,0.277,0.895,-11.47,4.46,4.33,3,1
18163.421,0.285,0.275,0.905,-9.34,6.35,3.39,3,1
18163.437,0.281,0.29,0.916,-7.48,7.78,1.95,3,1
18163.453,0.269,0.337,0.906,-7.26,7.54,1.59,3,1
18163.453,0.278,0.366,0.901,-9.58,6.81,2.93,3,1
18163.468,0.286,0.365,0.914,-14.07,4.46,2.56,3,1
18163.468,0.265,0.363,0.915,-19.38,0.61,0.43,3,1
18163.484,0.269,0.341,0.941,-22.64,-2.38,1.19,3,1
18163.5,0.268,0.286,0.924,-21.64,-3.63,2.5,3,1
18163.5,0.28,0.219,0.944,-17.61,-3.08,2.14,3,1
18163.515,0.295,0.198,0.956,-9.31,-1.89,0.31,3,1
18163.531,0.312,0.201,0.95,-1.95,0.52,-2.93,3,1
18163.546,0.26,0.208,0.973,5.49,1.83,-6.74,3,1
18163.546,0.27,0.228,0.942,14.28,1.25,-7.39,3,1
18163.562,0.245,0.262,0.939,20.69,2.93,-7.81,3,1
18163.562,0.226,0.26,0.948,27.77,4.46,-6.87,3,1
18163.578,0.206,0.299,0.944,35.58,6.5,-5.46,3,1
18163.593,0.2,0.355,0.925,40.83,6.16,-3.14,3,1
18163.593,0.211,0.406,0.925,39.49,2.38,-0.64,3,1
18163.609,0.215,0.407,0.936,35.13,-5.28,0.43,3,1
18163.609,0.257,0.384,0.895,30.52,-12.57,0.58,3,1
18163.625,0.212,0.372,0.932,25.85,-14.68,0.49,3,1
18163.64,0.185,0.346,0.996,22.77,-20.75,2.44,3,1
18163.656,0.161,0.335,1.042,18.22,-33.27,4.3,3,1
18163.656,0.165,0.303,1.087,12.54,-50.51,4.85,3,1
18163.671,0.243,0.264,1.075,10.8,-68.88,3.88,3,1
18163.671,0.271,0.272,0.969,12.6,-80.11,0.98,3,1
18163.687,0.316,0.242,0.888,12.54,-86.03,-4.3,3,1
18163.703,0.334,0.248,0.789,12.42,-84.6,-11.02,3,1
18163.703,0.394,0.267,0.744,16.91,-71.29,-10.77,3,1
18163.718,0.45,0.297,0.72,29.48,-52.74,-9.86,3,1
18163.734,0.443,0.343,0.707,41.47,-36.23,-14.04,3,1
18163.734,0.408,0.403,0.735,42.09,-25.06,-19.07,3,1
18163.75,0.39,0.453,0.786,33.69,-20.78,-21.97,3,1
18163.75,0.361,0.478,0.823,22.58,-21.45,-23.71,3,1
18163.765,0.322,0.481,0.843,10.77,-26.49,-24.05,3,1
18163.781,0.316,0.481,0.842,1.92,-31.43,-20.17,3,1
18163.781,0.347,0.478,0.838,0.03,-31.59,-11.11,3,1
18163.796,0.374,0.445,0.817,5.16,-29.39,-3.88,3,1
18163.812,0.38,0.406,0.8,10.35,-26.83,-1.01,3,1
18163.812,0.388,0.391,0.766,11.96,-22.83,0.61,3,1
18163.828,0.42,0.387,0.732,14.59,-14.89,2.56,3,1
18163.828,0.448,0.375,0.691,17.67,-4.39,2.69,3,1
18163.843,0.453,0.4,0.671,15.72,6.84,0.61,3,1
18163.859,0.463,0.432,0.688,11.08,18.01,-1.68,3,1
18163.859,0.446,0.453,0.682,5.71,27.89,-4.18,3,1
18163.875,0.401,0.477,0.68,-1.98,37.26,-5.22,3,1
18163.89,0.389,0.492,0.728,-7.81,45.87,-2.62,3,1
18163.89,0.367,0.481,0.782,-10.56,52.28,0.09,3,1
18163.906,0.339,0.455,0.819,-13.09,54.35,0.03,3,1
18163.921,0.298,0.422,0.845,-16.6,53.29,-0.82,3,1
18163.921,0.287,0.397,0.885,-21.45,49.17,-1.53,3,1
18163.937,0.256,0.374,0.931,-26.86,42.66,-4.06,3,1
18163.953,0.117,0.37,1.14,-30.95,29.79,-5.46,3,1
18163.953,0.206,0.312,1.197,-25.39,2.14,-2.35,3,1
18163.968,0.271,0.305,1.022,-19.84,-16.85,-5.31,3,1
18163.984,0.277,0.247,0.96,-10.74,-19.2,-8.24,3,1
18163.984,0.291,0.243,0.962,2.59,-20.84,-9.64,3,1
18164.0,0.306,0.298,0.926,12.21,-24.08,-12.09,3,1
18164.0,0.304,0.344,0.858,15.87,-25.76,-14.44,3,1
18164.015,0.314,0.387,0.827,17.0,-23.13,-13.55,3,1
18164.031,0.333,0.422,0.835,21.52,-17.06,-8.94,3,1
18164.031,0.327,0.422,0.843,26.34,-12.7,-4.85,3,1
18164.046,0.321,0.425,0.846,24.45,-13.86,-4.61,3,1
18164.062,0.314,0.435,0.839,17.37,-17.61,-6.01,3,1
18164.062,0.324,0.432,0.835,8.82,-21.45,-7.23,3,1
18164.078,0.338,0.42,0.839,2.08,-24.54,-8.97,3,1
18164.078,0.337,0.417,0.832,-1.98,-27.16,-11.05,3,1
18164.093,0.339,0.405,0.815,-4.55,-28.38,-12.21,3,1
18164.109,0.357,0.403,0.799,-4.76,-25.21,-10.59,3,1
18164.125,0.381,0.39,0.791,0.92,-18.25,-7.72,3,1
18164.125,0.384,0.375,0.789,8.67,-11.84,-7.23,3,1
18164.14,0.382,0.399,0.778,12.88,-7.32,-8.21,3,1
18164.14,0.377,0.435,0.78,12.82,-3.3,-8.91,3,1
18164.156,0.359,0.466,0.785,9.7,-0.79,-9.16,3,1
18164.171,0.344,0.488,0.79,1.22,0.98,-5.22,3,1
18164.171,0.332,0.501,0.797,-4.24,0.73,-2.93,3,1
18164.187,0.322,0.49,0.813,-9.74,-0.52,-1.19,3,1
18164.203,0.313,0.467,0.829,-13.28,-1.56,0.55,3,1
18164.203,0.313,0.419,0.862,-14.95,-2.53,2.08,3,1
18164.218,0.319,0.402,0.87,-14.4,-3.3,2.93,3,1
18164.218,0.322,0.384,0.855,-11.87,-3.2,4.39,3,1
18164.234,0.34,0.382,0.843,-8.76,-1.5,7.23,3,1
18164.25,0.355,0.382,0.817,-5.98,1.13,9.19,3,1
18164.25,0.368,0.402,0.813,-7.87,2.69,9.16,3,1
18164.265,0.367,0.435,0.795,-13.4,1.95,7.6,3,1
18164.281,0.387,0.466,0.803,-21.3,-0.31,5.86,3,1
18164.281,0.385,0.483,0.822,-29.85,-2.59,4.36,3,1
18164.296,0.378,0.477,0.861,-38.48,-6.78,2.93,3,1
18164.312,0.364,0.447,0.897,-43.43,-11.72,2.04,3,1
18164.312,0.34,0.387,0.88,-41.05,-13.95,4.64,3,1
18164.328,0.357,0.29,0.847,-33.69,-12.7,7.39,3,1
18164.343,0.365,0.209,0.888,-24.54,-8.06,5.19,3,1
18164.343,0.342,0.149,0.907,-10.16,-4.61,1.07,3,1
18164.359,0.355,0.144,0.922,2.99,-1.37,-3.23,3,1
18164.375,0.343,0.15,0.958,16.39,2.75,-8.88,3,1
18164.375,0.352,0.169,0.95,32.99,6.41,-12.7,3,1
18164.39,0.38,0.217,0.943,49.35,8.97,-16.24,3,1
18164.39,0.349,0.28,0.897,64.91,9.77,-20.81,3,1
18164.406,0.326,0.43,0.853,69.43,5.62,-22.16,3,1
18164.421,0.347,0.575,0.756,62.01,-1.43,-21.58,3,1
18164.421,0.338,0.668,0.692,44.13,-4.15,-19.44,3,1
18164.437,0.307,0.694,0.676,25.21,-4.43,-13.06,3,1
18164.453,0.325,0.675,0.645,8.42,-3.78,-4.03,3,1
18164.453,0.315,0.625,0.663,-8.67,1.07,4.0,3,1
18164.468,0.305,0.545,0.727,-22.83,6.29,11.93,3,1
18164.468,0.317,0.461,0.793,-32.17,9.0,17.64,3,1
18164.484,0.329,0.388,0.851,-36.41,9.37,19.35,3,1
18164.5,0.337,0.334,0.901,-35.68,8.73,18.43,3,1
18164.5,0.35,0.289,0.926,-29.6,7.42,16.02,3,1
18164.515,0.363,0.258,0.939,-19.78,6.32,12.3,3,1
18164.531,0.37,0.257,0.957,-8.45,5.19,8.27,3,1
18164.531,0.362,0.267,0.937,3.72,3.81,3.85,3,1
18164.546,0.358,0.284,0.907,14.07,2.75,-0.4,3,1
18164.562,0.351,0.33,0.881,20.63,2.47,-3.57,3,1
18164.562,0.351,0.369,0.868,25.18,2.53,-5.22,3,1
18164.578,0.343,0.402,0.852,28.08,2.87,-5.86,3,1
18164.593,0.337,0.423,0.839,27.8,2.56,-6.44,3,1
18164.593,0.326,0.437,0.825,25.76,1.71,-6.32,3,1
18164.609,0.334,0.461,0.815,22.06,0.79,-4.79,3,1
18164.609,0.336,0.502,0.812,16.69,0.06,-3.63,3,1
18164.625,0.334,0.506,0.796,10.13,-1.68,-2.56,3,1
18164.64,0.335,0.493,0.784,3.05,-3.11,-0.95,3,1
18164.64,0.348,0.469,0.784,-2.01,-3.3,0.55,3,1
18164.656,0.355,0.447,0.805,-5.16,-2.11,0.89,3,1
18164.671,0.34,0.427,0.826,-6.9,-1.53,-0.12,3,1
18164.671,0.331,0.415,0.835,-7.48,-2.53,-0.89,3,1
18164.687,0.344,0.403,0.853,-6.47,-3.27,-1.01,3,1
18164.703,0.342,0.391,0.865,-4.3,-3.23,-2.32,3,1
18164.703,0.328,0.389,0.862,-3.36,-4.39,-4.79,3,1
18164.718,0.319,0.393,0.853,-3.42,-6.13,-6.78,3,1
18164.718,0.323,0.399,0.856,-3.51,-7.32,-7.45,3,1
18164.734,0.322,0.412,0.86,-3.85,-8.45,-8.21,3,1
18164.75,0.317,0.425,0.853,-4.97,-9.46,-8.42,3,1
18164.75,0.323,0.432,0.844,-6.41,-10.71,-7.57,3,1
18164.765,0.329,0.422,0.836,-7.2,-11.08,-6.04,3,1
18164.781,0.339,0.416,0.834,-7.39,-10.74,-4.73,3,1
18164.781,0.34,0.401,0.847,-7.69,-10.53,-4.18,3,1
18164.796,0.358,0.39,0.871,-8.79,-11.99,-5.04,3,1
18164.812,0.362,0.395,0.857,-7.84,-13.12,-7.14,3,1
18164.812,0.35,0.407,0.864,-4.43,-13.06,-7.02,3,1
18164.828,0.353,0.416,0.87,-0.58,-14.04,-5.34,3,1
18164.843,0.356,0.411,0.856,2.56,-14.89,-3.97,3,1
18164.843,0.349,0.413,0.831,3.75,-15.32,-3.51,3,1
18164.859,0.348,0.398,0.806,3.75,-14.92,-3.2,3,1
18164.859,0.357,0.398,0.801,4.39,-12.48,-2.08,3,1
18164.875,0.362,0.403,0.801,6.29,-9.61,-1.5,3,1
18164.89,0.363,0.418,0.806,6.65,-7.23,-1.59,3,1
18164.89,0.357,0.435,0.817,5.77,-5.8,-1.56,3,1
18164.906,0.362,0.437,0.824,3.75,-6.07,-1.43,3,1
18164.921,0.364,0.433,0.819,0.79,-7.26,-2.26,3,1
18164.921,0.365,0.421,0.809,-1.53,-7.66,-2.78,3,1
18164.937,0.367,0.408,0.805,-1.83,-6.29,-2.32,3,1
18164.937,0.372,0.406,0.805,0.03,-4.39,-2.17,3,1
18164.953,0.37,0.409,0.805,1.46,-3.05,-2.96,3,1
18164.968,0.366,0.412,0.812,2.08,-0.76,-3.2,3,1
18164.984,0.356,0.418,0.817,3.81,1.77,-2.11,3,1
18164.984,0.355,0.422,0.809,5.46,2.5,-1.31,3,1
18165.0,0.358,0.44,0.806,3.85,2.29,-1.5,3,1
18165.0,0.347,0.464,0.817,0.82,1.95,-1.77,3,1
18165.015,0.346,0.492,0.821,-3.02,0.18,-0.61,3,1
18165.031,0.353,0.479,0.814,-7.97,-2.29,0.43,3,1
18165.031,0.356,0.452,0.817,-13.21,-4.15,0.64,3,1
18165.046,0.356,0.42,0.828,-17.09,-5.34,-0.46,3,1
18165.062,0.353,0.397,0.837,-18.59,-5.65,-1.16,3,1
18165.062,0.357,0.387,0.858,-17.58,-4.76,-0.31,3,1
18165.078,0.355,0.362,0.876,-12.57,-3.05,1.31,3,1
18165.093,0.362,0.34,0.875,-6.32,-2.56,1.71,3,1
18165.093,0.367,0.332,0.859,-1.98,-2.9,-0.15,3,1
18165.109,0.372,0.332,0.846,1.71,-2.23,-2.17,3,1
18165.125,0.377,0.346,0.835,6.44,-0.92,-3.23,3,1
18165.125,0.378,0.379,0.834,10.59,0.06,-4.46,3,1
18165.14,0.376,0.405,0.832,12.24,0.24,-5.92,3,1
18165.14,0.371,0.417,0.83,12.21,-0.37,-7.26,3,1
18165.156,0.366,0.427,0.823,9.31,-2.87,-9.58,3,1
18165.171,0.361,0.432,0.821,7.6,-3.54,-9.03,3,1
18165.171,0.356,0.453,0.824,5.68,-4.33,-7.23,3,1
18165.187,0.358,0.48,0.803,2.62,-4.82,-5.83,3,1
18165.203,0.358,0.468,0.809,-0.64,-5.34,-5.43,3,1
18165.203,0.351,0.454,0.799,-3.14,-5.16,-4.79,3,1
18165.218,0.349,0.434,0.799,-5.4,-3.75,-3.42,3,1
18165.234,0.349,0.418,0.815,-5.98,-1.92,-1.89,3,1
18165.234,0.349,0.405,0.83,-4.91,-0.4,-1.04,3,1
18165.25,0.35,0.39,0.84,-4.18,-0.18,-1.53,3,1
18165.265,0.351,0.387,0.823,-4.18,-0.46,-2.75,3,1
18165.265,0.367,0.403,0.799,-4.67,0.79,-2.69,3,1
18165.281,0.379,0.438,0.792,-4.27,4.39,-0.98,3,1
18165.281,0.386,0.474,0.775,-4.3,7.97,1.25,3,1
18165.296,0.388,0.494,0.807,-7.81,9.49,2.35,3,1
18165.312,0.359,0.49,0.799,-13.73,8.03,1.89,3,1
18165.312,0.347,0.483,0.788,-22.61,4.91,2.53,3,1
18165.328,0.355,0.477,0.806,-29.88,3.23,3.88,3,1
18165.328,0.338,0.44,0.845,-31.89,4.09,6.01,3,1
18165.343,0.34,0.372,0.849,-28.72,5.65,8.58,3,1
18165.359,0.301,0.338,0.92,-23.35,6.87,10.32,3,1
18165.375,0.307,0.279,0.923,-13.73,5.28,12.51,3,1
18165.375,0.335,0.242,0.935,-7.23,6.26,12.45,3,1
18165.39,0.346,0.201,0.964,2.96,7.17,8.45,3,1
18165.39,0.349,0.195,0.97,18.52,5.52,3.88,3,1
18165.406,0.355,0.227,0.961,34.64,3.2,-0.12,3,1
18165.421,0.364,0.276,0.949,48.28,0.7,-4.09,3,1
18165.421,0.341,0.326,0.91,59.66,-3.27,-7.75,3,1
18165.437,0.37,0.375,0.815,63.23,-6.35,-10.38,3,1
18165.453,0.339,0.443,0.768,60.85,-8.03,-14.19,3,1
18165.453,0.336,0.513,0.7,53.1,-10.59,-14.83,3,1
18165.468,0.363,0.606,0.662,35.1,-11.26,-14.62,3,1
18165.484,0.375,0.65,0.668,15.99,-8.58,-14.07,3,1
18165.484,0.354,0.651,0.699,2.93,-3.57,-10.1,3,1
18165.5,0.346,0.64,0.725,-3.51,-0.06,-2.84,3,1
18165.5,0.338,0.609,0.749,-8.33,3.08,5.58,3,1
18165.515,0.331,0.533,0.781,-14.37,4.91,12.18,3,1
18165.531,0.332,0.449,0.803,-18.83,5.1,15.63,3,1
18165.546,0.344,0.401,0.817,-20.26,5.01,16.42,3,1
18165.546,0.353,0.38,0.841,-19.29,5.22,15.47,3,1
18165.562,0.353,0.363,0.865,-16.63,5.04,13.37,3,1
18165.562,0.35,0.354,0.884,-13.12,4.0,11.05,3,1
18165.578,0.35,0.362,0.883,-9.25,2.41,9.13,3,1
18165.593,0.359,0.363,0.868,-5.77,0.76,6.99,3,1
18165.593,0.365,0.368,0.859,-2.59,0.58,4.85,3,1
18165.609,0.361,0.381,0.854,1.46,1.46,3.48,3,1
18165.609,0.357,0.397,0.853,5.55,2.5,3.85,3,1
18165.625,0.363,0.411,0.847,8.79,2.62,4.55,3,1
18165.64,0.367,0.418,0.834,9.86,2.04,3.6,3,1
18165.64,0.367,0.418,0.822,8.94,1.1,1.71,3,1
18165.656,0.359,0.421,0.815,7.72,0.98,0.06,3,1
18165.671,0.354,0.428,0.816,8.0,1.25,-0.12,3,1
18165.671,0.354,0.453,0.808,9.46,2.23,1.28,3,1
18165.687,0.361,0.468,0.81,10.68,3.66,3.08,3,1
18165.703,0.358,0.466,0.808,10.71,3.51,3.33,3,1
18165.703,0.347,0.463,0.803,8.45,2.11,2.69,3,1
18165.718,0.342,0.469,0.801,5.52,1.34,3.27,3,1
18165.718,0.341,0.478,0.809,4.43,2.29,5.92,3,1
18165.734,0.334,0.467,0.81,5.58,3.97,9.0,3,1
18165.75,0.318,0.464,0.796,6.59,6.2,12.39,3,1
18165.75,0.319,0.46,0.8,8.18,10.5,18.49,3,1
18165.765,0.327,0.454,0.833,11.81,15.11,24.17,3,1
18165.781,0.324,0.438,0.849,17.94,17.24,27.1,3,1
18165.796,0.336,0.427,0.838,19.75,15.99,27.07,3,1
18165.796,0.34,0.413,0.821,15.14,12.97,22.83,3,1
18165.812,0.341,0.412,0.801,10.01,12.21,19.44,3,1
18165.812,0.36,0.421,0.826,11.44,15.53,20.81,3,1
18165.828,0.363,0.425,0.831,18.68,17.88,22.1,3,1
18165.828,0.366,0.43,0.818,23.35,17.91,20.87,3,1
18165.843,0.356,0.444,0.824,21.97,17.33,18.77,3,1
18165.859,0.355,0.445,0.83,18.77,15.72,17.58,3,1
18165.875,0.361,0.437,0.832,16.6,13.95,16.79,3,1
18165.875,0.371,0.442,0.81,15.9,12.39,15.14,3,1
18165.89,0.361,0.457,0.802,14.4,11.08,12.39,3,1
18165.89,0.353,0.474,0.821,9.49,8.67,10.5,3,1
18165.906,0.345,0.489,0.823,3.17,5.01,8.88,3,1
18165.921,0.345,0.472,0.829,-1.28,1.86,8.24,3,1
18165.921,0.335,0.456,0.83,-2.56,-0.76,7.72,3,1
18165.937,0.332,0.442,0.817,-2.59,-2.2,8.06,3,1
18165.953,0.339,0.429,0.81,-1.71,-1.83,8.12,3,1
18165.953,0.336,0.426,0.803,-0.58,-0.61,7.35,3,1
18165.968,0.335,0.434,0.801,-1.13,0.27,6.32,3,1
18165.984,0.342,0.439,0.807,-2.38,0.98,5.74,3,1
18165.984,0.345,0.435,0.813,-3.23,0.89,4.43,3,1
18166.0,0.334,0.443,0.824,-4.39,-0.06,2.84,3,1
18166.0,0.332,0.462,0.83,-4.91,-0.27,3.36,3,1
18166.015,0.341,0.465,0.812,-4.3,-0.61,4.64,3,1
18166.031,0.34,0.474,0.805,-4.73,-1.37,4.94,3,1
18166.031,0.336,0.49,0.799,-6.23,-1.4,6.23,3,1
18166.046,0.343,0.489,0.789,-8.21,-0.7,8.64,3,1
18166.062,0.347,0.471,0.786,-10.59,-0.09,10.32,3,1
18166.062,0.353,0.456,0.791,-13.34,0.27,11.14,3,1
18166.078,0.358,0.443,0.812,-16.05,0.24,10.5,3,1
18166.078,0.358,0.43,0.816,-19.32,-1.34,8.67,3,1
18166.093,0.36,0.421,0.819,-24.14,-3.94,6.07,3,1
18166.109,0.352,0.414,0.825,-28.17,-5.58,4.21,3,1
18166.125,0.363,0.407,0.84,-28.2,-5.31,4.94,3,1
18166.125,0.365,0.385,0.847,-25.21,-4.12,5.37,3,1
18166.14,0.366,0.354,0.853,-17.98,-0.89,2.87,3,1
18166.14,0.377,0.316,0.877,-12.57,-1.1,-1.43,3,1
18166.156,0.38,0.285,0.891,-7.51,-2.11,-6.9,3,1
18166.171,0.368,0.29,0.884,-3.36,-2.96,-11.02,3,1
18166.171,0.38,0.414,0.815,-3.66,-5.52,-14.77,3,1
18166.187,0.381,0.486,0.778,-7.81,-7.75,-17.3,3,1
18166.203,0.377,0.507,0.746,-13.7,-7.05,-15.81,3,1
18166.203,0.378,0.504,0.785,-18.74,-2.08,-11.14,3,1
18166.218,0.323,0.469,0.869,-17.4,1.86,-5.31,3,1
18166.234,0.321,0.421,0.878,-15.17,-0.58,-0.7,3,1
18166.234,0.3,0.375,0.877,-14.47,-0.4,0.64,3,1
18166.25,0.311,0.317,0.906,-9.7,1.37,1.28,3,1
18166.25,0.315,0.309,0.918,-1.22,1.98,0.37,3,1
18166.265,0.325,0.321,0.926,8.03,2.32,-1.89,3,1
18166.281,0.341,0.347,0.908,14.07,1.16,-5.71,3,1
18166.296,0.308,0.419,0.878,12.67,-5.65,-9.61,3,1
18166.296,0.318,0.51,0.784,4.94,-15.02,-5.62,3,1
18166.312,0.372,0.605,0.662,-9.98,-16.02,1.1,3,1
18166.312,0.373,0.583,0.701,-23.96,-9.13,5.49,3,1
18166.328,0.361,0.523,0.761,-33.11,-5.71,10.38,3,1
18166.343,0.36,0.414,0.775,-41.78,-4.73,13.61,3,1
18166.343,0.385,0.306,0.82,-47.06,-1.31,13.52,3,1
18166.359,0.395,0.201,0.861,-40.13,4.0,10.8,3,1
18166.359,0.391,0.151,0.926,-26.43,9.28,5.68,3,1
18166.375,0.357,0.134,0.97,-8.09,11.26,1.01,3,1
18166.39,0.369,0.156,0.96,9.0,11.72,-2.41,3,1
18166.406,0.339,0.209,0.959,23.87,14.98,-6.26,3,1
18166.406,0.34,0.285,0.935,37.45,16.39,-7.54,3,1
18166.421,0.347,0.379,0.931,47.27,15.41,-6.78,3,1
18166.421,0.336,0.478,0.911,53.74,12.02,-5.25,3,1
18166.437,0.319,0.574,0.841,53.65,3.33,-2.56,3,1
18166.453,0.352,0.634,0.748,39.52,-6.26,-0.27,3,1
18166.453,0.269,0.653,0.802,17.82,-13.86,0.15,3,1
18166.468,0.228,0.604,0.839,-0.21,-26.15,6.84,3,1
18166.468,0.241,0.508,0.843,-22.0,-40.13,14.25,3,1
18166.484,0.328,0.357,0.799,-38.3,-47.0,17.91,3,1
18166.5,0.379,0.217,0.791,-39.77,-40.71,17.82,3,1
18166.5,0.408,0.147,0.815,-29.54,-33.27,11.87,3,1
18166.515,0.43,0.201,0.81,-18.83,-25.88,5.01,3,1
18166.531,0.436,0.292,0.799,-13.4,-18.16,-0.49,3,1
18166.531,0.477,0.345,0.815,-13.18,-15.02,-7.78,3,1
18166.546,0.455,0.385,0.826,-11.9,-12.27,-14.8,3,1
18166.562,0.433,0.428,0.829,-9.46,-10.35,-17.21,3,1
18166.562,0.417,0.452,0.817,-4.52,-7.81,-14.8,3,1
18166.578,0.405,0.463,0.806,1.92,-3.3,-8.21,3,1
18166.593,0.397,0.46,0.813,6.74,-0.15,-2.2,3,1
18166.593,0.386,0.449,0.809,4.58,0.34,0.7,3,1
18166.609,0.375,0.399,0.797,-3.42,-0.46,1.13,3,1
18166.609,0.382,0.356,0.803,-11.29,-0.67,0.58,3,1
18166.625,0.386,0.339,0.814,-15.53,0.92,-0.18,3,1
18166.64,0.393,0.33,0.826,-16.54,3.63,-0.67,3,1
18166.64,0.4,0.331,0.849,-14.56,6.29,-1.04,3,1
18166.656,0.391,0.337,0.862,-10.74,8.12,-2.26,3,1
18166.671,0.381,0.344,0.874,-7.97,7.69,-3.14,3,1
18166.671,0.386,0.356,0.881,-5.89,5.55,-3.94,3,1
18166.687,0.387,0.36,0.874,-3.88,3.23,-4.85,3,1
18166.703,0.383,0.36,0.864,-2.35,1.1,-6.29,3,1
18166.703,0.384,0.35,0.863,-1.4,-1.37,-8.24,3,1
18166.718,0.386,0.367,0.85,-3.42,-3.3,-10.35,3,1
18166.734,0.395,0.375,0.831,-7.29,-4.85,-13.0,3,1
18166.734,0.392,0.36,0.803,-12.7,-6.29,-17.49,3,1
18166.75,0.389,0.349,0.775,-19.59,-6.96,-22.58,3,1
18166.75,0.405,0.358,0.756,-28.23,-5.83,-27.47,3,1
18166.765,0.417,0.363,0.754,-37.32,-2.53,-32.59,3,1
18166.781,0.409,0.359,0.732,-44.07,3.48,-36.99,3,1
18166.781,0.38,0.371,0.735,-46.94,13.55,-36.44,3,1
18166.796,0.376,0.396,0.771,-44.68,24.69,-29.08,3,1
18166.812,0.33,0.456,0.911,-37.14,33.97,-19.35,3,1
18166.812,0.203,0.502,1.15,-21.94,30.95,-3.91,3,1
18166.828,0.29,0.381,1.11,-10.86,10.16,10.53,3,1
18166.828,0.323,0.332,0.935,-16.3,-5.89,9.64,3,1
18166.843,0.325,0.259,0.854,-19.5,-9.77,5.86,3,1
18166.859,0.356,0.195,0.838,-14.86,-6.74,4.82,3,1
18166.875,0.346,0.219,0.848,-5.16,1.13,5.71,3,1
18166.875,0.345,0.274,0.883,4.67,8.24,9.0,3,1
18166.89,0.349,0.3,0.907,11.14,11.69,11.2,3,1
18166.89,0.35,0.309,0.913,15.96,13.67,12.39,3,1
18166.906,0.355,0.31,0.903,20.63,14.56,13.25,3,1
18166.921,0.348,0.314,0.886,23.68,14.4,12.36,3,1
18166.921,0.328,0.322,0.869,23.1,12.39,10.59,3,1
18166.937,0.336,0.339,0.862,17.88,10.41,10.01,3,1
18166.953,0.349,0.354,0.856,13.61,10.07,9.8,3,1
18166.953,0.343,0.362,0.848,12.51,10.65,9.86,3,1
18166.968,0.357,0.359,0.855,11.63,10.62,9.58,3,1
18166.968,0.353,0.355,0.853,10.9,10.71,8.58,3,1
18166.984,0.365,0.354,0.856,10.25,11.84,8.06,3,1
18167.0,0.361,0.348,0.866,10.65,13.28,6.71,3,1
18167.015,0.337,0.343,0.875,11.14,13.21,4.64,3,1
18167.015,0.327,0.338,0.876,10.96,11.69,3.27,3,1
18167.031,0.33,0.332,0.889,10.19,9.89,1.8,3,1
18167.031,0.316,0.355,0.891,9.0,8.18,-0.24,3,1
18167.046,0.306,0.356,0.895,6.93,5.52,-1.56,3,1
18167.062,0.301,0.349,0.881,4.88,2.84,-2.14,3,1
18167.062,0.309,0.359,0.867,3.97,2.14,-0.67,3,1
18167.078,0.319,0.368,0.863,4.3,2.69,0.76,3,1
18167.078,0.316,0.363,0.857,4.15,3.54,0.79,3,1
18167.093,0.309,0.363,0.856,2.69,3.97,1.22,3,1
18167.109,0.311,0.373,0.864,0.82,4.64,2.72,3,1
18167.109,0.324,0.364,0.865,-1.56,5.19,2.87,3,1
18167.125,0.319,0.362,0.869,-3.36,4.64,2.59,3,1
18167.14,0.317,0.36,0.874,-4.73,3.72,2.47,3,1
18167.156,0.322,0.353,0.88,-5.74,2.32,1.95,3,1
18167.156,0.306,0.367,0.889,-6.78,0.79,2.75,3,1
18167.171,0.3,0.373,0.9,-7.6,-0.06,5.77,3,1
18167.171,0.325,0.372,0.897,-7.08,-0.95,9.92,3,1
18167.187,0.334,0.343,0.873,-5.86,-2.14,10.16,3,1
18167.203,0.34,0.323,0.853,-5.92,-2.14,9.31,3,1
18167.203,0.353,0.323,0.855,-5.31,-0.7,8.79,3,1
18167.218,0.361,0.313,0.864,-4.64,0.55,6.62,3,1
18167.218,0.358,0.308,0.872,-4.67,0.89,3.02,3,1
18167.234,0.35,0.304,0.885,-4.7,0.55,-0.76,3,1
18167.25,0.339,0.293,0.895,-3.05,-0.49,-4.49,3,1
18167.25,0.329,0.3,0.89,0.4,-1.16,-7.69,3,1
18167.265,0.314,0.331,0.898,3.2,-0.09,-9.03,3,1
18167.281,0.304,0.351,0.89,5.19,0.76,-8.97,3,1
18167.296,0.301,0.353,0.863,6.26,1.1,-8.06,3,1
18167.296,0.31,0.344,0.846,5.83,1.28,-8.03,3,1
18167.312,0.315,0.349,0.86,2.93,1.95,-8.85,3,1
18167.312,0.32,0.362,0.885,-1.13,1.83,-9.4,3,1
18167.328,0.319,0.363,0.875,-5.34,-0.12,-10.93,3,1
18167.328,0.318,0.348,0.87,-8.55,-2.11,-11.78,3,1
18167.343,0.317,0.359,0.882,-8.76,-2.2,-10.47,3,1
18167.359,0.311,0.38,0.899,-6.04,-0.27,-5.98,3,1
18167.359,0.307,0.366,0.887,-2.9,0.61,-1.25,3,1
18167.375,0.321,0.336,0.879,-0.61,0.7,1.65,3,1
18167.39,0.319,0.311,0.883,1.01,1.59,1.65,3,1
18167.39,0.32,0.316,0.896,3.14,2.32,1.62,3,1
18167.406,0.318,0.318,0.893,5.1,1.77,0.85,3,1
18167.421,0.321,0.333,0.887,4.49,0.4,-0.52,3,1
18167.421,0.323,0.362,0.917,3.02,-1.74,-1.86,3,1
18167.437,0.298,0.396,0.91,2.99,-5.58,-1.46,3,1
18167.453,0.337,0.425,0.951,-0.27,-10.96,0.34,3,1
18167.453,0.329,0.435,0.879,-4.49,-16.75,-0.52,3,1
18167.468,0.332,0.409,0.791,-12.12,-17.33,0.31,3,1
18167.484,0.344,0.349,0.792,-19.04,-13.28,1.95,3,1
18167.484,0.344,0.311,0.845,-18.92,-7.97,1.77,3,1
18167.5,0.319,0.276,0.856,-12.24,-2.5,1.92,3,1
18167.5,0.297,0.243,0.866,-6.93,3.3,1.92,3,1
18167.515,0.276,0.228,0.882,-0.03,10.59,1.56,3,1
18167.531,0.276,0.253,0.891,8.61,17.37,1.83,3,1
18167.531,0.311,0.306,0.945,15.35,20.36,2.84,3,1
18167.546,0.306,0.356,0.982,23.5,15.2,3.36,3,1
18167.562,0.288,0.391,0.955,29.48,4.91,5.13,3,1
18167.562,0.32,0.413,0.798,23.35,-4.7,5.34,3,1
18167.578,0.329,0.494,0.664,-0.21,-7.63,1.65,3,1
18167.593,0.347,0.534,0.673,-25.06,-1.89,2.72,3,1
18167.593,0.325,0.529,0.731,-40.28,5.71,7.17,3,1
18167.609,0.307,0.477,0.868,-49.78,10.86,14.8,3,1
18167.609,0.297,0.367,0.971,-55.09,9.95,20.87,3,1
18167.625,0.301,0.212,0.981,-54.81,4.64,20.72,3,1
18167.64,0.29,0.1,0.98,-45.47,3.57,16.57,3,1
18167.656,0.256,0.091,1.019,-26.83,5.04,14.89,3,1
18167.656,0.291,0.152,1.006,-8.06,2.5,15.63,3,1
18167.671,0.317,0.209,0.962,3.72,-1.04,13.95,3,1
18167.671,0.336,0.265,0.95,9.52,-4.24,11.14,3,1
18167.687,0.338,0.314,0.899,13.92,-6.84,10.07,3,1
18167.703,0.361,0.341,0.88,14.37,-7.08,10.35,3,1
18167.703,0.338,0.337,0.878,13.49,-6.9,10.07,3,1
18167.718,0.342,0.344,0.843,8.0,-8.27,9.7,3,1
18167.718,0.342,0.347,0.819,-1.37,-8.3,8.12,3,1
18167.734,0.339,0.342,0.828,-9.77,-6.81,7.48,3,1
18167.75,0.335,0.332,0.858,-14.68,-4.97,8.36,3,1
18167.75,0.33,0.309,0.877,-16.79,-3.85,9.22,3,1
18167.765,0.338,0.27,0.9,-17.0,-3.2,8.88,3,1
18167.781,0.339,0.234,0.928,-14.1,-2.38,6.87,3,1
18167.781,0.341,0.204,0.947,-8.06,-2.41,3.85,3,1
18167.796,0.341,0.204,0.94,-1.25,-2.32,0.61,3,1
18167.812,0.338,0.216,0.933,5.13,-1.83,-2.2,3,1
18167.812,0.339,0.23,0.927,11.51,-2.17,-4.64,3,1
18167.828,0.327,0.27,0.917,16.6,-2.72,-6.32,3,1
18167.828,0.311,0.323,0.897,18.8,-2.23,-5.31,3,1
18167.843,0.312,0.365,0.891,18.74,-0.73,-0.85,3,1
18167.859,0.315,0.369,0.888,16.91,-1.53,2.62,3,1
18167.859,0.317,0.363,0.879,12.79,-3.69,4.33,3,1
18167.875,0.317,0.344,0.853,8.51,-4.76,5.89,3,1
18167.89,0.334,0.335,0.84,2.32,-4.49,7.66,3,1
18167.906,0.349,0.328,0.85,-3.17,-3.2,7.78,3,1
18167.906,0.344,0.306,0.861,-6.32,-2.08,6.71,3,1
18167.921,0.344,0.297,0.878,-8.27,-1.37,6.5,3,1
18167.921,0.351,0.293,0.9,-9.16,-1.07,7.42,3,1
18167.937,0.354,0.278,0.908,-7.84,-1.37,7.17,3,1
18167.953,0.351,0.274,0.896,-5.07,-2.47,6.16,3,1
18167.953,0.36,0.285,0.884,-4.46,-2.69,5.68,3,1
18167.968,0.355,0.288,0.869,-4.58,-2.2,4.73,3,1
18167.968,0.36,0.304,0.865,-5.4,-1.92,3.81,3,1
18167.984,0.356,0.338,0.865,-8.09,-1.16,2.93,3,1
18168.0,0.344,0.357,0.871,-13.4,-1.5,2.23,3,1
18168.0,0.328,0.339,0.849,-19.96,-3.97,0.82,3,1
18168.015,0.331,0.341,0.845,-26.61,-5.83,0.82,3,1
18168.031,0.339,0.342,0.861,-32.59,-5.58,2.14,3,1
18168.046,0.352,0.317,0.852,-38.09,-5.68,1.89,3,1
18168.046,0.371,0.293,0.874,-45.17,-7.08,-1.19,3,1
18168.062,0.362,0.271,0.907,-51.45,-9.61,-6.13,3,1
18168.062,0.343,0.253,0.918,-54.48,-10.74,-8.06,3,1
18168.078,0.338,0.206,0.927,-49.5,-7.02,-3.36,3,1
18168.093,0.327,0.138,0.982,-36.04,-2.17,2.08,3,1
18168.093,0.316,0.059,0.987,-18.1,-0.46,4.76,3,1
18168.109,0.319,0.021,0.98,6.1,3.69,-1.59,3,1
18168.109,0.302,0.02,0.991,18.71,5.22,-4.18,3,1
18168.125,0.321,0.055,0.988,31.1,5.19,-6.1,3,1
18168.14,0.327,0.261,0.951,39.8,4.39,-7.6,3,1
18168.156,0.324,0.373,0.941,39.89,1.74,-6.16,3,1
18168.156,0.315,0.43,0.896,30.82,-7.29,-4.06,3,1
18168.171,0.339,0.446,0.734,14.56,-13.4,-1.31,3,1
18168.171,0.365,0.427,0.667,-7.69,-7.75,3.39,3,1
18168.187,0.388,0.368,0.767,-21.18,4.36,10.07,3,1
18168.203,0.36,0.287,0.879,-23.99,11.66,15.29,3,1
18168.203,0.39,0.229,0.941,-25.57,9.09,14.65,3,1
18168.218,0.406,0.169,1.018,-24.51,6.1,8.58,3,1
18168.218,0.393,0.095,1.033,-13.28,1.62,1.62,3,1
18168.234,0.406,0.074,0.944,3.05,-1.68,-4.27,3,1
18168.25,0.368,0.084,0.958,20.08,1.04,-8.85,3,1
18168.265,0.323,0.107,0.947,36.53,4.43,-11.23,3,1
18168.265,0.312,0.144,0.913,44.19,5.98,-13.95,3,1
18168.281,0.304,0.212,0.901,48.31,7.45,-15.72,3,1
18168.281,0.289,0.325,0.904,49.84,6.65,-15.75,3,1
18168.296,0.284,0.418,0.891,46.36,3.54,-14.01,3,1
18168.312,0.292,0.458,0.909,37.26,-1.56,-11.11,3,1
18168.312,0.261,0.462,0.934,27.86,-8.58,-7.02,3,1
18168.328,0.295,0.436,0.861,18.43,-15.78,-0.98,3,1
18168.343,0.292,0.385,0.853,6.9,-18.98,2.66,3,1
18168.343,0.312,0.33,0.865,-1.37,-20.78,6.71,3,1
18168.359,0.333,0.286,0.86,-7.29,-20.91,9.06,3,1
18168.359,0.343,0.238,0.872,-10.83,-20.48,8.76,3,1
18168.375,0.344,0.22,0.89,-12.21,-21.79,6.5,3,1
18168.39,0.349,0.218,0.916,-12.57,-24.54,2.01,3,1
18168.39,0.352,0.218,0.931,-12.73,-28.02,-1.95,3,1
18168.406,0.366,0.216,0.936,-14.1,-31.59,-6.44,3,1
18168.421,0.377,0.216,0.941,-8.24,-32.07,-8.94,3,1
18168.421,0.398,0.221,0.955,3.17,-31.77,-9.43,3,1
18168.437,0.394,0.241,0.955,13.86,-32.29,-10.99,3,1
18168.453,0.388,0.287,0.906,20.63,-33.66,-12.24,3,1
18168.453,0.398,0.323,0.836,24.02,-32.72,-10.99,3,1
18168.468,0.414,0.321,0.772,23.29,-29.79,-9.98,3,1
18168.468,0.446,0.316,0.73,17.0,-24.75,-11.17,3,1
18168.484,0.452,0.315,0.697,7.57,-16.66,-14.68,3,1
18168.5,0.434,0.328,0.69,-2.29,-6.35,-17.73,3,1
18168.5,0.431,0.35,0.746,-11.75,2.47,-18.16,3,1
18168.515,0.426,0.371,0.81,-19.96,7.02,-17.79,3,1
18168.531,0.404,0.385,0.857,-25.45,8.51,-16.33,3,1
18168.531,0.376,0.371,0.905,-28.14,6.68,-13.25,3,1
18168.546,0.368,0.343,0.933,-27.92,1.37,-9.13,3,1
18168.562,0.378,0.315,0.918,-25.57,-3.85,-6.26,3,1
18168.562,0.378,0.274,0.9,-24.66,-6.96,-5.89,3,1
18168.578,0.376,0.232,0.892,-24.29,-8.7,-7.14,3,1
18168.578,0.381,0.219,0.896,-21.61,-8.61,-8.51,3,1
18168.593,0.391,0.22,0.899,-15.66,-7.45,-9.58,3,1
18168.609,0.399,0.23,0.889,-9.22,-5.49,-11.14,3,1
18168.625,0.396,0.245,0.878,-4.46,-3.05,-12.48,3,1
18168.625,0.388,0.246,0.875,-1.74,-1.4,-12.79,3,1
18168.64,0.402,0.256,0.866,0.52,0.4,-12.3,3,1
18168.64,0.41,0.276,0.856,2.59,2.99,-12.18,3,1
18168.656,0.402,0.288,0.842,3.51,5.74,-12.76,3,1
18168.671,0.394,0.292,0.837,3.02,9.28,-12.85,3,1
18168.671,0.393,0.302,0.851,3.14,12.73,-11.9,3,1
18168.687,0.389,0.311,0.846,3.97,15.56,-11.2,3,1
18168.703,0.377,0.314,0.844,3.2,18.16,-10.01,3,1
18168.703,0.357,0.308,0.859,1.77,20.29,-7.69,3,1
18168.718,0.316,0.322,0.944,2.26,21.0,-3.05,3,1
18168.718,0.327,0.289,1.007,6.47,14.44,3.11,3,1
18168.734,0.35,0.275,0.964,8.36,5.52,4.24,3,1
18168.75,0.338,0.267,0.935,9.92,1.68,3.45,3,1
18168.75,0.346,0.247,0.91,14.83,0.55,4.94,3,1
18168.765,0.359,0.251,0.879,19.96,1.01,6.38,3,1
18168.781,0.36,0.282,0.858,24.75,3.39,7.32,3,1
18168.781,0.36,0.301,0.86,26.06,6.47,8.24,3,1
18168.796,0.366,0.316,0.861,25.21,8.15,8.21,3,1
18168.812,0.357,0.319,0.855,23.32,9.37,7.75,3,1
18168.812,0.371,0.318,0.86,21.18,9.77,6.87,3,1
18168.828,0.368,0.325,0.858,18.95,9.37,4.27,3,1
18168.843,0.349,0.331,0.856,15.11,8.91,1.53,3,1
18168.843,0.339,0.345,0.866,11.47,8.79,0.92,3,1
18168.859,0.337,0.365,0.87,10.96,9.09,2.9,3,1
18168.859,0.336,0.367,0.864,11.44,9.19,5.25,3,1
18168.875,0.339,0.368,0.858,10.77,9.55,7.2,3,1
18168.89,0.336,0.355,0.862,9.7,9.83,8.76,3,1
18168.906,0.328,0.355,0.858,8.39,9.98,10.44,3,1
18168.906,0.337,0.35,0.859,7.2,10.28,12.51,3,1
18168.921,0.34,0.341,0.87,6.29,10.77,13.95,3,1
18168.921,0.344,0.336,0.874,5.68,10.8,14.83,3,1
18168.937,0.346,0.32,0.871,4.82,10.28,14.4,3,1
18168.953,0.349,0.304,0.878,3.6,10.04,13.46,3,1
18168.953,0.35,0.292,0.892,3.33,9.92,12.48,3,1
18168.968,0.341,0.293,0.898,4.3,9.46,11.84,3,1
18168.984,0.34,0.294,0.901,5.92,9.64,12.24,3,1
18168.984,0.34,0.303,0.903,8.48,10.22,13.09,3,1
18169.0,0.347,0.309,0.895,10.99,9.98,13.52,3,1
18169.0,0.354,0.299,0.888,12.63,9.37,12.51,3,1
18169.015,0.353,0.295,0.887,13.06,8.91,10.25,3,1
18169.031,0.35,0.298,0.887,12.51,7.08,7.42,3,1
18169.031,0.345,0.309,0.892,10.71,4.61,4.21,3,1
18169.046,0.342,0.333,0.889,8.76,2.5,1.83,3,1
18169.062,0.345,0.348,0.876,7.81,0.89,0.92,3,1
18169.062,0.348,0.347,0.855,8.21,0.15,0.55,3,1
18169.078,0.347,0.349,0.847,8.03,0.43,-0.21,3,1
18169.093,0.34,0.35,0.856,5.28,1.53,-1.22,3,1
18169.093,0.336,0.356,0.871,3.69,0.64,-2.26,3,1
18169.109,0.327,0.357,0.875,1.68,-0.27,-3.08,3,1
18169.109,0.321,0.358,0.871,0.12,-0.21,-2.56,3,1
18169.125,0.326,0.344,0.879,-0.49,0.18,-2.17,3,1
18169.14,0.318,0.347,0.873,-1.37,-0.4,-2.59,3,1
18169.14,0.319,0.347,0.87,-3.11,-1.22,-1.8,3,1
18169.156,0.325,0.338,0.876,-3.42,-1.19,0.12,3,1
18169.171,0.328,0.329,0.878,-2.35,-1.19,1.22,3,1
18169.171,0.324,0.327,0.882,-1.1,-0.73,1.92,3,1
18169.187,0.323,0.335,0.885,-0.06,0.34,3.72,3,1
18169.203,0.331,0.327,0.891,1.56,1.07,5.55,3,1
18169.203,0.335,0.325,0.887,3.81,0.73,5.65,3,1
18169.218,0.344,0.33,0.876,4.73,0.21,4.7,3,1
18169.218,0.346,0.334,0.874,3.72,0.21,3.3,3,1
18169.234,0.35,0.332,0.865,2.66,-0.34,1.5,3,1
18169.25,0.348,0.344,0.859,1.34,-1.07,-0.24,3,1
18169.25,0.332,0.363,0.864,-0.52,-0.64,-0.27,3,1
18169.265,0.341,0.369,0.882,-1.5,0.06,2.5,3,1
18169.281,0.342,0.346,0.884,-1.4,-0.37,3.02,3,1
18169.281,0.334,0.319,0.873,-1.95,-1.25,1.92,3,1
18169.296,0.343,0.311,0.874,-2.47,-1.4,1.28,3,1
18169.312,0.343,0.302,0.881,-1.22,-1.19,-0.4,3,1
18169.312,0.344,0.305,0.887,0.98,-1.37,-2.44,3,1
18169.328,0.336,0.338,0.889,1.56,-1.68,-4.7,3,1
18169.343,0.325,0.342,0.878,1.56,-1.83,-5.55,3,1
18169.343,0.324,0.347,0.873,2.47,-1.37,-4.09,3,1
18169.359,0.325,0.349,0.861,4.33,-1.37,-3.48,3,1
18169.359,0.317,0.362,0.864,3.69,-1.04,-3.36,3,1
18169.375,0.314,0.375,0.87,2.08,-1.01,-2.14,3,1
18169.39,0.321,0.373,0.87,0.85,-1.34,-0.31,3,1
18169.39,0.324,0.369,0.867,-0.61,-2.23,1.04,3,1
18169.406,0.328,0.366,0.872,-2.9,-2.59,2.29,3,1
18169.421,0.33,0.357,0.876,-4.88,-2.44,3.72,3,1
18169.421,0.332,0.344,0.877,-5.4,-2.23,5.19,3,1
18169.437,0.338,0.321,0.882,-5.1,-2.04,6.1,3,1
18169.453,0.336,0.309,0.891,-3.63,-1.37,6.53,3,1
18169.453,0.338,0.312,0.897,-0.49,-0.46,7.48,3,1
18169.468,0.335,0.315,0.911,2.2,-0.06,8.85,3,1
18169.468,0.338,0.313,0.912,4.91,-0.46,9.83,3,1
18169.484,0.34,0.305,0.901,8.7,-1.59,9.92,3,1
18169.5,0.349,0.32,0.89,11.6,-2.26,9.49,3,1
18169.515,0.35,0.325,0.877,13.46,-2.78,8.27,3,1
18169.515,0.354,0.333,0.861,14.4,-2.96,6.87,3,1
18169.531,0.353,0.343,0.848,14.47,-2.5,5.46,3,1
18169.531,0.352,0.355,0.848,13.12,-2.04,4.82,3,1
18169.546,0.356,0.355,0.851,11.05,-2.23,4.15,3,1
18169.562,0.364,0.354,0.847,9.25,-2.23,2.93,3,1
18169.562,0.359,0.347,0.842,7.48,-2.14,1.16,3,1
18169.578,0.355,0.347,0.839,5.1,-2.41,-0.76,3,1
18169.593,0.356,0.351,0.845,2.96,-2.14,-2.04,3,1
18169.593,0.349,0.357,0.855,2.01,-1.19,-2.81,3,1
18169.609,0.338,0.36,0.868,1.8,-0.43,-3.02,3,1
18169.609,0.329,0.357,0.874,2.23,0.03,-2.11,3,1
18169.625,0.331,0.352,0.877,2.62,0.34,-0.95,3,1
18169.64,0.332,0.342,0.87,2.87,0.4,-1.01,3,1
18169.64,0.334,0.338,0.861,2.2,-0.21,-2.14,3,1
18169.656,0.341,0.341,0.858,0.95,-0.7,-3.02,3,1
18169.671,0.348,0.346,0.854,0.34,-0.7,-3.94,3,1
18169.671,0.353,0.352,0.841,-0.34,-0.64,-5.04,3,1
18169.687,0.354,0.359,0.833,-2.17,-0.67,-6.47,3,1
18169.703,0.349,0.358,0.832,-5.25,-1.1,-8.36,3,1
18169.703,0.344,0.362,0.834,-8.91,-1.25,-9.61,3,1
18169.718,0.351,0.36,0.861,-11.63,-0.4,-9.58,3,1
18169.718,0.349,0.343,0.889,-12.57,0.34,-10.44,3,1
18169.734,0.331,0.335,0.91,-12.7,0.34,-11.26,3,1
18169.75,0.341,0.318,0.915,-10.44,-0.4,-10.86,3,1
18169.75,0.339,0.301,0.899,-7.08,-1.98,-12.12,3,1
18169.765,0.34,0.299,0.879,-4.27,-2.9,-13.95,3,1
18169.781,0.351,0.303,0.877,-2.96,-3.2,-16.11,3,1
18169.781,0.348,0.322,0.884,-2.59,-3.66,-18.46,3,1
18169.796,0.348,0.341,0.876,-2.69,-5.1,-20.72,3,1
18169.812,0.342,0.35,0.865,-3.81,-6.65,-23.13,3,1
18169.812,0.339,0.356,0.855,-5.74,-7.45,-24.78,3,1
18169.828,0.331,0.369,0.855,-7.32,-6.35,-24.6,3,1
18169.828,0.325,0.38,0.869,-7.05,-3.45,-21.52,3,1
18169.843,0.318,0.379,0.876,-3.23,-0.76,-17.64,3,1
18169.859,0.304,0.378,0.87,0.18,0.24,-14.07,3,1
18169.859,0.303,0.379,0.868,0.24,0.15,-10.99,3,1
18169.875,0.3,0.385,0.875,-1.92,-0.27,-8.61,3,1
18169.89,0.3,0.379,0.868,-3.48,-1.28,-6.65,3,1
18169.89,0.311,0.376,0.867,-5.1,-2.32,-4.82,3,1
18169.906,0.317,0.375,0.866,-6.07,-2.56,-3.27,3,1
18169.921,0.323,0.374,0.869,-7.42,-3.14,-2.14,3,1
18169.921,0.326,0.363,0.869,-9.46,-3.72,-1.77,3,1
18169.937,0.32,0.349,0.869,-10.44,-3.69,-1.31,3,1
18169.953,0.329,0.341,0.874,-9.55,-3.05,0.18,3,1
18169.953,0.332,0.322,0.88,-7.23,-1.34,1.04,3,1
18169.968,0.327,0.305,0.892,-4.39,0.06,1.31,3,1
18169.968,0.329,0.298,0.895,-1.59,0.21,1.13,3,1
18169.984,0.335,0.308,0.894,0.52,-0.12,0.0,3,1
18170.0,0.337,0.318,0.892,2.2,-0.37,-0.92,3,1
18170.0,0.341,0.331,0.886,4.15,-0.31,-1.83,3,1
18170.015,0.335,0.34,0.873,5.49,-0.4,-2.72,3,1
18170.031,0.337,0.352,0.876,5.19,-0.58,-3.48,3,1
18170.046,0.33,0.365,0.873,4.52,0.46,-3.11,3,1
18170.046,0.33,0.367,0.87,4.36,0.92,-1.74,3,1
18170.046,0.327,0.359,0.866,4.36,0.34,-0.52,3,1
18170.062,0.339,0.352,0.869,4.46,-0.37,0.21,3,1
18170.078,0.339,0.36,0.87,1.89,-1.4,-1.01,3,1
18170.093,0.34,0.362,0.866,-1.25,-2.69,-2.2,3,1
18170.093,0.335,0.369,0.878,-3.17,-4.09,-2.23,3,1
18170.109,0.332,0.392,0.851,-7.6,-5.95,-2.72,3,1
18170.109,0.337,0.404,0.873,-13.28,-5.52,-2.35,3,1
18170.125,0.327,0.375,0.862,-13.43,-2.53,-0.61,3,1
18170.14,0.298,0.353,0.868,-11.57,-0.03,1.22,3,1
18170.14,0.276,0.306,0.88,-9.83,-0.27,2.87,3,1
18170.156,0.28,0.268,0.87,-8.97,-0.06,3.33,3,1
18170.171,0.266,0.271,0.897,-5.86,4.7,4.52,3,1
18170.171,0.259,0.304,0.92,2.01,9.89,7.93,3,1
18170.187,0.256,0.356,0.949,10.65,12.97,13.49,3,1
18170.203,0.297,0.354,0.979,18.22,9.25,19.01,3,1
18170.203,0.315,0.35,0.937,22.1,0.09,19.93,3,1
18170.218,0.336,0.409,0.722,13.21,-9.25,16.6,3,1
18170.234,0.401,0.472,0.604,-13.73,-6.62,12.67,3,1
18170.234,0.385,0.438,0.695,-36.26,4.76,10.86,3,1
18170.25,0.358,0.41,0.765,-44.1,11.29,14.47,3,1
18170.25,0.368,0.392,0.801,-49.71,13.64,18.83,3,1
18170.265,0.393,0.305,0.893,-55.54,17.0,20.42,3,1
18170.281,0.391,0.221,0.951,-52.16,18.74,18.62,3,1
18170.281,0.376,0.156,0.996,-38.33,19.9,14.13,3,1
18170.296,0.313,0.105,1.08,-18.65,18.65,9.31,3,1
18170.312,0.295,0.107,1.087,0.98,13.64,5.83,3,1
18170.312,0.256,0.131,1.073,18.98,8.94,1.95,3,1
18170.328,0.258,0.189,1.039,34.94,2.01,-0.34,3,1
18170.328,0.28,0.322,0.956,43.4,-7.57,-3.48,3,1
18170.343,0.284,0.417,0.925,42.3,-13.25,-5.01,3,1
18170.359,0.286,0.431,0.902,38.82,-18.62,-2.41,3,1
18170.375,0.294,0.447,0.805,32.2,-24.32,0.31,3,1
18170.375,0.288,0.419,0.756,19.59,-22.46,3.57,3,1
18170.39,0.322,0.345,0.824,8.91,-16.11,8.76,3,1
18170.39,0.308,0.278,0.845,8.39,-12.05,10.59,3,1
18170.406,0.313,0.287,0.871,7.57,-12.12,10.96,3,1
18170.421,0.349,0.297,0.887,7.75,-12.63,10.96,3,1
18170.421,0.379,0.237,0.897,2.29,-15.11,6.59,3,1
18170.437,0.349,0.207,0.934,-2.44,-19.41,-4.85,3,1
18170.437,0.363,0.22,0.98,0.27,-24.41,-10.71,3,1
18170.453,0.365,0.235,0.997,7.81,-30.18,-15.2,3,1
18170.468,0.368,0.275,0.986,15.05,-35.92,-18.95,3,1
18170.468,0.376,0.294,0.957,22.58,-39.86,-21.94,3,1
18170.484,0.375,0.292,0.934,31.31,-41.66,-23.19,3,1
18170.5,0.38,0.292,0.905,41.96,-42.21,-23.26,3,1
18170.515,0.391,0.298,0.874,51.85,-41.75,-23.29,3,1
18170.515,0.399,0.301,0.839,59.45,-40.1,-23.9,3,1
18170.531,0.405,0.327,0.815,63.08,-37.69,-25.06,3,1
18170.531,0.39,0.353,0.793,63.66,-34.55,-26.58,3,1
18170.546,0.385,0.393,0.767,62.17,-31.65,-27.41,3,1
18170.562,0.379,0.446,0.745,58.17,-28.87,-26.98,3,1
18170.562,0.379,0.494,0.726,51.67,-26.61,-26.28,3,1
18170.578,0.378,0.536,0.705,41.44,-24.51,-24.75,3,1
18170.593,0.381,0.563,0.696,29.36,-22.64,-22.86,3,1
18170.593,0.381,0.567,0.694,18.1,-20.54,-20.87,3,1
18170.609,0.375,0.579,0.689,7.69,-17.88,-17.4,3,1
18170.609,0.382,0.571,0.698,-1.01,-14.98,-12.3,3,1
18170.625,0.39,0.549,0.709,-7.32,-11.99,-7.48,3,1
18170.64,0.392,0.539,0.72,-12.09,-9.13,-3.45,3,1
18170.64,0.398,0.538,0.728,-17.52,-6.65,0.46,3,1
18170.656,0.398,0.509,0.731,-24.48,-5.19,2.29,3,1
18170.671,0.396,0.482,0.732,-32.17,-4.21,2.78,3,1
18170.671,0.398,0.46,0.74,-39.06,-2.38,2.96,3,1
18170.687,0.4,0.436,0.752,-44.13,0.73,3.66,3,1
18170.703,0.398,0.411,0.766,-45.99,5.1,4.85,3,1
18170.703,0.398,0.396,0.79,-45.44,9.77,6.65,3,1
18170.718,0.401,0.383,0.815,-42.09,14.68,8.67,3,1
18170.734,0.397,0.369,0.833,-36.35,19.29,10.83,3,1
18170.734,0.392,0.355,0.853,-29.73,22.49,12.85,3,1
18170.75,0.381,0.348,0.87,-23.29,24.17,14.28,3,1
18170.75,0.382,0.344,0.88,-16.21,25.42,16.21,3,1
18170.765,0.385,0.339,0.886,-8.76,25.61,17.49,3,1
18170.781,0.377,0.328,0.905,-3.27,24.51,17.55,3,1
18170.781,0.374,0.316,0.909,1.04,21.67,16.82,3,1
18170.796,0.366,0.312,0.905,4.76,18.4,15.2,3,1
18170.812,0.369,0.322,0.912,7.81,15.05,14.25,3,1
18170.812,0.371,0.329,0.902,11.66,11.72,13.37,3,1
18170.828,0.373,0.332,0.881,16.24,9.22,12.7,3,1
18170.843,0.386,0.34,0.861,20.91,8.03,12.05,3,1
18170.843,0.398,0.35,0.837,24.81,9.03,11.02,3,1
18170.859,0.402,0.349,0.812,28.02,10.77,8.55,3,1
18170.875,0.411,0.364,0.795,30.55,14.13,6.74,3,1
18170.875,0.436,0.39,0.791,30.4,18.65,4.49,3,1
18170.89,0.41,0.398,0.767,27.19,21.7,-1.4,3,1
18170.89,0.384,0.421,0.753,19.68,21.49,-7.14,3,1
18170.906,0.385,0.446,0.769,7.87,20.36,-11.63,3,1
18170.921,0.364,0.45,0.776,-3.78,19.84,-16.48,3,1
18170.921,0.337,0.447,0.793,-11.35,19.2,-19.01,3,1
18170.937,0.292,0.47,0.868,-13.86,17.94,-16.85,3,1
18170.953,0.287,0.467,0.94,-11.11,13.52,-10.77,3,1
18170.953,0.279,0.432,0.937,-7.35,6.62,-6.1,3,1
18170.968,0.283,0.376,0.887,-5.62,0.27,-3.88,3,1
18170.968,0.305,0.344,0.854,-6.04,-2.29,-2.99,3,1
18170.984,0.318,0.339,0.839,-5.95,-2.01,-2.9,3,1
18171.0,0.335,0.379,0.844,-6.29,-0.58,-2.5,3,1
18171.0,0.338,0.412,0.846,-7.78,0.18,-2.44,3,1
18171.015,0.345,0.421,0.84,-10.38,-0.4,-2.23,3,1
18171.031,0.348,0.413,0.834,-13.34,-0.7,-2.41,3,1
18171.046,0.344,0.405,0.831,-17.15,-0.79,-2.99,3,1
18171.046,0.336,0.4,0.84,-21.55,-0.76,-2.66,3,1
18171.062,0.334,0.389,0.848,-25.76,-0.46,0.95,3,1
18171.062,0.346,0.366,0.862,-22.55,0.37,1.86,3,1
18171.078,0.353,0.337,0.88,-15.78,1.25,0.98,3,1
18171.093,0.361,0.306,0.891,-7.57,1.8,-2.01,3,1
18171.093,0.371,0.284,0.878,0.24,2.62,-6.74,3,1
18171.109,0.367,0.305,0.87,6.99,3.81,-11.57,3,1
18171.109,0.356,0.336,0.859,12.39,4.97,-15.38,3,1
18171.125,0.344,0.378,0.843,14.89,6.29,-17.4,3,1
18171.14,0.326,0.417,0.845,14.92,8.03,-17.43,3,1
18171.156,0.312,0.439,0.858,13.76,9.13,-14.92,3,1
18171.156,0.307,0.441,0.859,11.99,8.18,-12.39,3,1
18171.171,0.303,0.436,0.85,8.33,6.44,-11.57,3,1
18171.171,0.296,0.424,0.849,3.75,5.07,-11.23,3,1
18171.187,0.292,0.417,0.854,0.4,3.69,-10.32,3,1
18171.203,0.292,0.411,0.851,-1.77,1.86,-9.28,3,1
18171.203,0.298,0.414,0.86,-4.61,0.46,-8.24,3,1
18171.218,0.302,0.411,0.867,-6.9,-0.52,-7.39,3,1
18171.218,0.299,0.4,0.857,-7.93,-1.59,-6.41,3,1
18171.234,0.304,0.387,0.852,-7.66,-1.83,-4.85,3,1
18171.25,0.319,0.391,0.871,-6.53,-0.37,-2.38,3,1
18171.25,0.317,0.391,0.885,-4.09,0.92,-1.16,3,1
18171.265,0.309,0.383,0.878,-1.5,0.79,-0.64,3,1
18171.281,0.311,0.374,0.855,0.18,-0.12,0.15,3,1
18171.281,0.32,0.379,0.852,1.25,0.52,0.89,3,1
18171.296,0.319,0.38,0.867,1.86,2.04,1.25,3,1
18171.312,0.312,0.385,0.87,1.07,1.31,0.98,3,1
18171.312,0.309,0.408,0.864,-1.13,-0.76,1.01,3,1
18171.328,0.31,0.411,0.849,-3.33,-2.14,1.37,3,1
18171.343,0.318,0.398,0.851,-4.76,-2.04,2.56,3,1
18171.343,0.326,0.396,0.866,-5.04,-1.13,3.54,3,1
18171.359,0.314,0.394,0.874,-5.43,-0.49,3.66,3,1
18171.359,0.311,0.387,0.871,-5.49,-0.7,4.39,3,1
18171.375,0.325,0.369,0.871,-3.78,-0.85,5.83,3,1
18171.39,0.34,0.357,0.875,-0.7,-0.7,5.86,3,1
18171.39,0.344,0.358,0.873,1.4,-0.7,4.12,3,1
18171.406,0.345,0.346,0.864,2.9,-1.04,1.37,3,1
18171.421,0.342,0.348,0.854,5.55,-0.98,-0.92,3,1
18171.437,0.341,0.368,0.845,9.0,-0.09,-2.41,3,1
18171.437,0.333,0.392,0.853,11.44,1.86,-2.9,3,1
18171.453,0.307,0.409,0.857,12.91,4.06,-2.23,3,1
18171.453,0.281,0.419,0.865,14.31,4.73,0.0,3,1
18171.468,0.275,0.429,0.871,15.17,4.36,3.14,3,1
18171.468,0.268,0.433,0.875,14.62,3.72,5.37,3,1
18171.484,0.26,0.436,0.881,12.3,2.47,7.45,3,1
18171.5,0.263,0.417,0.88,9.34,-0.85,8.21,3,1
18171.5,0.276,0.411,0.887,5.43,-5.28,8.58,3,1
18171.515,0.282,0.393,0.842,0.12,-10.28,8.09,3,1
18171.531,0.279,0.393,0.955,-9.58,-16.97,6.38,3,1
18171.531,0.324,0.36,0.972,-10.99,-28.69,4.27,3,1
18171.546,0.339,0.348,0.911,-13.92,-37.63,-0.73,3,1
18171.562,0.352,0.311,0.911,-15.32,-42.85,-6.04,3,1
18171.562,0.37,0.281,0.912,-13.18,-47.3,-10.68,3,1
18171.578,0.38,0.284,0.888,-11.05,-49.96,-16.39,3,1
18171.593,0.37,0.286,0.851,-8.85,-50.57,-22.03,3,1
18171.593,0.387,0.304,0.838,-3.69,-47.24,-24.05,3,1
18171.609,0.389,0.345,0.829,8.09,-39.77,-23.13,3,1
18171.609,0.388,0.365,0.806,24.66,-31.13,-19.53,3,1
18171.625,0.394,0.409,0.79,37.51,-22.74,-15.35,3,1
18171.64,0.382,0.441,0.764,43.24,-16.39,-12.63,3,1
18171.64,0.387,0.467,0.743,40.56,-13.31,-11.2,3,1
18171.656,0.386,0.489,0.729,32.23,-11.93,-12.21,3,1
18171.671,0.382,0.513,0.722,20.33,-11.63,-14.44,3,1
18171.687,0.374,0.532,0.722,7.11,-11.44,-16.3,3,1
18171.687,0.364,0.522,0.723,-4.64,-10.99,-16.69,3,1
18171.687,0.369,0.516,0.73,-13.28,-9.13,-15.17,3,1
18171.703,0.366,0.51,0.739,-16.82,-4.67,-11.57,3,1
18171.718,0.368,0.49,0.755,-17.4,0.98,-6.47,3,1
18171.734,0.366,0.465,0.771,-18.04,5.28,-1.95,3,1
18171.734,0.365,0.444,0.793,-20.14,7.45,0.46,3,1
18171.75,0.361,0.421,0.812,-23.8,8.3,0.76,3,1
18171.75,0.364,0.401,0.836,-27.41,7.72,0.21,3,1
18171.765,0.362,0.396,0.852,-29.27,6.71,-0.31,3,1
18171.781,0.364,0.383,0.865,-28.38,5.71,-0.89,3,1
18171.796,0.354,0.378,0.872,-26.09,5.01,-1.01,3,1
18171.796,0.348,0.376,0.88,-23.41,4.06,-0.18,3,1
18171.812,0.347,0.366,0.888,-20.57,2.66,1.22,3,1
18171.812,0.349,0.357,0.89,-17.55,1.16,2.35,3,1
18171.828,0.354,0.352,0.893,-14.34,-0.55,3.39,3,1
18171.843,0.357,0.349,0.894,-11.26,-2.56,3.88,3,1
18171.843,0.365,0.338,0.888,-8.39,-4.7,3.72,3,1
18171.859,0.379,0.334,0.875,-4.64,-6.01,3.02,3,1
18171.859,0.384,0.34,0.858,0.34,-5.74,2.08,3,1
18171.875,0.388,0.352,0.843,4.91,-4.39,0.85,3,1
18171.89,0.394,0.36,0.834,7.75,-3.17,-0.95,3,1
18171.89,0.394,0.364,0.817,9.03,-1.89,-3.39,3,1
18171.906,0.388,0.38,0.797,9.64,0.37,-5.62,3,1
18171.921,0.385,0.387,0.798,9.4,3.08,-6.9,3,1
18171.921,0.389,0.389,0.803,9.22,5.28,-8.21,3,1
18171.937,0.385,0.404,0.79,8.33,7.42,-10.41,3,1
18171.953,0.367,0.418,0.782,5.31,9.4,-12.79,3,1
18171.953,0.35,0.441,0.799,0.46,11.02,-13.82,3,1
18171.968,0.34,0.461,0.812,-4.46,11.57,-13.21,3,1
18171.984,0.332,0.462,0.815,-9.03,11.35,-11.32,3,1
18171.984,0.322,0.456,0.834,-14.07,10.5,-8.7,3,1
18172.0,0.307,0.445,0.878,-18.07,8.39,-5.68,3,1
18172.0,0.305,0.416,0.907,-21.64,3.39,-2.99,3,1
18172.015,0.316,0.39,0.902,-23.87,-2.72,-0.92,3,1
18172.031,0.333,0.371,0.885,-24.29,-6.68,0.4,3,1
18172.031,0.348,0.358,0.871,-21.52,-7.9,1.46,3,1
18172.046,0.36,0.354,0.855,-17.37,-5.43,2.93,3,1
18172.062,0.356,0.346,0.861,-10.5,-1.89,5.58,3,1
18172.062,0.363,0.334,0.837,-3.72,3.6,8.09,3,1
18172.078,0.387,0.323,0.828,3.2,9.43,7.84,3,1
18172.093,0.365,0.329,0.852,8.36,13.58,5.65,3,1
18172.093,0.347,0.331,0.88,10.56,14.77,4.09,3,1
18172.109,0.341,0.328,0.893,12.54,14.28,3.02,3,1
18172.109,0.334,0.345,0.889,15.93,13.49,1.83,3,1
18172.125,0.331,0.347,0.88,19.53,13.03,1.22,3,1
18172.14,0.321,0.354,0.87,22.92,13.37,0.89,3,1
18172.14,0.311,0.375,0.864,24.69,13.43,0.46,3,1
18172.156,0.299,0.4,0.863,23.44,12.45,0.24,3,1
18172.171,0.292,0.414,0.868,19.99,10.77,1.01,3,1
18172.171,0.292,0.426,0.871,16.27,8.15,2.62,3,1
18172.187,0.307,0.43,0.868,12.3,5.01,4.24,3,1
18172.203,0.309,0.425,0.863,7.97,2.23,4.79,3,1
18172.203,0.318,0.415,0.866,3.72,-0.64,4.61,3,1
18172.218,0.321,0.412,0.873,0.24,-3.54,4.09,3,1
18172.218,0.316,0.414,0.876,-2.26,-7.2,3.42,3,1
18172.234,0.314,0.401,0.87,-4.24,-11.81,2.75,3,1
18172.25,0.318,0.4,0.925,-5.4,-16.72,2.87,3,1
18172.265,0.323,0.346,0.97,-6.9,-26.31,-0.43,3,1
18172.265,0.321,0.319,0.955,-7.6,-37.08,-7.32,3,1
18172.281,0.325,0.303,0.937,-5.62,-44.77,-12.09,3,1
18172.281,0.333,0.297,0.937,-1.89,-50.66,-15.75,3,1
18172.296,0.35,0.291,0.943,3.6,-55.09,-18.89,3,1
18172.312,0.358,0.291,0.93,10.59,-59.51,-23.44,3,1
18172.312,0.378,0.298,0.915,16.36,-63.66,-28.05,3,1
18172.328,0.386,0.312,0.895,21.73,-67.2,-33.14,3,1
18172.343,0.402,0.337,0.867,26.95,-69.64,-37.08,3,1
18172.343,0.418,0.377,0.83,31.8,-70.59,-39.61,3,1
18172.359,0.413,0.44,0.793,35.58,-70.38,-39.46,3,1
18172.359,0.424,0.48,0.757,38.48,-67.9,-35.55,3,1
18172.375,0.434,0.493,0.727,42.24,-62.81,-29.57,3,1
18172.39,0.442,0.494,0.694,47.0,-55.82,-23.77,3,1
18172.39,0.456,0.485,0.657,50.9,-47.67,-19.53,3,1
18172.406,0.463,0.473,0.624,51.21,-38.54,-17.82,3,1
18172.421,0.464,0.468,0.61,47.46,-29.05,-18.37,3,1
18172.437,0.46,0.478,0.616,41.51,-20.02,-20.08,3,1
18172.437,0.45,0.502,0.632,34.55,-12.21,-21.67,3,1
18172.453,0.441,0.523,0.648,27.28,-6.68,-22.71,3,1
18172.453,0.437,0.549,0.66,19.68,-3.14,-23.1,3,1
18172.468,0.424,0.574,0.663,12.94,-0.64,-23.01,3,1
18172.468,0.414,0.58,0.662,6.53,2.11,-21.33,3,1
18172.484,0.409,0.574,0.668,0.92,5.55,-18.46,3,1
18172.5,0.404,0.564,0.674,-2.84,10.1,-14.86,3,1
18172.5,0.397,0.567,0.695,-5.37,14.56,-10.59,3,1
18172.515,0.39,0.565,0.718,-8.45,17.64,-5.83,3,1
18172.531,0.386,0.549,0.742,-11.75,19.47,-2.08,3,1
18172.531,0.379,0.528,0.763,-14.28,19.53,0.79,3,1
18172.546,0.381,0.511,0.783,-16.05,18.01,2.44,3,1
18172.562,0.375,0.493,0.797,-16.94,15.5,3.05,3,1
18172.562,0.376,0.482,0.805,-17.61,12.09,3.27,3,1
18172.578,0.381,0.472,0.809,-17.98,8.76,3.51,3,1
18172.593,0.377,0.472,0.813,-18.07,5.77,2.87,3,1
18172.593,0.377,0.477,0.807,-17.49,2.75,3.08,3,1
18172.609,0.385,0.48,0.805,-16.42,0.24,4.18,3,1
18172.609,0.389,0.486,0.817,-13.43,-1.34,5.49,3,1
18172.625,0.392,0.486,0.821,-7.35,-2.78,7.72,3,1
18172.64,0.398,0.483,0.801,-0.82,-4.55,10.1,3,1
18172.64,0.41,0.487,0.781,2.81,-5.74,11.96,3,1
18172.656,0.422,0.482,0.761,4.18,-6.53,11.96,3,1
18172.671,0.433,0.465,0.737,3.66,-6.35,10.56,3,1
18172.671,0.438,0.454,0.72,1.68,-4.67,8.3,3,1
18172.687,0.441,0.461,0.721,-0.37,-2.23,5.52,3,1
18172.703,0.434,0.474,0.729,-2.81,0.09,2.99,3,1
18172.703,0.428,0.478,0.741,-6.01,1.4,1.07,3,1
18172.718,0.423,0.482,0.75,-8.7,2.17,-0.55,3,1
18172.718,0.413,0.486,0.763,-10.86,2.38,-1.56,3,1
18172.734,0.406,0.491,0.773,-13.18,1.8,-1.92,3,1
18172.75,0.399,0.49,0.785,-15.2,0.15,-2.04,3,1
18172.765,0.396,0.485,0.789,-17.06,-2.26,-2.17,3,1
18172.765,0.399,0.476,0.789,-19.29,-4.64,-2.5,3,1
18172.781,0.398,0.468,0.788,-21.58,-6.78,-3.2,3,1
18172.781,0.395,0.46,0.79,-23.35,-8.61,-3.81,3,1
18172.796,0.396,0.449,0.791,-24.78,-10.56,-4.79,3,1
18172.812,0.397,0.447,0.787,-26.03,-12.05,-6.32,3,1
18172.828,0.397,0.439,0.783,-26.83,-12.7,-7.72,3,1
18172.828,0.405,0.432,0.784,-27.41,-12.7,-8.85,3,1
18172.843,0.414,0.432,0.782,-26.58,-11.99,-9.74,3,1
18172.843,0.422,0.431,0.784,-24.48,-10.71,-10.32,3,1
18172.859,0.419,0.438,0.784,-22.13,-9.31,-10.1,3,1
18172.859,0.421,0.434,0.788,-20.57,-8.06,-9.25,3,1
18172.875,0.417,0.438,0.794,-20.08,-7.17,-8.85,3,1
18172.89,0.415,0.439,0.787,-19.35,-6.47,-8.12,3,1
18172.89,0.416,0.432,0.782,-19.07,-5.34,-6.68,3,1
18172.906,0.421,0.415,0.79,-19.1,-3.69,-4.88,3,1
18172.921,0.424,0.395,0.799,-17.67,-2.41,-3.69,3,1
18172.921,0.433,0.381,0.802,-14.74,-1.22,-3.2,3,1
18172.937,0.443,0.375,0.803,-11.57,0.03,-3.51,3,1
18172.937,0.448,0.373,0.809,-8.51,1.34,-4.27,3,1
18172.953,0.452,0.371,0.811,-5.58,2.14,-5.19,3,1
18172.968,0.45,0.378,0.808,-2.56,2.62,-6.01,3,1
18172.968,0.445,0.389,0.806,0.12,3.17,-6.26,3,1
18172.984,0.443,0.407,0.801,2.38,4.03,-5.22,3,1
18173.0,0.438,0.425,0.8,4.43,4.97,-4.0,3,1
18173.0,0.425,0.428,0.802,6.53,6.2,-2.5,3,1
18173.015,0.413,0.42,0.799,8.15,7.32,-0.85,3,1
18173.031,0.403,0.417,0.807,10.19,8.15,1.19,3,1
18173.031,0.396,0.417,0.812,9.89,7.84,1.37,3,1
18173.046,0.388,0.42,0.816,9.43,6.93,1.01,3,1
18173.062,0.384,0.43,0.825,10.22,5.8,0.12,3,1
18173.062,0.37,0.438,0.819,11.93,4.18,-0.73,3,1
18173.078,0.372,0.449,0.813,13.18,2.32,-1.13,3,1
18173.093,0.376,0.454,0.805,13.52,0.79,-1.4,3,1
18173.093,0.379,0.457,0.794,12.6,-0.15,-1.8,3,1
18173.109,0.384,0.463,0.788,10.59,-1.34,-1.65,3,1
18173.125,0.391,0.468,0.787,8.15,-2.93,-1.5,3,1
18173.125,0.403,0.471,0.784,5.28,-4.43,-1.53,3,1
18173.14,0.411,0.47,0.779,2.04,-5.46,-1.92,3,1
18173.14,0.417,0.462,0.776,-1.28,-6.56,-3.02,3,1
18173.156,0.424,0.459,0.769,-4.43,-7.42,-4.43,3,1
18173.171,0.422,0.455,0.757,-7.75,-7.63,-6.07,3,1
18173.171,0.427,0.454,0.751,-11.38,-6.93,-6.81,3,1
18173.187,0.435,0.449,0.747,-14.13,-5.43,-6.96,3,1
18173.187,0.434,0.447,0.751,-15.99,-3.14,-6.81,3,1
18173.203,0.431,0.443,0.76,-17.73,-0.52,-5.68,3,1
18173.218,0.432,0.433,0.778,-19.41,1.8,-4.27,3,1
18173.218,0.43,0.417,0.804,-21.33,3.48,-3.78,3,1
18173.234,0.417,0.389,0.824,-23.77,3.54,-5.49,3,1
18173.25,0.399,0.363,0.84,-26.83,1.56,-9.22,3,1
18173.25,0.382,0.343,0.854,-29.33,-1.43,-13.61,3,1
18173.265,0.381,0.328,0.863,-30.03,-3.75,-17.91,3,1
18173.281,0.375,0.318,0.861,-28.23,-4.49,-22.58,3,1
18173.296,0.363,0.319,0.859,-23.62,-3.91,-26.34,3,1
18173.296,0.36,0.335,0.861,-15.81,-2.62,-27.65,3,1
18173.312,0.352,0.363,0.862,-5.49,-0.85,-26.83,3,1
18173.312,0.351,0.406,0.868,5.1,0.21,-24.26,3,1
18173.328,0.344,0.443,0.865,13.82,-0.27,-20.63,3,1
18173.343,0.35,0.468,0.859,19.84,-2.47,-16.75,3,1
18173.343,0.358,0.482,0.847,23.77,-5.62,-12.82,3,1
18173.359,0.369,0.486,0.829,26.09,-8.91,-9.34,3,1
18173.359,0.379,0.487,0.806,26.64,-11.75,-6.65,3,1
18173.375,0.39,0.484,0.782,25.7,-13.55,-4.88,3,1
18173.39,0.397,0.481,0.755,23.01,-13.7,-3.72,3,1
18173.406,0.399,0.479,0.74,18.65,-12.48,-3.02,3,1
18173.406,0.404,0.476,0.73,13.52,-10.13,-2.29,3,1
18173.421,0.41,0.476,0.722,8.06,-6.65,-1.53,3,1
18173.421,0.412,0.472,0.721,2.32,-2.84,-0.82,3,1
18173.437,0.415,0.466,0.73,-3.45,0.76,-0.34,3,1
18173.453,0.409,0.465,0.751,-9.13,3.69,-0.49,3,1
18173.468,0.403,0.463,0.772,-13.82,5.04,-0.76,3,1
18173.468,0.393,0.456,0.789,-17.55,5.65,-1.07,3,1
18173.468,0.376,0.451,0.801,-20.45,5.4,-1.34,3,1
18173.484,0.359,0.448,0.817,-22.52,4.03,-1.25,3,1
18173.5,0.349,0.453,0.825,-23.47,2.29,-0.27,3,1
18173.5,0.344,0.458,0.832,-23.68,0.09,1.25,3,1
18173.515,0.34,0.458,0.837,-23.35,-2.41,3.02,3,1
18173.531,0.344,0.461,0.837,-22.19,-4.94,5.55,3,1
18173.531,0.35,0.458,0.834,-20.54,-6.9,8.39,3,1
18173.546,0.356,0.449,0.829,-19.32,-8.55,10.99,3,1
18173.562,0.362,0.439,0.825,-18.62,-9.74,13.18,3,1
18173.578,0.367,0.43,0.82,-18.83,-10.28,14.25,3,1
18173.578,0.367,0.426,0.815,-20.54,-10.28,14.25,3,1
18173.593,0.371,0.419,0.816,-22.77,-10.5,14.71,3,1
18173.593,0.37,0.416,0.821,-25.06,-10.83,15.99,3,1
18173.609,0.375,0.41,0.828,-27.01,-11.63,18.07,3,1
18173.625,0.387,0.399,0.827,-28.29,-12.3,20.39,3,1
18173.625,0.398,0.396,0.832,-28.84,-12.45,22.52,3,1
18173.64,0.408,0.39,0.839,-28.05,-12.57,24.66,3,1
18173.656,0.417,0.375,0.84,-25.73,-12.88,26.92,3,1
18173.656,0.426,0.36,0.837,-21.91,-13.18,28.9,3,1
18173.671,0.442,0.349,0.831,-17.52,-13.15,30.67,3,1
18173.671,0.459,0.337,0.827,-13.34,-12.88,31.25,3,1
18173.687,0.462,0.328,0.819,-10.01,-12.39,30.27,3,1
18173.703,0.472,0.333,0.819,-7.48,-11.66,30.24,3,1
18173.703,0.47,0.34,0.81,-5.07,-10.35,30.52,3,1
18173.718,0.457,0.335,0.801,-3.72,-8.82,30.67,3,1
18173.718,0.452,0.332,0.787,-4.43,-6.78,31.68,3,1
18173.734,0.457,0.342,0.78,-4.06,-3.17,33.6,3,1
18173.75,0.469,0.333,0.779,-1.31,2.2,35.89,3,1
18173.75,0.495,0.312,0.788,2.81,7.84,36.59,3,1
18173.765,0.513,0.288,0.781,8.3,13.92,35.62,3,1
18173.781,0.517,0.267,0.756,11.2,19.53,32.93,3,1
18173.796,0.525,0.28,0.761,8.76,24.41,29.94,3,1
18173.796,0.53,0.286,0.782,4.06,28.38,27.38,3,1
18173.812,0.529,0.276,0.803,2.38,31.83,24.87,3,1
18173.812,0.518,0.281,0.805,3.02,34.73,22.28,3,1
18173.828,0.506,0.279,0.8,3.39,36.93,19.96,3,1
18173.843,0.488,0.27,0.807,5.52,39.55,17.03,3,1
18173.843,0.471,0.274,0.806,9.7,42.63,14.04,3,1
18173.859,0.457,0.286,0.797,11.9,46.11,11.11,3,1
18173.859,0.442,0.29,0.802,11.81,49.81,8.33,3,1
18173.875,0.427,0.295,0.806,12.3,53.13,5.92,3,1
18173.89,0.415,0.312,0.822,12.15,56.12,4.09,3,1
18173.89,0.399,0.327,0.838,11.57,57.68,1.98,3,1
18173.906,0.373,0.351,0.868,10.47,57.25,-0.15,3,1
18173.921,0.29,0.393,0.995,8.97,52.28,-0.58,3,1
18173.921,0.24,0.385,1.101,9.49,36.04,3.14,3,1
18173.937,0.295,0.386,1.034,9.52,15.84,6.96,3,1
18173.953,0.318,0.361,0.881,9.16,6.96,7.29,3,1
18173.953,0.32,0.329,0.838,10.32,7.87,8.33,3,1
18173.968,0.323,0.327,0.836,14.71,11.05,11.17,3,1
18173.984,0.31,0.35,0.838,17.85,14.31,13.49,3,1
18173.984,0.303,0.393,0.861,14.62,15.81,15.75,3,1
18174.0,0.308,0.407,0.878,8.18,14.19,17.73,3,1
18174.0,0.306,0.396,0.875,0.64,9.89,23.83,3,1
18174.015,0.307,0.396,0.849,-1.46,10.32,28.69,3,1
18174.031,0.319,0.411,0.832,-2.99,12.94,34.36,3,1
18174.031,0.316,0.412,0.828,-4.64,15.23,40.65,3,1
18174.046,0.316,0.408,0.86,-4.18,16.51,46.11,3,1
18174.062,0.344,0.383,0.866,-1.16,17.12,50.84,3,1
18174.062,0.36,0.373,0.852,1.59,17.55,51.42,3,1
18174.078,0.358,0.348,0.846,0.18,17.94,49.29,3,1
18174.078,0.373,0.324,0.862,-4.52,17.4,46.72,3,1
18174.093,0.379,0.298,0.864,-9.8,15.56,41.99,3,1
18174.109,0.387,0.28,0.869,-16.42,12.21,36.9,3,1
18174.125,0.397,0.264,0.878,-23.29,8.85,30.98,3,1
18174.125,0.396,0.238,0.88,-29.76,5.25,25.03,3,1
18174.14,0.398,0.218,0.887,-34.79,2.59,20.39,3,1
18174.14,0.404,0.206,0.908,-36.26,2.11,17.49,3,1
18174.156,0.398,0.182,0.921,-31.83,2.9,15.75,3,1
18174.171,0.401,0.172,0.927,-23.13,4.06,14.44,3,1
18174.171,0.401,0.167,0.933,-11.63,6.32,12.85,3,1
18174.187,0.395,0.16,0.928,0.67,9.25,10.96,3,1
18174.203,0.39,0.166,0.923,11.57,11.84,8.58,3,1
18174.203,0.38,0.186,0.921,19.5,13.49,5.52,3,1
18174.218,0.373,0.213,0.917,24.05,13.46,2.26,3,1
18174.234,0.36,0.231,0.908,26.06,12.76,-1.43,3,1
18174.234,0.35,0.253,0.904,26.37,11.9,-4.18,3,1
18174.25,0.343,0.285,0.896,26.89,11.08,-5.22,3,1
18174.25,0.336,0.317,0.897,27.01,11.05,-4.43,3,1
18174.265,0.336,0.333,0.895,27.59,10.96,-2.59,3,1
18174.281,0.34,0.339,0.877,28.53,11.69,0.43,3,1
18174.281,0.343,0.333,0.865,28.02,12.27,2.41,3,1
18174.296,0.337,0.318,0.869,26.0,11.44,2.81,3,1
18174.312,0.346,0.316,0.88,22.49,9.95,1.83,3,1
18174.312,0.333,0.321,0.892,17.82,8.15,-0.92,3,1
18174.328,0.329,0.327,0.902,13.92,4.43,-3.85,3,1
18174.328,0.323,0.334,0.89,11.08,0.49,-6.23,3,1
18174.343,0.317,0.349,0.872,7.69,-1.68,-6.99,3,1
18174.359,0.329,0.361,0.868,4.24,-2.81,-6.47,3,1
18174.375,0.331,0.356,0.87,2.5,-2.9,-6.65,3,1
18174.375,0.321,0.349,0.871,1.34,-3.36,-7.6,3,1
18174.39,0.315,0.337,0.881,-0.52,-4.64,-8.36,3,1
18174.39,0.311,0.334,0.885,-2.44,-6.81,-9.64,3,1
18174.406,0.309,0.336,0.888,-5.1,-9.67,-10.99,3,1
18174.421,0.309,0.339,0.899,-8.06,-11.63,-11.9,3,1
18174.421,0.311,0.334,0.913,-10.59,-13.86,-12.21,3,1
18174.437,0.323,0.329,0.928,-11.11,-16.82,-12.45,3,1
18174.453,0.326,0.317,0.93,-9.0,-19.01,-12.12,3,1
18174.453,0.338,0.296,0.93,-5.77,-20.66,-11.75,3,1
18174.468,0.345,0.279,0.919,-0.31,-21.24,-11.54,3,1
18174.468,0.352,0.263,0.904,5.16,-21.82,-11.93,3,1
18174.484,0.359,0.261,0.9,8.48,-22.55,-13.34,3,1
18174.5,0.359,0.265,0.905,9.55,-24.14,-15.69,3,1
18174.5,0.36,0.271,0.91,9.55,-27.04,-19.01,3,1
18174.515,0.361,0.29,0.905,10.41,-29.6,-21.58,3,1
18174.531,0.364,0.313,0.895,11.75,-31.46,-22.8,3,1
18174.531,0.361,0.325,0.881,12.67,-32.96,-23.56,3,1
18174.546,0.365,0.344,0.861,14.1,-33.33,-23.22,3,1
18174.562,0.371,0.362,0.843,16.36,-31.8,-21.39,3,1
18174.562,0.378,0.371,0.826,18.89,-29.33,-19.17,3,1
18174.578,0.386,0.381,0.8,20.84,-26.49,-17.4,3,1
18174.578,0.394,0.388,0.785,20.57,-22.92,-16.14,3,1
18174.593,0.407,0.402,0.783,18.95,-18.77,-14.95,3,1
18174.609,0.41,0.42,0.781,17.79,-14.56,-13.31,3,1
18174.609,0.405,0.422,0.784,15.99,-11.29,-10.53,3,1
18174.625,0.404,0.424,0.785,13.12,-9.83,-7.9,3,1
18174.64,0.405,0.416,0.783,9.0,-9.31,-6.38,3,1
18174.64,0.394,0.402,0.79,4.46,-7.93,-5.16,3,1
18174.656,0.395,0.39,0.801,1.19,-5.98,-3.27,3,1
18174.671,0.391,0.385,0.81,-0.85,-3.69,-1.71,3,1
18174.671,0.382,0.376,0.819,-1.56,-1.71,-0.27,3,1
18174.687,0.379,0.37,0.826,-2.04,-0.7,0.7,3,1
18174.703,0.372,0.356,0.841,-3.17,-0.43,0.37,3,1
18174.703,0.363,0.348,0.852,-5.04,-1.5,-0.64,3,1
18174.718,0.36,0.359,0.863,-5.71,-2.56,-1.71,3,1
18174.718,0.342,0.368,0.874,-5.1,-4.06,-1.68,3,1
18174.734,0.351,0.39,0.893,-4.09,-6.56,0.92,3,1
18174.75,0.362,0.393,0.905,-1.68,-9.67,3.33,3,1
18174.75,0.365,0.383,0.889,-0.03,-13.4,4.39,3,1
18174.765,0.382,0.368,0.877,-0.18,-17.24,4.06,3,1
18174.781,0.396,0.359,0.871,-0.98,-21.06,1.37,3,1
18174.781,0.416,0.355,0.85,-3.11,-24.54,-3.02,3,1
18174.796,0.429,0.347,0.823,-6.04,-25.64,-7.63,3,1
18174.812,0.446,0.35,0.792,-7.87,-24.2,-10.9,3,1
18174.812,0.45,0.358,0.767,-8.12,-19.78,-12.42,3,1
18174.828,0.467,0.368,0.766,-6.78,-14.65,-12.42,3,1
18174.828,0.473,0.392,0.755,-5.46,-9.03,-12.97,3,1
18174.843,0.468,0.406,0.722,-6.2,-3.17,-12.88,3,1
18174.859,0.462,0.423,0.71,-10.22,2.44,-12.91,3,1
18174.859,0.447,0.417,0.691,-15.05,8.3,-12.09,3,1
18174.875,0.434,0.402,0.709,-21.24,14.71,-9.43,3,1
18174.89,0.453,0.396,0.724,-25.79,21.82,-6.38,3,1
18174.906,0.408,0.407,0.789,-27.71,29.18,-4.18,3,1
18174.906,0.339,0.404,0.951,-24.84,29.54,2.69,3,1
18174.921,0.329,0.387,0.997,-17.91,21.91,10.8,3,1
18174.921,0.356,0.346,0.88,-13.18,16.05,17.03,3,1
18174.937,0.393,0.318,0.846,-7.93,19.07,22.06,3,1
18174.953,0.374,0.238,0.794,2.81,26.03,23.38,3,1
18174.953,0.393,0.249,0.78,12.54,35.1,24.48,3,1
18174.968,0.379,0.305,0.815,18.1,43.67,24.08,3,1
18174.984,0.359,0.324,0.812,16.63,48.25,21.18,3,1
18174.984,0.351,0.339,0.843,9.49,50.33,18.25,3,1
18175.0,0.342,0.342,0.859,0.61,48.31,13.52,3,1
18175.0,0.345,0.339,0.847,-0.89,48.55,11.9,3,1
18175.015,0.338,0.355,0.86,-1.46,48.65,11.32,3,1
18175.031,0.326,0.363,0.883,-4.15,47.67,11.29,3,1
18175.046,0.309,0.344,0.876,-7.29,46.48,9.58,3,1
18175.046,0.31,0.343,0.885,-10.13,44.77,7.32,3,1
18175.062,0.295,0.342,0.891,-12.02,43.21,5.89,3,1
18175.062,0.29,0.333,0.912,-13.49,41.63,5.71,3,1
18175.078,0.285,0.331,0.943,-13.64,38.42,4.94,3,1
18175.093,0.268,0.34,0.964,-13.09,33.63,4.21,3,1
18175.093,0.262,0.33,0.971,-13.18,27.19,3.48,3,1
18175.109,0.258,0.316,0.96,-12.63,20.2,2.99,3,1
18175.109,0.268,0.302,0.956,-11.02,14.53,3.2,3,1
18175.125,0.27,0.296,0.955,-8.06,10.04,2.41,3,1
18175.14,0.264,0.294,0.951,-4.73,6.32,1.43,3,1
18175.14,0.273,0.299,0.939,-2.08,2.5,0.64,3,1
18175.156,0.282,0.312,0.906,0.06,-0.34,-0.64,3,1
18175.171,0.296,0.318,0.887,-0.15,-0.55,-1.53,3,1
18175.171,0.296,0.327,0.877,-0.7,1.16,-1.89,3,1
18175.187,0.296,0.33,0.883,-1.01,3.08,-1.62,3,1
18175.203,0.298,0.32,0.897,-0.64,4.3,-1.37,3,1
18175.203,0.291,0.315,0.898,1.07,4.82,-1.68,3,1
18175.218,0.292,0.319,0.903,2.38,4.52,-2.04,3,1
18175.218,0.289,0.318,0.921,3.2,4.03,-3.6,3,1
18175.234,0.272,0.315,0.922,4.46,3.05,-5.37,3,1
18175.25,0.268,0.326,0.914,5.1,1.1,-5.95,3,1
18175.25,0.27,0.331,0.907,4.58,-0.52,-6.38,3,1
18175.265,0.27,0.329,0.911,3.88,-1.34,-6.9,3,1
18175.281,0.264,0.328,0.911,4.12,-1.68,-6.65,3,1
18175.296,0.269,0.334,0.884,5.07,-1.59,-5.13,3,1
18175.296,0.281,0.339,0.871,3.3,-0.12,-4.21,3,1
18175.312,0.28,0.322,0.895,1.37,1.92,-3.94,3,1
18175.312,0.271,0.313,0.898,1.71,2.17,-3.36,3,1
18175.328,0.277,0.315,0.897,0.98,1.46,-3.36,3,1
18175.343,0.278,0.311,0.905,0.55,2.17,-3.72,3,1
18175.343,0.279,0.305,0.906,2.32,3.14,-4.12,3,1
18175.359,0.273,0.31,0.899,4.58,3.88,-5.13,3,1
18175.359,0.262,0.319,0.899,5.31,4.33,-5.86,3,1
18175.375,0.261,0.335,0.902,5.55,4.24,-6.35,3,1
18175.39,0.253,0.348,0.908,5.16,4.09,-6.16,3,1
18175.39,0.248,0.363,0.905,4.39,3.39,-5.16,3,1
18175.406,0.251,0.371,0.902,3.39,2.66,-3.6,3,1
18175.421,0.25,0.368,0.895,1.92,1.68,-2.32,3,1
18175.421,0.249,0.364,0.887,-0.73,0.18,-1.62,3,1
18175.437,0.255,0.364,0.885,-4.61,-1.25,-1.37,3,1
18175.453,0.249,0.373,0.899,-7.57,-1.92,-0.55,3,1
18175.453,0.238,0.376,0.914,-8.94,-2.66,1.92,3,1
18175.468,0.242,0.362,0.934,-9.0,-3.69,5.4,3,1
18175.468,0.25,0.333,0.935,-7.23,-5.46,8.0,3,1
18175.484,0.252,0.316,0.927,-5.31,-7.17,8.7,3,1
18175.5,0.258,0.311,0.919,-3.94,-8.55,8.67,3,1
18175.515,0.261,0.312,0.905,-3.48,-9.89,8.18,3,1
18175.515,0.274,0.3,0.899,-4.73,-11.23,7.14,3,1
18175.531,0.268,0.285,0.939,-8.58,-14.16,2.87,3,1
18175.531,0.233,0.293,1.011,-7.97,-19.81,-1.31,3,1
18175.546,0.254,0.321,0.991,-0.43,-25.97,2.11,3,1
18175.562,0.263,0.299,0.964,5.01,-29.79,4.97,3,1
18175.562,0.271,0.266,0.955,11.66,-31.86,5.95,3,1
18175.578,0.292,0.26,0.927,18.95,-33.42,6.68,3,1
18175.578,0.314,0.26,0.9,23.71,-33.48,4.94,3,1
18175.593,0.33,0.265,0.886,26.61,-32.2,1.98,3,1
18175.609,0.334,0.282,0.881,28.47,-30.67,-1.86,3,1
18175.625,0.338,0.304,0.867,29.6,-29.36,-5.43,3,1
18175.625,0.344,0.327,0.858,30.18,-27.65,-8.09,3,1
18175.64,0.347,0.338,0.851,30.15,-25.97,-10.19,3,1
18175.64,0.344,0.355,0.841,29.08,-24.63,-12.15,3,1
18175.656,0.333,0.39,0.836,26.76,-23.26,-12.82,3,1
18175.671,0.325,0.404,0.828,23.96,-21.24,-11.38,3,1
18175.671,0.33,0.417,0.829,21.79,-18.56,-8.42,3,1
18175.687,0.328,0.428,0.828,21.52,-16.39,-5.19,3,1
18175.703,0.331,0.429,0.827,20.26,-15.17,-2.38,3,1
18175.703,0.333,0.417,0.825,17.06,-14.98,-1.16,3,1
18175.718,0.336,0.401,0.823,12.79,-15.41,-0.64,3,1
18175.718,0.352,0.402,0.816,8.58,-15.23,-0.85,3,1
18175.734,0.355,0.395,0.814,5.34,-13.79,-1.46,3,1
18175.75,0.363,0.392,0.819,3.23,-11.81,-1.07,3,1
18175.765,0.366,0.393,0.821,2.56,-10.04,-1.04,3,1
18175.765,0.369,0.391,0.819,2.11,-8.33,-1.07,3,1
18175.781,0.369,0.393,0.819,1.77,-5.77,-1.16,3,1
18175.781,0.368,0.401,0.82,3.02,-2.62,-0.21,3,1
18175.796,0.369,0.412,0.815,5.8,1.07,1.37,3,1
18175.812,0.355,0.41,0.806,7.9,5.19,2.96,3,1
18175.812,0.359,0.396,0.817,9.25,9.7,5.16,3,1
18175.828,0.355,0.391,0.829,10.65,13.31,6.81,3,1
18175.843,0.353,0.384,0.824,10.93,14.28,6.44,3,1
18175.843,0.349,0.393,0.818,7.84,14.89,6.07,3,1
18175.859,0.349,0.398,0.823,4.03,15.59,6.07,3,1
18175.859,0.353,0.403,0.828,1.4,16.54,6.5,3,1
18175.875,0.347,0.407,0.824,0.24,17.76,6.93,3,1
18175.89,0.339,0.403,0.819,-0.61,19.78,7.66,3,1
18175.89,0.333,0.405,0.828,-1.25,22.61,8.64,3,1
18175.906,0.332,0.398,0.833,-0.12,25.79,9.77,3,1
18175.921,0.336,0.386,0.849,2.5,29.42,11.11,3,1
18175.921,0.334,0.382,0.856,5.4,31.37,10.99,3,1
18175.937,0.33,0.369,0.864,6.29,31.37,8.88,3,1
18175.953,0.319,0.378,0.856,3.3,30.18,5.52,3,1
18175.953,0.305,0.397,0.837,-1.95,28.08,2.56,3,1
18175.968,0.313,0.369,0.829,-7.35,25.79,-0.21,3,1
18175.984,0.32,0.391,0.837,-22.83,19.84,-11.05,3,1
18175.984,0.304,0.401,0.869,-26.22,15.59,-13.76,3,1
18176.0,0.252,0.417,0.928,-25.15,8.55,-9.95,3,1
18176.0,0.212,0.441,1.007,-19.99,-0.27,-3.11,3,1
18176.015,0.243,0.335,0.978,-13.12,-6.32,1.31,3,1
18176.031,0.26,0.284,0.952,-4.91,-9.22,2.26,3,1
18176.031,0.272,0.263,0.919,2.35,-10.8,0.61,3,1
18176.046,0.291,0.285,0.887,7.23,-11.32,-1.89,3,1
18176.062,0.306,0.341,0.87,10.16,-10.56,-4.21,3,1
18176.062,0.308,0.396,0.861,10.38,-10.68,-6.5,3,1
18176.078,0.305,0.43,0.853,7.08,-12.57,-8.51,3,1
18176.093,0.302,0.442,0.841,1.01,-15.35,-10.16,3,1
18176.093,0.298,0.434,0.833,-6.04,-17.58,-10.96,3,1
18176.109,0.294,0.416,0.832,-11.02,-17.3,-10.01,3,1
18176.109,0.298,0.39,0.834,-11.9,-14.19,-6.65,3,1
18176.125,0.305,0.365,0.837,-8.82,-9.25,-3.2,3,1
18176.14,0.306,0.351,0.846,-4.91,-4.43,-1.34,3,1
18176.14,0.309,0.35,0.867,-2.53,-1.5,-0.67,3,1
18176.156,0.311,0.351,0.892,-0.61,-0.37,-0.95,3,1
18176.171,0.297,0.36,0.899,1.16,-0.82,-1.89,3,1
18176.171,0.298,0.374,0.901,1.5,-2.78,-2.29,3,1
18176.187,0.303,0.376,0.906,0.98,-5.46,-2.78,3,1
18176.203,0.298,0.376,0.908,-0.21,-8.85,-3.97,3,1
18176.203,0.289,0.377,0.901,-1.83,-12.88,-4.85,3,1
18176.218,0.29,0.37,0.888,-3.3,-16.27,-4.49,3,1
18176.218,0.304,0.366,0.879,-2.78,-17.09,-2.78,3,1
18176.234,0.314,0.361,0.867,0.12,-15.66,-0.89,3,1
18176.25,0.328,0.366,0.86,3.54,-13.79,0.34,3,1
18176.25,0.337,0.367,0.854,6.23,-12.33,0.15,3,1
18176.265,0.343,0.366,0.85,7.17,-11.26,-1.07,3,1
18176.281,0.345,0.363,0.848,6.93,-10.59,-2.84,3,1
18176.281,0.351,0.361,0.845,6.5,-10.16,-4.91,3,1
18176.296,0.354,0.374,0.844,7.11,-9.25,-6.68,3,1
18176.312,0.346,0.388,0.84,8.39,-8.12,-8.09,3,1
18176.312,0.337,0.399,0.837,9.55,-6.59,-8.36,3,1
18176.328,0.325,0.415,0.837,9.89,-5.22,-7.57,3,1
18176.343,0.319,0.417,0.84,8.61,-4.61,-6.41,3,1
18176.343,0.312,0.413,0.835,6.04,-4.33,-5.74,3,1
18176.359,0.31,0.416,0.831,3.54,-3.88,-4.58,3,1
18176.359,0.308,0.416,0.832,0.95,-2.99,-3.08,3,1
18176.375,0.307,0.418,0.837,-2.01,-2.26,-1.74,3,1
18176.39,0.309,0.419,0.841,-4.85,-1.77,-0.67,3,1
18176.39,0.307,0.41,0.842,-7.9,-1.43,0.15,3,1
18176.406,0.315,0.396,0.855,-9.89,-0.79,1.43,3,1
18176.421,0.319,0.379,0.868,-9.8,0.18,2.53,3,1
18176.437,0.32,0.36,0.872,-8.33,0.49,2.99,3,1
18176.437,0.322,0.35,0.88,-6.38,0.52,2.9,3,1
18176.453,0.321,0.352,0.88,-4.39,0.24,2.66,3,1
18176.453,0.329,0.357,0.878,-2.2,0.0,2.96,3,1
18176.468,0.333,0.362,0.874,0.67,0.06,3.33,3,1
18176.468,0.334,0.368,0.862,2.81,0.15,3.05,3,1
18176.484,0.331,0.378,0.854,3.42,0.18,2.75,3,1
18176.5,0.336,0.391,0.855,3.36,0.58,3.05,3,1
18176.515,0.343,0.391,0.853,3.85,1.22,3.17,3,1
18176.515,0.339,0.385,0.845,3.94,1.59,2.47,3,1
18176.531,0.336,0.37,0.845,3.42,1.46,1.13,3,1
18176.531,0.338,0.38,0.857,1.95,1.62,-0.09,3,1
18176.546,0.328,0.385,0.859,1.13,1.46,-1.56,3,1
18176.562,0.328,0.379,0.855,1.25,0.79,-2.44,3,1
18176.562,0.33,0.368,0.849,2.11,0.09,-3.45,3,1
18176.578,0.331,0.374,0.853,2.69,0.46,-4.85,3,1
18176.593,0.32,0.385,0.855,2.32,1.19,-7.05,3,1
18176.593,0.31,0.393,0.851,1.77,0.95,-8.76,3,1
18176.609,0.291,0.424,0.855,1.19,0.82,-8.21,3,1
18176.609,0.294,0.438,0.868,0.98,0.98,-4.61,3,1
18176.625,0.298,0.428,0.872,0.61,0.82,-1.16,3,1
18176.64,0.297,0.406,0.857,-1.37,-0.7,0.4,3,1
18176.64,0.311,0.391,0.856,-4.09,-2.23,1.13,3,1
18176.656,0.329,0.387,0.856,-6.26,-3.17,1.04,3,1
18176.671,0.326,0.381,0.846,-7.54,-3.33,-0.34,3,1
18176.671,0.331,0.383,0.853,-8.79,-3.3,-1.07,3,1
18176.687,0.333,0.398,0.844,-10.22,-2.87,-1.71,3,1
18176.703,0.322,0.397,0.824,-11.81,-1.5,-1.86,3,1
18176.703,0.332,0.404,0.794,-15.02,0.73,-1.01,3,1
18176.718,0.329,0.417,0.802,-19.56,5.31,0.31,3,1
18176.718,0.319,0.403,0.806,-22.34,10.1,2.9,3,1
18176.734,0.315,0.357,0.823,-23.59,13.95,5.77,3,1
18176.75,0.322,0.349,0.869,-23.44,17.15,7.78,3,1
18176.75,0.317,0.355,0.895,-21.64,19.44,8.58,3,1
18176.765,0.318,0.323,0.86,-20.42,19.93,8.3,3,1
18176.781,0.342,0.309,0.826,-19.68,21.39,6.99,3,1
18176.781,0.339,0.325,0.846,-17.52,25.09,5.31,3,1
18176.796,0.333,0.335,0.877,-16.63,28.5,3.42,3,1
18176.812,0.312,0.333,0.907,-17.09,30.49,1.65,3,1
18176.812,0.294,0.308,0.924,-15.66,30.0,1.89,3,1
18176.828,0.294,0.289,0.936,-11.47,27.77,2.26,3,1
18176.843,0.301,0.289,0.944,-6.04,25.7,1.16,3,1
18176.843,0.282,0.303,0.956,-0.82,23.87,-1.77,3,1
18176.859,0.256,0.32,0.962,3.27,20.08,-4.09,3,1
18176.875,0.253,0.329,0.963,7.87,15.11,-5.04,3,1
18176.875,0.232,0.356,0.967,13.31,11.02,-5.52,3,1
18176.89,0.213,0.393,0.965,17.43,6.56,-4.61,3,1
18176.89,0.212,0.406,0.966,19.75,1.46,-2.11,3,1
18176.906,0.214,0.395,0.947,21.52,-3.45,0.98,3,1
18176.921,0.212,0.388,0.921,21.85,-8.09,3.85,3,1
18176.937,0.218,0.396,0.904,21.0,-11.66,7.69,3,1
18176.937,0.233,0.395,0.883,18.31,-15.26,10.71,3,1
18176.953,0.235,0.404,0.85,13.12,-18.43,12.48,3,1
18176.953,0.228,0.424,0.923,5.68,-21.97,13.95,3,1
18176.968,0.231,0.403,0.982,2.72,-36.56,18.62,3,1
18176.968,0.246,0.397,0.931,0.76,-39.67,21.3,3,1
18176.984,0.248,0.371,0.907,3.33,-41.29,24.51,3,1
18177.0,0.298,0.308,0.907,7.97,-42.45,26.86,3,1
18177.0,0.328,0.306,0.883,11.96,-42.27,26.95,3,1
18177.015,0.368,0.306,0.863,15.59,-40.07,25.51,3,1
18177.031,0.385,0.303,0.848,19.84,-36.59,21.97,3,1
18177.031,0.402,0.314,0.837,24.45,-32.78,19.32,3,1
18177.046,0.428,0.336,0.807,28.08,-28.93,16.94,3,1
18177.062,0.437,0.352,0.752,29.73,-23.77,13.25,3,1
18177.062,0.433,0.363,0.729,28.57,-16.51,9.92,3,1
18177.078,0.433,0.354,0.725,26.06,-9.37,7.39,3,1
18177.093,0.449,0.358,0.718,21.85,-2.66,3.97,3,1
18177.093,0.437,0.38,0.726,15.9,5.1,-1.13,3,1
18177.109,0.414,0.377,0.734,9.67,11.99,-5.95,3,1
18177.109,0.407,0.377,0.749,3.2,17.52,-9.89,3,1
18177.125,0.38,0.394,0.784,-2.23,22.64,-13.43,3,1
18177.14,0.311,0.427,0.912,-5.46,23.87,-14.77,3,1
18177.14,0.257,0.424,1.019,-4.85,15.84,-13.0,3,1
18177.156,0.274,0.406,0.956,-1.77,3.85,-9.55,3,1
18177.171,0.303,0.389,0.896,0.82,-1.34,-7.17,3,1
18177.171,0.29,0.358,0.858,3.88,-1.28,-6.71,3,1
18177.187,0.304,0.362,0.828,5.1,-1.13,-5.86,3,1
18177.203,0.322,0.387,0.814,2.72,-0.85,-6.2,3,1
18177.203,0.333,0.424,0.811,-2.41,-0.4,-7.57,3,1
18177.218,0.337,0.442,0.815,-7.87,0.15,-8.21,3,1
18177.234,0.342,0.437,0.814,-11.51,0.67,-7.69,3,1
18177.234,0.348,0.425,0.807,-15.23,1.4,-7.05,3,1
18177.25,0.345,0.413,0.815,-18.92,3.27,-6.5,3,1
18177.25,0.345,0.395,0.844,-20.17,5.68,-4.94,3,1
18177.265,0.336,0.378,0.874,-18.62,7.42,-3.54,3,1
18177.281,0.323,0.372,0.91,-15.14,7.48,-2.01,3,1
18177.281,0.308,0.363,0.92,-11.17,5.43,-0.79,3,1
18177.296,0.308,0.341,0.913,-7.93,2.62,-0.03,3,1
18177.312,0.318,0.327,0.902,-4.06,0.55,0.49,3,1
18177.312,0.322,0.329,0.887,0.98,-0.37,0.12,3,1
18177.328,0.329,0.344,0.874,4.97,-0.85,-0.37,3,1
18177.328,0.334,0.367,0.861,6.84,-1.19,-0.79,3,1
18177.343,0.336,0.388,0.848,6.81,-1.53,-1.4,3,1
18177.359,0.341,0.395,0.841,5.77,-1.74,-1.8,3,1
18177.359,0.34,0.4,0.836,4.55,-1.16,-2.11,3,1
18177.375,0.332,0.396,0.837,3.45,0.06,-1.89,3,1
18177.39,0.331,0.383,0.851,2.87,1.1,-1.34,3,1
18177.39,0.331,0.377,0.86,2.59,1.71,-1.74,3,1
18177.406,0.321,0.38,0.87,2.38,1.28,-2.96,3,1
18177.421,0.315,0.381,0.871,2.14,0.4,-3.63,3,1
18177.421,0.318,0.38,0.869,2.41,-0.27,-3.85,3,1
18177.437,0.316,0.385,0.865,3.08,-0.52,-4.21,3,1
18177.453,0.311,0.387,0.862,2.96,-1.07,-4.73,3,1
18177.453,0.311,0.394,0.862,2.01,-1.77,-4.76,3,1
18177.468,0.318,0.4,0.862,1.5,-2.47,-4.18,3,1
18177.484,0.318,0.395,0.859,1.34,-2.93,-3.85,3,1
18177.484,0.318,0.385,0.855,1.07,-3.51,-3.54,3,1
18177.5,0.322,0.384,0.854,0.82,-3.75,-2.93,3,1
18177.515,0.326,0.383,0.857,0.89,-3.51,-2.44,3,1
18177.515,0.323,0.389,0.857,0.92,-3.36,-2.17,3,1
18177.531,0.322,0.392,0.865,0.21,-3.91,-1.83,3,1
18177.531,0.326,0.392,0.869,-0.76,-5.07,-1.86,3,1
18177.546,0.326,0.388,0.872,-1.59,-6.13,-2.47,3,1
18177.562,0.328,0.372,0.873,-2.17,-7.69,-3.48,3,1
18177.562,0.331,0.363,0.868,-2.14,-9.34,-4.64,3,1
18177.578,0.332,0.363,0.857,-1.1,-9.4,-5.01,3,1
18177.593,0.338,0.37,0.856,1.28,-7.48,-4.03,3,1
18177.593,0.345,0.377,0.859,5.01,-5.1,-2.81,3,1
18177.609,0.344,0.383,0.853,7.9,-3.85,-2.59,3,1
18177.609,0.338,0.391,0.848,8.42,-3.54,-3.05,3,1
18177.625,0.335,0.399,0.845,6.68,-4.03,-3.85,3,1
18177.64,0.338,0.397,0.845,5.28,-4.46,-4.64,3,1
18177.64,0.336,0.395,0.835,5.04,-4.67,-5.68,3,1
18177.656,0.332,0.402,0.829,4.94,-3.91,-6.59,3,1
18177.671,0.323,0.409,0.83,4.49,-2.87,-6.78,3,1
18177.671,0.319,0.417,0.829,3.72,-2.17,-6.44,3,1
18177.687,0.314,0.424,0.834,2.53,-1.37,-5.77,3,1
18177.687,0.312,0.425,0.84,1.65,-0.98,-4.64,3,1
18177.703,0.311,0.419,0.839,0.55,-1.19,-3.27,3,1
18177.718,0.316,0.419,0.844,-0.98,-1.37,-2.29,3,1
18177.718,0.321,0.41,0.846,-1.8,-1.25,-1.53,3,1
18177.734,0.321,0.403,0.848,-2.53,-1.07,-1.1,3,1
18177.75,0.322,0.401,0.851,-3.36,-1.19,-0.52,3,1
18177.75,0.326,0.398,0.855,-3.97,-1.13,0.0,3,1
18177.765,0.329,0.392,0.86,-4.06,-0.79,0.46,3,1
18177.781,0.328,0.385,0.861,-3.75,-0.7,0.92,3,1
18177.781,0.332,0.378,0.864,-3.78,-0.76,1.16,3,1
18177.796,0.33,0.375,0.864,-3.42,-0.89,1.65,3,1
18177.812,0.334,0.379,0.864,-2.35,-0.98,2.29,3,1
18177.812,0.336,0.387,0.864,-1.1,-0.82,3.39,3,1
18177.828,0.34,0.389,0.86,0.06,-0.89,4.64,3,1
18177.828,0.345,0.388,0.852,1.53,-1.16,5.07,3,1
18177.843,0.347,0.389,0.843,2.9,-1.07,4.79,3,1
18177.859,0.347,0.39,0.839,4.15,-0.34,3.88,3,1
18177.859,0.338,0.394,0.837,5.52,0.27,2.78,3,1
18177.875,0.332,0.402,0.843,6.47,0.52,2.32,3,1
18177.89,0.332,0.412,0.858,7.02,0.82,2.29,3,1
18177.89,0.322,0.408,0.87,7.87,0.37,2.23,3,1
18177.906,0.322,0.404,0.87,8.15,-1.28,2.69,3,1
18177.921,0.324,0.4,0.861,7.69,-3.36,2.87,3,1
18177.921,0.328,0.398,0.852,6.68,-4.76,2.23,3,1
18177.937,0.329,0.402,0.842,5.25,-5.37,1.43,3,1
18177.953,0.331,0.415,0.831,0.18,-5.62,0.06,3,1
18177.953,0.33,0.433,0.816,-3.17,-4.67,0.21,3,1
18177.968,0.333,0.435,0.801,-8.45,-3.51,0.98,3,1
18177.968,0.331,0.447,0.787,-15.81,-1.83,2.17,3,1
18177.984,0.354,0.428,0.821,-21.85,-0.15,3.23,3,1
18178.0,0.343,0.401,0.845,-23.9,0.67,3.78,3,1
18178.0,0.342,0.369,0.854,-23.9,0.58,4.39,3,1
18178.015,0.348,0.339,0.86,-22.77,0.43,4.03,3,1
18178.031,0.348,0.316,0.878,-19.35,1.31,2.2,3,1
18178.031,0.334,0.322,0.877,-15.23,1.37,-0.31,3,1
18178.046,0.339,0.36,0.829,-13.98,1.4,-1.83,3,1
18178.062,0.373,0.388,0.854,-16.91,2.96,-3.17,3,1
18178.062,0.352,0.4,0.907,-17.12,4.06,-5.4,3,1
18178.078,0.326,0.44,0.878,-15.78,1.31,-4.27,3,1
18178.093,0.325,0.441,0.831,-19.93,-1.22,-0.64,3,1
18178.093,0.334,0.413,0.841,-26.64,-2.66,1.31,3,1
18178.109,0.321,0.365,0.833,-30.34,-3.42,1.68,3,1
18178.109,0.319,0.33,0.873,-30.76,-1.77,2.08,3,1
18178.125,0.303,0.272,0.89,-24.54,1.07,4.09,3,1
18178.14,0.318,0.236,0.907,-15.75,3.85,5.04,3,1
18178.14,0.327,0.218,0.941,-5.71,5.65,3.39,3,1
18178.156,0.335,0.208,0.957,5.89,5.31,0.49,3,1
18178.171,0.341,0.228,0.947,17.24,4.33,-3.33,3,1
18178.171,0.335,0.286,0.912,26.83,2.66,-6.96,3,1
18178.187,0.336,0.378,0.863,30.3,-0.21,-8.58,3,1
18178.203,0.332,0.471,0.836,27.07,-2.69,-8.61,3,1
18178.203,0.308,0.519,0.845,20.36,-4.52,-6.29,3,1
18178.218,0.292,0.503,0.808,12.12,-7.23,-1.4,3,1
18178.218,0.324,0.453,0.792,1.86,-6.9,3.33,3,1
18178.234,0.302,0.402,0.823,-4.88,-4.27,5.34,3,1
18178.25,0.307,0.351,0.848,-7.42,-2.2,7.63,3,1
18178.25,0.315,0.318,0.866,-7.39,0.09,8.55,3,1
18178.265,0.322,0.318,0.888,-5.55,1.28,8.03,3,1
18178.281,0.33,0.339,0.883,-4.55,-0.52,5.55,3,1
18178.281,0.342,0.365,0.868,-5.58,-2.9,2.66,3,1
18178.296,0.349,0.375,0.874,-6.41,-3.69,1.04,3,1
18178.312,0.348,0.37,0.876,-6.68,-4.43,0.92,3,1
18178.312,0.349,0.372,0.865,-7.14,-5.55,1.46,3,1
18178.328,0.361,0.358,0.859,-7.6,-5.86,1.86,3,1
18178.343,0.36,0.336,0.863,-6.87,-4.64,1.86,3,1
18178.343,0.353,0.318,0.868,-4.27,-3.2,1.37,3,1
18178.359,0.352,0.311,0.874,-1.19,-1.74,0.98,3,1
18178.359,0.347,0.315,0.888,2.29,-0.06,0.7,3,1
18178.375,0.341,0.318,0.896,6.2,0.82,0.34,3,1
18178.39,0.342,0.32,0.892,9.77,0.67,-0.31,3,1
18178.39,0.343,0.338,0.875,11.57,-0.06,-1.19,3,1
18178.406,0.348,0.353,0.861,12.12,-0.52,-1.83,3,1
18178.421,0.351,0.36,0.855,12.09,-0.52,-2.56,3,1
18178.421,0.349,0.373,0.852,11.51,-0.31,-2.87,3,1
18178.437,0.345,0.393,0.845,9.7,-0.85,-3.33,3,1
18178.453,0.337,0.411,0.836,6.23,-1.56,-3.48,3,1
18178.453,0.336,0.414,0.841,2.93,-1.4,-2.29,3,1
18178.468,0.332,0.397,0.847,1.62,-0.49,-0.82,3,1
18178.484,0.326,0.374,0.859,0.89,-0.09,-0.21,3,1
18178.484,0.322,0.357,0.871,0.76,-0.27,-0.12,3,1
18178.5,0.322,0.35,0.875,1.13,-0.76,-0.7,3,1
18178.5,0.327,0.352,0.874,2.23,-1.19,-1.31,3,1
18178.515,0.33,0.363,0.878,3.72,-1.37,-1.71,3,1
18178.531,0.326,0.379,0.88,4.64,-2.11,-1.65,3,1
18178.531,0.326,0.392,0.861,4.61,-3.75,-1.07,3,1
18178.546,0.335,0.388,0.846,2.96,-4.55,-0.34,3,1
18178.562,0.339,0.374,0.842,1.19,-3.69,0.06,3,1
18178.562,0.341,0.366,0.843,0.0,-2.59,0.58,3,1
18178.578,0.34,0.365,0.841,-1.07,-1.62,0.98,3,1
18178.578,0.348,0.37,0.864,-2.44,-0.43,1.43,3,1
18178.593,0.349,0.373,0.886,-2.41,-0.24,1.77,3,1
18178.609,0.349,0.369,0.868,-1.1,-1.13,1.68,3,1
18178.609,0.35,0.359,0.841,-1.07,-1.04,1.25,3,1
18178.625,0.357,0.346,0.841,-1.01,0.09,0.73,3,1
18178.64,0.352,0.344,0.852,0.85,1.65,-0.18,3,1
18178.64,0.343,0.359,0.857,3.08,2.59,-1.1,3,1
18178.656,0.34,0.376,0.861,3.48,2.32,-1.92,3,1
18178.671,0.335,0.384,0.861,2.99,1.86,-2.44,3,1
18178.671,0.329,0.393,0.851,1.89,1.34,-2.44,3,1
18178.687,0.326,0.406,0.836,-0.61,0.89,-1.86,3,1
18178.703,0.323,0.408,0.843,-3.85,1.04,-0.64,3,1
18178.703,0.318,0.394,0.85,-5.86,1.25,0.49,3,1
18178.718,0.321,0.383,0.852,-7.97,0.49,1.25,3,1
18178.734,0.33,0.372,0.868,-9.8,0.03,1.07,3,1
18178.734,0.326,0.351,0.882,-9.7,-0.31,0.24,3,1
18178.75,0.328,0.337,0.879,-7.63,-1.1,-0.27,3,1
18178.75,0.34,0.338,0.87,-5.49,-1.28,-0.92,3,1
18178.765,0.342,0.34,0.868,-3.51,-0.31,-1.74,3,1
18178.781,0.342,0.343,0.872,-1.07,0.37,-2.2,3,1
18178.796,0.343,0.353,0.868,0.7,0.67,-2.35,3,1
18178.796,0.344,0.364,0.866,0.98,0.73,-2.53,3,1
18178.812,0.342,0.365,0.876,0.98,0.49,-2.87,3,1
18178.812,0.337,0.363,0.874,1.92,0.09,-2.66,3,1
18178.828,0.338,0.364,0.872,2.96,-0.24,-2.23,3,1
18178.828,0.336,0.36,0.871,4.06,-0.55,-2.35,3,1
18178.843,0.334,0.357,0.859,5.19,-0.73,-2.5,3,1
18178.859,0.333,0.369,0.858,4.76,-0.27,-2.75,3,1
18178.875,0.324,0.378,0.865,4.36,0.24,-2.72,3,1
18178.875,0.322,0.379,0.859,4.24,0.0,-1.8,3,1
18178.89,0.326,0.381,0.857,2.99,0.06,-0.67,3,1
18178.89,0.321,0.378,0.862,1.56,0.18,-0.18,3,1
18178.906,0.323,0.378,0.863,0.58,-0.06,0.49,3,1
18178.921,0.33,0.377,0.861,0.06,-0.37,1.25,3,1
18178.921,0.336,0.371,0.861,-1.31,-0.58,1.16,3,1
18178.937,0.333,0.369,0.86,-1.5,-0.79,0.98,3,1
18178.937,0.335,0.369,0.858,-1.8,-0.82,0.79,3,1
18178.953,0.335,0.374,0.861,-2.01,-1.25,0.31,3,1
18178.968,0.33,0.37,0.866,-2.47,-1.74,0.06,3,1
18178.968,0.33,0.373,0.873,-2.56,-1.68,0.24,3,1
18178.984,0.333,0.365,0.869,-1.62,-2.01,0.34,3,1
18179.0,0.334,0.355,0.864,-0.4,-2.11,0.06,3,1
18179.0,0.337,0.355,0.864,0.64,-1.65,0.0,3,1
18179.015,0.338,0.359,0.869,1.62,-1.31,-0.37,3,1
18179.031,0.335,0.364,0.868,2.32,-1.89,-1.34,3,1
18179.031,0.332,0.369,0.864,2.04,-2.5,-2.14,3,1
18179.046,0.327,0.367,0.866,2.44,-2.38,-2.08,3,1
18179.062,0.327,0.363,0.864,3.45,-2.04,-1.77,3,1
18179.062,0.326,0.363,0.861,3.85,-1.83,-1.95,3,1
18179.078,0.327,0.374,0.858,3.23,-1.8,-2.17,3,1
18179.093,0.326,0.384,0.863,3.05,-1.43,-1.46,3,1
18179.093,0.331,0.388,0.866,3.75,-0.98,0.15,3,1
18179.109,0.33,0.384,0.858,4.21,-1.19,1.25,3,1
18179.109,0.328,0.383,0.856,3.6,-1.22,2.26,3,1
18179.125,0.329,0.384,0.859,3.75,-0.27,4.15,3,1
18179.14,0.331,0.371,0.864,5.13,0.85,5.98,3,1
18179.14,0.338,0.368,0.861,5.8,1.01,6.93,3,1
18179.156,0.345,0.365,0.857,4.82,0.06,5.58,3,1
18179.171,0.343,0.364,0.856,3.48,-0.52,3.23,3,1
18179.171,0.339,0.367,0.857,2.96,-0.46,1.8,3,1
18179.187,0.335,0.372,0.864,3.66,0.12,1.83,3,1
18179.203,0.328,0.375,0.87,5.65,1.31,3.27,3,1
18179.203,0.32,0.386,0.873,9.03,2.66,6.01,3,1
18179.218,0.317,0.387,0.876,13.55,5.07,10.9,3,1
18179.234,0.326,0.37,0.881,19.26,7.87,15.72,3,1
18179.234,0.328,0.333,0.894,25.73,9.49,17.7,3,1
18179.25,0.33,0.312,0.885,31.4,9.06,16.3,3,1
18179.25,0.327,0.339,0.863,33.36,7.69,13.0,3,1
18179.265,0.333,0.388,0.836,30.98,5.74,9.92,3,1
18179.281,0.344,0.432,0.817,26.49,4.24,7.39,3,1
18179.281,0.34,0.467,0.799,21.15,3.69,6.23,3,1
18179.296,0.34,0.483,0.794,15.87,4.0,6.99,3,1
18179.312,0.332,0.475,0.793,10.59,4.58,8.12,3,1
18179.312,0.325,0.462,0.812,5.13,5.55,10.32,3,1
18179.328,0.321,0.44,0.839,2.32,6.47,13.0,3,1
18179.343,0.325,0.41,0.849,2.41,6.87,15.26,3,1
18179.343,0.333,0.393,0.848,3.36,6.68,15.75,3,1
18179.359,0.34,0.381,0.846,2.99,5.49,13.92,3,1
18179.359,0.344,0.371,0.849,0.46,3.69,10.59,3,1
18179.375,0.344,0.366,0.853,-2.29,1.86,6.71,3,1
18179.39,0.337,0.376,0.855,-4.03,0.4,3.72,3,1
18179.39,0.337,0.39,0.87,-3.42,0.4,3.45,3,1
18179.406,0.344,0.389,0.876,0.89,1.5,4.7,3,1
18179.421,0.347,0.375,0.862,5.71,1.65,4.7,3,1
18179.421,0.346,0.371,0.846,7.81,1.19,2.87,3,1
18179.437,0.342,0.382,0.838,7.17,0.58,0.46,3,1
18179.453,0.339,0.394,0.836,4.58,-0.37,-2.17,3,1
18179.453,0.337,0.413,0.835,1.5,-1.95,-4.67,3,1
18179.468,0.331,0.434,0.835,-1.68,-3.57,-6.35,3,1
18179.484,0.326,0.443,0.833,-4.52,-4.52,-6.13,3,1
18179.484,0.328,0.43,0.835,-6.65,-4.97,-5.13,3,1
18179.5,0.332,0.412,0.843,-8.48,-5.28,-4.73,3,1
18179.5,0.335,0.386,0.845,-9.83,-5.65,-5.46,3,1
18179.515,0.338,0.374,0.845,-10.44,-6.2,-7.05,3,1
18179.531,0.341,0.372,0.853,-10.04,-6.2,-8.7,3,1
18179.531,0.345,0.368,0.857,-8.94,-5.92,-10.41,3,1
18179.546,0.344,0.367,0.859,-7.57,-6.04,-12.67,3,1
18179.562,0.344,0.371,0.859,-7.05,-6.78,-14.65,3,1
18179.562,0.344,0.374,0.867,-7.66,-8.48,-17.76,3,1
18179.578,0.325,0.384,0.862,-8.39,-11.23,-21.09,3,1
18179.593,0.322,0.398,0.838,-9.86,-12.36,-21.58,3,1
18179.593,0.325,0.412,0.842,-10.16,-9.98,-18.68,3,1
18179.609,0.324,0.41,0.85,-5.77,-5.98,-14.04,3,1
18179.609,0.322,0.413,0.851,0.03,-2.72,-9.55,3,1
18179.625,0.318,0.419,0.85,2.69,-1.04,-6.32,3,1
18179.64,0.323,0.411,0.848,2.38,-0.7,-4.43,3,1
18179.64,0.325,0.404,0.841,1.04,-1.25,-3.91,3,1
18179.656,0.325,0.407,0.835,-0.27,-1.31,-3.3,3,1
18179.671,0.331,0.412,0.837,-1.22,-0.64,-2.47,3,1
18179.671,0.33,0.414,0.84,-1.59,0.27,-1.77,3,1
18179.687,0.329,0.411,0.847,-2.14,0.61,-1.07,3,1
18179.687,0.327,0.402,0.852,-2.66,0.55,-0.98,3,1
18179.703,0.327,0.39,0.849,-2.81,0.76,-0.92,3,1
18179.718,0.329,0.383,0.854,-2.23,1.19,-0.73,3,1
18179.718,0.331,0.381,0.862,-0.43,1.65,-0.89,3,1
18179.734,0.33,0.382,0.866,1.68,1.89,-1.25,3,1
18179.75,0.329,0.388,0.86,2.87,1.37,-1.71,3,1
18179.75,0.329,0.394,0.85,3.6,1.1,-2.29,3,1
18179.765,0.33,0.401,0.841,3.51,1.1,-2.38,3,1
18179.781,0.328,0.411,0.837,2.5,1.13,-2.5,3,1
18179.781,0.328,0.418,0.838,0.73,0.98,-2.41,3,1
18179.796,0.326,0.414,0.841,-0.92,0.85,-2.38,3,1
18179.812,0.326,0.412,0.845,-2.23,0.85,-2.08,3,1
18179.812,0.326,0.406,0.849,-3.27,0.58,-1.86,3,1
18179.828,0.326,0.396,0.855,-3.57,0.58,-1.65,3,1
18179.828,0.33,0.389,0.861,-3.17,0.64,-1.8,3,1
18179.843,0.328,0.376,0.861,-2.2,0.4,-2.59,3,1
18179.859,0.325,0.372,0.858,-0.95,0.27,-3.66,3,1
18179.859,0.321,0.385,0.859,0.64,1.13,-3.54,3,1
18179.875,0.324,0.394,0.871,3.14,2.08,-2.35,3,1
18179.89,0.314,0.396,0.877,6.26,2.08,-1.71,3,1
18179.906,0.311,0.404,0.865,7.93,1.13,-1.1,3,1
18179.906,0.316,0.41,0.849,7.69,0.18,-0.76,3,1
18179.921,0.316,0.413,0.841,5.92,-0.06,-0.46,3,1
18179.921,0.319,0.419,0.837,4.18,-0.27,-0.24,3,1
18179.937,0.323,0.425,0.839,1.68,-0.89,-0.79,3,1
18179.953,0.326,0.415,0.84,-0.4,-1.46,-1.22,3,1
18179.953,0.32,0.406,0.843,-1.59,-1.43,-1.4,3,1
18179.968,0.321,0.4,0.852,-1.59,-0.85,-0.89,3,1
18179.968,0.322,0.391,0.859,-0.55,-0.21,-0.43,3,1
18179.984,0.321,0.387,0.863,0.98,0.15,-0.58,3,1
18180.0,0.32,0.393,0.863,2.41,0.37,-0.98,3,1
18180.0,0.317,0.394,0.857,3.72,0.09,-1.28,3,1
18180.015,0.322,0.392,0.849,4.76,-0.37,-1.59,3,1
18180.031,0.322,0.402,0.845,5.04,-0.12,-1.95,3,1
18180.031,0.319,0.419,0.846,4.58,-0.06,-2.23,3,1
18180.046,0.32,0.43,0.841,3.42,-0.37,-1.86,3,1
18180.062,0.323,0.428,0.84,1.59,-0.79,-1.37,3,1
18180.062,0.32,0.414,0.841,0.61,-1.07,-1.31,3,1
18180.078,0.315,0.406,0.845,0.37,-0.85,-0.95,3,1
18180.078,0.316,0.408,0.855,0.27,-0.7,-0.46,3,1
18180.093,0.318,0.406,0.854,0.67,-1.22,-0.64,3,1
18180.109,0.314,0.407,0.853,1.16,-1.68,-1.19,3,1
18180.125,0.314,0.411,0.857,1.65,-2.17,-1.1,3,1
18180.125,0.317,0.415,0.855,2.56,-2.59,-0.7,3,1
18180.14,0.32,0.41,0.849,3.11,-2.93,-0.76,3,1
18180.14,0.323,0.405,0.847,2.69,-3.33,-1.4,3,1
18180.156,0.322,0.409,0.855,2.17,-3.78,-2.11,3,1
18180.171,0.312,0.427,0.848,1.16,-5.28,-2.35,3,1
18180.171,0.322,0.44,0.828,-2.08,-7.08,-2.35,3,1
18180.187,0.32,0.439,0.81,-6.5,-7.14,-2.32,3,1
18180.203,0.318,0.432,0.816,-9.77,-5.37,-1.13,3,1
18180.203,0.318,0.423,0.823,-11.05,-3.23,0.67,3,1
18180.218,0.322,0.425,0.853,-12.24,-2.38,2.04,3,1
18180.218,0.327,0.429,0.861,-14.16,-3.97,1.92,3,1
18180.234,0.328,0.443,0.827,-18.46,-6.93,0.49,3,1
18180.25,0.332,0.449,0.812,-24.81,-8.85,-0.24,3,1
18180.265,0.328,0.44,0.807,-30.82,-9.19,0.31,3,1
18180.265,0.33,0.423,0.807,-35.4,-7.57,1.89,3,1
18180.281,0.328,0.394,0.837,-35.92,-4.52,4.18,3,1
18180.281,0.322,0.357,0.861,-32.81,-1.34,6.59,3,1
18180.296,0.325,0.317,0.883,-28.47,1.71,8.21,3,1
18180.312,0.328,0.266,0.904,-21.09,4.18,7.57,3,1
18180.312,0.338,0.252,0.93,-11.9,5.55,5.07,3,1
18180.328,0.313,0.276,0.941,-2.2,4.76,1.71,3,1
18180.328,0.33,0.305,0.919,5.13,2.01,0.06,3,1
18180.343,0.334,0.339,0.907,10.38,0.49,-2.23,3,1
18180.359,0.327,0.36,0.885,15.93,-0.21,-3.27,3,1
18180.359,0.323,0.381,0.866,19.26,-0.73,-3.36,3,1
18180.375,0.323,0.399,0.853,20.2,-1.01,-3.2,3,1
18180.39,0.317,0.413,0.839,18.28,-1.19,-2.62,3,1
18180.39,0.311,0.435,0.861,14.92,-0.34,-1.5,3,1
18180.406,0.303,0.435,0.824,12.97,-1.46,0.67,3,1
18180.421,0.338,0.414,0.794,6.99,-1.19,2.66,3,1
18180.421,0.32,0.389,0.821,4.06,2.29,3.11,3,1
18180.437,0.32,0.359,0.834,5.04,5.25,4.79,3,1
18180.437,0.337,0.343,0.846,4.85,7.48,4.91,3,1
18180.453,0.332,0.338,0.856,5.83,9.67,3.97,3,1
18180.468,0.339,0.351,0.869,7.75,10.59,3.23,3,1
18180.468,0.335,0.38,0.868,8.48,9.09,1.07,3,1
18180.484,0.334,0.421,0.86,5.4,5.62,-1.37,3,1
18180.5,0.332,0.443,0.852,1.04,2.41,-3.3,3,1
18180.515,0.325,0.438,0.852,-2.14,0.52,-3.45,3,1
18180.515,0.314,0.43,0.853,-4.24,-1.07,-2.78,3,1
18180.531,0.309,0.412,0.855,-6.23,-2.17,-1.86,3,1
18180.531,0.309,0.389,0.858,-7.11,-2.35,-0.95,3,1
18180.546,0.316,0.372,0.859,-6.99,-1.65,-0.21,3,1
18180.562,0.32,0.352,0.872,-5.52,-0.24,-0.12,3,1
18180.562,0.321,0.351,0.875,-2.78,0.55,-0.49,3,1
18180.578,0.326,0.36,0.871,-0.64,0.76,-1.31,3,1
18180.593,0.332,0.373,0.852,-0.52,0.55,-2.96,3,1
18180.593,0.336,0.385,0.837,-1.98,0.55,-5.19,3,1
18180.609,0.334,0.39,0.836,-4.33,0.92,-7.42,3,1
18180.609,0.321,0.398,0.847,-6.78,1.22,-8.79,3,1
18180.625,0.312,0.398,0.868,-7.9,1.83,-8.0,3,1
18180.64,0.308,0.392,0.883,-6.71,2.32,-6.04,3,1
18180.64,0.304,0.38,0.891,-4.88,1.89,-4.33,3,1
18180.656,0.306,0.368,0.885,-2.87,0.7,-3.69,3,1
18180.671,0.309,0.367,0.867,-1.28,-0.31,-3.72,3,1
18180.671,0.313,0.377,0.867,-0.37,-0.49,-3.94,3,1
18180.687,0.315,0.386,0.865,0.27,-0.67,-4.24,3,1
18180.703,0.312,0.392,0.863,0.43,-0.92,-4.52,3,1
18180.703,0.311,0.395,0.857,0.21,-1.13,-4.33,3,1
18180.718,0.307,0.397,0.854,-0.03,-0.73,-3.72,3,1
18180.718,0.305,0.404,0.858,-0.09,0.73,-2.41,3,1
18180.734,0.305,0.394,0.858,-0.24,1.5,-1.1,3,1
18180.75,0.308,0.377,0.859,-1.43,1.43,-0.98,3,1
18180.75,0.31,0.371,0.865,-2.56,1.1,-1.43,3,1
18180.765,0.313,0.372,0.865,-2.69,1.01,-2.14,3,1
18180.781,0.312,0.374,0.87,-2.5,1.25,-2.72,3,1
18180.781,0.308,0.386,0.875,-2.26,0.95,-2.93,3,1
18180.796,0.307,0.392,0.884,-2.38,0.15,-2.78,3,1
18180.812,0.306,0.4,0.927,-2.38,-1.89,-2.53,3,1
18180.812,0.29,0.407,0.932,-0.15,-6.9,-2.56,3,1
18180.828,0.306,0.403,0.899,0.06,-12.27,-2.11,3,1
18180.843,0.334,0.395,0.86,-1.31,-14.34,-1.83,3,1
18180.843,0.344,0.392,0.815,-2.75,-13.37,-2.99,3,1
18180.859,0.339,0.402,0.805,-6.32,-11.38,-4.18,3,1
18180.875,0.33,0.413,0.791,-11.44,-10.5,-5.16,3,1
18180.875,0.315,0.412,0.801,-17.37,-8.15,-4.7,3,1
18180.89,0.302,0.386,0.839,-20.36,-4.64,-1.98,3,1
18180.906,0.301,0.345,0.858,-13.7,2.08,1.71,3,1
18180.906,0.282,0.315,0.905,-4.91,3.69,2.59,3,1
18180.921,0.279,0.279,0.932,3.81,3.66,2.72,3,1
18180.921,0.294,0.276,0.949,14.56,3.63,2.38,3,1
18180.937,0.31,0.3,0.928,25.42,4.12,2.38,3,1
18180.937,0.304,0.317,0.883,34.21,4.52,2.11,3,1
18180.953,0.315,0.387,0.76,33.42,4.39,1.83,3,1
18180.968,0.351,0.473,0.731,21.67,7.51,0.18,3,1
18180.984,0.311,0.527,0.741,10.99,10.74,-1.01,3,1
18180.984,0.314,0.548,0.765,-0.58,11.44,3.2,3,1
18181.0,0.302,0.527,0.822,-14.19,11.26,6.78,3,1
18181.0,0.283,0.466,0.864,-23.71,9.0,8.51,3,1
18181.015,0.285,0.408,0.904,-27.74,5.98,10.41,3,1
18181.031,0.28,0.37,0.944,-26.92,2.35,11.78,3,1
18181.046,0.28,0.32,0.953,-22.0,-2.41,12.27,3,1
18181.046,0.302,0.289,0.948,-15.29,-6.01,11.87,3,1
18181.062,0.32,0.281,0.939,-8.33,-7.32,10.07,3,1
18181.062,0.328,0.267,0.902,-1.16,-7.51,7.2,3,1
18181.078,0.347,0.266,0.875,5.13,-5.4,5.01,3,1
18181.093,0.355,0.289,0.864,10.99,-2.5,2.14,3,1
18181.093,0.35,0.342,0.858,14.1,-0.92,-1.19,3,1
18181.109,0.346,0.382,0.854,14.07,0.09,-3.33,3,1
18181.109,0.33,0.39,0.856,13.18,0.67,-4.64,3,1
18181.125,0.32,0.392,0.862,12.79,0.76,-5.01,3,1
18181.14,0.31,0.398,0.866,11.93,0.34,-5.1,3,1
18181.14,0.298,0.393,0.869,10.53,-0.24,-5.04,3,1
18181.156,0.291,0.391,0.876,9.8,-1.16,-4.0,3,1
18181.171,0.295,0.396,0.876,9.61,-2.44,-2.41,3,1
18181.171,0.304,0.404,0.864,8.82,-3.69,-1.31,3,1
18181.187,0.313,0.398,0.852,7.51,-4.46,-1.04,3,1
18181.187,0.312,0.391,0.836,6.23,-4.09,-0.92,3,1
18181.203,0.316,0.389,0.835,5.01,-2.44,0.03,3,1
18181.218,0.322,0.391,0.854,4.36,-0.67,1.16,3,1
18181.234,0.318,0.387,0.874,4.64,-0.03,1.1,3,1
18181.234,0.309,0.381,0.873,4.58,-0.92,0.31,3,1
18181.25,0.314,0.38,0.86,4.49,-2.17,-0.61,3,1
18181.25,0.318,0.378,0.853,4.85,-2.2,-1.77,3,1
18181.265,0.313,0.388,0.85,5.25,-1.5,-2.5,3,1
18181.281,0.309,0.401,0.852,4.79,-0.95,-2.59,3,1
18181.281,0.306,0.413,0.856,3.81,-0.76,-2.04,3,1
18181.296,0.306,0.414,0.861,2.44,-1.04,-1.04,3,1
18181.312,0.308,0.404,0.862,1.19,-1.43,-0.12,3,1
18181.312,0.311,0.387,0.855,0.67,-1.83,0.18,3,1
18181.328,0.317,0.378,0.855,0.46,-1.89,0.21,3,1
18181.328,0.321,0.378,0.858,1.01,-1.37,0.0,3,1
18181.343,0.323,0.382,0.859,1.89,-0.98,-0.34,3,1
18181.359,0.322,0.385,0.858,2.66,-0.76,-0.92,3,1
18181.375,0.323,0.397,0.853,2.84,-0.79,-1.59,3,1
18181.375,0.317,0.403,0.847,2.41,-1.07,-2.35,3,1
18181.39,0.309,0.407,0.849,1.43,-0.92,-2.32,3,1
18181.39,0.305,0.408,0.852,0.4,-0.46,-1.62,3,1
18181.406,0.306,0.401,0.858,-0.46,-0.43,-0.89,3,1
18181.421,0.304,0.39,0.861,-0.76,-0.61,-0.82,3,1
18181.421,0.305,0.389,0.866,-0.58,-0.7,-0.73,3,1
18181.437,0.305,0.389,0.867,0.21,-0.7,-0.09,3,1
18181.453,0.312,0.389,0.868,1.34,-0.67,0.49,3,1
18181.453,0.317,0.383,0.866,2.5,-0.52,0.24,3,1
18181.468,0.316,0.38,0.858,3.75,-0.31,-0.27,3,1
18181.468,0.319,0.389,0.855,4.46,-0.43,-0.92,3,1
18181.484,0.317,0.403,0.854,4.49,-0.58,-1.77,3,1
18181.5,0.316,0.412,0.851,3.94,-0.58,-2.41,3,1
18181.5,0.313,0.413,0.847,3.23,-1.1,-2.53,3,1
18181.515,0.31,0.414,0.846,1.74,-1.83,-2.5,3,1
18181.531,0.309,0.412,0.84,-0.46,-2.01,-2.69,3,1
18181.546,0.309,0.409,0.847,-2.04,-1.34,-2.04,3,1
18181.546,0.313,0.4,0.861,-1.98,-0.27,-0.58,3,1
18181.562,0.309,0.385,0.865,-1.19,0.21,-0.03,3,1
18181.562,0.313,0.379,0.866,-1.37,-0.21,-0.49,3,1
18181.578,0.316,0.38,0.867,-0.89,-0.7,-1.28,3,1
18181.578,0.318,0.383,0.865,0.58,-0.76,-1.86,3,1
18181.593,0.317,0.389,0.857,1.77,-0.89,-2.59,3,1
18181.609,0.313,0.395,0.853,2.2,-0.82,-3.54,3,1
18181.609,0.306,0.404,0.856,2.41,-0.73,-3.75,3,1
18181.625,0.306,0.408,0.855,2.72,-0.49,-3.17,3,1
18181.64,0.308,0.408,0.85,2.62,-0.4,-2.69,3,1
18181.64,0.306,0.41,0.851,2.29,-0.34,-2.35,3,1
18181.656,0.304,0.413,0.851,1.89,-0.37,-1.95,3,1
18181.671,0.304,0.41,0.853,1.68,-0.49,-1.71,3,1
18181.671,0.306,0.404,0.853,1.16,-0.73,-1.68,3,1
18181.687,0.304,0.405,0.855,0.67,-0.92,-1.83,3,1
18181.687,0.304,0.407,0.857,0.27,-1.19,-1.89,3,1
18181.703,0.308,0.405,0.858,0.0,-1.31,-1.74,3,1
18181.718,0.306,0.402,0.86,-0.24,-1.25,-1.65,3,1
18181.718,0.302,0.404,0.854,-0.37,-1.46,-1.31,3,1
18181.734,0.309,0.408,0.855,-0.61,-1.31,-0.31,3,1
18181.75,0.311,0.401,0.857,-0.24,-1.07,-0.06,3,1
18181.765,0.313,0.394,0.853,0.18,-1.1,-0.37,3,1
18181.765,0.315,0.394,0.855,0.4,-0.89,-0.64,3,1
18181.781,0.313,0.4,0.861,0.79,-0.61,-0.7,3,1
18181.781,0.309,0.409,0.858,1.31,-0.92,-0.61,3,1
18181.796,0.306,0.407,0.857,1.65,-1.04,-0.43,3,1
18181.812,0.304,0.404,0.853,1.77,-0.95,-0.15,3,1
18181.812,0.304,0.409,0.848,1.43,-1.01,0.49,3,1
18181.828,0.309,0.416,0.851,0.58,-1.25,0.67,3,1
18181.843,0.309,0.414,0.849,-0.06,-1.4,0.64,3,1
18181.843,0.31,0.406,0.847,-0.79,-1.4,0.27,3,1
18181.859,0.308,0.398,0.851,-1.4,-1.31,-0.06,3,1
18181.859,0.309,0.397,0.854,-1.4,-1.28,-0.27,3,1
18181.875,0.313,0.401,0.853,-1.53,-1.22,-0.64,3,1
18181.89,0.31,0.407,0.861,-2.96,-2.29,-1.07,3,1
18181.89,0.309,0.417,0.868,-3.2,-3.66,-1.13,3,1
18181.906,0.313,0.408,0.871,-4.55,-5.52,-1.68,3,1
18181.921,0.332,0.414,0.898,-6.96,-8.42,-4.0,3,1
18181.921,0.33,0.421,0.871,-9.8,-14.04,-7.6,3,1
18181.937,0.328,0.464,0.81,-19.38,-18.4,-10.77,3,1
18181.953,0.324,0.464,0.831,-29.33,-19.35,-11.63,3,1
18181.953,0.302,0.449,0.808,-31.28,-17.85,-7.97,3,1
18181.968,0.314,0.441,0.778,-34.64,-15.35,-1.95,3,1
18181.984,0.325,0.404,0.794,-38.64,-11.66,0.98,3,1
18181.984,0.29,0.359,0.838,-38.54,-8.21,2.59,3,1
18182.0,0.299,0.32,0.841,-36.01,-4.73,4.64,3,1
18182.0,0.302,0.299,0.893,-30.7,0.85,6.07,3,1
18182.015,0.3,0.261,0.957,-18.07,4.49,7.32,3,1
18182.031,0.297,0.248,0.962,-3.88,4.88,7.02,3,1
18182.031,0.309,0.252,0.934,6.23,4.12,5.25,3,1
18182.046,0.328,0.265,0.929,15.5,5.01,3.17,3,1
18182.062,0.321,0.289,0.942,27.16,6.26,2.53,3,1
18182.062,0.313,0.31,0.925,38.33,5.43,2.53,3,1
18182.078,0.319,0.359,0.783,41.35,3.33,2.56,3,1
18182.078,0.362,0.453,0.72,28.75,4.91,0.76,3,1
18182.093,0.337,0.488,0.747,17.24,9.89,-0.73,3,1
18182.109,0.327,0.514,0.775,7.97,12.05,2.17,3,1
18182.109,0.321,0.525,0.82,-3.97,11.44,5.22,3,1
18182.125,0.302,0.485,0.861,-14.25,9.25,7.48,3,1
18182.14,0.303,0.416,0.888,-19.35,6.35,9.64,3,1
18182.14,0.303,0.355,0.91,-18.59,4.39,11.08,3,1
18182.156,0.302,0.314,0.93,-13.61,3.14,11.6,3,1
18182.171,0.3,0.291,0.937,-6.47,1.28,10.86,3,1
18182.171,0.304,0.302,0.927,-0.31,-0.4,10.13,3,1
18182.187,0.315,0.333,0.905,4.18,-1.68,9.64,3,1
18182.187,0.319,0.356,0.872,6.35,-3.11,8.55,3,1
18182.203,0.319,0.397,0.839,5.16,-4.33,7.75,3,1
18182.218,0.323,0.434,0.818,0.76,-5.01,7.54,3,1
18182.234,0.315,0.451,0.809,-6.81,-4.73,7.69,3,1
18182.234,0.305,0.456,0.815,-15.26,-3.81,9.4,3,1
18182.25,0.303,0.434,0.843,-21.06,-2.56,12.73,3,1
18182.265,0.304,0.396,0.871,-23.04,-1.74,16.6,3,1
18182.265,0.312,0.352,0.896,-21.76,-1.5,18.89,3,1
18182.281,0.317,0.309,0.914,-18.19,-2.04,19.2,3,1
18182.281,0.325,0.273,0.931,-12.76,-2.56,18.65,3,1
18182.296,0.332,0.257,0.937,-5.98,-3.48,16.79,3,1
18182.312,0.338,0.26,0.926,1.25,-4.18,14.07,3,1
18182.312,0.344,0.277,0.905,7.6,-4.43,11.75,3,1
18182.328,0.349,0.3,0.884,12.36,-4.15,9.83,3,1
18182.343,0.355,0.326,0.869,15.9,-3.66,8.36,3,1
18182.343,0.353,0.349,0.848,17.55,-2.78,7.02,3,1
18182.359,0.357,0.365,0.837,15.38,-2.2,5.52,3,1
18182.375,0.351,0.373,0.835,10.68,-1.74,3.63,3,1
18182.375,0.347,0.373,0.842,6.65,-1.5,2.47,3,1
18182.39,0.338,0.371,0.851,4.58,-0.61,2.2,3,1
18182.39,0.33,0.368,0.864,4.06,0.52,3.33,3,1
18182.406,0.329,0.353,0.882,5.1,1.43,4.91,3,1
18182.421,0.325,0.34,0.885,7.54,1.68,5.52,3,1
18182.421,0.327,0.334,0.887,9.95,1.56,6.32,3,1
18182.437,0.335,0.332,0.893,12.3,1.5,6.38,3,1
18182.453,0.338,0.341,0.884,14.59,0.52,5.77,3,1
18182.453,0.337,0.36,0.866,15.35,-0.64,4.64,3,1
18182.468,0.339,0.374,0.859,15.02,-1.25,4.36,3,1
18182.468,0.348,0.38,0.852,14.86,-1.31,4.24,3,1
18182.484,0.339,0.381,0.845,14.13,-1.22,3.05,3,1
18182.5,0.337,0.38,0.847,11.96,-1.04,2.78,3,1
18182.5,0.347,0.374,0.851,9.52,-1.68,1.56,3,1
18182.515,0.337,0.377,0.85,6.81,-2.66,-0.67,3,1
18182.531,0.342,0.379,0.851,3.54,-3.57,-1.77,3,1
18182.531,0.35,0.373,0.861,1.98,-4.09,-2.66,3,1
18182.546,0.344,0.367,0.857,1.98,-4.33,-3.69,3,1
18182.562,0.342,0.366,0.849,1.28,-4.36,-4.61,3,1
18182.562,0.341,0.356,0.844,0.46,-4.03,-5.77,3,1
18182.578,0.334,0.352,0.831,0.27,-2.72,-6.47,3,1
18182.578,0.337,0.36,0.835,0.52,-0.27,-5.58,3,1
18182.593,0.344,0.379,0.847,1.34,1.59,-4.82,3,1
18182.609,0.337,0.384,0.853,1.8,2.23,-5.16,3,1
18182.609,0.336,0.387,0.853,1.01,1.95,-5.1,3,1
18182.625,0.336,0.386,0.856,0.31,1.83,-4.94,3,1
18182.64,0.328,0.399,0.85,-0.37,1.13,-4.64,3,1
18182.656,0.329,0.416,0.849,-1.92,0.67,-3.42,3,1
18182.656,0.322,0.413,0.847,-3.75,0.49,-2.2,3,1
18182.671,0.325,0.396,0.852,-5.58,0.4,-0.85,3,1
18182.671,0.319,0.375,0.864,-6.41,0.61,0.18,3,1
18182.687,0.318,0.364,0.887,-5.68,0.7,1.53,3,1
18182.703,0.327,0.352,0.891,-2.93,0.24,2.08,3,1
18182.703,0.333,0.338,0.884,-0.73,-0.52,1.28,3,1
18182.718,0.342,0.336,0.881,1.68,-0.95,-0.06,3,1
18182.718,0.345,0.345,0.865,4.67,-1.1,-1.77,3,1
18182.734,0.348,0.364,0.851,6.04,-1.16,-3.63,3,1
18182.75,0.341,0.385,0.834,5.01,-1.22,-5.58,3,1
18182.75,0.33,0.407,0.826,2.47,-0.73,-5.74,3,1
18182.765,0.33,0.427,0.839,0.73,0.67,-3.17,3,1
18182.781,0.321,0.422,0.853,-0.82,1.46,-1.07,3,1
18182.781,0.31,0.408,0.874,-3.14,0.89,0.64,3,1
18182.796,0.308,0.391,0.882,-4.18,-0.34,2.72,3,1
18182.812,0.316,0.372,0.879,-3.72,-1.43,4.36,3,1
18182.812,0.323,0.356,0.874,-2.56,-2.04,5.16,3,1
18182.828,0.335,0.347,0.873,-0.64,-2.26,5.04,3,1
18182.828,0.338,0.351,0.863,1.01,-2.62,3.85,3,1
18182.843,0.331,0.373,0.859,0.7,-2.81,2.59,3,1
18182.859,0.335,0.397,0.858,0.73,-2.41,3.88,3,1
18182.875,0.34,0.392,0.857,1.31,-2.38,5.07,3,1
18182.875,0.344,0.378,0.858,-0.31,-3.54,2.78,3,1
18182.89,0.346,0.358,0.85,-2.17,-4.12,0.18,3,1
18182.89,0.34,0.358,0.842,-4.3,-4.36,-1.5,3,1
18182.906,0.343,0.396,0.837,-6.74,-4.64,-2.69,3,1
18182.921,0.342,0.4,0.824,-8.7,-4.03,-2.56,3,1
18182.921,0.344,0.38,0.819,-11.14,-2.41,-2.11,3,1
18182.937,0.343,0.366,0.843,-13.15,-0.43,-1.86,3,1
18182.953,0.341,0.351,0.859,-12.79,1.34,-1.62,3,1
18182.953,0.34,0.341,0.872,-11.66,2.47,-2.08,3,1
18182.968,0.335,0.327,0.888,-9.28,3.14,-2.99,3,1
18182.968,0.328,0.321,0.904,-4.55,3.6,-3.27,3,1
18182.984,0.329,0.324,0.906,0.95,3.85,-3.51,3,1
18183.0,0.336,0.319,0.897,5.65,3.66,-4.85,3,1
18183.015,0.339,0.314,0.893,9.28,3.08,-7.57,3,1
18183.015,0.335,0.315,0.911,12.21,1.62,-11.38,3,1
18183.031,0.325,0.357,0.902,14.68,-1.53,-13.58,3,1
18183.031,0.328,0.413,0.858,13.37,-6.2,-15.14,3,1
18183.046,0.327,0.458,0.791,6.59,-9.0,-16.79,3,1
18183.062,0.329,0.462,0.773,-2.72,-7.17,-15.05,3,1
18183.062,0.325,0.434,0.806,-8.03,-2.04,-10.16,3,1
18183.078,0.324,0.406,0.857,-8.12,1.46,-5.37,3,1
18183.093,0.302,0.369,0.901,-7.72,0.79,-4.09,3,1
18183.093,0.311,0.337,0.887,-7.63,-1.68,-3.39,3,1
18183.109,0.334,0.327,0.879,-6.41,-2.56,-4.09,3,1
18183.109,0.333,0.336,0.876,-2.96,-2.87,-5.98,3,1
18183.125,0.33,0.365,0.878,-0.43,-3.6,-7.51,3,1
18183.14,0.334,0.39,0.862,0.49,-4.15,-7.97,3,1
18183.14,0.328,0.396,0.841,-0.52,-3.72,-7.63,3,1
18183.156,0.328,0.387,0.846,-1.59,-1.77,-5.89,3,1
18183.171,0.331,0.382,0.86,-0.67,-0.21,-3.48,3,1
18183.171,0.326,0.372,0.872,-0.03,-0.52,-3.2,3,1
18183.187,0.316,0.359,0.88,-0.46,-1.4,-3.94,3,1
18183.203,0.326,0.353,0.886,0.21,-1.46,-3.39,3,1
18183.203,0.329,0.345,0.881,2.26,-1.86,-4.15,3,1
18183.218,0.329,0.345,0.86,3.54,-2.44,-5.89,3,1
18183.218,0.335,0.356,0.863,3.36,-2.29,-7.69,3,1
18183.234,0.332,0.369,0.86,3.42,-2.5,-9.49,3,1
18183.25,0.323,0.391,0.864,3.05,-2.66,-10.1,3,1
18183.25,0.323,0.419,0.887,4.55,-1.95,-7.42,3,1
18183.265,0.328,0.422,0.866,7.66,-2.38,-4.21,3,1
18183.281,0.334,0.417,0.838,6.26,-4.0,-3.66,3,1
18183.281,0.332,0.423,0.857,1.95,-5.49,-4.36,3,1
18183.296,0.327,0.436,0.818,-2.23,-7.97,-4.43,3,1
18183.312,0.327,0.455,0.813,-10.62,-9.13,-4.0,3,1
18183.312,0.31,0.442,0.828,-17.61,-8.91,-2.56,3,1
18183.328,0.311,0.401,0.817,-20.33,-7.17,1.13,3,1
18183.343,0.31,0.361,0.877,-19.1,-3.14,4.58,3,1
18183.343,0.298,0.311,0.906,-12.12,-0.43,7.48,3,1
18183.359,0.32,0.266,0.906,-4.88,1.1,7.81,3,1
18183.359,0.307,0.245,0.931,3.33,2.87,4.64,3,1
18183.375,0.302,0.266,0.936,13.55,2.81,2.69,3,1
18183.39,0.312,0.334,0.917,21.55,1.62,1.86,3,1
18183.406,0.322,0.397,0.905,26.55,-0.58,2.56,3,1
18183.406,0.329,0.429,0.902,28.05,-5.34,2.53,3,1
18183.421,0.329,0.438,0.806,26.95,-10.04,2.38,3,1
18183.421,0.337,0.447,0.703,17.33,-9.8,2.93,3,1
18183.437,0.347,0.461,0.685,3.14,-4.09,4.3,3,1
18183.453,0.352,0.45,0.714,-8.73,3.36,6.23,3,1
18183.453,0.339,0.441,0.763,-16.08,9.13,8.45,3,1
18183.468,0.34,0.429,0.839,-21.73,11.51,11.2,3,1
18183.468,0.342,0.389,0.898,-23.29,11.2,12.51,3,1
18183.484,0.336,0.35,0.931,-20.6,9.25,12.24,3,1
18183.5,0.334,0.319,0.959,-15.2,5.95,10.99,3,1
18183.5,0.334,0.297,0.972,-7.42,1.86,9.22,3,1
18183.515,0.325,0.288,0.945,0.55,-2.08,6.5,3,1
18183.531,0.328,0.284,0.899,7.63,-3.91,4.49,3,1
18183.531,0.341,0.297,0.863,13.28,-2.62,3.33,3,1
18183.546,0.347,0.324,0.85,17.46,0.82,2.35,3,1
18183.562,0.342,0.355,0.85,20.26,3.45,1.43,3,1
18183.562,0.33,0.385,0.85,20.54,4.21,0.52,3,1
18183.578,0.326,0.408,0.851,18.89,4.3,1.13,3,1
18183.578,0.328,0.421,0.853,17.12,4.21,2.53,3,1
18183.593,0.318,0.434,0.849,15.44,3.48,3.97,3,1
18183.609,0.318,0.437,0.849,13.58,2.44,6.29,3,1
18183.609,0.322,0.427,0.853,12.05,1.65,8.61,3,1
18183.625,0.326,0.417,0.851,11.41,0.85,10.53,3,1
18183.64,0.333,0.401,0.853,11.29,0.09,11.32,3,1
18183.64,0.338,0.391,0.847,11.35,-0.73,10.96,3,1
18183.656,0.341,0.388,0.834,10.22,-1.4,9.58,3,1
18183.671,0.335,0.391,0.824,7.81,-1.25,7.84,3,1
18183.671,0.335,0.392,0.836,5.74,-0.06,7.26,3,1
18183.687,0.334,0.4,0.846,5.74,1.22,7.42,3,1
18183.687,0.326,0.401,0.853,5.77,1.59,7.35,3,1
18183.703,0.323,0.394,0.862,4.82,1.53,7.51,3,1
18183.718,0.32,0.384,0.874,5.25,1.59,7.69,3,1
18183.734,0.313,0.385,0.874,7.2,1.65,8.64,3,1
18183.734,0.325,0.396,0.871,9.31,1.31,10.59,3,1
18183.75,0.335,0.397,0.867,11.29,0.89,11.26,3,1
18183.765,0.342,0.396,0.851,12.33,0.0,10.93,3,1
18183.765,0.345,0.395,0.838,11.63,-1.1,9.46,3,1
18183.781,0.345,0.406,0.824,10.38,-0.92,8.94,3,1
18183.781,0.349,0.412,0.813,9.98,0.15,9.16,3,1
18183.796,0.345,0.42,0.824,9.22,1.92,9.95,3,1
18183.812,0.349,0.419,0.841,9.06,3.11,10.99,3,1
18183.812,0.352,0.41,0.836,9.61,3.08,10.93,3,1
18183.828,0.349,0.402,0.825,8.79,2.44,9.34,3,1
18183.828,0.349,0.399,0.821,4.85,1.53,7.35,3,1
18183.843,0.351,0.389,0.822,-4.58,-0.52,0.34,3,1
18183.859,0.344,0.38,0.825,-7.39,-0.95,-2.17,3,1
18183.859,0.332,0.391,0.835,-6.93,-0.12,-1.31,3,1
18183.875,0.33,0.402,0.864,-3.08,1.22,0.89,3,1
18183.89,0.32,0.379,0.884,0.24,1.04,1.5,3,1
18183.89,0.319,0.389,0.877,2.66,0.43,2.66,3,1
18183.906,0.333,0.393,0.868,5.22,-0.24,4.06,3,1
18183.921,0.339,0.4,0.845,6.78,-1.56,3.51,3,1
18183.921,0.346,0.407,0.827,5.92,-2.53,2.23,3,1
18183.937,0.355,0.417,0.816,4.7,-2.59,1.37,3,1
18183.953,0.359,0.42,0.809,2.56,-2.29,0.37,3,1
18183.953,0.354,0.431,0.796,-0.98,-2.47,-1.22,3,1
18183.968,0.349,0.444,0.795,-5.74,-2.35,-1.59,3,1
18183.968,0.351,0.449,0.815,-9.4,-1.13,0.15,3,1
18183.984,0.34,0.433,0.836,-10.93,-0.18,2.17,3,1
18184.0,0.33,0.405,0.859,-12.57,-0.61,3.42,3,1
18184.0,0.327,0.375,0.872,-12.12,-1.34,4.36,3,1
18184.015,0.332,0.36,0.885,-9.61,-1.98,4.36,3,1
18184.031,0.33,0.363,0.888,-6.84,-2.78,3.48,3,1
18184.046,0.339,0.365,0.877,-3.75,-3.2,2.35,3,1
18184.046,0.338,0.363,0.855,-1.19,-3.51,0.64,3,1
18184.062,0.333,0.382,0.837,-0.21,-3.91,-0.49,3,1
18184.062,0.342,0.416,0.832,-0.67,-3.39,0.46,3,1
18184.078,0.35,0.429,0.831,-1.28,-2.47,1.98,3,1
18184.093,0.344,0.429,0.835,-2.62,-2.44,2.75,3,1
18184.093,0.336,0.432,0.848,-5.95,-4.0,3.78,3,1
18184.109,0.341,0.435,0.844,-8.94,-5.89,5.43,3,1
18184.109,0.347,0.433,0.83,-11.84,-7.97,6.1,3,1
18184.125,0.345,0.432,0.82,-16.14,-9.77,6.1,3,1
18184.14,0.348,0.427,0.804,-20.97,-10.47,6.5,3,1
18184.14,0.349,0.411,0.805,-25.45,-10.01,7.26,3,1
18184.156,0.349,0.39,0.832,-28.17,-8.21,9.13,3,1
18184.171,0.354,0.379,0.847,-29.76,-7.45,10.74,3,1
18184.171,0.359,0.35,0.844,-30.61,-7.39,10.35,3,1
18184.187,0.359,0.315,0.848,-30.7,-6.23,8.97,3,1
18184.203,0.354,0.305,0.871,-28.11,-4.09,8.3,3,1
18184.203,0.36,0.302,0.884,-23.62,-2.75,8.39,3,1
18184.218,0.363,0.301,0.899,-18.8,-2.32,7.54,3,1
18184.234,0.363,0.312,0.886,-15.23,-2.99,6.35,3,1
18184.234,0.375,0.334,0.859,-14.47,-3.36,5.68,3,1
18184.25,0.392,0.344,0.865,-15.81,-3.36,4.64,3,1
18184.25,0.391,0.352,0.873,-16.14,-4.3,3.14,3,1
18184.265,0.386,0.345,0.872,-16.63,-6.38,2.35,3,1
18184.281,0.387,0.321,0.852,-18.37,-8.67,1.56,3,1
18184.281,0.384,0.293,0.825,-17.82,-7.17,0.03,3,1
18184.296,0.367,0.298,0.859,-16.14,-2.81,-0.92,3,1
18184.312,0.35,0.298,0.88,-11.75,-0.89,0.09,3,1
18184.312,0.36,0.293,0.876,-8.42,-0.03,0.79,3,1
18184.328,0.348,0.263,0.907,-4.58,1.62,0.21,3,1
18184.343,0.348,0.26,0.918,2.14,2.08,0.21,3,1
18184.343,0.349,0.267,0.907,9.31,2.72,-0.18,3,1
18184.359,0.342,0.277,0.897,15.53,4.12,-1.19,3,1
18184.359,0.357,0.291,0.915,21.76,5.86,-2.29,3,1
18184.375,0.341,0.343,0.923,26.73,4.06,-3.66,3,1
18184.39,0.385,0.362,0.853,26.25,-0.12,-2.81,3,1
18184.406,0.37,0.374,0.817,21.45,-1.19,-4.88,3,1
18184.406,0.361,0.375,0.819,17.24,-1.5,-4.46,3,1
18184.421,0.373,0.392,0.816,11.75,-2.11,-3.17,3,1
18184.421,0.365,0.377,0.824,5.34,-3.23,-3.14,3,1
18184.437,0.344,0.362,0.863,-1.22,-5.74,-3.81,3,1
18184.453,0.334,0.338,0.895,-6.35,-11.08,-3.81,3,1
18184.453,0.348,0.321,0.894,-11.99,-17.64,-4.49,3,1
18184.468,0.364,0.336,0.886,-15.17,-20.72,-4.97,3,1
18184.468,0.385,0.314,0.884,-13.06,-20.91,-4.43,3,1
18184.484,0.394,0.332,0.852,-9.25,-19.62,-5.31,3,1
18184.5,0.408,0.355,0.82,-5.34,-15.38,-4.64,3,1
18184.5,0.416,0.337,0.799,-1.74,-9.19,-4.58,3,1
18184.515,0.402,0.349,0.802,-1.74,-4.67,-6.32,3,1
18184.531,0.406,0.353,0.803,-6.07,-2.44,-8.03,3,1
18184.531,0.392,0.347,0.818,-11.11,-0.31,-10.01,3,1
18184.546,0.383,0.351,0.843,-15.23,0.46,-11.08,3,1
18184.562,0.381,0.341,0.861,-17.09,0.43,-10.9,3,1
18184.562,0.379,0.335,0.873,-16.94,0.76,-9.89,3,1
18184.578,0.373,0.322,0.879,-14.34,0.95,-8.55,3,1
18184.578,0.374,0.31,0.885,-10.38,1.53,-6.65,3,1
18184.593,0.376,0.322,0.879,-6.65,2.81,-4.7,3,1
18184.609,0.378,0.325,0.879,-2.93,3.72,-3.45,3,1
18184.609,0.374,0.325,0.875,0.06,4.33,-2.56,3,1
18184.625,0.372,0.323,0.866,1.74,4.76,-1.98,3,1
18184.64,0.369,0.319,0.861,1.68,4.76,-2.32,3,1
18184.64,0.37,0.321,0.856,0.58,4.73,-2.75,3,1
18184.656,0.375,0.321,0.854,-0.18,5.4,-3.23,3,1
18184.671,0.376,0.319,0.854,0.15,6.38,-3.97,3,1
18184.671,0.375,0.316,0.851,0.27,7.51,-5.19,3,1
18184.687,0.375,0.317,0.853,-0.49,8.61,-6.84,3,1
18184.703,0.378,0.316,0.852,-1.53,9.64,-8.85,3,1
18184.703,0.37,0.316,0.85,-2.35,10.96,-10.93,3,1
18184.718,0.358,0.325,0.856,-2.56,13.25,-11.47,3,1
18184.718,0.33,0.359,0.896,0.31,16.51,-8.82,3,1
18184.734,0.316,0.368,0.99,5.98,14.37,-3.75,3,1
18184.75,0.302,0.349,0.989,9.06,5.49,-2.04,3,1
18184.75,0.3,0.321,0.95,8.76,-2.08,-1.1,3,1
18184.765,0.325,0.297,0.905,12.7,-5.65,0.76,3,1
18184.781,0.341,0.294,0.874,19.56,-5.55,2.32,3,1
18184.781,0.348,0.32,0.86,24.23,-3.42,3.05,3,1
18184.796,0.353,0.346,0.856,26.25,-1.5,3.81,3,1
18184.812,0.355,0.363,0.854,26.37,-0.76,4.09,3,1
18184.812,0.35,0.393,0.85,25.7,-0.61,4.79,3,1
18184.828,0.349,0.41,0.841,24.66,0.09,6.96,3,1
18184.828,0.348,0.4,0.836,19.81,1.07,9.49,3,1
18184.843,0.344,0.385,0.831,15.84,0.7,9.98,3,1
18184.859,0.348,0.374,0.834,12.67,0.98,9.67,3,1
18184.859,0.359,0.357,0.84,10.47,1.13,8.21,3,1
18184.875,0.357,0.358,0.849,8.21,0.89,6.38,3,1
18184.89,0.358,0.361,0.852,6.23,0.31,4.58,3,1
18184.906,0.362,0.361,0.847,5.19,-0.24,2.69,3,1
18184.906,0.363,0.371,0.845,4.43,-0.49,1.43,3,1
18184.921,0.358,0.374,0.843,3.75,-0.03,0.58,3,1
18184.921,0.35,0.377,0.846,2.99,0.43,0.79,3,1
18184.937,0.356,0.383,0.849,2.23,0.34,1.59,3,1
18184.953,0.354,0.383,0.854,1.22,-0.18,1.4,3,1
18184.953,0.348,0.389,0.856,0.24,-0.64,1.8,3,1
18184.968,0.356,0.381,0.856,-0.03,-1.04,2.84,3,1
18184.968,0.361,0.361,0.853,-0.34,-1.71,2.32,3,1
18184.984,0.359,0.363,0.826,-1.86,-2.29,0.64,3,1
18185.0,0.377,0.376,0.834,-5.58,-2.38,-0.89,3,1
18185.0,0.377,0.386,0.834,-9.55,-3.54,-3.94,3,1
18185.015,0.372,0.392,0.834,-14.25,-5.28,-6.62,3,1
18185.031,0.375,0.39,0.831,-18.86,-6.13,-7.75,3,1
18185.046,0.362,0.375,0.841,-21.64,-5.58,-7.84,3,1
18185.046,0.359,0.351,0.858,-22.06,-4.43,-6.99,3,1
18185.062,0.35,0.328,0.881,-19.38,-2.78,-5.4,3,1
18185.062,0.342,0.301,0.891,-14.13,-1.4,-4.21,3,1
18185.078,0.348,0.273,0.886,-7.57,-0.31,-4.61,3,1
18185.093,0.356,0.264,0.889,-1.01,2.11,-6.59,3,1
18185.093,0.329,0.274,0.923,7.84,4.24,-8.03,3,1
18185.109,0.345,0.298,0.909,17.37,4.24,-8.18,3,1
18185.109,0.338,0.332,0.894,24.69,5.25,-8.42,3,1
18185.125,0.339,0.39,0.857,28.63,4.36,-7.97,3,1
18185.14,0.344,0.475,0.819,24.35,0.82,-7.87,3,1
18185.14,0.322,0.526,0.811,14.95,-2.84,-6.65,3,1
18185.156,0.342,0.517,0.743,3.02,-6.04,-2.35,3,1
18185.171,0.355,0.49,0.749,-13.28,-4.82,0.52,3,1
18185.171,0.327,0.423,0.793,-22.71,-1.83,3.05,3,1
18185.187,0.335,0.377,0.817,-28.47,-0.89,5.43,3,1
18185.203,0.335,0.349,0.858,-32.23,0.95,7.26,3,1
18185.203,0.342,0.319,0.899,-29.66,2.56,8.73,3,1
18185.218,0.344,0.295,0.908,-23.26,2.75,8.97,3,1
18185.218,0.354,0.285,0.904,-17.7,2.26,7.78,3,1
18185.234,0.369,0.274,0.905,-12.73,2.2,5.4,3,1
18185.25,0.373,0.275,0.908,-7.05,1.83,2.23,3,1
18185.25,0.374,0.295,0.907,-1.56,0.73,-0.73,3,1
18185.265,0.377,0.312,0.88,3.27,-0.06,-3.63,3,1
18185.281,0.372,0.316,0.855,5.77,0.43,-6.56,3,1
18185.296,0.365,0.319,0.864,6.26,2.04,-8.39,3,1
18185.296,0.353,0.323,0.897,8.27,2.84,-8.76,3,1
18185.312,0.332,0.358,0.895,10.41,1.98,-7.84,3,1
18185.312,0.337,0.376,0.885,10.74,0.46,-5.68,3,1
18185.328,0.336,0.364,0.872,9.09,-1.13,-5.52,3,1
18185.343,0.337,0.36,0.872,7.42,-2.47,-5.43,3,1
18185.343,0.332,0.369,0.857,7.23,-3.17,-4.58,3,1
18185.359,0.345,0.378,0.847,6.9,-2.78,-2.44,3,1
18185.359,0.352,0.375,0.85,6.56,-1.8,-1.04,3,1
18185.375,0.352,0.364,0.854,6.29,-1.37,-1.31,3,1
18185.39,0.347,0.362,0.853,5.68,-1.5,-2.01,3,1
18185.39,0.346,0.369,0.854,4.97,-1.53,-1.86,3,1
18185.406,0.345,0.377,0.859,4.67,-1.5,-1.5,3,1
18185.421,0.341,0.38,0.865,4.55,-1.34,-0.7,3,1
18185.421,0.336,0.378,0.867,4.85,-1.46,0.64,3,1
18185.437,0.333,0.379,0.874,5.25,-1.77,2.01,3,1
18185.453,0.323,0.374,0.884,5.92,-2.23,3.54,3,1
18185.453,0.329,0.364,0.887,7.84,-2.59,6.32,3,1
18185.468,0.339,0.358,0.871,10.83,-2.53,8.33,3,1
18185.468,0.34,0.349,0.856,12.67,-2.44,8.24,3,1
18185.484,0.342,0.352,0.853,12.91,-1.95,8.06,3,1
18185.5,0.349,0.364,0.855,13.61,-1.43,8.76,3,1
18185.5,0.352,0.38,0.851,14.59,-1.28,9.19,3,1
18185.515,0.356,0.387,0.844,14.07,-1.28,9.22,3,1
18185.531,0.357,0.377,0.834,12.94,-1.19,9.06,3,1
18185.531,0.362,0.388,0.838,12.73,-0.18,9.67,3,1
18185.546,0.357,0.39,0.846,14.95,1.89,10.86,3,1
18185.562,0.354,0.393,0.838,18.13,3.85,12.97,3,1
18185.562,0.359,0.393,0.838,17.64,4.09,13.12,3,1
18185.578,0.35,0.381,0.84,15.99,3.81,11.57,3,1
18185.593,0.352,0.383,0.839,13.98,2.96,10.93,3,1
18185.593,0.355,0.381,0.831,11.26,2.08,9.52,3,1
18185.609,0.359,0.383,0.823,8.0,1.74,7.87,3,1
18185.609,0.362,0.398,0.813,4.18,1.25,6.53,3,1
18185.625,0.361,0.41,0.81,-0.4,0.79,5.43,3,1
18185.64,0.354,0.427,0.816,-5.62,0.92,5.19,3,1
18185.64,0.348,0.435,0.838,-10.01,0.82,6.62,3,1
18185.656,0.345,0.428,0.857,-12.09,0.55,9.22,3,1
18185.671,0.355,0.395,0.865,-11.57,-0.18,10.9,3,1
18185.671,0.357,0.362,0.865,-10.19,-1.25,10.62,3,1
18185.687,0.355,0.338,0.865,-8.76,-1.98,9.31,3,1
18185.703,0.36,0.324,0.862,-6.84,-1.89,7.51,3,1
18185.703,0.359,0.32,0.869,-4.43,-1.34,5.55,3,1
18185.718,0.358,0.336,0.882,-0.92,-0.85,5.07,3,1
18185.734,0.358,0.353,0.878,3.33,-0.43,5.22,3,1
18185.734,0.351,0.373,0.866,6.59,-0.49,5.86,3,1
18185.75,0.358,0.394,0.846,7.78,-0.82,7.63,3,1
18185.75,0.37,0.401,0.829,7.26,-1.07,8.39,3,1
18185.765,0.366,0.406,0.807,5.46,-1.07,8.24,3,1
18185.781,0.37,0.412,0.792,0.64,-1.07,8.06,3,1
18185.781,0.371,0.406,0.793,-7.08,-1.68,6.74,3,1
18185.796,0.361,0.403,0.817,-14.83,-1.95,5.68,3,1
18185.812,0.354,0.399,0.854,-18.52,-1.34,7.14,3,1
18185.812,0.349,0.375,0.881,-11.75,0.61,13.61,3,1
18185.828,0.351,0.347,0.887,-7.63,0.49,14.89,3,1
18185.828,0.356,0.331,0.89,-4.58,-0.7,13.95,3,1
18185.843,0.363,0.313,0.885,-3.3,-2.23,11.63,3,1
18185.859,0.384,0.334,0.848,-4.39,-3.85,8.3,3,1
18185.875,0.381,0.35,0.825,-7.29,-5.13,3.85,3,1
18185.875,0.38,0.371,0.806,-11.78,-5.4,1.37,3,1
18185.89,0.374,0.391,0.824,-15.17,-4.24,1.83,3,1
18185.89,0.365,0.389,0.864,-15.93,-2.66,4.43,3,1
18185.906,0.366,0.355,0.882,-14.68,-2.2,7.32,3,1
18185.921,0.372,0.311,0.88,-14.22,-3.02,7.2,3,1
18185.921,0.376,0.274,0.892,-12.3,-3.66,5.22,3,1
18185.937,0.377,0.275,0.898,-7.14,-3.94,3.97,3,1
18185.937,0.388,0.292,0.874,-2.04,-4.18,2.72,3,1
18185.953,0.397,0.314,0.848,-0.73,-4.64,0.03,3,1
18185.968,0.4,0.349,0.826,-2.84,-5.01,-2.44,3,1
18185.968,0.4,0.379,0.818,-6.1,-5.19,-3.6,3,1
18185.984,0.398,0.382,0.824,-9.31,-4.67,-3.05,3,1
18186.0,0.395,0.356,0.856,-12.18,-3.81,-1.71,3,1
18186.0,0.389,0.315,0.892,-12.6,-4.94,-1.77,3,1
18186.015,0.391,0.288,0.867,-8.82,-5.74,-2.69,3,1
18186.031,0.382,0.279,0.893,-5.58,-3.66,-4.76,3,1
18186.031,0.374,0.24,0.907,0.98,-2.59,-6.5,3,1
18186.046,0.37,0.256,0.894,7.69,-1.31,-7.81,3,1
18186.062,0.344,0.273,0.894,13.98,0.67,-8.85,3,1
18186.062,0.351,0.292,0.91,19.38,0.98,-8.82,3,1
18186.078,0.344,0.334,0.877,24.08,0.37,-9.4,3,1
18186.078,0.342,0.361,0.845,25.18,0.7,-9.49,3,1
18186.093,0.353,0.387,0.833,23.8,1.37,-8.61,3,1
18186.109,0.369,0.404,0.82,20.72,0.79,-7.81,3,1
18186.109,0.383,0.399,0.85,18.07,1.62,-6.84,3,1
18186.125,0.355,0.357,0.877,20.94,1.95,-5.62,3,1
18186.14,0.43,0.308,0.825,24.81,2.38,-5.25,3,1
18186.156,0.376,0.293,0.856,27.5,5.22,-9.92,3,1
18186.156,0.361,0.319,0.877,30.85,3.69,-10.38,3,1
18186.171,0.336,0.404,0.842,30.3,-0.52,-9.58,3,1
18186.187,0.353,0.492,0.885,28.84,-4.91,-4.64,3,1
18186.187,0.373,0.443,0.848,16.6,-16.08,-3.36,3,1
18186.187,0.343,0.417,0.783,-1.53,-24.66,-9.31,3,1
18186.203,0.399,0.383,0.761,-10.25,-23.13,-5.74,3,1
18186.218,0.421,0.385,0.745,-10.35,-16.72,-5.31,3,1
18186.218,0.434,0.385,0.739,-7.32,-7.78,-6.5,3,1
18186.234,0.433,0.391,0.745,-6.01,1.71,-8.88,3,1
18186.25,0.416,0.389,0.745,-8.06,10.41,-11.84,3,1
18186.25,0.408,0.387,0.746,-11.72,17.82,-13.49,3,1
18186.265,0.402,0.386,0.769,-14.77,24.02,-15.35,3,1
18186.281,0.383,0.405,0.794,-18.1,28.08,-17.46,3,1
18186.281,0.366,0.413,0.834,-22.0,29.82,-18.43,3,1
18186.296,0.352,0.393,0.869,-24.99,28.26,-19.14,3,1
18186.312,0.341,0.375,0.887,-26.46,24.54,-20.05,3,1
18186.312,0.337,0.359,0.893,-27.34,20.39,-21.27,3,1
18186.328,0.326,0.345,0.895,-28.9,16.57,-23.38,3,1
18186.328,0.278,0.356,0.939,-29.57,11.26,-25.85,3,1
18186.343,0.249,0.411,1.029,-27.07,2.2,-23.07,3,1
18186.359,0.258,0.416,1.023,-23.59,-11.51,-19.38,3,1
18186.359,0.281,0.387,0.959,-24.05,-22.52,-17.82,3,1
18186.375,0.305,0.331,0.91,-26.34,-28.96,-18.43,3,1
18186.39,0.317,0.296,0.881,-25.42,-32.07,-20.57,3,1
18186.406,0.322,0.311,0.865,-21.33,-30.64,-19.78,3,1
18186.406,0.338,0.328,0.882,-15.56,-27.1,-16.63,3,1
18186.421,0.339,0.329,0.894,-11.05,-25.39,-15.41,3,1
18186.421,0.332,0.337,0.897,-11.14,-26.98,-15.47,3,1
18186.437,0.338,0.344,0.886,-14.59,-30.46,-15.63,3,1
18186.437,0.347,0.336,0.879,-18.56,-33.54,-16.51,3,1
18186.453,0.348,0.312,0.872,-20.84,-35.28,-17.98,3,1
18186.468,0.349,0.316,0.866,-19.9,-34.33,-17.18,3,1
18186.484,0.36,0.329,0.865,-14.98,-30.98,-13.76,3,1
18186.484,0.364,0.328,0.862,-7.9,-26.64,-10.32,3,1
18186.5,0.364,0.334,0.857,-1.01,-22.49,-7.14,3,1
18186.5,0.365,0.335,0.848,3.81,-19.59,-4.58,3,1
18186.515,0.379,0.346,0.831,5.07,-17.61,-2.75,3,1
18186.531,0.394,0.349,0.819,4.85,-15.32,-1.56,3,1
18186.546,0.404,0.346,0.812,4.36,-12.45,-1.19,3,1
18186.546,0.411,0.346,0.803,3.97,-9.19,-0.98,3,1
18186.546,0.408,0.35,0.798,2.72,-6.23,-1.28,3,1
18186.562,0.409,0.357,0.81,0.0,-3.69,-1.28,3,1
18186.578,0.405,0.36,0.839,-1.95,-1.83,-0.58,3,1
18186.593,0.396,0.353,0.851,-1.37,-0.58,0.4,3,1
18186.593,0.393,0.345,0.864,0.03,-0.15,1.34,3,1
18186.609,0.386,0.332,0.869,1.19,-0.43,1.59,3,1
18186.609,0.382,0.315,0.868,1.5,-1.13,1.07,3,1
18186.625,0.378,0.322,0.867,2.35,-1.74,0.49,3,1
18186.64,0.374,0.328,0.86,2.96,-2.44,-0.09,3,1
18186.64,0.372,0.332,0.859,2.08,-2.87,-0.7,3,1
18186.656,0.371,0.334,0.861,1.59,-3.05,-0.98,3,1
18186.671,0.373,0.341,0.856,2.32,-3.05,-0.73,3,1
18186.671,0.374,0.344,0.854,1.86,-3.3,-0.95,3,1
18186.687,0.375,0.342,0.853,0.82,-3.36,-1.01,3,1
18186.703,0.38,0.341,0.853,1.34,-2.84,-0.34,3,1
18186.703,0.382,0.341,0.849,3.08,-2.29,0.34,3,1
18186.718,0.388,0.349,0.845,3.91,-1.92,0.7,3,1
18186.718,0.39,0.35,0.841,3.63,-1.59,0.31,3,1
18186.734,0.389,0.35,0.841,2.56,-1.25,-0.31,3,1
18186.75,0.389,0.35,0.846,1.16,-1.16,-0.89,3,1
18186.765,0.391,0.353,0.842,0.18,-0.82,-1.16,3,1
18186.765,0.395,0.346,0.836,0.4,-0.4,-1.22,3,1
18186.781,0.393,0.349,0.837,0.27,0.34,-1.31,3,1
18186.781,0.397,0.354,0.849,0.09,1.53,-0.61,3,1
18186.796,0.401,0.351,0.857,1.28,2.17,0.58,3,1
18186.812,0.401,0.349,0.852,1.5,0.24,1.31,3,1
18186.812,0.408,0.349,0.846,1.04,-0.18,1.53,3,1
18186.828,0.414,0.344,0.847,2.62,0.49,2.14,3,1
18186.843,0.423,0.332,0.849,5.19,1.46,2.04,3,1
18186.843,0.421,0.32,0.852,8.55,2.75,1.46,3,1
18186.859,0.427,0.311,0.857,12.33,4.03,0.82,3,1
18186.859,0.425,0.305,0.85,16.21,5.16,-1.04,3,1
18186.875,0.413,0.307,0.846,19.41,6.2,-3.45,3,1
18186.89,0.405,0.322,0.845,21.42,6.65,-5.71,3,1
18186.906,0.393,0.349,0.839,22.31,6.62,-7.26,3,1
18186.906,0.374,0.378,0.832,22.28,7.08,-7.51,3,1
18186.921,0.365,0.405,0.832,20.54,7.14,-5.95,3,1
18186.921,0.356,0.418,0.829,17.46,6.07,-3.78,3,1
18186.937,0.346,0.428,0.837,13.09,5.4,-1.8,3,1
18186.953,0.344,0.414,0.85,9.92,4.64,1.07,3,1
18186.953,0.352,0.391,0.848,8.48,3.85,2.44,3,1
18186.968,0.351,0.381,0.852,7.51,3.39,2.47,3,1
18186.968,0.352,0.377,0.851,6.59,2.69,2.11,3,1
18186.984,0.35,0.372,0.847,5.52,2.32,0.98,3,1
18187.0,0.354,0.382,0.844,4.39,1.74,0.34,3,1
18187.0,0.352,0.394,0.84,3.6,2.17,0.43,3,1
18187.015,0.352,0.389,0.838,2.59,2.17,1.1,3,1
18187.031,0.378,0.393,0.833,2.04,1.16,1.8,3,1
18187.046,0.383,0.393,0.827,0.95,1.34,1.53,3,1
18187.046,0.379,0.383,0.832,-0.73,0.43,0.46,3,1
18187.062,0.379,0.382,0.83,-2.35,-1.43,-0.24,3,1
18187.062,0.386,0.379,0.841,-3.51,-2.01,-0.12,3,1
18187.078,0.392,0.368,0.844,-3.81,-2.14,-0.95,3,1
18187.093,0.386,0.351,0.839,-3.05,-1.65,-2.69,3,1
18187.093,0.386,0.346,0.841,-1.59,-0.7,-3.78,3,1
18187.109,0.387,0.343,0.844,0.46,0.49,-5.74,3,1
18187.109,0.379,0.356,0.836,2.44,2.72,-8.18,3,1
18187.125,0.363,0.374,0.838,3.36,4.73,-9.67,3,1
18187.14,0.353,0.381,0.834,3.17,4.88,-10.19,3,1
18187.14,0.351,0.397,0.837,1.89,5.01,-9.58,3,1
18187.156,0.344,0.408,0.838,-0.49,4.3,-8.97,3,1
18187.171,0.343,0.417,0.838,-3.6,3.08,-7.81,3,1
18187.187,0.343,0.411,0.84,-6.38,1.65,-6.41,3,1
18187.187,0.353,0.403,0.836,-8.94,0.37,-5.55,3,1
18187.187,0.357,0.394,0.833,-11.14,-0.34,-5.19,3,1
18187.203,0.361,0.386,0.842,-12.6,-0.37,-4.64,3,1
18187.218,0.375,0.385,0.843,-13.15,-0.09,-4.15,3,1
18187.234,0.377,0.371,0.841,-13.06,0.52,-5.25,3,1
18187.234,0.371,0.356,0.849,-12.33,1.74,-6.2,3,1
18187.25,0.375,0.352,0.852,-10.25,3.14,-6.56,3,1
18187.25,0.37,0.343,0.852,-7.69,4.55,-7.39,3,1
18187.265,0.359,0.34,0.858,-5.4,5.8,-8.09,3,1
18187.281,0.351,0.35,0.87,-3.27,6.23,-7.78,3,1
18187.281,0.344,0.36,0.882,-1.53,6.01,-7.29,3,1
18187.296,0.333,0.373,0.883,-0.03,5.1,-6.1,3,1
18187.312,0.34,0.377,0.875,1.65,4.18,-4.43,3,1
18187.312,0.339,0.378,0.867,2.78,3.6,-3.57,3,1
18187.328,0.341,0.38,0.859,2.93,2.9,-3.17,3,1
18187.328,0.348,0.38,0.846,1.62,1.74,-3.75,3,1
18187.343,0.353,0.384,0.831,-0.7,1.16,-4.67,3,1
18187.359,0.357,0.39,0.823,-2.75,1.25,-5.49,3,1
18187.359,0.35,0.396,0.827,-5.01,2.35,-6.01,3,1
18187.375,0.341,0.396,0.84,-6.87,3.72,-5.4,3,1
18187.39,0.331,0.391,0.852,-7.84,4.82,-3.72,3,1
18187.39,0.327,0.372,0.866,-7.23,5.1,-1.8,3,1
18187.406,0.329,0.372,0.881,-5.55,5.19,0.31,3,1
18187.421,0.328,0.365,0.887,-3.54,4.97,1.89,3,1
18187.421,0.331,0.346,0.882,-1.95,4.09,2.59,3,1
18187.437,0.337,0.336,0.871,-0.85,2.29,1.68,3,1
18187.453,0.342,0.338,0.869,-0.24,0.76,-0.21,3,1
18187.453,0.346,0.349,0.87,0.18,0.09,-2.11,3,1
18187.468,0.346,0.364,0.867,1.34,0.21,-3.33,3,1
18187.484,0.342,0.371,0.858,2.53,0.27,-3.72,3,1
18187.484,0.337,0.369,0.855,3.48,0.37,-3.45,3,1
18187.5,0.333,0.376,0.865,3.85,0.61,-2.81,3,1
18187.5,0.335,0.384,0.867,3.63,0.64,-1.86,3,1
18187.515,0.329,0.379,0.861,2.9,0.31,-1.31,3,1
18187.531,0.329,0.372,0.861,2.38,-0.85,-0.95,3,1
18187.546,0.328,0.377,0.86,1.83,-1.92,-0.82,3,1
18187.546,0.331,0.386,0.861,0.43,-2.38,-0.73,3,1
18187.562,0.333,0.393,0.859,-1.16,-2.78,-0.85,3,1
18187.562,0.331,0.397,0.855,-2.87,-3.63,-1.01,3,1
18187.578,0.335,0.408,0.863,-4.76,-4.73,-1.07,3,1
18187.578,0.324,0.412,0.889,-6.35,-6.26,-1.25,3,1
18187.593,0.323,0.409,0.931,-7.78,-10.83,-1.07,3,1
18187.609,0.319,0.399,0.95,-9.09,-17.88,-1.16,3,1
18187.609,0.312,0.379,0.934,-10.74,-25.85,-1.13,3,1
18187.625,0.327,0.339,0.912,-11.44,-33.85,-1.31,3,1
18187.64,0.333,0.346,0.921,-13.67,-40.07,-2.72,3,1
18187.64,0.311,0.327,0.913,-19.56,-47.52,-5.86,3,1
18187.656,0.336,0.337,0.901,-29.85,-57.71,-11.23,3,1
18187.671,0.353,0.37,0.883,-40.8,-65.77,-16.51,3,1
18187.671,0.344,0.38,0.856,-51.33,-71.26,-20.97,3,1
18187.687,0.362,0.381,0.842,-58.96,-73.79,-21.55,3,1
18187.703,0.365,0.375,0.843,-60.3,-72.24,-19.26,3,1
18187.703,0.408,0.34,0.78,-55.73,-67.11,-14.28,3,1
18187.718,0.448,0.315,0.72,-46.39,-54.29,-9.0,3,1
18187.718,0.45,0.291,0.722,-30.52,-37.2,-2.66,3,1
18187.734,0.467,0.284,0.737,-11.66,-22.58,5.01,3,1
18187.75,0.482,0.3,0.747,2.96,-9.46,11.14,3,1
18187.75,0.459,0.317,0.778,10.83,2.04,14.92,3,1
18187.765,0.418,0.331,0.826,14.25,7.9,18.89,3,1
18187.781,0.354,0.371,0.883,14.34,7.11,25.09,3,1
18187.796,0.342,0.404,0.944,9.0,-16.42,43.28,3,1
18187.796,0.391,0.423,0.957,8.67,-22.37,51.82,3,1
18187.812,0.46,0.385,0.88,15.14,-17.46,57.92,3,1
18187.812,0.483,0.289,0.776,30.18,-5.83,59.91,3,1
18187.828,0.56,0.116,0.624,43.52,11.84,54.45,3,1
18187.843,0.568,0.125,0.584,48.46,35.0,45.41,3,1
18187.843,0.568,0.144,0.583,46.27,57.86,34.06,3,1
18187.859,0.546,0.223,0.643,41.54,77.67,22.06,3,1
18187.859,0.518,0.321,0.707,38.67,93.97,15.29,3,1
18187.875,0.525,0.376,0.765,36.5,105.66,11.81,3,1
18187.906,0.485,0.382,0.795,34.73,111.97,5.62,3,1
18187.906,0.428,0.394,0.833,28.75,111.0,-0.7,3,1
18187.906,0.386,0.403,0.866,18.77,103.89,-5.71,3,1
18187.921,0.322,0.424,0.938,5.25,94.21,-9.25,3,1
18187.921,0.037,0.468,1.312,-9.37,71.99,-8.12,3,1
18187.937,0.112,0.398,1.432,-8.64,18.52,4.18,3,1
18187.953,0.298,0.382,1.001,-8.42,-20.57,5.71,3,1
18187.953,0.235,0.306,0.832,-9.8,-17.79,3.81,3,1
18187.968,0.226,0.294,0.837,-0.34,-9.03,12.42,3,1
18187.968,0.256,0.361,0.767,6.93,-5.28,20.6,3,1
18187.984,0.294,0.424,0.789,-3.17,-1.95,25.27,3,1
18188.0,0.3,0.444,0.894,-17.24,-0.52,28.72,3,1
18188.0,0.312,0.424,0.939,-23.35,-3.05,33.72,3,1
18188.015,0.321,0.364,0.913,-22.13,-6.5,39.31,3,1
18188.031,0.356,0.293,0.884,-17.73,-7.02,44.04,3,1
18188.031,0.396,0.235,0.879,-11.47,-3.23,44.98,3,1
18188.046,0.393,0.206,0.865,-4.03,1.37,41.9,3,1
18188.062,0.408,0.184,0.875,4.15,5.8,38.24,3,1
18188.062,0.408,0.19,0.893,12.33,9.92,32.75,3,1
18188.078,0.398,0.215,0.903,17.91,11.44,27.01,3,1
18188.093,0.401,0.239,0.9,20.26,10.59,22.0,3,1
18188.093,0.397,0.261,0.885,22.31,9.89,18.13,3,1
18188.109,0.4,0.292,0.876,24.87,9.74,15.9,3,1
18188.125,0.395,0.308,0.873,26.58,10.04,14.5,3,1
18188.125,0.387,0.309,0.869,26.8,9.83,12.79,3,1
18188.14,0.379,0.304,0.859,25.91,8.64,10.13,3,1
18188.14,0.376,0.308,0.858,23.65,7.63,7.05,3,1
18188.156,0.37,0.309,0.862,20.36,6.68,3.63,3,1
18188.171,0.346,0.325,0.869,16.91,5.37,0.15,3,1
18188.171,0.343,0.345,0.892,14.92,4.03,-0.61,3,1
18188.187,0.348,0.335,0.887,15.5,2.59,-1.04,3,1
18188.203,0.338,0.338,0.871,15.99,1.4,-2.2,3,1
18188.203,0.344,0.357,0.871,15.23,1.5,-1.5,3,1
18188.218,0.349,0.345,0.871,15.29,1.46,-1.13,3,1
18188.234,0.352,0.344,0.854,14.56,-0.49,-2.47,3,1
18188.234,0.358,0.373,0.838,11.29,-2.56,-4.27,3,1
18188.25,0.359,0.395,0.826,6.5,-4.0,-5.68,3,1
18188.25,0.357,0.412,0.816,1.1,-4.76,-5.77,3,1
18188.265,0.35,0.424,0.813,-4.7,-4.82,-4.46,3,1
18188.281,0.359,0.428,0.831,-10.96,-4.15,-1.62,3,1
18188.296,0.362,0.406,0.845,-15.41,-4.33,0.37,3,1
18188.296,0.362,0.367,0.83,-19.5,-5.55,0.46,3,1
18188.312,0.366,0.338,0.826,-24.11,-5.19,-0.46,3,1
18188.312,0.374,0.298,0.843,-27.71,-3.42,-2.23,3,1
18188.328,0.377,0.245,0.891,-28.26,-1.04,-5.07,3,1
18188.343,0.37,0.224,0.933,-23.19,0.27,-8.06,3,1
18188.343,0.359,0.206,0.927,-16.02,0.73,-11.26,3,1
18188.359,0.354,0.195,0.911,-8.73,1.98,-14.71,3,1
18188.359,0.343,0.225,0.901,0.43,4.64,-17.37,3,1
18188.375,0.325,0.29,0.898,9.86,7.32,-18.01,3,1
18188.39,0.341,0.33,0.886,16.05,9.28,-16.45,3,1
18188.406,0.365,0.345,0.882,18.07,9.49,-16.45,3,1
18188.406,0.358,0.365,0.887,17.18,7.81,-18.83,3,1
18188.421,0.317,0.364,0.903,14.59,4.3,-19.53,3,1
18188.421,0.305,0.394,0.884,12.63,0.7,-14.89,3,1
18188.437,0.324,0.392,0.864,11.47,-0.85,-9.58,3,1
18188.453,0.319,0.376,0.845,10.71,-0.79,-6.2,3,1
18188.453,0.342,0.384,0.837,8.55,-0.06,-3.02,3,1
18188.468,0.347,0.363,0.847,5.25,1.16,-3.94,3,1
18188.468,0.336,0.343,0.852,1.92,2.11,-5.71,3,1
18188.484,0.334,0.341,0.857,-0.82,1.83,-6.84,3,1
18188.5,0.341,0.34,0.86,-2.29,1.34,-7.87,3,1
18188.5,0.337,0.345,0.861,-2.59,1.25,-9.19,3,1
18188.515,0.34,0.351,0.874,-2.9,0.21,-10.28,3,1
18188.531,0.337,0.359,0.871,-3.02,-1.22,-11.32,3,1
18188.531,0.332,0.377,0.871,-3.11,-1.62,-11.05,3,1
18188.546,0.339,0.387,0.878,-2.38,-2.04,-9.31,3,1
18188.562,0.345,0.37,0.881,-1.25,-2.11,-8.15,3,1
18188.562,0.343,0.345,0.883,-1.37,-1.95,-8.64,3,1
18188.578,0.346,0.326,0.893,-1.62,-2.11,-9.89,3,1
18188.593,0.351,0.309,0.915,0.64,-1.95,-11.35,3,1
18188.593,0.334,0.301,0.919,5.31,-2.9,-13.4,3,1
18188.609,0.33,0.334,0.88,7.32,-5.13,-14.04,3,1
18188.609,0.363,0.385,0.863,5.31,-5.55,-13.03,3,1
18188.625,0.362,0.401,0.845,3.23,-5.71,-14.19,3,1
18188.64,0.322,0.407,0.865,-0.61,-5.34,-13.95,3,1
18188.656,0.305,0.373,0.867,-1.74,-6.59,-10.32,3,1
18188.656,0.312,0.352,0.851,-1.86,-5.4,-7.26,3,1
18188.671,0.271,0.316,0.875,0.76,-0.95,-5.83,3,1
18188.671,0.255,0.291,0.898,8.06,3.11,-2.35,3,1
18188.687,0.249,0.294,0.893,18.31,7.78,1.53,3,1
18188.703,0.246,0.338,0.895,29.76,12.02,5.16,3,1
18188.703,0.252,0.436,0.913,35.77,12.88,8.85,3,1
18188.718,0.27,0.488,0.897,36.74,9.34,12.82,3,1
18188.734,0.276,0.475,0.872,33.51,3.57,16.75,3,1
18188.734,0.327,0.454,0.837,26.43,-3.11,18.52,3,1
18188.75,0.305,0.447,0.868,18.04,-9.06,17.0,3,1
18188.765,0.283,0.424,0.919,12.02,-17.79,17.82,3,1
18188.765,0.268,0.414,0.953,-3.85,-46.24,16.88,3,1
18188.781,0.289,0.339,0.951,-13.18,-59.42,10.83,3,1
18188.781,0.329,0.306,0.937,-8.55,-63.84,10.74,3,1
18188.796,0.399,0.319,0.915,-1.53,-65.28,6.13,3,1
18188.812,0.44,0.31,0.819,1.86,-63.72,0.24,3,1
18188.812,0.46,0.318,0.772,4.97,-58.84,-5.77,3,1
18188.828,0.454,0.344,0.73,7.75,-51.52,-11.87,3,1
18188.843,0.443,0.371,0.719,7.48,-44.89,-16.21,3,1
18188.843,0.438,0.417,0.739,2.11,-40.86,-19.44,3,1
18188.859,0.422,0.456,0.778,-7.97,-40.93,-22.1,3,1
18188.859,0.424,0.458,0.829,-21.76,-45.59,-23.68,3,1
18188.875,0.422,0.443,0.849,-34.82,-53.53,-25.82,3,1
18188.89,0.406,0.412,0.822,-45.14,-62.47,-28.53,3,1
18188.906,0.433,0.39,0.805,-51.48,-67.57,-28.93,3,1
18188.906,0.461,0.381,0.812,-49.29,-64.97,-26.4,3,1
18188.921,0.454,0.366,0.809,-33.14,-54.45,-19.35,3,1
18188.921,0.465,0.344,0.789,-8.97,-41.87,-9.98,3,1
18188.937,0.478,0.35,0.785,9.77,-31.01,-3.6,3,1
18188.937,0.48,0.357,0.758,16.48,-23.22,-3.17,3,1
18188.953,0.457,0.37,0.736,12.33,-18.37,-6.01,3,1
18188.968,0.453,0.385,0.747,4.76,-14.71,-6.93,3,1
18188.968,0.469,0.393,0.761,-0.27,-11.47,-6.01,3,1
18188.984,0.476,0.391,0.741,-1.53,-7.48,-5.65,3,1
18189.0,0.473,0.405,0.725,-2.62,-3.02,-5.25,3,1
18189.0,0.48,0.414,0.737,-6.04,-0.37,-5.77,3,1
18189.015,0.48,0.396,0.754,-10.8,1.59,-6.1,3,1
18189.031,0.481,0.382,0.739,-13.31,4.12,-4.55,3,1
18189.031,0.492,0.386,0.727,-12.7,8.33,-1.65,3,1
18189.046,0.504,0.375,0.716,-13.18,12.39,0.12,3,1
18189.062,0.503,0.366,0.688,-16.72,16.36,-0.09,3,1
18189.062,0.512,0.352,0.679,-21.85,21.79,-0.46,3,1
18189.078,0.518,0.332,0.685,-26.52,28.41,-2.04,3,1
18189.078,0.514,0.316,0.697,-28.84,35.74,-4.09,3,1
18189.093,0.511,0.308,0.69,-28.2,43.73,-5.58,3,1
18189.109,0.517,0.292,0.653,-27.77,53.07,-8.21,3,1
18189.109,0.538,0.242,0.628,-29.15,66.07,-13.49,3,1
18189.125,0.542,0.189,0.606,-29.69,81.45,-23.16,3,1
18189.14,0.437,0.209,0.908,-30.15,95.58,-35.46,3,1
18189.156,0.193,0.225,1.07,-19.41,92.96,-41.11,3,1
18189.156,0.347,0.322,1.066,-2.2,82.98,-30.09,3,1
18189.171,0.335,0.36,0.933,11.81,82.4,-25.48,3,1
18189.171,0.245,0.318,0.933,24.54,87.47,-22.49,3,1
18189.187,0.224,0.338,0.976,43.52,91.49,-8.61,3,1
18189.187,0.203,0.4,0.964,58.44,90.43,2.08,3,1
18189.203,0.189,0.414,0.955,57.28,85.15,6.1,3,1
18189.218,0.19,0.424,0.945,47.73,77.43,6.44,3,1
18189.234,0.181,0.401,0.873,38.88,70.96,5.16,3,1
18189.234,0.213,0.389,0.854,30.92,68.61,5.4,3,1
18189.25,0.212,0.408,0.868,27.8,69.8,6.01,3,1
18189.25,0.191,0.433,0.905,25.39,69.12,5.98,3,1
18189.265,0.174,0.483,0.963,21.27,63.75,7.02,3,1
18189.281,0.158,0.513,0.992,17.94,54.45,9.58,3,1
18189.296,0.156,0.499,0.992,15.35,41.81,11.69,3,1
18189.296,0.181,0.516,0.986,12.36,27.83,12.18,3,1
18189.312,0.157,0.525,1.001,8.73,12.97,11.54,3,1
18189.312,0.122,0.506,0.999,2.72,-6.26,10.41,3,1
18189.328,0.084,0.488,1.055,-6.53,-29.02,9.28,3,1
18189.343,0.049,0.487,1.124,-11.51,-53.93,12.21,3,1
18189.343,0.106,0.479,1.079,-9.98,-75.75,22.0,3,1
18189.359,0.158,0.413,1.003,-7.81,-89.54,28.41,3,1
18189.359,0.183,0.353,0.966,-4.49,-97.87,29.45,3,1
18189.375,0.216,0.335,0.926,-0.92,-103.61,30.49,3,1
18189.39,0.272,0.334,0.866,-0.79,-107.0,29.42,3,1
18189.39,0.313,0.339,0.848,-5.01,-107.82,25.88,3,1
18189.406,0.339,0.363,0.83,-11.26,-109.04,21.06,3,1
18189.421,0.374,0.388,0.772,-16.91,-107.0,17.55,3,1
18189.421,0.416,0.376,0.754,-17.64,-96.62,18.71,3,1
18189.437,0.449,0.36,0.733,-9.19,-82.92,21.49,3,1
18189.453,0.483,0.358,0.689,0.89,-69.58,22.0,3,1
18189.453,0.514,0.354,0.618,5.31,-55.3,20.05,3,1
18189.468,0.509,0.327,0.562,7.93,-35.55,17.64,3,1
18189.468,0.483,0.359,0.607,6.07,-17.73,14.95,3,1
18189.484,0.484,0.42,0.681,-2.01,-8.12,12.7,3,1
18189.5,0.468,0.428,0.684,-16.75,-4.03,10.1,3,1
18189.515,0.471,0.426,0.715,-33.75,-2.17,8.0,3,1
18189.515,0.468,0.404,0.723,-41.02,1.8,9.52,3,1
18189.531,0.489,0.375,0.716,-43.64,7.66,11.81,3,1
18189.531,0.49,0.341,0.718,-43.37,15.99,11.54,3,1
18189.546,0.46,0.315,0.738,-40.07,26.0,10.83,3,1
18189.562,0.439,0.324,0.773,-38.36,33.45,11.14,3,1
18189.562,0.37,0.335,0.978,-40.19,34.36,11.38,3,1
18189.578,0.313,0.314,1.08,-37.81,20.75,11.11,3,1
18189.593,0.377,0.285,0.997,-31.04,7.45,14.5,3,1
18189.593,0.405,0.204,0.852,-23.44,3.78,13.18,3,1
18189.609,0.431,0.161,0.73,-17.64,9.28,8.55,3,1
18189.609,0.451,0.172,0.675,-17.03,20.87,3.66,3,1
18189.625,0.464,0.181,0.655,-18.65,35.58,-1.31,3,1
18189.64,0.478,0.176,0.671,-20.39,53.19,-6.38,3,1
18189.656,0.474,0.214,0.731,-18.65,70.53,-13.52,3,1
18189.656,0.463,0.244,0.788,-8.94,86.73,-16.48,3,1
18189.671,0.365,0.27,0.886,4.36,99.31,-17.46,3,1
18189.671,0.316,0.36,1.036,6.26,97.72,-18.92,3,1
18189.687,0.262,0.352,1.119,10.71,87.13,-17.79,3,1
18189.687,0.228,0.298,1.065,20.72,73.98,-14.37,3,1
18189.703,0.258,0.269,0.992,29.94,65.43,-10.41,3,1
18189.718,0.263,0.245,0.99,39.98,63.33,-9.37,3,1
18189.734,0.22,0.242,1.007,49.32,60.76,-11.29,3,1
18189.734,0.199,0.259,1.026,53.93,53.71,-13.4,3,1
18189.75,0.2,0.292,1.056,55.85,44.13,-14.95,3,1
18189.75,0.184,0.343,1.083,62.99,15.41,-16.33,3,1
18189.765,0.163,0.391,1.065,62.41,-1.83,-17.4,3,1
18189.781,0.158,0.445,0.992,52.0,-16.85,-18.77,3,1
18189.781,0.144,0.484,0.9,32.26,-29.51,-19.41,3,1
18189.796,0.085,0.516,0.954,13.82,-41.9,-16.94,3,1
18189.812,0.132,0.527,0.972,11.72,-50.45,-4.76,3,1
18189.812,0.19,0.496,0.932,17.94,-55.45,6.71,3,1
18189.828,0.195,0.45,0.926,19.41,-60.4,10.68,3,1
18189.828,0.226,0.414,0.927,16.6,-68.09,12.91,3,1
18189.843,0.274,0.388,0.885,12.24,-76.39,11.9,3,1
18189.859,0.309,0.375,0.834,3.48,-82.98,6.41,3,1
18189.859,0.357,0.366,0.811,-10.74,-88.32,-2.01,3,1
18189.875,0.408,0.354,0.765,-26.28,-91.37,-13.76,3,1
18189.89,0.445,0.346,0.722,-38.39,-88.35,-24.72,3,1
18189.906,0.483,0.342,0.682,-42.76,-76.78,-30.55,3,1
18189.906,0.49,0.338,0.574,-38.61,-55.24,-31.43,3,1
18189.921,0.508,0.346,0.547,-22.06,-22.92,-24.78,3,1
18189.921,0.505,0.403,0.605,5.28,10.01,-13.46,3,1
18189.937,0.428,0.494,0.711,21.85,32.87,-4.24,3,1
18189.953,0.283,0.543,0.972,20.2,37.57,2.72,3,1
18189.953,0.26,0.475,1.062,10.65,19.14,7.84,3,1
18189.968,0.304,0.423,0.96,0.4,0.7,9.8,3,1
18189.968,0.313,0.364,0.842,-0.03,-5.04,11.08,3,1
18189.984,0.318,0.316,0.807,6.84,-1.25,15.02,3,1
18190.0,0.327,0.305,0.803,17.18,6.59,18.16,3,1
18190.0,0.329,0.333,0.817,27.04,15.93,21.52,3,1
18190.015,0.332,0.379,0.86,34.24,22.95,24.14,3,1
18190.031,0.327,0.386,0.881,38.61,23.74,23.77,3,1
18190.046,0.318,0.414,0.864,37.75,19.59,21.24,3,1
18190.046,0.339,0.439,0.847,33.85,15.56,20.81,3,1
18190.062,0.34,0.448,0.843,31.56,14.98,20.57,3,1
18190.062,0.336,0.44,0.842,31.13,14.8,21.61,3,1
18190.078,0.347,0.439,0.835,31.34,13.64,22.83,3,1
18190.078,0.35,0.427,0.82,31.92,12.73,22.1,3,1
18190.093,0.351,0.415,0.823,31.37,13.43,21.73,3,1
18190.109,0.36,0.41,0.829,31.46,13.79,20.36,3,1
18190.125,0.37,0.391,0.817,31.16,12.63,16.45,3,1
18190.125,0.366,0.396,0.815,27.38,11.44,11.57,3,1
18190.14,0.362,0.414,0.816,20.45,8.76,6.41,3,1
18190.14,0.364,0.436,0.809,11.78,5.01,1.43,3,1
18190.156,0.365,0.466,0.798,4.27,0.85,-3.57,3,1
18190.171,0.354,0.491,0.784,-0.85,-1.04,-6.04,3,1
18190.187,0.348,0.492,0.793,-1.8,0.7,-3.63,3,1
18190.187,0.349,0.478,0.812,0.06,3.48,0.03,3,1
18190.203,0.33,0.453,0.827,-0.61,3.23,-0.46,3,1
18190.203,0.322,0.435,0.836,-3.97,0.82,-2.08,3,1
18190.218,0.332,0.429,0.834,-5.25,-1.25,-3.14,3,1
18190.218,0.322,0.427,0.839,-6.04,-3.57,-5.92,3,1
18190.234,0.332,0.447,0.831,-7.39,-6.41,-8.24,3,1
18190.25,0.323,0.472,0.792,-10.53,-8.39,-10.19,3,1
18190.25,0.317,0.48,0.777,-14.01,-6.53,-8.09,3,1
18190.265,0.343,0.492,0.784,-13.15,-1.16,-0.98,3,1
18190.281,0.343,0.48,0.808,-10.86,2.96,2.84,3,1
18190.281,0.319,0.461,0.831,-12.67,3.11,3.63,3,1
18190.296,0.323,0.435,0.848,-15.81,1.25,4.61,3,1
18190.312,0.326,0.419,0.865,-17.82,-1.4,4.3,3,1
18190.312,0.328,0.416,0.877,-17.98,-4.49,3.45,3,1
18190.328,0.328,0.421,0.869,-16.42,-7.05,3.91,3,1
18190.343,0.338,0.432,0.862,-15.93,-9.13,4.94,3,1
18190.343,0.342,0.447,0.807,-18.83,-11.2,5.25,3,1
18190.359,0.37,0.446,0.799,-25.85,-11.99,5.22,3,1
18190.359,0.379,0.431,0.805,-30.21,-11.32,4.7,3,1
18190.375,0.377,0.406,0.803,-33.08,-8.82,4.49,3,1
18190.39,0.378,0.374,0.798,-34.61,-6.47,4.15,3,1
18190.39,0.388,0.338,0.828,-34.03,-3.08,3.11,3,1
18190.406,0.339,0.318,0.892,-27.92,-0.64,0.55,3,1
18190.421,0.336,0.327,0.887,-20.45,-1.16,-0.34,3,1
18190.421,0.326,0.328,0.881,-14.68,-0.4,-1.28,3,1
18190.437,0.325,0.309,0.891,-6.78,1.43,-0.85,3,1
18190.453,0.33,0.323,0.907,3.6,3.36,-0.58,3,1
18190.453,0.332,0.348,0.911,14.56,4.55,-0.58,3,1
18190.468,0.341,0.352,0.897,22.34,3.85,-1.22,3,1
18190.484,0.343,0.352,0.871,27.65,2.04,-3.48,3,1
18190.484,0.317,0.373,0.868,31.56,-0.82,-5.16,3,1
18190.5,0.362,0.395,0.79,31.37,-3.11,-5.07,3,1
18190.5,0.348,0.433,0.789,25.67,-1.56,-6.96,3,1
18190.515,0.329,0.465,0.805,20.6,-1.1,-6.16,3,1
18190.531,0.337,0.504,0.793,13.21,-3.33,-3.97,3,1
18190.546,0.345,0.51,0.792,3.91,-4.76,-2.14,3,1
18190.546,0.341,0.491,0.797,-4.97,-5.1,0.15,3,1
18190.562,0.34,0.46,0.794,-12.05,-5.55,1.92,3,1
18190.562,0.355,0.428,0.794,-16.6,-4.85,3.75,3,1
18190.578,0.359,0.402,0.817,-19.14,-2.84,4.97,3,1
18190.593,0.36,0.377,0.855,-18.52,-1.07,5.19,3,1
18190.593,0.368,0.348,0.874,-14.31,-0.55,4.33,3,1
18190.609,0.37,0.336,0.874,-9.83,-0.67,3.33,3,1
18190.609,0.373,0.327,0.861,-5.46,-0.76,1.04,3,1
18190.625,0.366,0.334,0.85,-0.76,0.64,-0.49,3,1
18190.64,0.368,0.359,0.844,3.48,2.04,-0.89,3,1
18190.64,0.373,0.373,0.851,6.74,2.9,-2.04,3,1
18190.656,0.358,0.385,0.854,8.15,3.08,-4.3,3,1
18190.671,0.349,0.402,0.852,8.3,2.81,-5.43,3,1
18190.671,0.347,0.405,0.864,8.03,1.89,-6.26,3,1
18190.687,0.333,0.423,0.861,8.33,0.82,-6.53,3,1
18190.687,0.335,0.43,0.84,8.55,-0.21,-5.62,3,1
18190.703,0.339,0.424,0.828,7.75,-0.92,-5.8,3,1
18190.718,0.331,0.426,0.826,6.2,-1.01,-5.92,3,1
18190.734,0.33,0.423,0.833,4.82,-1.13,-5.43,3,1
18190.734,0.332,0.432,0.834,1.25,-1.98,-4.73,3,1
18190.75,0.335,0.43,0.832,-1.19,-2.66,-5.16,3,1
18190.75,0.335,0.415,0.827,-4.82,-4.12,-6.68,3,1
18190.765,0.347,0.403,0.832,-9.25,-6.44,-9.8,3,1
18190.781,0.345,0.405,0.844,-13.12,-8.06,-12.33,3,1
18190.781,0.343,0.389,0.848,-15.63,-9.77,-14.28,3,1
18190.796,0.335,0.388,0.837,-17.49,-11.44,-15.84,3,1
18190.812,0.333,0.382,0.826,-20.17,-11.05,-15.11,3,1
18190.812,0.349,0.376,0.851,-20.81,-8.27,-12.94,3,1
18190.828,0.362,0.383,0.862,-11.81,-4.03,-9.34,3,1
18190.828,0.356,0.395,0.858,-2.5,-1.4,-7.63,3,1
18190.843,0.348,0.407,0.86,0.15,-0.7,-6.87,3,1
18190.859,0.347,0.388,0.852,-0.12,-1.56,-7.02,3,1
18190.859,0.346,0.381,0.835,-1.34,-2.99,-8.27,3,1
18190.875,0.346,0.385,0.828,-2.78,-4.12,-10.13,3,1
18190.89,0.343,0.403,0.834,-4.15,-3.72,-11.08,3,1
18190.89,0.34,0.414,0.847,-3.42,-2.14,-9.61,3,1
18190.906,0.348,0.424,0.857,0.43,-0.37,-6.56,3,1
18190.921,0.351,0.419,0.841,5.31,0.55,-4.79,3,1
18190.937,0.349,0.406,0.825,6.68,0.79,-5.16,3,1
18190.937,0.347,0.398,0.821,5.22,1.34,-6.44,3,1
18190.953,0.335,0.404,0.822,3.51,1.8,-7.84,3,1
18190.953,0.324,0.426,0.835,2.59,1.98,-7.87,3,1
18190.968,0.322,0.44,0.85,1.77,2.08,-6.56,3,1
18190.968,0.32,0.441,0.857,0.85,1.68,-5.31,3,1
18190.984,0.31,0.437,0.861,-0.27,0.61,-3.94,3,1
18191.0,0.306,0.418,0.865,-1.04,-1.19,-2.01,3,1
18191.015,0.318,0.402,0.863,-0.73,-2.5,-0.21,3,1
18191.015,0.328,0.391,0.858,-0.27,-3.39,0.12,3,1
18191.031,0.331,0.385,0.857,0.03,-3.81,-0.64,3,1
18191.031,0.334,0.382,0.85,1.74,-3.69,-1.1,3,1
18191.046,0.341,0.385,0.835,3.36,-3.36,-1.1,3,1
18191.062,0.347,0.396,0.833,3.42,-2.59,-1.83,3,1
18191.062,0.343,0.405,0.826,2.53,-1.95,-2.87,3,1
18191.078,0.342,0.415,0.825,1.16,-1.4,-2.9,3,1
18191.078,0.344,0.425,0.827,0.18,-0.89,-1.71,3,1
18191.093,0.342,0.422,0.825,-0.31,-0.37,-0.76,3,1
18191.109,0.345,0.422,0.839,-0.06,0.55,0.82,3,1
18191.109,0.347,0.416,0.843,1.04,1.5,1.77,3,1
18191.125,0.342,0.399,0.843,1.04,1.56,0.85,3,1
18191.14,0.343,0.385,0.842,0.7,0.95,-0.67,3,1
18191.14,0.348,0.374,0.847,1.16,0.18,-2.78,3,1
18191.156,0.348,0.375,0.847,2.29,-0.18,-5.37,3,1
18191.171,0.352,0.377,0.828,3.3,0.34,-7.57,3,1
18191.171,0.351,0.376,0.837,3.48,1.95,-9.95,3,1
18191.187,0.337,0.388,0.862,6.2,2.81,-11.35,3,1
18191.203,0.336,0.412,0.876,10.9,2.47,-11.69,3,1
18191.203,0.326,0.419,0.876,14.1,1.37,-12.7,3,1
18191.218,0.32,0.415,0.861,15.11,-0.21,-13.76,3,1
18191.218,0.321,0.425,0.85,15.08,-1.77,-14.86,3,1
18191.234,0.309,0.453,0.815,13.28,-3.51,-16.11,3,1
18191.25,0.308,0.475,0.818,7.35,-5.13,-15.93,3,1
18191.25,0.324,0.488,0.85,1.46,-7.6,-15.96,3,1
18191.265,0.336,0.474,0.857,-1.28,-9.13,-16.66,3,1
18191.281,0.341,0.44,0.842,-1.34,-9.03,-16.75,3,1
18191.281,0.345,0.4,0.88,1.8,-8.91,-17.4,3,1
18191.296,0.324,0.387,0.874,8.76,-9.4,-17.88,3,1
18191.312,0.341,0.374,0.817,14.34,-7.66,-16.02,3,1
18191.312,0.329,0.356,0.832,19.78,-4.06,-16.39,3,1
18191.328,0.325,0.337,0.824,26.22,-0.92,-16.42,3,1
18191.328,0.329,0.343,0.834,31.83,2.93,-16.97,3,1
18191.343,0.325,0.339,0.847,39.74,6.38,-18.65,3,1
18191.359,0.317,0.354,0.857,48.49,8.73,-20.6,3,1
18191.375,0.304,0.379,0.854,56.92,10.93,-22.28,3,1
18191.375,0.29,0.41,0.836,64.97,13.0,-21.0,3,1
18191.39,0.296,0.471,0.81,72.63,15.53,-17.4,3,1
18191.39,0.309,0.536,0.798,78.37,18.52,-15.47,3,1
18191.406,0.25,0.574,0.752,79.87,18.62,-14.13,3,1
18191.421,0.299,0.622,0.657,71.41,17.21,-10.13,3,1
18191.421,0.276,0.677,0.632,55.82,19.2,-9.34,3,1
18191.437,0.271,0.689,0.674,41.69,20.66,-5.95,3,1
18191.453,0.274,0.711,0.726,30.03,19.41,-1.65,3,1
18191.453,0.243,0.73,0.751,18.37,13.92,0.0,3,1
18191.468,0.225,0.694,0.745,4.0,5.1,0.64,3,1
18191.468,0.246,0.646,0.747,-9.95,-2.5,1.59,3,1
18191.484,0.245,0.611,0.751,-18.95,-6.53,2.47,3,1
18191.5,0.248,0.584,0.76,-25.48,-9.16,3.97,3,1
18191.515,0.262,0.571,0.778,-30.58,-11.78,4.73,3,1
18191.515,0.274,0.556,0.788,-34.27,-13.79,4.88,3,1
18191.531,0.279,0.539,0.79,-36.62,-15.84,4.46,3,1
18191.531,0.286,0.518,0.779,-38.24,-17.24,3.88,3,1
18191.546,0.297,0.501,0.78,-39.67,-16.57,3.85,3,1
18191.562,0.303,0.49,0.793,-39.8,-15.11,3.54,3,1
18191.562,0.306,0.482,0.811,-39.4,-14.31,3.05,3,1
18191.578,0.304,0.466,0.831,-39.77,-15.23,1.89,3,1
18191.593,0.309,0.441,0.84,-42.73,-18.13,-1.34,3,1
18191.593,0.319,0.429,0.842,-42.36,-20.2,-4.58,3,1
18191.609,0.329,0.437,0.841,-35.65,-18.8,-4.03,3,1
18191.609,0.346,0.443,0.836,-24.96,-15.2,-1.86,3,1
18191.625,0.352,0.433,0.826,-12.27,-10.01,0.4,3,1
18191.64,0.347,0.429,0.817,0.03,-4.61,2.08,3,1
18191.656,0.349,0.437,0.818,9.0,-0.24,3.08,3,1
18191.656,0.333,0.437,0.824,14.92,2.01,1.92,3,1
18191.671,0.32,0.467,0.834,17.24,1.68,-0.12,3,1
18191.671,0.314,0.495,0.819,17.15,-0.73,-2.41,3,1
18191.687,0.313,0.504,0.795,16.48,-2.59,-3.78,3,1
18191.703,0.309,0.511,0.775,14.74,-2.96,-4.61,3,1
18191.703,0.303,0.522,0.777,11.35,-2.78,-5.16,3,1
18191.718,0.294,0.532,0.777,7.84,-2.72,-4.52,3,1
18191.718,0.293,0.528,0.773,0.79,-2.14,-1.8,3,1
18191.734,0.298,0.528,0.789,-1.4,-2.14,-1.04,3,1
18191.75,0.293,0.518,0.799,-3.72,-3.33,-0.98,3,1
18191.75,0.3,0.489,0.79,-6.87,-4.85,-1.65,3,1
18191.765,0.305,0.497,0.79,-9.34,-5.22,-2.17,3,1
18191.781,0.302,0.519,0.794,-10.62,-4.85,-1.19,3,1
18191.796,0.305,0.529,0.79,-11.84,-4.15,1.46,3,1
18191.796,0.306,0.525,0.784,-13.58,-3.39,4.12,3,1
18191.812,0.304,0.52,0.774,-16.57,-2.47,6.32,3,1
18191.812,0.311,0.522,0.779,-21.15,-1.8,8.94,3,1
18191.828,0.319,0.521,0.793,-26.28,-1.8,10.71,3,1
18191.843,0.333,0.505,0.814,-30.76,-3.11,11.05,3,1
18191.843,0.346,0.464,0.823,-33.94,-5.74,8.45,3,1
18191.859,0.344,0.418,0.829,-34.82,-8.03,3.66,3,1
18191.875,0.337,0.387,0.84,-31.86,-8.64,-0.03,3,1
18191.875,0.34,0.369,0.848,-25.82,-8.15,-2.75,3,1
18191.89,0.336,0.366,0.859,-18.37,-7.78,-5.58,3,1
18191.89,0.326,0.37,0.884,-9.95,-7.26,-7.48,3,1
18191.906,0.337,0.377,0.879,-0.85,-6.84,-8.18,3,1
18191.921,0.35,0.382,0.864,5.46,-6.41,-10.74,3,1
18191.921,0.347,0.371,0.843,11.11,-6.44,-15.81,3,1
18191.937,0.336,0.395,0.821,17.12,-5.19,-19.41,3,1
18191.953,0.326,0.45,0.813,21.24,-3.78,-20.66,3,1
18191.953,0.314,0.485,0.807,21.91,-3.45,-21.3,3,1
18191.968,0.297,0.513,0.799,19.93,-4.06,-21.0,3,1
18191.968,0.294,0.534,0.779,15.75,-4.55,-18.77,3,1
18191.984,0.299,0.538,0.762,9.28,-4.18,-16.3,3,1
18192.0,0.294,0.528,0.782,2.9,-2.5,-14.1,3,1
18192.0,0.284,0.52,0.802,2.44,-0.06,-9.58,3,1
18192.015,0.294,0.524,0.812,4.91,2.01,-3.51,3,1
18192.031,0.293,0.505,0.824,4.79,2.84,-0.27,3,1
18192.031,0.287,0.495,0.816,2.99,1.86,1.5,3,1
18192.046,0.3,0.505,0.811,0.67,0.89,3.78,3,1
18192.062,0.293,0.526,0.796,-0.95,0.15,6.2,3,1
18192.062,0.303,0.546,0.777,-5.25,-0.55,9.13,3,1
18192.078,0.315,0.551,0.765,-12.94,-0.67,10.93,3,1
18192.093,0.32,0.519,0.756,-20.26,0.18,12.12,3,1
18192.093,0.348,0.487,0.782,-26.31,1.89,12.27,3,1
18192.109,0.36,0.445,0.824,-28.2,2.59,9.98,3,1
18192.109,0.358,0.387,0.846,-23.13,4.15,8.27,3,1
18192.125,0.359,0.334,0.874,-11.57,7.6,7.57,3,1
18192.14,0.345,0.296,0.887,5.1,11.29,5.07,3,1
18192.14,0.305,0.304,0.908,21.09,13.06,1.46,3,1
18192.156,0.295,0.342,0.894,33.11,12.76,-0.67,3,1
18192.171,0.296,0.382,0.892,41.23,13.58,-1.8,3,1
18192.171,0.275,0.446,0.881,51.24,13.52,-2.5,3,1
18192.187,0.275,0.539,0.87,59.63,9.74,-0.92,3,1
18192.203,0.289,0.622,0.761,60.4,2.84,0.95,3,1
18192.203,0.289,0.704,0.708,46.21,-3.78,1.5,3,1
18192.218,0.248,0.729,0.715,24.75,-11.9,1.19,3,1
18192.234,0.251,0.701,0.683,2.93,-18.89,5.89,3,1
18192.234,0.251,0.669,0.646,-19.32,-20.39,13.52,3,1
18192.25,0.257,0.617,0.621,-37.78,-16.66,21.39,3,1
18192.25,0.28,0.558,0.689,-48.46,-6.84,31.1,3,1
18192.265,0.27,0.501,0.773,-50.84,2.93,39.25,3,1
18192.281,0.254,0.468,0.838,-47.94,8.33,46.63,3,1
18192.296,0.274,0.427,0.899,-40.8,9.61,54.23,3,1
18192.296,0.302,0.4,0.96,-29.45,7.11,57.25,3,1
18192.312,0.321,0.377,0.965,-15.87,1.71,57.53,3,1
18192.312,0.34,0.352,0.945,-9.43,-7.54,52.55,3,1
18192.328,0.361,0.322,0.913,-6.13,-15.5,45.66,3,1
18192.328,0.387,0.294,0.855,-2.14,-20.23,37.87,3,1
18192.343,0.422,0.283,0.806,1.4,-19.68,30.43,3,1
18192.359,0.468,0.286,0.774,7.29,-13.79,22.74,3,1
18192.359,0.485,0.306,0.736,15.87,-4.64,13.76,3,1
18192.375,0.474,0.353,0.696,21.94,5.46,4.64,3,1
18192.39,0.459,0.39,0.702,22.74,16.14,-1.98,3,1
18192.39,0.439,0.437,0.735,21.27,23.96,-6.16,3,1
18192.406,0.408,0.498,0.765,19.17,27.34,-8.36,3,1
18192.421,0.376,0.545,0.792,14.47,26.76,-8.79,3,1
18192.437,0.347,0.56,0.817,6.29,22.0,-9.16,3,1
18192.437,0.331,0.533,0.817,-2.01,15.05,-9.98,3,1
18192.453,0.326,0.493,0.8,-8.64,9.4,-10.62,3,1
18192.453,0.331,0.459,0.785,-13.06,6.78,-11.35,3,1
18192.468,0.336,0.443,0.776,-17.46,6.87,-12.76,3,1
18192.484,0.349,0.437,0.772,-22.4,8.42,-15.02,3,1
18192.484,0.358,0.432,0.771,-26.43,10.8,-17.98,3,1
18192.5,0.358,0.442,0.775,-30.37,13.64,-21.61,3,1
18192.5,0.344,0.464,0.806,-34.58,16.3,-24.38,3,1
18192.515,0.249,0.488,0.891,-36.44,17.21,-24.54,3,1
18192.531,0.183,0.517,1.086,-28.78,10.77,-14.1,3,1
18192.531,0.262,0.448,1.033,-19.14,-5.43,-2.93,3,1
18192.546,0.277,0.374,0.913,-16.51,-13.55,-2.47,3,1
18192.562,0.299,0.308,0.863,-10.83,-13.64,-2.04,3,1
18192.562,0.313,0.294,0.846,-2.29,-11.11,-2.62,3,1
18192.578,0.32,0.34,0.844,5.89,-7.23,-2.84,3,1
18192.578,0.325,0.4,0.855,11.81,-4.46,-1.98,3,1
18192.593,0.331,0.452,0.862,14.4,-3.91,-1.22,3,1
18192.609,0.335,0.471,0.84,15.53,-4.49,-0.24,3,1
18192.609,0.339,0.46,0.815,15.96,-4.82,0.64,3,1
18192.625,0.335,0.444,0.8,15.08,-3.85,1.34,3,1
18192.64,0.334,0.439,0.801,13.49,-2.41,2.08,3,1
18192.64,0.326,0.445,0.809,11.9,-1.31,2.17,3,1
18192.656,0.319,0.456,0.817,9.64,-1.13,2.08,3,1
18192.671,0.323,0.458,0.827,7.9,-1.04,2.5,3,1
18192.671,0.327,0.464,0.834,8.55,-0.82,3.78,3,1
18192.687,0.32,0.464,0.828,10.19,-1.04,3.94,3,1
18192.703,0.314,0.464,0.83,9.28,-2.23,3.23,3,1
18192.703,0.308,0.47,0.82,5.58,-4.15,3.33,3,1
18192.718,0.308,0.467,0.81,2.99,-4.33,3.57,3,1
18192.718,0.309,0.467,0.812,0.03,-4.15,4.18,3,1
18192.734,0.305,0.466,0.804,-3.08,-3.42,6.07,3,1
18192.75,0.319,0.456,0.82,-5.07,-3.39,7.26,3,1
18192.765,0.327,0.444,0.822,-7.08,-3.54,7.78,3,1
18192.765,0.341,0.44,0.829,-8.58,-3.3,8.55,3,1
18192.781,0.349,0.428,0.831,-7.9,-2.99,8.91,3,1
18192.781,0.354,0.419,0.837,-5.89,-2.14,9.22,3,1
18192.796,0.356,0.407,0.838,-2.78,-1.01,9.0,3,1
18192.812,0.355,0.388,0.836,0.64,0.24,8.39,3,1
18192.812,0.352,0.386,0.842,3.23,1.1,6.81,3,1
18192.828,0.345,0.386,0.841,6.32,1.37,4.49,3,1
18192.843,0.337,0.402,0.84,8.7,1.74,2.44,3,1
18192.843,0.322,0.429,0.842,11.08,1.89,0.21,3,1
18192.859,0.297,0.469,0.846,9.98,-1.65,-2.32,3,1
18192.859,0.284,0.537,0.833,1.34,-10.1,-4.67,3,1
18192.875,0.26,0.607,0.867,-12.76,-19.47,-3.39,3,1
18192.89,0.212,0.606,0.876,-23.77,-29.57,3.57,3,1
18192.906,0.261,0.548,0.902,-33.91,-43.06,13.09,3,1
18192.906,0.296,0.48,0.868,-40.22,-54.75,15.53,3,1
18192.921,0.309,0.412,0.846,-44.77,-59.63,16.21,3,1
18192.921,0.332,0.349,0.834,-45.96,-62.23,15.08,3,1
18192.937,0.357,0.339,0.818,-45.47,-62.59,12.54,3,1
18192.953,0.388,0.343,0.817,-45.35,-61.01,9.25,3,1
18192.953,0.409,0.349,0.818,-45.84,-59.88,4.91,3,1
18192.968,0.436,0.333,0.802,-45.41,-58.63,0.55,3,1
18192.968,0.462,0.319,0.781,-43.0,-55.42,-3.42,3,1
18192.984,0.483,0.307,0.768,-39.0,-49.56,-7.05,3,1
18193.0,0.49,0.315,0.769,-34.09,-43.03,-11.14,3,1
18193.0,0.483,0.338,0.771,-30.0,-37.26,-13.98,3,1
18193.015,0.478,0.348,0.78,-27.62,-32.32,-15.9,3,1
18193.031,0.473,0.355,0.799,-25.85,-29.15,-16.6,3,1
18193.031,0.467,0.375,0.812,-23.99,-28.08,-16.79,3,1
18193.046,0.462,0.387,0.822,-23.29,-28.17,-16.6,3,1
18193.062,0.457,0.377,0.832,-22.71,-28.93,-15.84,3,1
18193.078,0.457,0.349,0.834,-21.15,-30.06,-13.89,3,1
18193.078,0.458,0.325,0.827,-18.13,-30.52,-12.76,3,1
18193.093,0.467,0.301,0.813,-14.53,-29.57,-12.45,3,1
18193.093,0.48,0.267,0.807,-11.08,-27.1,-13.28,3,1
18193.109,0.5,0.246,0.792,-6.44,-22.86,-15.14,3,1
18193.125,0.509,0.235,0.776,0.27,-16.75,-17.46,3,1
18193.125,0.523,0.227,0.759,7.84,-8.91,-19.75,3,1
18193.14,0.531,0.236,0.741,16.05,0.82,-22.92,3,1
18193.14,0.521,0.253,0.728,24.54,11.69,-26.46,3,1
18193.156,0.496,0.314,0.752,31.86,22.0,-28.87,3,1
18193.171,0.453,0.393,0.784,36.16,29.33,-28.17,3,1
18193.171,0.412,0.45,0.825,36.9,32.59,-24.32,3,1
18193.187,0.382,0.494,0.871,36.74,31.01,-18.37,3,1
18193.203,0.359,0.52,0.899,36.19,24.17,-11.11,3,1
18193.203,0.347,0.524,0.901,33.81,13.34,-4.18,3,1
18193.218,0.339,0.514,0.888,28.99,1.95,1.53,3,1
18193.234,0.339,0.486,0.867,22.74,-8.73,6.41,3,1
18193.234,0.355,0.457,0.839,18.52,-16.66,10.19,3,1
18193.25,0.376,0.441,0.813,16.6,-20.72,13.4,3,1
18193.25,0.396,0.438,0.784,15.75,-21.3,16.14,3,1
18193.265,0.409,0.436,0.775,16.27,-19.17,18.65,3,1
18193.281,0.429,0.438,0.763,18.13,-16.51,20.91,3,1
18193.296,0.438,0.439,0.731,18.74,-13.09,22.31,3,1
18193.296,0.447,0.444,0.725,17.61,-8.27,24.17,3,1
18193.312,0.466,0.452,0.735,16.6,-4.7,26.31,3,1
18193.312,0.479,0.455,0.737,14.95,-2.69,27.99,3,1
18193.328,0.488,0.45,0.729,12.39,-1.07,29.57,3,1
18193.343,0.495,0.441,0.72,9.46,1.04,30.92,3,1
18193.343,0.502,0.419,0.721,6.47,2.75,31.46,3,1
18193.359,0.516,0.405,0.736,3.48,3.94,31.13,3,1
18193.359,0.537,0.392,0.725,0.89,5.25,28.75,3,1
18193.375,0.537,0.377,0.71,-2.96,7.72,24.66,3,1
18193.39,0.549,0.364,0.707,-7.14,10.56,20.2,3,1
18193.39,0.544,0.357,0.696,-9.55,14.53,14.53,3,1
18193.406,0.549,0.358,0.694,-11.54,19.1,9.34,3,1
18193.421,0.551,0.358,0.691,-12.76,25.3,3.08,3,1
18193.421,0.529,0.358,0.689,-12.27,33.45,-2.14,3,1
18193.437,0.505,0.349,0.692,-11.23,42.24,-5.34,3,1
18193.453,0.486,0.347,0.726,-9.7,49.87,-8.06,3,1
18193.453,0.465,0.35,0.773,-8.64,54.54,-11.26,3,1
18193.468,0.442,0.354,0.824,-9.22,54.78,-15.63,3,1
18193.484,0.424,0.349,0.87,-12.48,49.47,-22.0,3,1
18193.484,0.407,0.344,0.897,-20.02,39.89,-29.3,3,1
18193.5,0.378,0.338,0.894,-29.21,28.5,-36.71,3,1
18193.5,0.358,0.337,0.883,-36.23,19.53,-41.14,3,1
18193.515,0.367,0.325,0.87,-37.29,14.65,-42.63,3,1
18193.531,0.371,0.332,0.847,-33.6,14.44,-41.99,3,1
18193.531,0.372,0.345,0.849,-27.04,18.25,-39.19,3,1
18193.546,0.313,0.379,0.958,-15.66,22.19,-33.91,3,1
18193.562,0.289,0.425,1.046,3.14,18.83,-21.27,3,1
18193.562,0.315,0.443,0.988,15.47,9.86,-10.22,3,1
18193.578,0.316,0.402,0.907,17.43,3.81,-5.58,3,1
18193.578,0.343,0.341,0.849,17.98,0.0,-4.27,3,1
18193.593,0.357,0.358,0.8,19.59,-0.82,-4.43,3,1
18193.609,0.361,0.407,0.787,18.07,0.52,-4.43,3,1
18193.625,0.369,0.441,0.804,12.85,1.46,-4.52,3,1
18193.625,0.369,0.462,0.815,6.26,0.27,-5.13,3,1
18193.64,0.373,0.463,0.814,0.61,-1.65,-4.91,3,1
18193.64,0.382,0.445,0.812,-2.62,-2.53,-3.78,3,1
18193.656,0.381,0.416,0.811,-3.85,-2.01,-2.84,3,1
18193.671,0.382,0.387,0.82,-4.79,-1.31,-3.02,3,1
18193.671,0.379,0.367,0.84,-5.31,-1.1,-4.43,3,1
18193.687,0.375,0.369,0.856,-3.66,-1.07,-5.43,3,1
18193.703,0.378,0.371,0.844,2.84,0.43,-5.13,3,1
18193.703,0.378,0.372,0.834,5.74,2.17,-4.15,3,1
18193.718,0.377,0.378,0.837,8.97,3.69,-3.94,3,1
18193.718,0.371,0.378,0.836,10.86,4.49,-4.76,3,1
18193.734,0.364,0.394,0.842,11.38,4.43,-4.88,3,1
18193.75,0.356,0.417,0.837,12.02,4.52,-4.43,3,1
18193.765,0.349,0.431,0.824,12.02,4.27,-3.11,3,1
18193.765,0.349,0.447,0.814,10.9,4.24,-1.65,3,1
18193.781,0.34,0.447,0.804,8.58,4.64,-0.4,3,1
18193.781,0.341,0.437,0.806,5.95,4.79,1.22,3,1
18193.796,0.346,0.434,0.822,3.66,4.94,2.14,3,1
18193.812,0.349,0.435,0.836,1.07,4.79,2.2,3,1
18193.812,0.36,0.417,0.834,-0.61,3.63,1.83,3,1
18193.828,0.372,0.399,0.829,-0.21,2.99,1.04,3,1
18193.828,0.377,0.39,0.832,1.28,3.11,-0.18,3,1
18193.843,0.374,0.389,0.829,2.38,3.42,-2.35,3,1
18193.859,0.367,0.391,0.831,2.23,3.45,-3.91,3,1
18193.859,0.366,0.399,0.833,1.37,2.84,-4.7,3,1
18193.875,0.359,0.412,0.84,0.85,2.5,-4.73,3,1
18193.89,0.354,0.427,0.85,1.19,2.44,-3.94,3,1
18193.89,0.346,0.438,0.85,2.47,2.08,-2.53,3,1
18193.906,0.338,0.438,0.835,3.57,1.4,-0.46,3,1
18193.921,0.337,0.426,0.822,3.63,1.59,1.13,3,1
18193.921,0.334,0.419,0.82,3.08,2.14,1.95,3,1
18193.937,0.328,0.421,0.822,1.92,2.2,2.2,3,1
18193.953,0.328,0.429,0.828,-0.4,1.65,2.35,3,1
18193.953,0.327,0.429,0.835,-2.5,0.85,2.53,3,1
18193.968,0.328,0.427,0.833,-4.09,0.09,3.05,3,1
18193.984,0.331,0.43,0.828,-5.43,-0.27,4.21,3,1
18193.984,0.341,0.424,0.831,-5.77,0.03,5.58,3,1
18194.0,0.343,0.406,0.835,-5.49,0.55,6.44,3,1
18194.0,0.343,0.396,0.843,-5.13,0.82,6.44,3,1
18194.015,0.341,0.392,0.851,-4.61,0.76,6.44,3,1
18194.031,0.346,0.379,0.85,-2.75,1.16,6.99,3,1
18194.031,0.358,0.374,0.857,0.67,1.83,7.42,3,1
18194.046,0.362,0.375,0.848,4.3,2.69,6.5,3,1
18194.062,0.364,0.39,0.843,6.32,2.93,5.52,3,1
18194.062,0.368,0.406,0.834,6.96,2.96,4.27,3,1
18194.078,0.363,0.41,0.822,6.23,2.69,2.75,3,1
18194.093,0.361,0.419,0.824,5.22,2.38,2.29,3,1
18194.093,0.363,0.428,0.823,4.36,2.23,2.23,3,1
18194.109,0.354,0.434,0.823,2.84,1.83,1.89,3,1
18194.125,0.353,0.435,0.82,0.46,0.98,1.8,3,1
18194.125,0.352,0.435,0.821,-1.8,0.61,2.23,3,1
18194.14,0.35,0.429,0.824,-3.51,0.43,2.72,3,1
18194.14,0.347,0.421,0.83,-5.16,0.64,2.96,3,1
18194.156,0.337,0.419,0.841,-6.56,0.49,3.45,3,1
18194.171,0.342,0.409,0.847,-6.71,-0.24,4.39,3,1
18194.171,0.35,0.399,0.854,-6.26,-1.04,4.39,3,1
18194.187,0.344,0.392,0.858,-5.49,-2.35,3.63,3,1
18194.203,0.341,0.391,0.863,-5.07,-4.64,2.59,3,1
18194.203,0.329,0.39,0.846,-5.28,-7.2,1.83,3,1
18194.218,0.336,0.389,0.891,-6.23,-10.53,1.92,3,1
18194.218,0.348,0.388,0.864,-6.04,-14.92,0.73,3,1
18194.234,0.34,0.406,0.841,-7.02,-16.3,-0.4,3,1
18194.25,0.344,0.401,0.845,-6.13,-16.14,0.12,3,1
18194.25,0.341,0.403,0.849,-4.52,-16.51,1.53,3,1
18194.265,0.351,0.406,0.838,-3.48,-16.82,2.69,3,1
18194.281,0.362,0.399,0.838,-3.2,-16.39,3.54,3,1
18194.281,0.365,0.389,0.835,-2.2,-15.44,3.57,3,1
18194.296,0.37,0.384,0.831,-0.61,-14.44,3.42,3,1
18194.312,0.38,0.38,0.83,0.12,-13.73,3.97,3,1
18194.312,0.389,0.383,0.831,0.79,-12.7,3.91,3,1
18194.328,0.392,0.39,0.834,1.4,-11.99,3.33,3,1
18194.343,0.393,0.391,0.832,1.8,-11.87,2.93,3,1
18194.343,0.394,0.384,0.827,1.89,-11.99,2.72,3,1
18194.359,0.407,0.387,0.823,2.23,-11.81,2.53,3,1
18194.359,0.412,0.393,0.814,2.87,-10.86,1.89,3,1
18194.375,0.416,0.389,0.808,2.75,-9.4,1.5,3,1
18194.39,0.422,0.385,0.804,2.81,-7.63,1.07,3,1
18194.39,0.425,0.383,0.798,3.6,-5.62,0.49,3,1
18194.406,0.429,0.38,0.798,3.81,-3.72,-0.43,3,1
18194.421,0.428,0.377,0.8,3.42,-1.53,-1.92,3,1
18194.421,0.424,0.372,0.8,3.23,0.21,-3.63,3,1
18194.437,0.422,0.385,0.798,3.36,1.98,-4.64,3,1
18194.453,0.414,0.403,0.802,3.45,4.0,-5.25,3,1
18194.468,0.402,0.406,0.808,3.36,5.68,-5.68,3,1
18194.468,0.39,0.415,0.817,3.36,7.02,-5.22,3,1
18194.484,0.373,0.425,0.824,2.84,7.11,-4.64,3,1
18194.484,0.364,0.427,0.836,2.04,6.16,-3.57,3,1
18194.5,0.358,0.422,0.839,2.29,5.22,-2.5,3,1
18194.5,0.348,0.417,0.841,3.05,4.58,-1.71,3,1
18194.515,0.339,0.419,0.845,3.33,3.72,-0.64,3,1
18194.531,0.333,0.415,0.846,3.33,2.44,0.79,3,1
18194.546,0.333,0.409,0.849,3.2,0.52,2.04,3,1
18194.546,0.34,0.41,0.848,2.9,-1.46,2.69,3,1
18194.562,0.344,0.407,0.844,2.38,-3.08,2.81,3,1
18194.562,0.355,0.409,0.844,2.04,-4.79,3.39,3,1
18194.578,0.368,0.415,0.836,2.47,-6.01,4.61,3,1
18194.593,0.378,0.414,0.826,2.96,-7.05,5.55,3,1
18194.593,0.391,0.411,0.819,2.84,-7.14,5.92,3,1
18194.609,0.397,0.405,0.81,2.62,-6.59,6.2,3,1
18194.609,0.401,0.397,0.804,3.11,-5.55,6.71,3,1
18194.625,0.41,0.395,0.806,3.51,-4.0,7.02,3,1
18194.64,0.412,0.387,0.803,4.36,-2.2,6.23,3,1
18194.64,0.41,0.389,0.807,4.39,-0.52,5.31,3,1
18194.656,0.404,0.388,0.816,3.39,0.34,4.21,3,1
18194.671,0.401,0.385,0.824,3.05,0.73,3.27,3,1
18194.671,0.4,0.386,0.826,4.64,0.46,0.52,3,1
18194.687,0.4,0.388,0.825,5.1,0.24,-0.85,3,1
18194.703,0.396,0.4,0.824,5.04,-0.15,-1.95,3,1
18194.703,0.394,0.408,0.819,5.01,-0.58,-2.62,3,1
18194.718,0.396,0.428,0.804,4.43,-0.73,-3.17,3,1
18194.718,0.397,0.433,0.797,3.02,-0.43,-3.51,3,1
18194.734,0.392,0.432,0.791,1.56,0.37,-3.36,3,1
18194.75,0.392,0.43,0.789,0.09,1.16,-3.02,3,1
18194.765,0.39,0.43,0.792,-1.83,1.98,-3.17,3,1
18194.765,0.383,0.431,0.795,-4.33,2.66,-3.42,3,1
18194.781,0.378,0.424,0.801,-6.78,3.14,-3.51,3,1
18194.781,0.376,0.42,0.811,-8.88,3.11,-3.36,3,1
18194.796,0.371,0.419,0.815,-10.19,2.93,-3.6,3,1
18194.812,0.366,0.419,0.824,-10.74,2.99,-3.33,3,1
18194.812,0.361,0.418,0.83,-10.59,3.05,-2.38,3,1
18194.828,0.36,0.417,0.834,-10.22,3.05,-0.85,3,1
18194.843,0.361,0.408,0.839,-9.13,3.17,0.79,3,1
18194.843,0.363,0.4,0.84,-7.35,3.17,2.17,3,1
18194.859,0.368,0.402,0.841,-6.13,3.08,3.23,3,1
18194.859,0.371,0.399,0.84,-5.49,3.02,3.94,3,1
18194.875,0.375,0.401,0.836,-4.76,2.87,4.73,3,1
18194.89,0.376,0.404,0.831,-4.58,2.81,5.46,3,1
18194.906,0.374,0.405,0.829,-5.19,2.96,6.56,3,1
18194.906,0.378,0.396,0.827,-5.16,3.51,7.81,3,1
18194.921,0.388,0.391,0.823,-4.12,4.61,8.61,3,1
18194.921,0.394,0.383,0.822,-3.51,5.89,8.7,3,1
18194.937,0.391,0.369,0.824,-3.42,6.96,7.97,3,1
18194.953,0.398,0.369,0.83,-2.84,8.15,7.39,3,1
18194.953,0.41,0.376,0.829,-1.25,9.77,5.86,3,1
18194.968,0.417,0.386,0.799,0.55,12.27,3.33,3,1
18194.968,0.414,0.391,0.757,1.8,17.43,1.59,3,1
18194.984,0.401,0.406,0.737,2.08,24.75,1.43,3,1
18195.0,0.386,0.429,0.729,1.07,31.95,2.81,3,1
18195.0,0.384,0.443,0.739,-3.14,37.54,4.49,3,1
18195.015,0.374,0.45,0.776,-10.93,41.02,5.16,3,1
18195.031,0.303,0.465,0.913,-19.35,39.28,5.28,3,1
18195.031,0.249,0.419,1.075,-25.73,23.59,7.54,3,1
18195.046,0.286,0.361,1.029,-32.07,0.34,6.13,3,1
18195.062,0.318,0.319,0.93,-35.25,-12.82,1.22,3,1
18195.062,0.328,0.294,0.86,-29.36,-15.75,-1.98,3,1
18195.078,0.34,0.311,0.841,-20.26,-13.06,-2.23,3,1
18195.093,0.337,0.357,0.849,-14.1,-10.47,-1.92,3,1
18195.093,0.331,0.411,0.858,-16.48,-10.65,-2.26,3,1
18195.109,0.326,0.43,0.855,-23.62,-13.12,-2.62,3,1
18195.109,0.332,0.425,0.83,-29.63,-15.35,-0.95,3,1
18195.125,0.341,0.418,0.811,-35.28,-15.11,3.14,3,1
18195.14,0.356,0.401,0.802,-39.83,-12.15,8.3,3,1
18195.14,0.357,0.387,0.818,-42.66,-7.87,13.28,3,1
18195.156,0.359,0.361,0.85,-43.92,-4.18,18.65,3,1
18195.171,0.359,0.329,0.861,-43.12,-1.8,23.04,3,1
18195.171,0.363,0.303,0.863,-41.75,-0.18,26.31,3,1
18195.187,0.375,0.29,0.883,-38.54,1.53,28.81,3,1
18195.203,0.373,0.274,0.893,-32.78,3.2,30.43,3,1
18195.203,0.367,0.262,0.902,-27.44,4.97,31.98,3,1
18195.218,0.365,0.253,0.905,-23.16,5.86,32.53,3,1
18195.234,0.353,0.247,0.906,-19.93,6.2,32.26,3,1
18195.234,0.35,0.25,0.91,-17.82,5.89,32.72,3,1
18195.25,0.361,0.25,0.904,-15.38,5.77,33.94,3,1
18195.265,0.371,0.244,0.897,-12.97,6.38,35.25,3,1
18195.265,0.375,0.229,0.893,-10.65,6.84,35.83,3,1
18195.281,0.394,0.223,0.887,-9.19,5.43,34.97,3,1
18195.281,0.396,0.234,0.881,-10.01,3.72,31.34,3,1
18195.296,0.391,0.224,0.879,-13.67,1.62,27.19,3,1
18195.312,0.41,0.219,0.883,-18.46,-1.25,23.38,3,1
18195.328,0.427,0.227,0.879,-22.06,-3.08,18.22,3,1
18195.328,0.417,0.215,0.874,-23.99,-2.87,13.43,3,1
18195.328,0.422,0.197,0.89,-24.32,-2.11,10.74,3,1
18195.343,0.406,0.194,0.911,-20.36,-1.01,8.7,3,1
18195.359,0.395,0.198,0.93,-14.59,0.15,9.34,3,1
18195.375,0.412,0.178,0.94,-7.78,0.76,9.8,3,1
18195.375,0.403,0.147,0.925,-0.82,1.16,6.87,3,1
18195.39,0.399,0.139,0.909,4.15,1.43,2.41,3,1
18195.39,0.398,0.15,0.901,7.6,1.56,-2.17,3,1
18195.406,0.391,0.167,0.898,10.44,1.92,-7.05,3,1
18195.421,0.363,0.209,0.908,12.15,2.44,-10.41,3,1
18195.421,0.351,0.234,0.914,12.94,1.74,-10.8,3,1
18195.437,0.357,0.246,0.915,13.4,0.64,-10.35,3,1
18195.453,0.36,0.248,0.909,14.22,-0.49,-10.93,3,1
18195.453,0.353,0.258,0.907,14.89,-1.59,-11.81,3,1
18195.468,0.347,0.273,0.897,15.66,-1.92,-10.41,3,1
18195.484,0.345,0.286,0.893,16.42,-1.77,-6.99,3,1
18195.484,0.358,0.294,0.89,15.87,-2.72,-3.63,3,1
18195.5,0.365,0.289,0.867,13.34,-4.12,-2.69,3,1
18195.5,0.374,0.274,0.85,8.3,-4.85,-2.84,3,1
18195.515,0.393,0.265,0.852,4.0,-4.58,-2.84,3,1
18195.531,0.411,0.262,0.873,1.43,-3.69,-3.57,3,1
18195.531,0.401,0.255,0.883,-0.89,-3.42,-5.55,3,1
18195.546,0.397,0.241,0.898,-3.33,-4.24,-7.2,3,1
18195.562,0.407,0.225,0.894,-3.54,-5.55,-8.42,3,1
18195.562,0.41,0.211,0.888,-1.77,-5.49,-10.35,3,1
18195.578,0.411,0.201,0.891,0.85,-4.21,-12.7,3,1
18195.578,0.403,0.203,0.883,3.85,-3.17,-15.5,3,1
18195.593,0.395,0.227,0.879,6.35,-2.44,-17.49,3,1
18195.609,0.385,0.265,0.896,7.08,-0.89,-17.4,3,1
18195.609,0.371,0.284,0.914,8.18,-0.46,-15.78,3,1
18195.625,0.363,0.265,0.895,9.4,-2.08,-13.86,3,1
18195.64,0.377,0.26,0.89,10.74,-4.39,-12.57,3,1
18195.64,0.379,0.282,0.885,12.21,-4.36,-12.82,3,1
18195.656,0.377,0.282,0.881,9.86,-3.05,-13.7,3,1
18195.671,0.364,0.277,0.867,10.32,-4.06,-13.21,3,1
18195.671,0.353,0.286,0.848,10.65,-3.63,-10.5,3,1
18195.687,0.356,0.331,0.862,9.31,-1.59,-6.41,3,1
18195.703,0.33,0.366,0.894,6.65,-0.76,-3.11,3,1
18195.703,0.312,0.36,0.886,4.52,-3.54,2.01,3,1
18195.718,0.328,0.361,0.888,3.05,-6.81,7.66,3,1
18195.734,0.34,0.345,0.89,-0.09,-8.03,12.7,3,1
18195.734,0.359,0.319,0.885,-3.97,-8.03,15.26,3,1
18195.75,0.361,0.275,0.859,-5.8,-7.87,15.08,3,1
18195.75,0.358,0.252,0.852,-6.5,-8.3,14.77,3,1
18195.765,0.37,0.267,0.859,-6.84,-7.45,15.96,3,1
18195.781,0.391,0.269,0.87,-8.12,-4.73,17.7,3,1
18195.796,0.4,0.248,0.877,-8.82,-2.41,17.85,3,1
18195.796,0.407,0.221,0.866,-7.05,-1.59,16.3,3,1
18195.812,0.418,0.208,0.865,-4.06,-0.89,13.76,3,1
18195.812,0.426,0.208,0.875,-1.62,0.43,10.41,3,1
18195.828,0.43,0.212,0.883,0.03,1.04,6.04,3,1
18195.843,0.429,0.219,0.887,1.4,0.79,0.0,3,1
18195.843,0.416,0.225,0.885,3.08,0.55,-5.8,3,1
18195.859,0.397,0.253,0.889,5.55,1.59,-8.24,3,1
18195.859,0.394,0.276,0.899,8.64,2.75,-6.84,3,1
18195.875,0.386,0.279,0.897,12.3,2.93,-5.13,3,1
18195.89,0.382,0.279,0.88,14.44,2.14,-3.63,3,1
18195.89,0.388,0.295,0.871,14.47,1.46,-2.62,3,1
18195.906,0.393,0.302,0.863,13.86,1.25,-1.4,3,1
18195.921,0.393,0.3,0.852,12.51,1.5,-1.71,3,1
18195.921,0.382,0.298,0.849,9.77,1.98,-2.11,3,1
18195.937,0.377,0.304,0.847,7.23,2.47,-1.62,3,1
18195.953,0.376,0.298,0.844,4.43,3.3,-0.67,3,1
18195.953,0.373,0.301,0.857,1.56,4.52,0.46,3,1
18195.968,0.364,0.305,0.872,-0.03,5.92,1.5,3,1
18195.984,0.358,0.304,0.892,-0.98,5.71,2.9,3,1
18195.984,0.369,0.301,0.903,-2.29,3.85,3.36,3,1
18196.0,0.361,0.29,0.901,-3.75,2.56,2.72,3,1
18196.0,0.372,0.289,0.882,-5.19,0.06,2.99,3,1
18196.015,0.393,0.284,0.86,-7.48,-1.04,2.23,3,1
18196.031,0.394,0.282,0.86,-9.74,-0.06,0.82,3,1
18196.031,0.396,0.266,0.854,-10.9,0.89,-0.27,3,1
18196.046,0.406,0.265,0.872,-11.57,2.53,-0.89,3,1
18196.062,0.387,0.275,0.899,-10.56,3.42,-1.37,3,1
18196.062,0.364,0.3,0.889,-9.83,2.17,-0.49,3,1
18196.078,0.358,0.322,0.88,-12.05,-0.12,1.19,3,1
18196.093,0.349,0.354,0.851,-16.91,-2.87,3.11,3,1
18196.093,0.358,0.363,0.805,-25.45,-5.22,5.46,3,1
18196.109,0.379,0.361,0.746,-37.57,-5.37,6.65,3,1
18196.109,0.384,0.372,0.815,-49.5,-0.43,8.64,3,1
18196.125,0.355,0.317,0.834,-53.22,3.78,13.82,3,1
18196.14,0.414,0.261,0.873,-57.47,6.32,17.58,3,1
18196.14,0.396,0.178,0.955,-56.06,9.13,14.71,3,1
18196.156,0.369,0.067,0.973,-45.93,9.16,10.25,3,1
18196.171,0.367,0.02,0.995,-34.0,8.48,6.2,3,1
18196.171,0.36,-0.011,1.01,-19.59,7.39,1.19,3,1
18196.187,0.346,-0.02,1.007,-4.79,5.71,-3.17,3,1
18196.203,0.337,0.005,1.009,9.52,5.01,-6.47,3,1
18196.203,0.339,0.052,1.009,24.66,5.16,-8.06,3,1
18196.218,0.359,0.091,1.007,38.24,4.58,-8.39,3,1
18196.234,0.374,0.129,1.001,49.01,2.53,-9.98,3,1
18196.234,0.358,0.168,0.994,57.1,-2.2,-13.0,3,1
18196.25,0.359,0.203,0.911,58.02,-9.34,-15.63,3,1
18196.25,0.344,0.276,0.847,50.81,-16.05,-18.52,3,1
18196.265,0.363,0.329,0.825,40.31,-21.0,-18.4,3,1
18196.281,0.388,0.391,0.798,28.44,-23.62,-17.43,3,1
18196.281,0.386,0.445,0.787,17.46,-21.88,-14.83,3,1
18196.296,0.367,0.455,0.822,8.85,-18.92,-9.89,3,1
18196.312,0.407,0.391,0.805,0.98,-19.56,-4.52,3,1
18196.312,0.459,0.35,0.782,-6.26,-18.77,-5.62,3,1
18196.328,0.429,0.308,0.751,-9.95,-10.93,-7.02,3,1
18196.328,0.452,0.262,0.747,-11.96,-1.98,-6.87,3,1
18196.343,0.466,0.245,0.745,-9.61,9.19,-7.72,3,1
18196.359,0.407,0.271,0.798,-12.73,18.28,-10.8,3,1
18196.375,0.434,0.296,0.856,-24.69,18.77,-14.77,3,1
18196.375,0.419,0.247,0.843,-24.99,22.19,-16.69,3,1
18196.39,0.388,0.254,0.845,-22.61,26.89,-17.03,3,1
18196.39,0.372,0.269,0.876,-21.7,30.27,-15.93,3,1
18196.406,0.352,0.276,0.902,-22.4,31.46,-14.1,3,1
18196.421,0.341,0.26,0.916,-23.99,30.12,-12.88,3,1
18196.421,0.337,0.241,0.922,-25.54,28.41,-12.57,3,1
18196.437,0.336,0.225,0.932,-25.88,26.89,-12.88,3,1
18196.453,0.338,0.203,0.927,-24.75,25.88,-13.98,3,1
18196.453,0.333,0.196,0.924,-23.26,25.7,-15.66,3,1
18196.468,0.312,0.206,0.947,-21.85,25.42,-16.91,3,1
18196.484,0.227,0.256,1.074,-17.64,22.92,-15.05,3,1
18196.484,0.213,0.265,1.178,-7.23,11.35,-6.1,3,1
18196.5,0.262,0.212,1.1,0.89,-4.67,-0.64,3,1
18196.515,0.286,0.164,1.023,7.81,-13.0,-0.52,3,1
18196.515,0.295,0.137,0.987,17.4,-16.57,-1.8,3,1
18196.531,0.308,0.149,0.952,26.95,-18.16,-3.3,3,1
18196.531,0.319,0.184,0.927,33.66,-18.34,-4.7,3,1
18196.546,0.328,0.235,0.932,36.99,-18.52,-5.98,3,1
18196.562,0.318,0.276,0.937,37.75,-19.96,-6.5,3,1
18196.562,0.311,0.308,0.938,37.17,-23.5,-4.85,3,1
18196.578,0.32,0.309,0.909,35.68,-27.89,-3.02,3,1
18196.593,0.335,0.314,0.888,31.1,-31.62,-2.29,3,1
18196.593,0.345,0.32,0.882,26.18,-33.78,-2.01,3,1
18196.609,0.353,0.324,0.882,23.74,-34.76,-1.53,3,1
18196.609,0.341,0.329,0.878,23.56,-34.73,0.03,3,1
18196.625,0.347,0.345,0.878,23.29,-34.18,3.75,3,1
18196.64,0.365,0.354,0.892,23.32,-34.79,7.23,3,1
18196.64,0.37,0.348,0.867,20.87,-35.74,10.41,3,1
18196.656,0.371,0.318,0.823,16.82,-34.55,11.02,3,1
18196.671,0.396,0.298,0.792,11.93,-30.76,9.98,3,1
18196.671,0.429,0.287,0.738,6.53,-24.72,8.0,3,1
18196.687,0.433,0.283,0.74,1.1,-17.37,6.23,3,1
18196.703,0.442,0.293,0.758,-3.66,-10.19,5.04,3,1
18196.703,0.438,0.313,0.779,-8.24,-4.79,3.85,3,1
18196.718,0.409,0.328,0.778,-13.7,-0.12,3.3,3,1
18196.718,0.393,0.358,0.808,-21.52,1.13,4.91,3,1
18196.734,0.372,0.366,0.853,-28.47,-1.65,8.03,3,1
18196.75,0.419,0.333,0.862,-34.97,-5.83,11.44,3,1
18196.75,0.425,0.277,0.855,-39.25,-6.44,11.38,3,1
18196.765,0.418,0.214,0.85,-37.29,-4.21,11.51,3,1
18196.781,0.44,0.171,0.836,-31.37,-0.27,11.02,3,1
18196.781,0.454,0.151,0.819,-25.7,6.16,7.05,3,1
18196.796,0.466,0.14,0.831,-23.53,13.06,1.25,3,1
18196.812,0.471,0.137,0.827,-21.67,18.52,-6.5,3,1
18196.812,0.469,0.178,0.824,-19.35,24.9,-13.0,3,1
18196.828,0.468,0.219,0.873,-15.41,30.82,-17.15,3,1
18196.843,0.427,0.26,0.919,-11.66,32.2,-21.21,3,1
18196.843,0.411,0.291,0.929,-12.24,28.47,-23.04,3,1
18196.859,0.395,0.281,0.917,-12.57,24.63,-23.71,3,1
18196.859,0.367,0.274,0.897,-11.75,22.22,-23.99,3,1
18196.875,0.355,0.28,0.886,-10.04,22.68,-21.64,3,1
18196.89,0.343,0.281,0.881,-6.74,25.67,-17.09,3,1
18196.89,0.342,0.269,0.883,-3.85,28.5,-12.63,3,1
18196.906,0.34,0.266,0.89,-3.57,29.94,-10.56,3,1
18196.921,0.289,0.286,0.951,-6.5,29.15,-9.67,3,1
18196.937,0.245,0.275,1.063,-8.03,21.36,-6.1,3,1
18196.937,0.291,0.251,1.046,-6.9,7.84,-2.23,3,1
18196.937,0.304,0.233,0.985,-5.22,-0.12,-0.98,3,1
18196.953,0.313,0.193,0.954,1.43,-2.17,1.19,3,1
18196.968,0.326,0.188,0.932,9.67,-1.46,3.6,3,1
18196.984,0.318,0.207,0.927,16.66,-0.12,5.22,3,1
18196.984,0.32,0.233,0.928,20.81,0.4,8.0,3,1
18197.0,0.337,0.259,0.927,23.38,0.18,10.04,3,1
18197.0,0.34,0.267,0.911,24.9,-0.7,10.13,3,1
18197.015,0.34,0.268,0.894,24.45,-1.77,9.55,3,1
18197.031,0.344,0.265,0.885,23.47,-2.2,9.58,3,1
18197.031,0.349,0.27,0.887,22.64,-1.95,10.01,3,1
18197.046,0.355,0.287,0.896,21.15,-1.62,10.53,3,1
18197.062,0.359,0.283,0.894,20.54,-2.01,10.53,3,1
18197.062,0.371,0.28,0.899,19.75,-2.75,10.62,3,1
18197.078,0.376,0.269,0.895,19.65,-3.97,8.91,3,1
18197.093,0.375,0.268,0.887,19.71,-5.22,6.41,3,1
18197.093,0.377,0.269,0.872,18.43,-5.86,3.78,3,1
18197.109,0.374,0.268,0.857,17.24,-5.74,0.7,3,1
18197.109,0.374,0.286,0.849,15.93,-4.46,-1.56,3,1
18197.125,0.364,0.294,0.844,14.28,-2.72,-3.97,3,1
18197.14,0.36,0.313,0.847,11.47,-0.64,-4.97,3,1
18197.14,0.354,0.321,0.845,7.54,0.15,-6.26,3,1
18197.156,0.344,0.328,0.847,2.78,0.61,-7.02,3,1
18197.171,0.334,0.337,0.858,-2.2,0.73,-6.56,3,1
18197.171,0.337,0.33,0.871,-5.92,0.89,-5.19,3,1
18197.187,0.337,0.323,0.884,-8.55,1.34,-3.63,3,1
18197.203,0.331,0.308,0.903,-10.32,0.7,-3.02,3,1
18197.203,0.327,0.296,0.915,-10.99,-0.73,-2.62,3,1
18197.218,0.325,0.287,0.923,-11.47,-2.75,-2.32,3,1
18197.234,0.333,0.277,0.927,-11.96,-5.46,-2.47,3,1
18197.234,0.337,0.264,0.933,-11.44,-8.39,-3.27,3,1
18197.25,0.343,0.262,0.94,-10.32,-11.32,-4.49,3,1
18197.25,0.346,0.26,0.937,-8.58,-14.19,-5.71,3,1
18197.265,0.347,0.262,0.939,-7.39,-17.03,-6.87,3,1
18197.281,0.347,0.252,0.93,-6.16,-20.02,-7.6,3,1
18197.281,0.353,0.252,0.91,-3.91,-22.74,-7.9,3,1
18197.296,0.365,0.254,0.892,-2.08,-24.02,-8.12,3,1
18197.312,0.378,0.252,0.88,-1.86,-24.54,-8.61,3,1
18197.312,0.395,0.248,0.86,-2.66,-24.69,-10.59,3,1
18197.328,0.41,0.256,0.847,-4.18,-23.71,-13.4,3,1
18197.343,0.413,0.261,0.844,-5.22,-21.21,-15.81,3,1
18197.343,0.414,0.257,0.844,-4.33,-17.88,-16.75,3,1
18197.359,0.412,0.268,0.843,-1.74,-14.04,-16.27,3,1
18197.375,0.416,0.294,0.832,3.66,-8.79,-14.44,3,1
18197.375,0.399,0.312,0.848,8.76,-3.57,-12.3,3,1
18197.39,0.386,0.32,0.863,10.5,-1.37,-10.65,3,1
18197.39,0.38,0.314,0.859,7.29,-1.92,-11.32,3,1
18197.406,0.373,0.302,0.854,0.79,-3.75,-14.34,3,1
18197.421,0.369,0.282,0.852,-6.96,-6.13,-18.01,3,1
18197.421,0.37,0.261,0.849,-15.08,-8.61,-22.83,3,1
18197.437,0.378,0.257,0.844,-20.69,-9.34,-27.19,3,1
18197.453,0.38,0.261,0.844,-23.56,-8.79,-30.79,3,1
18197.453,0.376,0.271,0.864,-24.38,-7.75,-33.14,3,1
18197.468,0.369,0.291,0.892,-23.53,-6.59,-33.2,3,1
18197.484,0.364,0.304,0.898,-21.06,-5.43,-30.88,3,1
18197.484,0.371,0.305,0.899,-17.24,-3.69,-26.95,3,1
18197.5,0.368,0.305,0.89,-12.21,-1.89,-23.16,3,1
18197.5,0.36,0.308,0.884,-8.15,-0.43,-19.35,3,1
18197.515,0.357,0.31,0.885,-5.52,0.85,-15.05,3,1
18197.531,0.359,0.306,0.887,-3.36,1.8,-11.02,3,1
18197.531,0.362,0.297,0.882,-1.98,2.17,-7.78,3,1
18197.546,0.367,0.291,0.876,-1.95,2.04,-6.16,3,1
18197.562,0.373,0.288,0.871,-2.41,1.92,-5.43,3,1
18197.562,0.377,0.291,0.872,-2.75,2.59,-4.46,3,1
18197.578,0.377,0.294,0.881,-2.23,3.3,-3.42,3,1
18197.593,0.374,0.311,0.891,-1.04,4.0,-1.95,3,1
18197.593,0.355,0.32,0.889,0.43,5.13,0.34,3,1
18197.609,0.352,0.314,0.89,0.73,4.82,4.36,3,1
18197.625,0.354,0.313,0.885,1.34,4.24,7.45,3,1
18197.625,0.359,0.308,0.863,-2.44,3.54,8.33,3,1
18197.64,0.362,0.303,0.863,-4.67,3.85,7.87,3,1
18197.64,0.349,0.291,0.883,-5.37,2.41,8.51,3,1
18197.656,0.341,0.283,0.911,-5.19,0.64,9.8,3,1
18197.671,0.349,0.282,0.892,-4.88,0.58,10.8,3,1
18197.671,0.358,0.266,0.896,-3.57,1.4,11.57,3,1
18197.687,0.363,0.259,0.889,-1.95,1.74,11.41,3,1
18197.703,0.37,0.258,0.881,-1.25,2.08,10.74,3,1
18197.703,0.37,0.252,0.889,-2.32,2.5,8.73,3,1
18197.718,0.369,0.251,0.897,-4.94,1.25,5.52,3,1
18197.718,0.378,0.252,0.909,-7.29,-1.04,2.44,3,1
18197.734,0.36,0.252,0.915,-8.55,-3.33,-0.7,3,1
18197.75,0.36,0.254,0.917,-8.79,-5.8,-1.34,3,1
18197.765,0.362,0.264,0.923,-7.78,-7.72,-0.34,3,1
18197.765,0.36,0.266,0.921,-5.1,-9.52,0.92,3,1
18197.781,0.362,0.269,0.913,-3.11,-10.86,3.08,3,1
18197.781,0.366,0.255,0.902,-1.59,-11.63,5.65,3,1
18197.796,0.384,0.249,0.893,0.27,-11.75,7.6,3,1
18197.812,0.39,0.242,0.883,1.19,-11.29,7.42,3,1
18197.828,0.391,0.223,0.87,1.86,-10.5,5.37,3,1
18197.828,0.397,0.223,0.858,2.11,-8.61,2.96,3,1
18197.843,0.396,0.222,0.85,3.23,-6.16,-0.06,3,1
18197.843,0.404,0.241,0.854,4.36,-3.3,-2.32,3,1
18197.859,0.394,0.264,0.856,4.88,-0.85,-4.43,3,1
18197.859,0.389,0.278,0.863,4.03,0.7,-5.22,3,1
18197.875,0.392,0.289,0.874,2.41,1.46,-5.46,3,1
18197.89,0.386,0.289,0.881,1.89,1.59,-6.04,3,1
18197.906,0.369,0.301,0.888,1.34,1.31,-6.13,3,1
18197.906,0.356,0.301,0.893,0.27,0.18,-4.94,3,1
18197.921,0.357,0.286,0.894,-0.15,-0.95,-3.23,3,1
18197.921,0.363,0.283,0.897,1.07,-1.31,-1.89,3,1
18197.937,0.36,0.273,0.898,2.26,-1.71,-1.4,3,1
18197.953,0.361,0.263,0.896,1.77,-2.84,-1.46,3,1
18197.953,0.367,0.265,0.893,0.34,-3.85,-1.74,3,1
18197.968,0.371,0.254,0.892,-0.73,-4.79,-2.04,3,1
18197.968,0.386,0.256,0.89,-0.76,-5.58,-1.86,3,1
18197.984,0.386,0.255,0.886,-0.43,-5.86,-1.83,3,1
18198.0,0.393,0.258,0.888,-0.49,-6.07,-1.01,3,1
18198.0,0.398,0.26,0.891,0.64,-5.86,0.09,3,1
18198.015,0.394,0.262,0.887,2.23,-4.94,1.62,3,1
18198.031,0.394,0.257,0.879,4.88,-3.75,2.72,3,1
18198.031,0.394,0.26,0.873,6.96,-2.14,3.08,3,1
18198.046,0.385,0.249,0.864,7.75,-0.7,2.26,3,1
18198.062,0.388,0.255,0.868,6.99,0.43,1.1,3,1
18198.062,0.381,0.27,0.867,5.28,1.25,-0.37,3,1
18198.078,0.379,0.267,0.875,3.75,1.59,-1.59,3,1
18198.078,0.375,0.278,0.882,2.78,1.31,-1.86,3,1
18198.093,0.374,0.289,0.891,3.11,-0.03,-1.62,3,1
18198.109,0.377,0.301,0.898,3.23,-1.31,-1.04,3,1
18198.125,0.374,0.297,0.894,3.69,-3.17,-0.82,3,1
18198.125,0.374,0.289,0.887,4.09,-5.16,-0.21,3,1
18198.14,0.383,0.296,0.887,4.88,-6.13,0.7,3,1
18198.14,0.381,0.294,0.879,6.26,-6.38,0.89,3,1
18198.156,0.383,0.286,0.869,7.23,-6.41,0.52,3,1
18198.171,0.382,0.287,0.861,7.35,-5.68,-0.31,3,1
18198.171,0.378,0.285,0.854,6.29,-4.39,-0.89,3,1
18198.187,0.378,0.275,0.851,3.91,-3.39,-1.37,3,1
18198.203,0.382,0.271,0.854,0.4,-2.44,-2.35,3,1
18198.203,0.385,0.265,0.862,-3.42,-1.74,-3.48,3,1
18198.218,0.387,0.271,0.88,-5.95,-1.31,-3.66,3,1
18198.218,0.387,0.27,0.89,-6.07,-1.04,-3.51,3,1
18198.234,0.391,0.269,0.896,-4.46,-1.01,-3.14,3,1
18198.25,0.384,0.264,0.895,-1.77,-1.19,-3.08,3,1
18198.25,0.384,0.266,0.899,0.95,-1.25,-2.78,3,1
18198.265,0.375,0.271,0.9,3.11,-1.89,-2.47,3,1
18198.281,0.376,0.279,0.892,4.7,-3.02,-1.86,3,1
18198.281,0.378,0.29,0.886,5.01,-4.15,-0.73,3,1
18198.296,0.383,0.293,0.887,5.25,-5.49,0.46,3,1
18198.312,0.389,0.296,0.876,6.1,-6.44,1.46,3,1
18198.312,0.393,0.292,0.862,7.05,-6.96,1.86,3,1
18198.328,0.398,0.294,0.852,7.45,-6.35,1.95,3,1
18198.343,0.401,0.293,0.843,7.2,-4.73,1.43,3,1
18198.343,0.396,0.293,0.843,6.16,-2.99,0.58,3,1
18198.359,0.393,0.296,0.847,4.52,-1.68,-0.09,3,1
18198.359,0.392,0.296,0.851,2.08,-0.67,-0.43,3,1
18198.375,0.396,0.292,0.861,-0.67,-0.43,-0.76,3,1
18198.39,0.397,0.292,0.871,-3.17,-0.58,-1.37,3,1
18198.39,0.397,0.28,0.878,-4.39,-1.04,-2.72,3,1
18198.406,0.395,0.272,0.879,-4.46,-1.4,-3.72,3,1
18198.421,0.394,0.268,0.88,-3.51,-1.62,-5.01,3,1
18198.421,0.392,0.268,0.878,-2.08,-1.34,-6.23,3,1
18198.437,0.389,0.273,0.878,-0.64,-0.92,-7.05,3,1
18198.453,0.379,0.283,0.881,0.76,-0.85,-7.17,3,1
18198.453,0.378,0.297,0.888,2.11,-1.16,-5.77,3,1
18198.468,0.388,0.312,0.893,3.63,-1.65,-3.72,3,1
18198.484,0.38,0.306,0.89,4.94,-2.41,-2.38,3,1
18198.484,0.382,0.299,0.89,4.94,-4.03,-0.82,3,1
18198.5,0.39,0.296,0.881,5.8,-5.62,-0.12,3,1
18198.5,0.39,0.291,0.864,7.11,-6.04,-0.18,3,1
18198.515,0.386,0.293,0.851,7.57,-5.43,-0.4,3,1
18198.531,0.382,0.3,0.85,7.45,-3.85,0.06,3,1
18198.531,0.375,0.316,0.85,8.15,-1.4,2.26,3,1
18198.546,0.38,0.331,0.852,9.92,1.53,6.35,3,1
18198.562,0.39,0.331,0.856,11.81,4.21,10.28,3,1
18198.578,0.395,0.322,0.868,14.8,7.39,13.7,3,1
18198.578,0.398,0.316,0.862,18.59,10.25,17.0,3,1
18198.593,0.405,0.314,0.86,20.54,11.9,18.68,3,1
18198.593,0.422,0.296,0.882,20.17,12.42,17.98,3,1
18198.609,0.424,0.29,0.873,17.3,11.75,13.92,3,1
18198.609,0.411,0.294,0.837,12.51,10.19,6.78,3,1
18198.625,0.42,0.283,0.834,10.56,10.38,3.08,3,1
18198.64,0.426,0.282,0.838,9.52,11.51,-0.64,3,1
18198.64,0.412,0.291,0.834,8.45,14.37,-3.88,3,1
18198.656,0.333,0.313,0.946,7.66,13.64,-4.67,3,1
18198.671,0.357,0.292,0.984,7.05,2.78,-4.03,3,1
18198.671,0.361,0.309,0.902,5.25,-5.68,-6.74,3,1
18198.687,0.35,0.301,0.849,7.72,-5.22,-6.26,3,1
18198.703,0.361,0.281,0.828,13.95,-1.13,-3.54,3,1
18198.703,0.363,0.292,0.81,17.94,4.18,-2.69,3,1
18198.718,0.351,0.317,0.811,17.49,8.58,-3.54,3,1
18198.718,0.355,0.331,0.828,13.98,10.9,-4.21,3,1
18198.734,0.356,0.348,0.838,10.01,11.63,-5.16,3,1
18198.75,0.356,0.368,0.837,6.68,11.6,-5.74,3,1
18198.75,0.359,0.376,0.84,2.72,11.38,-5.43,3,1
18198.765,0.359,0.384,0.829,-1.53,10.68,-4.76,3,1
18198.781,0.359,0.396,0.806,-7.51,10.35,-3.81,3,1
18198.781,0.36,0.401,0.812,-14.65,11.41,-2.01,3,1
18198.796,0.357,0.402,0.881,-18.8,12.54,0.67,3,1
18198.812,0.334,0.387,0.91,-19.1,10.99,3.78,3,1
18198.812,0.338,0.372,0.903,-22.0,7.48,6.59,3,1
18198.828,0.347,0.332,0.926,-25.39,5.01,7.66,3,1
18198.828,0.34,0.301,0.916,-24.99,2.41,8.03,3,1
18198.843,0.361,0.303,0.884,-25.48,-0.31,7.9,3,1
18198.859,0.364,0.316,0.879,-29.45,-2.23,6.01,3,1
18198.859,0.354,0.319,0.84,-35.34,-4.24,4.18,3,1
18198.875,0.375,0.321,0.841,-42.3,-2.96,4.15,3,1
18198.89,0.368,0.278,0.883,-43.24,1.92,4.97,3,1
18198.89,0.362,0.217,0.9,-36.81,6.56,6.16,3,1
18198.906,0.364,0.171,0.898,-27.31,10.65,6.07,3,1
18198.921,0.365,0.139,0.918,-15.11,15.05,4.58,3,1
18198.921,0.356,0.118,0.96,0.58,18.16,2.35,3,1
18198.937,0.338,0.111,0.994,18.77,18.83,-0.06,3,1
18198.953,0.329,0.138,1.021,35.16,16.51,-1.5,3,1
18198.953,0.317,0.262,0.952,39.83,8.24,-3.33,3,1
18198.968,0.335,0.399,0.834,29.57,-0.46,-5.49,3,1
18198.984,0.378,0.463,0.847,15.63,-1.77,-4.61,3,1
18198.984,0.354,0.498,0.917,8.58,0.27,-0.92,3,1
18199.0,0.333,0.511,0.9,3.27,-1.22,4.06,3,1
18199.0,0.336,0.478,0.848,-7.6,-4.43,7.6,3,1
18199.015,0.314,0.413,0.856,-20.45,-5.86,9.61,3,1
18199.031,0.316,0.303,0.879,-25.82,-6.9,11.51,3,1
18199.031,0.305,0.227,0.848,-22.58,-8.3,11.87,3,1
18199.046,0.317,0.177,0.796,-17.73,-9.46,11.14,3,1
18199.062,0.346,0.142,0.792,-12.88,-5.65,9.31,3,1
18199.062,0.365,0.185,0.836,-11.26,1.83,6.35,3,1
18199.078,0.347,0.283,0.915,-15.93,5.95,2.53,3,1
18199.093,0.351,0.325,0.894,-23.59,4.09,1.16,3,1
18199.093,0.364,0.33,0.879,-30.85,3.69,1.92,3,1
18199.109,0.349,0.308,0.876,-31.59,7.29,4.21,3,1
18199.125,0.311,0.266,0.896,-28.75,9.92,7.78,3,1
18199.125,0.274,0.224,0.908,-25.7,7.72,13.28,3,1
18199.14,0.278,0.151,0.907,-23.96,0.82,19.44,3,1
18199.14,0.331,0.044,0.938,-17.7,-6.26,21.49,3,1
18199.156,0.359,-0.008,1.026,-1.98,-12.51,17.33,3,1
18199.171,0.423,0.02,1.064,17.27,-18.37,10.56,3,1
18199.171,0.463,0.134,1.102,32.35,-18.62,0.7,3,1
18199.187,0.449,0.2,1.1,44.77,-15.99,-8.3,3,1
18199.203,0.395,0.197,1.076,56.34,-18.16,-14.86,3,1
18199.203,0.316,0.186,1.063,68.76,-27.31,-18.01,3,1
18199.218,0.287,0.195,1.062,77.58,-41.78,-16.6,3,1
18199.218,0.361,0.202,1.044,82.06,-57.83,-15.08,3,1
18199.234,0.361,0.209,0.957,82.22,-69.22,-21.12,3,1
18199.25,0.36,0.224,0.889,81.15,-75.75,-27.31,3,1
18199.25,0.395,0.227,0.816,80.69,-79.01,-32.56,3,1
18199.265,0.417,0.261,0.746,79.44,-77.12,-39.67,3,1
18199.281,0.428,0.295,0.69,77.27,-71.02,-46.11,3,1
18199.281,0.44,0.338,0.666,72.51,-62.38,-51.18,3,1
18199.296,0.441,0.386,0.67,66.1,-53.29,-56.06,3,1
18199.312,0.433,0.431,0.688,57.5,-46.05,-59.66,3,1
18199.328,0.43,0.46,0.72,46.72,-41.72,-61.86,3,1
18199.328,0.426,0.484,0.75,33.91,-41.17,-64.12,3,1
18199.343,0.422,0.509,0.777,20.26,-43.79,-66.23,3,1
18199.343,0.425,0.504,0.793,9.13,-47.61,-66.41,3,1
18199.359,0.431,0.467,0.806,0.67,-51.7,-65.4,3,1
18199.375,0.451,0.439,0.825,-4.58,-55.7,-65.95,3,1
18199.375,0.459,0.425,0.828,-5.13,-59.39,-68.51,3,1
18199.39,0.459,0.394,0.831,-2.53,-62.47,-71.44,3,1
18199.39,0.472,0.368,0.828,1.53,-66.04,-75.32,3,1
18199.406,0.484,0.361,0.805,7.45,-68.54,-81.03,3,1
18199.421,0.486,0.381,0.76,12.82,-68.0,-86.76,3,1
18199.421,0.482,0.419,0.716,14.56,-63.51,-89.42,3,1
18199.437,0.484,0.438,0.669,12.88,-56.92,-90.88,3,1
18199.453,0.485,0.458,0.622,8.82,-48.74,-94.12,3,1
18199.468,0.479,0.478,0.595,3.42,-38.15,-98.51,3,1
18199.468,0.472,0.49,0.574,-1.74,-26.89,-104.1,3,1
18199.484,0.466,0.506,0.548,-7.11,-15.32,-110.93,3,1
18199.484,0.469,0.529,0.517,-14.86,-3.39,-117.95,3,1
18199.5,0.455,0.559,0.511,-28.17,11.41,-122.53,3,1
18199.515,0.42,0.577,0.527,-45.87,25.94,-127.11,3,1
18199.515,0.395,0.585,0.547,-60.98,38.7,-129.18,3,1
18199.531,0.381,0.668,0.595,-75.59,49.71,-123.54,3,1
18199.531,0.312,0.751,0.71,-106.81,55.06,-90.06,3,1
18199.546,0.174,0.635,0.836,-144.29,51.3,-71.44,3,1
18199.562,0.246,0.435,0.881,-151.55,31.4,-68.54,3,1
18199.578,0.252,0.343,0.951,-144.02,13.18,-66.41,3,1
18199.578,0.272,0.379,0.962,-128.36,0.52,-73.92,3,1
18199.593,0.273,0.374,0.94,-108.74,-7.72,-81.7,3,1
18199.593,0.279,0.354,0.917,-74.59,-6.01,-86.95,3,1
18199.609,0.27,0.391,0.862,-56.67,1.31,-86.03,3,1
18199.609,0.255,0.422,0.802,-42.02,12.12,-84.38,3,1
18199.625,0.231,0.46,0.777,-31.86,21.97,-79.71,3,1
18199.64,0.148,0.534,0.848,-23.07,26.03,-71.41,3,1
18199.656,0.097,0.532,0.886,-13.18,22.46,-62.32,3,1
18199.656,0.086,0.543,0.886,-3.48,13.64,-52.92,3,1
18199.671,0.089,0.573,0.87,1.56,3.36,-45.87,3,1
18199.671,0.103,0.607,0.85,-1.68,-4.15,-38.91,3,1
18199.687,0.131,0.603,0.851,-11.17,-7.48,-33.3,3,1
18199.703,0.158,0.563,0.856,-23.74,-7.42,-29.27,3,1
18199.703,0.183,0.527,0.862,-36.81,-5.01,-26.73,3,1
18199.718,0.205,0.474,0.867,-46.05,-2.47,-24.9,3,1
18199.718,0.211,0.425,0.891,-49.93,0.06,-22.92,3,1
18199.734,0.214,0.387,0.923,-46.66,1.53,-18.22,3,1
18199.75,0.208,0.363,0.937,-37.26,2.53,-12.51,3,1
18199.75,0.205,0.331,0.935,-23.9,4.7,-7.87,3,1
18199.765,0.211,0.31,0.946,-10.1,6.96,-5.62,3,1
18199.781,0.222,0.327,0.951,2.26,9.46,-6.35,3,1
18199.781,0.219,0.345,0.927,11.26,11.17,-6.74,3,1
18199.796,0.212,0.359,0.9,15.32,12.3,-5.74,3,1
18199.812,0.208,0.374,0.884,15.59,12.7,-3.51,3,1
18199.812,0.203,0.384,0.871,12.63,13.03,-1.59,3,1
18199.828,0.196,0.39,0.887,6.78,13.31,-1.16,3,1
18199.843,0.195,0.408,0.905,3.02,12.97,-2.17,3,1
18199.843,0.187,0.401,0.907,6.26,12.73,-1.95,3,1
18199.859,0.183,0.419,0.916,9.92,12.36,0.34,3,1
18199.859,0.191,0.429,0.914,13.73,11.9,1.86,3,1
18199.875,0.185,0.431,0.908,16.02,11.57,1.5,3,1
18199.89,0.184,0.449,0.897,14.34,9.86,0.31,3,1
18199.89,0.188,0.442,0.887,11.63,8.18,-0.76,3,1
18199.906,0.177,0.433,0.889,8.64,7.54,-1.5,3,1
18199.921,0.166,0.433,0.878,6.1,7.42,-0.89,3,1
18199.921,0.173,0.442,0.86,4.09,9.37,0.79,3,1
18199.937,0.171,0.441,0.858,0.55,12.6,1.1,3,1
18199.953,0.188,0.438,0.83,-2.93,15.17,1.1,3,1
18199.953,0.179,0.354,0.833,0.89,21.0,2.08,3,1
18199.968,0.094,0.468,0.903,-7.32,19.04,2.9,3,1
18199.968,0.141,0.481,0.921,-12.91,14.22,7.08,3,1
18199.984,0.099,0.427,0.896,-11.17,8.42,6.2,3,1
18200.0,0.101,0.402,0.901,-13.61,0.49,6.29,3,1
18200.0,0.135,0.396,0.896,-10.16,-6.35,7.08,3,1
18200.015,0.14,0.393,0.887,-3.72,-10.07,7.81,3,1
18200.031,0.132,0.385,0.902,1.71,-13.31,8.24,3,1
18200.031,0.129,0.36,0.915,7.23,-17.4,8.73,3,1
18200.046,0.136,0.361,0.934,12.45,-20.63,8.82,3,1
18200.062,0.147,0.373,0.956,17.4,-21.7,7.81,3,1
18200.062,0.152,0.369,0.965,20.66,-22.86,6.53,3,1
18200.078,0.135,0.376,0.989,23.13,-23.26,6.9,3,1
18200.093,0.144,0.406,1.0,23.8,-26.76,8.51,3,1
18200.093,0.195,0.317,0.932,36.84,-25.45,10.96,3,1
18200.109,0.151,0.347,0.964,48.07,-23.26,11.2,3,1
18200.125,0.118,0.481,0.935,55.54,-25.67,18.56,3,1
18200.125,0.177,0.475,0.904,60.85,-28.29,22.16,3,1
18200.14,0.188,0.447,0.922,49.9,-31.4,18.37,3,1
18200.14,0.177,0.45,0.911,37.54,-35.74,14.37,3,1
18200.156,0.203,0.449,0.889,28.32,-41.05,11.29,3,1
18200.171,0.235,0.441,0.874,18.86,-45.38,7.45,3,1
18200.171,0.25,0.452,0.859,9.34,-47.33,2.53,3,1
18200.187,0.281,0.461,0.835,4.03,-46.6,-1.31,3,1
18200.203,0.296,0.441,0.801,4.18,-43.0,-3.97,3,1
18200.203,0.299,0.436,0.784,8.3,-36.41,-4.82,3,1
18200.218,0.312,0.454,0.772,15.35,-29.51,-3.14,3,1
18200.234,0.329,0.512,0.694,21.06,-21.49,0.7,3,1
18200.234,0.281,0.503,0.674,5.07,-8.27,6.29,3,1
18200.25,0.255,0.383,0.662,-15.05,-3.08,1.89,3,1
18200.25,0.317,0.308,0.697,-14.5,-0.85,-2.59,3,1
18200.265,0.322,0.393,0.731,-8.7,2.5,-9.19,3,1
18200.281,0.333,0.454,0.73,-8.91,5.4,-13.15,3,1
18200.281,0.337,0.444,0.749,-8.58,9.77,-15.99,3,1
18200.296,0.323,0.445,0.798,-1.04,13.31,-16.51,3,1
18200.312,0.305,0.486,0.833,11.11,13.31,-14.8,3,1
18200.328,0.307,0.54,0.847,24.75,10.35,-10.68,3,1
18200.328,0.318,0.587,0.846,36.65,6.29,-5.19,3,1
18200.343,0.317,0.63,0.843,44.28,2.75,0.46,3,1
18200.343,0.312,0.658,0.83,45.56,-0.24,5.22,3,1
18200.359,0.3,0.665,0.806,39.92,-2.04,8.55,3,1
18200.375,0.291,0.64,0.773,30.03,-4.06,9.58,3,1
18200.375,0.29,0.607,0.744,19.81,-6.5,9.86,3,1
18200.39,0.283,0.584,0.728,10.65,-8.76,10.25,3,1
18200.39,0.286,0.562,0.723,2.23,-9.92,10.5,3,1
18200.406,0.296,0.542,0.725,-3.72,-8.94,10.38,3,1
18200.421,0.291,0.531,0.744,-6.26,-5.62,9.83,3,1
18200.421,0.282,0.522,0.769,-5.55,-1.68,10.28,3,1
18200.437,0.275,0.517,0.788,-2.96,2.23,11.47,3,1
18200.453,0.267,0.525,0.805,0.09,5.58,12.54,3,1
18200.453,0.26,0.532,0.812,1.77,7.48,12.88,3,1
18200.468,0.256,0.53,0.815,0.76,8.06,12.76,3,1
18200.484,0.249,0.516,0.82,-2.44,7.2,12.6,3,1
18200.484,0.25,0.51,0.823,-6.99,5.07,12.3,3,1
18200.5,0.255,0.505,0.826,-12.63,2.44,10.96,3,1
18200.5,0.259,0.495,0.83,-18.43,-0.52,8.39,3,1
18200.515,0.259,0.481,0.83,-24.38,-3.27,5.52,3,1
18200.531,0.259,0.474,0.833,-29.21,-5.62,3.36,3,1
18200.531,0.258,0.475,0.841,-31.83,-7.23,2.38,3,1
18200.546,0.258,0.466,0.84,-32.47,-8.15,2.29,3,1
18200.562,0.257,0.459,0.841,-31.59,-8.36,2.84,3,1
18200.562,0.259,0.454,0.846,-29.54,-8.03,3.08,3,1
18200.578,0.261,0.447,0.845,-26.7,-7.39,3.33,3,1
18200.593,0.263,0.443,0.848,-21.33,-5.86,4.67,3,1
18200.593,0.261,0.439,0.855,-19.5,-5.68,5.62,3,1
18200.609,0.261,0.439,0.861,-18.31,-5.98,5.95,3,1
18200.609,0.276,0.433,0.857,-17.85,-5.71,6.1,3,1
18200.625,0.277,0.417,0.864,-16.63,-5.62,5.55,3,1
18200.64,0.285,0.419,0.85,-15.53,-6.16,4.24,3,1
18200.64,0.291,0.42,0.844,-13.34,-5.74,3.63,3,1
18200.656,0.297,0.414,0.847,-11.47,-5.1,2.84,3,1
18200.671,0.3,0.413,0.845,-10.99,-4.49,2.81,3,1
18200.671,0.305,0.413,0.845,-10.65,-3.91,2.81,3,1
18200.687,0.303,0.411,0.853,-9.58,-3.36,2.59,3,1
18200.703,0.3,0.412,0.855,-8.09,-3.23,2.23,3,1
18200.703,0.301,0.416,0.852,-6.74,-3.42,1.83,3,1
18200.718,0.303,0.419,0.846,-5.07,-3.23,1.34,3,1
18200.734,0.307,0.421,0.839,-3.02,-2.2,0.92,3,1
18200.734,0.308,0.424,0.831,-1.13,-0.4,0.79,3,1
18200.75,0.311,0.425,0.824,0.76,1.74,1.28,3,1
18200.75,0.311,0.427,0.823,2.32,4.24,1.83,3,1
18200.765,0.306,0.43,0.828,3.42,6.68,2.23,3,1
18200.781,0.302,0.432,0.828,3.81,8.73,2.84,3,1
18200.781,0.299,0.434,0.831,4.06,10.5,3.42,3,1
18200.796,0.298,0.435,0.836,4.3,11.9,3.75,3,1
18200.812,0.286,0.438,0.841,4.21,13.03,3.6,3,1
18200.812,0.277,0.435,0.853,3.33,13.25,3.57,3,1
18200.828,0.276,0.442,0.862,2.59,12.27,3.75,3,1
18200.843,0.266,0.443,0.873,2.35,10.71,3.63,3,1
18200.843,0.258,0.442,0.884,1.62,7.78,3.42,3,1
18200.859,0.256,0.441,0.889,0.06,3.85,2.62,3,1
18200.875,0.26,0.441,0.879,-1.25,0.21,1.68,3,1
18200.875,0.262,0.433,0.866,-1.46,-2.5,1.43,3,1
18200.89,0.268,0.429,0.855,-0.76,-3.75,2.01,3,1
18200.89,0.277,0.429,0.846,0.31,-3.63,2.59,3,1
18200.906,0.283,0.426,0.842,1.53,-2.72,2.96,3,1
18200.921,0.283,0.426,0.84,2.66,-1.37,3.39,3,1
18200.921,0.284,0.429,0.842,3.51,-0.24,3.75,3,1
18200.937,0.284,0.435,0.847,4.15,0.46,3.85,3,1
18200.953,0.282,0.435,0.848,4.43,0.79,3.81,3,1
18200.953,0.283,0.434,0.849,4.18,0.89,3.45,3,1
18200.968,0.28,0.437,0.852,3.51,0.58,2.78,3,1
18200.968,0.28,0.435,0.85,2.56,0.0,1.92,3,1
18200.984,0.28,0.436,0.847,1.4,-0.73,1.34,3,1
18201.0,0.279,0.439,0.847,0.34,-1.31,0.85,3,1
18201.0,0.279,0.439,0.845,-0.55,-1.74,0.52,3,1
18201.015,0.283,0.44,0.843,-1.1,-1.98,0.43,3,1
18201.031,0.282,0.444,0.847,-1.13,-2.14,0.64,3,1
18201.031,0.281,0.448,0.849,-0.92,-2.41,1.19,3,1
18201.046,0.281,0.452,0.851,-0.64,-2.47,2.14,3,1
18201.062,0.281,0.453,0.853,-0.4,-2.87,2.99,3,1
18201.062,0.283,0.45,0.849,-0.34,-3.33,3.94,3,1
18201.078,0.285,0.444,0.842,-0.27,-3.66,4.58,3,1
18201.093,0.291,0.44,0.835,-0.37,-3.69,4.91,3,1
18201.093,0.297,0.437,0.829,-1.13,-3.05,5.25,3,1
18201.109,0.3,0.431,0.83,-2.29,-2.14,5.16,3,1
18201.109,0.301,0.429,0.83,-2.96,-0.95,5.1,3,1
18201.125,0.304,0.424,0.829,-2.93,0.34,5.07,3,1
18201.14,0.308,0.423,0.836,-2.62,1.86,5.04,3,1
18201.14,0.308,0.424,0.842,-1.92,3.36,4.67,3,1
18201.156,0.302,0.424,0.849,-0.73,4.61,4.3,3,1
18201.171,0.295,0.424,0.853,1.04,5.55,4.18,3,1
18201.171,0.29,0.432,0.856,3.08,6.04,4.64,3,1
18201.187,0.282,0.436,0.858,4.73,5.98,5.19,3,1
18201.203,0.275,0.434,0.858,6.1,5.49,5.89,3,1
18201.203,0.271,0.434,0.857,6.93,5.22,6.5,3,1
18201.218,0.268,0.434,0.853,7.35,4.7,7.08,3,1
18201.234,0.266,0.431,0.853,7.54,4.09,7.66,3,1
18201.234,0.267,0.431,0.853,7.45,3.57,8.0,3,1
18201.25,0.266,0.433,0.851,7.23,3.02,7.9,3,1
18201.25,0.266,0.433,0.851,6.68,2.14,7.63,3,1
18201.265,0.271,0.436,0.852,5.55,1.04,7.29,3,1
18201.281,0.275,0.436,0.847,4.15,-0.03,6.41,3,1
18201.281,0.283,0.43,0.842,2.29,-0.82,5.37,3,1
18201.296,0.291,0.428,0.838,0.52,-1.62,4.09,3,1
18201.312,0.299,0.43,0.835,-1.31,-1.74,2.44,3,1
18201.328,0.299,0.432,0.834,-2.72,-1.53,1.07,3,1
18201.328,0.303,0.433,0.834,-3.42,-1.28,0.06,3,1
18201.343,0.304,0.439,0.837,-3.69,-0.64,-0.67,3,1
18201.343,0.298,0.44,0.841,-3.36,-0.06,-1.13,3,1
18201.359,0.295,0.439,0.839,-3.17,0.4,-1.16,3,1
18201.375,0.293,0.437,0.838,-2.69,0.67,-1.01,3,1
18201.375,0.294,0.44,0.837,-2.17,1.19,-0.64,3,1
18201.39,0.292,0.437,0.836,-2.26,1.98,-0.24,3,1
18201.406,0.289,0.428,0.835,-2.66,2.93,0.21,3,1
18201.406,0.288,0.43,0.837,-2.99,4.0,0.52,3,1
18201.421,0.287,0.431,0.837,-3.2,5.22,0.49,3,1
18201.421,0.283,0.426,0.841,-3.17,6.59,0.55,3,1
18201.437,0.278,0.425,0.852,-2.93,7.45,1.04,3,1
18201.453,0.277,0.428,0.862,-1.95,7.87,1.59,3,1
18201.453,0.276,0.428,0.868,-0.85,8.15,2.08,3,1
18201.468,0.272,0.423,0.868,0.09,7.54,2.47,3,1
18201.468,0.272,0.422,0.869,1.04,6.56,2.9,3,1
18201.484,0.274,0.424,0.869,2.2,5.49,3.17,3,1
18201.5,0.276,0.424,0.864,3.14,4.27,3.08,3,1
18201.5,0.281,0.424,0.861,3.39,3.45,2.38,3,1
18201.515,0.279,0.42,0.858,3.36,2.62,1.37,3,1
18201.531,0.282,0.422,0.858,3.17,1.92,0.18,3,1
18201.531,0.283,0.426,0.854,3.27,1.22,-1.25,3,1
18201.546,0.278,0.427,0.846,3.05,0.89,-2.62,3,1
18201.562,0.28,0.431,0.844,2.66,0.49,-3.63,3,1
18201.562,0.277,0.437,0.845,1.68,0.03,-5.1,3,1
18201.578,0.273,0.445,0.847,0.82,-0.37,-5.55,3,1
18201.593,0.272,0.45,0.845,-0.46,-0.76,-5.55,3,1
18201.593,0.268,0.452,0.841,-1.86,-0.82,-5.28,3,1
18201.609,0.265,0.45,0.841,-2.99,-0.98,-4.73,3,1
18201.625,0.264,0.449,0.839,-3.88,-0.55,-4.09,3,1
18201.625,0.266,0.445,0.838,-4.49,0.09,-3.2,3,1
18201.64,0.267,0.437,0.839,-4.79,0.92,-2.04,3,1
18201.64,0.268,0.432,0.839,-5.22,2.11,-1.4,3,1
18201.656,0.269,0.428,0.841,-5.46,3.36,-0.85,3,1
18201.671,0.269,0.426,0.846,-5.68,4.55,-0.52,3,1
18201.671,0.268,0.424,0.855,-5.25,5.58,-0.34,3,1
18201.687,0.264,0.423,0.866,-4.36,6.2,0.09,3,1
18201.703,0.261,0.423,0.874,-2.96,6.2,0.79,3,1
18201.703,0.261,0.426,0.876,-1.28,5.95,1.53,3,1
18201.718,0.257,0.427,0.878,0.7,5.4,2.44,3,1
18201.734,0.254,0.424,0.874,3.2,4.79,3.51,3,1
18201.734,0.254,0.426,0.865,5.01,4.55,4.64,3,1
18201.75,0.254,0.429,0.856,5.62,4.21,5.52,3,1
18201.765,0.255,0.43,0.854,4.91,4.15,5.95,3,1
18201.765,0.257,0.43,0.859,4.15,4.27,6.2,3,1
18201.781,0.258,0.429,0.858,4.03,4.27,6.2,3,1
18201.781,0.259,0.431,0.857,4.3,4.09,6.29,3,1
18201.796,0.262,0.431,0.862,4.61,4.0,6.53,3,1
18201.812,0.266,0.43,0.864,5.01,3.91,6.53,3,1
18201.812,0.269,0.429,0.861,5.34,3.39,6.07,3,1
18201.828,0.273,0.427,0.859,5.62,2.81,5.13,3,1
18201.843,0.271,0.428,0.855,5.77,2.56,4.06,3,1
18201.843,0.272,0.427,0.85,5.92,2.32,3.02,3,1
18201.859,0.275,0.431,0.845,5.8,2.35,1.86,3,1
18201.859,0.272,0.435,0.84,5.13,2.62,0.24,3,1
18201.875,0.269,0.439,0.835,4.03,2.81,-1.28,3,1
18201.89,0.268,0.449,0.837,2.69,3.08,-2.32,3,1
18201.89,0.263,0.455,0.839,1.04,3.48,-2.87,3,1
18201.906,0.258,0.457,0.839,-0.46,4.09,-3.08,3,1
18201.921,0.246,0.453,0.844,-1.43,4.39,-2.59,3,1
18201.937,0.248,0.453,0.851,-2.04,4.27,-1.71,3,1
18201.937,0.246,0.449,0.855,-2.44,4.27,-0.98,3,1
18201.953,0.24,0.443,0.861,-3.02,4.12,-0.37,3,1
18201.953,0.237,0.436,0.865,-3.54,3.48,0.12,3,1
18201.968,0.234,0.429,0.872,-3.39,2.96,0.61,3,1
18201.984,0.234,0.423,0.873,-2.59,2.2,1.16,3,1
18201.984,0.238,0.42,0.876,-1.4,1.5,1.83,3,1
18202.0,0.243,0.42,0.878,-0.4,0.89,2.2,3,1
18202.0,0.247,0.417,0.877,0.85,0.12,2.47,3,1
18202.015,0.25,0.419,0.877,2.14,-0.64,2.59,3,1
18202.031,0.254,0.426,0.875,3.57,-1.5,2.75,3,1
18202.031,0.258,0.432,0.873,5.1,-2.14,2.81,3,1
18202.046,0.262,0.428,0.862,5.98,-2.5,2.35,3,1
18202.062,0.266,0.428,0.855,6.53,-2.84,1.5,3,1
18202.062,0.274,0.431,0.849,6.9,-2.59,0.58,3,1
18202.078,0.275,0.431,0.841,7.2,-1.86,-0.43,3,1
18202.093,0.269,0.435,0.833,7.29,-1.04,-1.83,3,1
18202.093,0.267,0.438,0.827,7.14,-0.15,-3.2,3,1
18202.109,0.257,0.448,0.824,6.04,0.89,-4.49,3,1
18202.125,0.256,0.458,0.824,4.33,1.92,-5.37,3,1
18202.125,0.249,0.464,0.826,2.66,2.84,-5.89,3,1
18202.14,0.244,0.469,0.828,0.64,3.42,-5.89,3,1
18202.156,0.243,0.477,0.834,-1.59,4.06,-5.49,3,1
18202.156,0.236,0.477,0.838,-4.0,4.55,-4.76,3,1
18202.171,0.236,0.471,0.848,-6.1,4.09,-3.57,3,1
18202.171,0.236,0.465,0.858,-8.12,3.2,-2.81,3,1
18202.187,0.239,0.454,0.862,-9.74,2.26,-2.26,3,1
18202.203,0.246,0.445,0.863,-10.59,1.34,-1.92,3,1
18202.203,0.247,0.434,0.862,-11.02,0.89,-1.92,3,1
18202.218,0.245,0.426,0.862,-10.83,0.82,-1.77,3,1
18202.218,0.242,0.421,0.87,-9.67,0.79,-1.4,3,1
18202.234,0.245,0.421,0.88,-7.93,0.85,-0.43,3,1
18202.25,0.243,0.421,0.886,-5.83,1.19,0.18,3,1
18202.25,0.241,0.411,0.887,-3.66,1.16,0.7,3,1
18202.265,0.242,0.403,0.88,-1.04,0.64,1.04,3,1
18202.281,0.245,0.402,0.87,1.65,0.46,1.16,3,1
18202.296,0.243,0.408,0.863,3.48,0.79,0.92,3,1
18202.296,0.244,0.415,0.862,4.79,1.04,0.7,3,1
18202.312,0.24,0.429,0.863,5.92,1.62,0.85,3,1
18202.312,0.24,0.439,0.862,7.2,2.01,1.25,3,1
18202.328,0.242,0.444,0.86,8.39,2.44,1.5,3,1
18202.343,0.239,0.447,0.851,9.09,2.87,1.19,3,1
18202.343,0.237,0.447,0.851,9.49,3.11,1.07,3,1
18202.359,0.237,0.449,0.85,9.16,3.33,0.92,3,1
18202.375,0.236,0.448,0.841,8.18,3.23,0.79,3,1
18202.375,0.237,0.451,0.84,6.65,3.23,0.89,3,1
18202.39,0.236,0.454,0.854,5.16,3.23,0.4,3,1
18202.39,0.234,0.455,0.858,4.03,2.26,-0.49,3,1
18202.406,0.238,0.455,0.854,2.32,0.82,-1.37,3,1
18202.421,0.242,0.456,0.848,0.43,-0.18,-2.35,3,1
18202.421,0.241,0.453,0.843,-0.67,-0.34,-2.84,3,1
18202.437,0.239,0.452,0.842,-2.2,-0.27,-3.2,3,1
18202.453,0.247,0.45,0.793,-3.39,0.24,-3.66,3,1
18202.453,0.264,0.458,0.813,-5.28,3.36,-2.93,3,1
18202.468,0.27,0.436,0.831,-8.3,5.58,-4.12,3,1
18202.468,0.245,0.438,0.828,-11.41,7.35,-8.0,3,1
18202.484,0.239,0.437,0.832,-12.79,9.0,-8.51,3,1
18202.5,0.245,0.448,0.848,-13.12,10.77,-8.12,3,1
18202.515,0.226,0.455,0.871,-12.67,12.45,-6.96,3,1
18202.515,0.216,0.45,0.881,-11.57,12.57,-5.07,3,1
18202.531,0.215,0.437,0.886,-9.31,12.57,-3.6,3,1
18202.531,0.212,0.424,0.886,-5.92,12.73,-2.17,3,1
18202.546,0.207,0.414,0.885,-1.16,12.48,-0.12,3,1
18202.562,0.204,0.401,0.883,0.15,12.3,-0.46,3,1
18202.562,0.208,0.4,0.88,0.7,12.18,-1.8,3,1
18202.578,0.202,0.4,0.884,1.22,11.47,-3.17,3,1
18202.593,0.204,0.41,0.887,2.01,10.25,-4.73,3,1
18202.593,0.195,0.418,0.889,3.02,9.22,-6.38,3,1
18202.609,0.191,0.426,0.896,4.3,7.72,-6.5,3,1
18202.625,0.195,0.433,0.894,6.04,5.86,-5.65,3,1
18202.625,0.2,0.444,0.889,7.75,4.24,-5.07,3,1
18202.64,0.204,0.444,0.875,8.79,2.87,-4.91,3,1
18202.64,0.207,0.442,0.869,8.7,2.32,-5.49,3,1
18202.656,0.21,0.44,0.861,8.21,1.95,-6.5,3,1
18202.671,0.215,0.437,0.845,7.11,1.86,-8.55,3,1
18202.671,0.21,0.437,0.838,4.91,2.23,-10.93,3,1
18202.687,0.21,0.446,0.833,2.29,2.93,-13.18,3,1
18202.703,0.204,0.459,0.835,-0.85,4.06,-15.14,3,1
18202.703,0.193,0.48,0.848,-3.78,5.13,-15.44,3,1
18202.718,0.178,0.497,0.855,-4.85,6.01,-13.43,3,1
18202.734,0.166,0.497,0.864,-5.34,6.16,-10.22,3,1
18202.734,0.161,0.492,0.871,-6.59,5.74,-6.96,3,1
18202.75,0.157,0.472,0.882,-8.58,4.49,-4.55,3,1
18202.765,0.157,0.455,0.883,-10.56,2.29,-3.27,3,1
18202.765,0.161,0.443,0.871,-12.15,0.06,-2.78,3,1
18202.781,0.16,0.441,0.868,-13.25,-0.82,-2.29,3,1
18202.781,0.161,0.439,0.873,-13.46,-0.76,-1.1,3,1
18202.796,0.162,0.431,0.88,-13.46,-0.92,-0.15,3,1
18202.812,0.169,0.42,0.887,-13.15,-1.22,0.92,3,1
18202.828,0.174,0.413,0.893,-12.05,-1.5,1.89,3,1
18202.828,0.179,0.406,0.898,-9.92,-1.92,2.87,3,1
18202.843,0.184,0.399,0.904,-7.35,-1.92,3.81,3,1
18202.843,0.188,0.397,0.902,-4.24,-1.95,4.33,3,1
18202.859,0.195,0.396,0.899,-0.64,-1.53,4.55,3,1
18202.875,0.192,0.401,0.899,2.56,-1.16,4.03,3,1
18202.875,0.189,0.409,0.897,5.52,-1.04,3.48,3,1
18202.89,0.192,0.413,0.891,8.06,-0.7,3.23,3,1
18202.89,0.192,0.419,0.879,9.49,-0.73,2.75,3,1
18202.906,0.193,0.425,0.868,9.8,-0.82,1.95,3,1
18202.921,0.195,0.432,0.861,9.25,-0.73,1.4,3,1
18202.921,0.194,0.442,0.857,7.78,-0.55,0.67,3,1
18202.937,0.193,0.446,0.852,5.98,-0.27,-0.27,3,1
18202.953,0.187,0.452,0.853,4.15,0.0,-1.19,3,1
18202.953,0.182,0.461,0.86,2.08,0.31,-1.98,3,1
18202.968,0.174,0.459,0.864,0.09,0.06,-2.29,3,1
18202.968,0.173,0.454,0.865,-1.65,-0.4,-2.29,3,1
18202.984,0.176,0.449,0.865,-2.93,-0.55,-2.29,3,1
18203.0,0.174,0.445,0.865,-4.27,-0.79,-2.14,3,1
18203.0,0.178,0.442,0.873,-5.55,-1.01,-1.68,3,1
18203.015,0.18,0.442,0.876,-6.47,-1.34,-1.16,3,1
18203.031,0.187,0.433,0.878,-6.56,-1.56,-0.92,3,1
18203.046,0.185,0.432,0.879,-6.5,-1.19,-0.85,3,1
18203.046,0.185,0.417,0.88,-6.16,-1.13,-0.34,3,1
18203.062,0.188,0.411,0.886,-5.25,-1.04,0.58,3,1
18203.062,0.188,0.408,0.886,-4.21,-0.82,0.61,3,1
18203.078,0.187,0.403,0.888,-2.66,-0.43,0.55,3,1
18203.093,0.185,0.403,0.893,-0.92,-0.09,0.7,3,1
18203.093,0.187,0.406,0.895,1.1,-0.03,0.73,3,1
18203.109,0.186,0.414,0.892,2.96,-0.15,0.61,3,1
18203.125,0.182,0.42,0.889,4.79,-0.21,0.67,3,1
18203.125,0.179,0.428,0.88,6.13,-0.43,0.76,3,1
18203.14,0.178,0.434,0.876,6.65,-0.76,0.76,3,1
18203.14,0.179,0.441,0.867,6.38,-0.76,0.67,3,1
18203.156,0.183,0.444,0.862,5.31,-0.82,0.58,3,1
18203.171,0.185,0.445,0.862,3.81,-1.07,0.31,3,1
18203.171,0.184,0.448,0.861,2.11,-1.34,-0.09,3,1
18203.187,0.185,0.45,0.862,0.34,-1.86,-0.46,3,1
18203.203,0.188,0.449,0.865,-1.22,-2.14,-0.7,3,1
18203.203,0.187,0.449,0.866,-2.72,-1.89,-1.1,3,1
18203.218,0.187,0.441,0.868,-3.85,-1.95,-1.22,3,1
18203.218,0.185,0.428,0.866,-4.3,-1.95,-1.34,3,1
18203.234,0.183,0.421,0.867,-4.55,-1.83,-1.4,3,1
18203.25,0.186,0.42,0.874,-5.01,-1.22,-1.65,3,1
18203.25,0.183,0.419,0.882,-4.79,-1.16,-1.77,3,1
18203.265,0.183,0.418,0.879,-4.0,-1.01,-1.37,3,1
18203.281,0.18,0.421,0.885,-3.27,-0.58,-1.07,3,1
18203.281,0.183,0.417,0.894,-1.74,-0.43,-0.64,3,1
18203.296,0.183,0.421,0.893,-0.12,-0.43,-0.61,3,1
18203.312,0.184,0.423,0.889,1.16,-0.49,-0.61,3,1
18203.312,0.187,0.419,0.881,2.72,-0.49,-0.76,3,1
18203.328,0.187,0.422,0.878,3.45,0.31,-0.98,3,1
18203.343,0.184,0.434,0.872,3.57,0.95,-0.89,3,1
18203.343,0.178,0.438,0.867,3.39,1.1,-0.21,3,1
18203.359,0.177,0.439,0.869,2.35,1.16,0.76,3,1
18203.359,0.177,0.442,0.868,1.01,1.16,1.28,3,1
18203.375,0.178,0.443,0.869,-0.18,1.07,1.56,3,1
18203.39,0.179,0.441,0.871,-1.19,0.85,1.86,3,1
18203.39,0.181,0.437,0.872,-2.26,0.76,2.08,3,1
18203.406,0.181,0.432,0.874,-3.17,0.52,1.92,3,1
18203.421,0.181,0.428,0.876,-3.63,0.24,1.68,3,1
18203.421,0.185,0.425,0.88,-3.85,-0.09,1.4,3,1
18203.437,0.192,0.422,0.884,-3.6,0.18,0.79,3,1
18203.453,0.191,0.427,0.896,-2.44,0.18,-0.21,3,1
18203.453,0.189,0.428,0.898,-1.56,-0.64,-1.71,3,1
18203.468,0.185,0.428,0.898,-1.46,-0.98,-3.08,3,1
18203.484,0.184,0.467,0.889,-3.6,-1.13,-3.72,3,1
18203.484,0.191,0.492,0.865,-7.05,-0.92,-3.63,3,1
18203.5,0.182,0.47,0.854,-12.02,0.15,-2.81,3,1
18203.5,0.233,0.398,0.766,-16.6,0.98,-2.04,3,1
18203.515,0.191,0.411,0.799,-23.01,5.89,-6.47,3,1
18203.531,0.102,0.458,0.925,-20.72,8.76,-3.3,3,1
18203.531,0.155,0.453,0.924,-27.95,-4.79,-1.07,3,1
18203.546,0.151,0.432,0.887,-29.27,-8.0,-0.52,3,1
18203.562,0.157,0.391,0.896,-24.08,-8.36,0.52,3,1
18203.562,0.162,0.339,0.905,-18.74,-7.48,0.43,3,1
18203.578,0.161,0.334,0.925,-14.89,-7.54,-0.09,3,1
18203.593,0.172,0.341,0.935,-9.03,-7.2,0.46,3,1
18203.593,0.177,0.339,0.926,-0.82,-6.2,1.4,3,1
18203.609,0.179,0.349,0.926,5.8,-4.97,2.53,3,1
18203.625,0.181,0.354,0.927,10.77,-4.55,3.42,3,1
18203.625,0.177,0.363,0.937,14.19,-4.91,3.69,3,1
18203.64,0.13,0.403,0.961,17.79,-7.02,4.09,3,1
18203.64,0.219,0.358,0.906,20.81,-11.75,7.48,3,1
18203.656,0.24,0.394,0.83,18.86,-12.21,1.53,3,1
18203.671,0.187,0.43,0.86,19.32,-5.46,0.21,3,1
18203.671,0.207,0.445,0.878,18.31,-4.94,2.35,3,1
18203.687,0.206,0.456,0.861,14.28,-5.01,2.81,3,1
18203.703,0.196,0.463,0.853,8.97,-5.01,2.29,3,1
18203.703,0.203,0.449,0.873,3.81,-5.55,2.14,3,1
18203.718,0.207,0.433,0.867,-0.55,-7.6,0.79,3,1
18203.734,0.218,0.424,0.862,-6.01,-9.19,-1.86,3,1
18203.734,0.209,0.429,0.859,-8.3,-8.21,-2.81,3,1
18203.75,0.221,0.414,0.85,-7.78,-6.13,-2.87,3,1
18203.75,0.214,0.408,0.847,-7.63,-3.3,-3.05,3,1
18203.765,0.207,0.404,0.849,-6.71,0.12,-2.41,3,1
18203.781,0.202,0.402,0.858,-5.74,3.36,-1.4,3,1
18203.781,0.194,0.406,0.873,-4.43,5.95,-0.58,3,1
18203.796,0.19,0.402,0.883,-3.63,7.11,-0.18,3,1
18203.812,0.182,0.392,0.894,-3.75,7.17,-0.31,3,1
18203.812,0.175,0.384,0.91,-3.91,6.01,-1.04,3,1
18203.828,0.17,0.386,0.928,-4.18,3.57,-2.59,3,1
18203.843,0.169,0.384,0.947,-4.94,-0.43,-4.61,3,1
18203.843,0.173,0.376,0.943,-5.07,-5.28,-6.87,3,1
18203.859,0.176,0.385,0.933,-4.18,-9.09,-8.58,3,1
18203.859,0.187,0.385,0.919,-2.81,-11.84,-9.64,3,1
18203.875,0.193,0.381,0.909,-1.86,-13.34,-9.98,3,1
18203.89,0.199,0.386,0.897,-0.09,-13.55,-9.58,3,1
18203.89,0.211,0.394,0.884,2.78,-12.48,-8.91,3,1
18203.906,0.215,0.397,0.875,5.34,-10.62,-8.15,3,1
18203.921,0.218,0.401,0.878,7.29,-8.79,-7.45,3,1
18203.921,0.226,0.403,0.886,8.88,-7.11,-6.62,3,1
18203.937,0.23,0.398,0.888,10.65,-5.34,-6.26,3,1
18203.953,0.237,0.391,0.887,13.28,-3.63,-6.38,3,1
18203.953,0.245,0.395,0.897,16.69,-1.59,-6.93,3,1
18203.968,0.257,0.4,0.918,20.45,-0.24,-7.72,3,1
18203.984,0.261,0.404,0.937,24.81,0.09,-9.13,3,1
18203.984,0.266,0.388,0.951,29.36,0.21,-10.71,3,1
18204.0,0.268,0.365,0.971,33.69,1.34,-13.7,3,1
18204.0,0.268,0.348,0.983,38.36,2.32,-18.83,3,1
18204.015,0.285,0.36,0.991,41.57,2.29,-25.03,3,1
18204.031,0.273,0.391,0.981,42.09,0.64,-31.04,3,1
18204.031,0.234,0.407,0.95,40.93,-1.37,-37.6,3,1
18204.046,0.234,0.425,0.915,37.81,-2.84,-42.6,3,1
18204.062,0.237,0.474,0.87,31.16,-3.17,-44.1,3,1
18204.078,0.409,0.609,0.878,21.52,-3.2,-38.24,3,1
18204.078,0.242,0.661,0.855,-0.52,-13.67,-2.14,3,1
18204.093,0.178,0.58,0.833,-16.63,-12.7,-11.41,3,1
18204.093,0.341,0.501,0.847,-43.67,-12.3,-11.51,3,1
18204.109,0.276,0.473,0.815,-63.45,-8.61,-24.63,3,1
18204.109,0.272,0.4,0.811,-75.99,-1.04,-41.47,3,1
18204.125,0.26,0.417,0.822,-83.59,9.89,-53.74,3,1
18204.14,0.237,0.395,0.834,-82.03,20.23,-62.41,3,1
18204.14,0.226,0.395,0.851,-74.4,28.2,-66.35,3,1
18204.156,0.199,0.413,0.826,-63.14,32.99,-67.08,3,1
18204.171,0.157,0.417,0.801,-51.18,36.41,-65.07,3,1
18204.187,0.126,0.405,0.786,-40.28,38.3,-59.05,3,1
18204.187,0.109,0.405,0.771,-30.73,39.4,-53.83,3,1
18204.203,0.087,0.41,0.753,-23.01,38.51,-49.29,3,1
18204.203,0.068,0.39,0.727,-17.98,35.86,-44.37,3,1
18204.218,0.05,0.37,0.706,-15.63,33.11,-41.44,3,1
18204.234,0.03,0.356,0.69,-16.82,31.34,-40.83,3,1
18204.234,0.013,0.337,0.684,-21.85,30.24,-43.67,3,1
18204.25,0.002,0.335,0.674,-30.09,30.76,-50.11,3,1
18204.265,-0.008,0.35,0.664,-41.47,34.64,-58.69,3,1
18204.265,-0.019,0.372,0.658,-54.63,43.28,-65.58,3,1
18204.281,-0.082,0.326,0.627,-64.15,56.31,-65.61,3,1
18204.281,-0.215,0.289,0.726,-62.38,72.6,-56.37,3,1
18204.296,-0.572,0.582,1.357,-42.94,77.52,-32.9,3,1
18204.312,-0.672,0.678,1.786,-8.39,37.42,14.04,3,1
18204.312,-0.386,0.392,1.411,-7.08,-33.94,33.75,3,1
18204.328,-0.223,0.28,1.057,-48.74,-69.06,22.31,3,1
18204.343,-0.094,0.2,1.085,-69.34,-68.3,12.24,3,1
18204.343,-0.077,0.019,1.159,-37.14,-59.63,5.68,3,1
18204.359,-0.159,-0.031,1.147,21.24,-56.86,5.77,3,1
18204.375,-0.137,0.137,1.138,71.17,-64.85,12.7,3,1
18204.375,-0.09,0.285,1.119,97.93,-77.3,18.13,3,1
18204.39,-0.15,0.369,1.063,109.87,-86.76,22.52,3,1
18204.39,-0.095,0.345,0.961,110.32,-94.97,32.35,3,1
18204.406,-0.042,0.418,0.948,92.1,-101.47,30.3,3,1
18204.421,0.04,0.447,0.889,67.87,-106.6,23.22,3,1
18204.421,0.103,0.436,0.809,37.51,-111.48,12.51,3,1
18204.437,0.152,0.45,0.781,8.06,-111.76,3.3,3,1
18204.453,0.217,0.43,0.748,-13.52,-109.78,-1.1,3,1
18204.468,0.265,0.391,0.726,-27.56,-105.11,-2.87,3,1
18204.468,0.292,0.358,0.722,-31.31,-97.51,-2.23,3,1
18204.484,0.32,0.321,0.69,-26.86,-88.32,-0.67,3,1
18204.484,0.381,0.327,0.652,-18.83,-74.71,-1.04,3,1
18204.5,0.419,0.331,0.625,-7.48,-55.57,-2.81,3,1
18204.515,0.404,0.325,0.617,4.73,-35.92,-5.01,3,1
18204.515,0.39,0.329,0.625,21.67,-6.68,-3.6,3,1
18204.531,0.381,0.344,0.629,21.97,1.71,-4.94,3,1
18204.531,0.387,0.366,0.629,13.58,8.73,-9.86,3,1
18204.546,0.412,0.4,0.597,-3.81,19.78,-17.82,3,1
18204.562,0.423,0.456,0.556,-29.45,36.74,-26.18,3,1
18204.562,0.393,0.466,0.641,-55.24,57.56,-33.81,3,1
18204.578,0.136,0.622,1.214,-63.3,72.51,-35.58,3,1
18204.593,-0.156,0.781,1.81,-35.65,47.0,-12.67,3,1
18204.593,0.109,0.754,1.575,-29.51,-14.1,15.32,3,1
18204.609,0.287,0.746,1.112,-69.77,-44.43,16.91,3,1
18204.609,0.292,0.471,0.875,-90.95,-41.69,12.91,3,1
18204.625,0.305,0.121,0.763,-69.92,-33.11,10.96,3,1
18204.64,0.273,0.088,0.741,-32.78,-23.07,7.08,3,1
18204.64,0.253,0.246,0.747,-3.51,-20.36,5.07,3,1
18204.656,0.295,0.272,0.765,5.34,-22.1,6.84,3,1
18204.671,0.293,0.271,0.884,-5.34,-20.81,7.72,3,1
18204.671,0.266,0.263,1.017,-19.96,-17.88,10.13,3,1
18204.687,0.267,0.207,1.094,-26.03,-18.01,11.81,3,1
18204.703,0.263,0.166,1.098,-18.65,-19.01,10.01,3,1
18204.703,0.25,0.17,1.083,-2.53,-20.11,8.15,3,1
18204.718,0.238,0.168,1.037,16.36,-23.62,7.66,3,1
18204.734,0.26,0.24,0.976,38.42,-28.05,9.16,3,1
18204.734,0.295,0.291,0.858,70.13,-17.85,26.46,3,1
18204.75,0.272,0.282,0.833,73.73,-12.45,23.29,3,1
18204.75,0.28,0.354,0.853,57.44,-12.36,15.29,3,1
18204.765,0.288,0.37,0.826,40.68,-11.93,10.1,3,1
18204.781,0.263,0.37,0.818,25.57,-11.63,3.57,3,1
18204.781,0.281,0.37,0.814,14.25,-10.41,1.1,3,1
18204.796,0.286,0.384,0.827,8.61,-7.35,-1.07,3,1
18204.812,0.283,0.401,0.83,8.51,-2.59,-0.82,3,1
18204.812,0.293,0.403,0.84,11.08,2.26,1.4,3,1
18204.828,0.295,0.41,0.841,15.02,7.75,4.3,3,1
18204.843,0.297,0.415,0.84,17.43,12.73,7.29,3,1
18204.843,0.286,0.417,0.84,16.54,16.08,9.8,3,1
18204.859,0.279,0.412,0.846,13.21,17.3,11.23,3,1
18204.875,0.275,0.411,0.863,8.0,17.18,11.26,3,1
18204.875,0.26,0.404,0.877,1.62,15.72,10.25,3,1
18204.89,0.258,0.396,0.893,-5.31,12.45,8.45,3,1
18204.89,0.264,0.384,0.902,-10.5,9.49,6.93,3,1
18204.906,0.268,0.371,0.915,-13.12,7.32,6.35,3,1
18204.921,0.265,0.359,0.928,-12.36,5.55,7.08,3,1
18204.921,0.264,0.348,0.924,-9.03,3.78,8.67,3,1
18204.937,0.268,0.341,0.916,-5.55,2.23,9.37,3,1
18204.953,0.27,0.338,0.91,-2.9,1.25,8.61,3,1
18204.953,0.27,0.339,0.908,-1.43,0.34,6.9,3,1
18204.968,0.266,0.337,0.903,-0.34,-0.15,5.16,3,1
18204.968,0.259,0.333,0.901,1.01,-0.58,4.0,3,1
18204.984,0.256,0.335,0.9,2.35,-1.28,3.2,3,1
18205.0,0.255,0.345,0.899,2.96,-2.2,2.14,3,1
18205.0,0.251,0.35,0.898,2.56,-3.05,0.73,3,1
18205.015,0.249,0.35,0.897,1.43,-3.72,-0.76,3,1
18205.031,0.248,0.349,0.893,0.73,-4.76,-1.83,3,1
18205.031,0.255,0.359,0.884,-0.09,-5.19,-2.11,3,1
18205.046,0.258,0.362,0.879,-0.4,-5.34,-2.11,3,1
18205.062,0.267,0.367,0.881,-0.64,-5.28,-1.77,3,1
18205.062,0.275,0.373,0.881,-0.37,-4.91,-1.46,3,1
18205.078,0.282,0.369,0.878,0.12,-4.06,-0.82,3,1
18205.093,0.296,0.367,0.878,0.76,-2.14,-0.31,3,1
18205.093,0.308,0.361,0.871,1.53,0.92,-0.67,3,1
18205.109,0.316,0.344,0.856,2.11,4.91,-2.47,3,1
18205.109,0.341,0.339,0.792,-0.21,11.93,-5.89,3,1
18205.125,0.376,0.357,0.7,-7.17,25.27,-11.08,3,1
18205.14,0.392,0.349,0.61,-13.06,44.59,-16.05,3,1
18205.156,0.287,0.351,0.668,-10.9,67.02,-17.91,3,1
18205.156,0.225,0.344,0.98,-6.74,75.75,-11.57,3,1
18205.171,0.048,0.502,1.215,-13.4,55.15,-6.47,3,1
18205.171,0.074,0.501,1.255,-25.82,21.82,4.61,3,1
18205.187,0.178,0.427,1.05,-37.17,-8.64,3.91,3,1
18205.203,0.193,0.372,0.931,-40.53,-16.11,2.26,3,1
18205.203,0.21,0.28,0.871,-26.8,-16.14,3.48,3,1
18205.218,0.222,0.221,0.846,-6.78,-10.68,5.22,3,1
18205.234,0.201,0.254,0.87,4.52,-5.68,4.06,3,1
18205.234,0.196,0.287,0.92,4.88,-5.52,2.38,3,1
18205.25,0.199,0.282,0.963,1.86,-8.24,0.79,3,1
18205.265,0.197,0.283,0.987,3.94,-11.69,-0.09,3,1
18205.265,0.207,0.295,0.987,12.97,-14.77,1.13,3,1
18205.281,0.223,0.315,0.969,22.61,-16.91,2.87,3,1
18205.281,0.192,0.354,0.986,29.36,-18.28,3.97,3,1
18205.296,0.259,0.3,0.913,31.56,-23.38,6.04,3,1
18205.312,0.259,0.351,0.835,27.89,-23.68,3.02,3,1
18205.312,0.242,0.373,0.891,30.18,-18.4,4.58,3,1
18205.328,0.253,0.383,0.884,33.27,-19.29,7.57,3,1
18205.343,0.28,0.403,0.838,29.21,-17.49,11.69,3,1
18205.343,0.283,0.404,0.843,21.03,-15.69,9.13,3,1
18205.359,0.296,0.391,0.834,15.99,-13.43,7.29,3,1
18205.359,0.298,0.386,0.812,12.27,-10.71,5.68,3,1
18205.375,0.311,0.392,0.795,8.51,-6.35,5.1,3,1
18205.39,0.317,0.385,0.793,5.71,0.0,4.61,3,1
18205.39,0.303,0.394,0.804,4.49,6.07,3.78,3,1
18205.406,0.299,0.402,0.823,2.81,10.47,3.91,3,1
18205.421,0.289,0.406,0.848,0.7,13.73,4.3,3,1
18205.421,0.275,0.407,0.87,-0.52,16.17,5.1,3,1
18205.437,0.264,0.401,0.886,-0.06,17.43,6.16,3,1
18205.453,0.249,0.394,0.898,1.62,17.7,7.39,3,1
18205.453,0.236,0.388,0.916,3.36,16.69,8.24,3,1
18205.468,0.226,0.393,0.931,4.21,13.82,8.51,3,1
18205.484,0.22,0.399,0.935,2.69,9.52,8.27,3,1
18205.484,0.215,0.39,0.932,-0.55,4.49,7.32,3,1
18205.5,0.219,0.379,0.924,-3.94,-0.37,6.47,3,1
18205.515,0.229,0.369,0.91,-5.95,-5.71,6.5,3,1
18205.515,0.243,0.361,0.897,-5.01,-5.49,6.96,3,1
18205.531,0.25,0.349,0.884,-2.99,-4.18,7.78,3,1
18205.531,0.27,0.342,0.875,-0.34,-1.83,8.18,3,1
18205.546,0.272,0.349,0.877,2.17,0.46,8.12,3,1
18205.562,0.27,0.358,0.881,4.3,2.35,7.84,3,1
18205.562,0.266,0.362,0.886,6.1,3.39,7.23,3,1
18205.578,0.263,0.375,0.894,7.26,3.54,6.56,3,1
18205.593,0.254,0.387,0.903,7.93,2.9,5.77,3,1
18205.593,0.249,0.39,0.906,8.18,1.37,5.34,3,1
18205.609,0.245,0.393,0.905,8.12,-0.85,5.22,3,1
18205.625,0.245,0.399,0.899,7.6,-3.36,4.94,3,1
18205.625,0.249,0.397,0.882,6.04,-5.22,4.58,3,1
18205.64,0.255,0.389,0.865,3.75,-6.04,4.61,3,1
18205.64,0.261,0.379,0.854,1.62,-5.77,4.82,3,1
18205.656,0.271,0.373,0.846,-0.12,-4.46,4.97,3,1
18205.671,0.276,0.369,0.844,-1.56,-1.98,5.04,3,1
18205.671,0.277,0.364,0.851,-2.5,0.95,4.91,3,1
18205.687,0.276,0.365,0.859,-2.56,3.51,4.94,3,1
18205.703,0.275,0.366,0.867,-1.98,5.55,5.07,3,1
18205.703,0.275,0.366,0.876,-1.19,7.35,4.88,3,1
18205.718,0.266,0.369,0.896,-0.18,8.51,4.12,3,1
18205.734,0.255,0.372,0.912,0.95,8.0,3.33,3,1
18205.734,0.248,0.38,0.924,1.56,5.49,2.78,3,1
18205.75,0.242,0.383,0.929,1.46,2.01,1.86,3,1
18205.75,0.24,0.385,0.923,1.22,-1.43,1.1,3,1
18205.765,0.245,0.385,0.909,1.5,-4.46,0.92,3,1
18205.781,0.25,0.381,0.893,2.17,-6.47,1.13,3,1
18205.781,0.259,0.378,0.873,2.96,-6.84,1.4,3,1
18205.796,0.268,0.379,0.853,3.23,-5.58,1.89,3,1
18205.812,0.271,0.375,0.843,2.66,-3.48,2.04,3,1
18205.812,0.268,0.37,0.842,1.5,-0.79,1.77,3,1
18205.828,0.271,0.368,0.851,0.03,1.59,1.19,3,1
18205.843,0.267,0.371,0.865,-1.59,3.11,0.24,3,1
18205.843,0.262,0.37,0.88,-2.96,4.12,-0.82,3,1
18205.859,0.254,0.371,0.895,-3.3,4.0,-1.46,3,1
18205.859,0.249,0.377,0.916,-2.9,2.62,-1.83,3,1
18205.875,0.247,0.375,0.92,-2.38,0.55,-2.23,3,1
18205.89,0.244,0.376,0.913,-1.1,-1.37,-2.26,3,1
18205.89,0.245,0.375,0.902,1.04,-2.87,-1.56,3,1
18205.906,0.252,0.381,0.891,2.26,-3.36,-0.49,3,1
18205.921,0.256,0.384,0.88,3.2,-2.75,0.34,3,1
18205.921,0.259,0.378,0.865,3.72,-2.01,0.98,3,1
18205.937,0.263,0.379,0.859,3.69,-1.53,1.56,3,1
18205.953,0.27,0.392,0.864,2.72,-1.04,2.14,3,1
18205.953,0.275,0.395,0.865,1.19,-0.34,2.32,3,1
18205.968,0.274,0.392,0.865,-0.27,0.43,2.2,3,1
18205.984,0.275,0.392,0.87,-1.22,1.16,2.23,3,1
18205.984,0.273,0.389,0.871,-1.62,2.01,2.01,3,1
18206.0,0.271,0.383,0.868,-2.08,2.99,2.14,3,1
18206.0,0.262,0.373,0.87,-2.14,4.0,2.29,3,1
18206.015,0.258,0.37,0.876,-1.8,4.82,2.5,3,1
18206.031,0.256,0.375,0.885,-1.92,5.13,2.44,3,1
18206.031,0.248,0.375,0.893,-2.66,5.25,2.23,3,1
18206.046,0.24,0.372,0.901,-3.02,4.46,2.2,3,1
18206.062,0.238,0.367,0.904,-3.11,3.17,1.95,3,1
18206.062,0.237,0.364,0.903,-3.02,1.77,1.4,3,1
18206.078,0.237,0.363,0.903,-3.08,0.34,0.85,3,1
18206.093,0.241,0.362,0.902,-3.2,-0.79,0.31,3,1
18206.093,0.246,0.363,0.9,-2.53,-1.68,0.09,3,1
18206.109,0.248,0.369,0.897,-1.07,-2.2,0.37,3,1
18206.109,0.254,0.377,0.895,0.46,-2.62,0.98,3,1
18206.125,0.259,0.381,0.89,1.98,-2.66,1.62,3,1
18206.14,0.263,0.385,0.88,3.27,-2.47,2.26,3,1
18206.156,0.266,0.388,0.875,3.72,-2.17,2.87,3,1
18206.156,0.268,0.389,0.87,3.48,-1.71,3.27,3,1
18206.171,0.271,0.387,0.862,2.35,-0.92,2.99,3,1
18206.171,0.269,0.385,0.86,0.67,0.0,2.56,3,1
18206.187,0.266,0.383,0.865,-0.92,1.01,2.44,3,1
18206.203,0.263,0.379,0.869,-2.14,2.14,2.41,3,1
18206.203,0.257,0.373,0.874,-2.75,3.11,2.66,3,1
18206.218,0.255,0.37,0.876,-3.11,3.72,2.69,3,1
18206.218,0.252,0.366,0.881,-3.75,4.55,2.23,3,1
18206.234,0.247,0.362,0.885,-4.43,5.1,1.92,3,1
18206.25,0.246,0.359,0.89,-4.73,5.25,1.77,3,1
18206.25,0.243,0.36,0.897,-4.64,5.34,1.65,3,1
18206.265,0.24,0.36,0.905,-3.94,5.13,1.74,3,1
18206.281,0.242,0.365,0.912,-2.5,4.43,1.92,3,1
18206.281,0.239,0.37,0.913,-0.61,3.51,2.29,3,1
18206.296,0.24,0.369,0.911,1.19,2.32,2.81,3,1
18206.312,0.246,0.374,0.904,2.53,0.98,3.05,3,1
18206.312,0.251,0.378,0.892,2.75,-0.18,3.02,3,1
18206.328,0.255,0.377,0.886,2.11,-0.79,2.78,3,1
18206.343,0.258,0.377,0.878,1.28,-0.76,2.56,3,1
18206.343,0.256,0.376,0.874,0.85,-0.27,2.62,3,1
18206.359,0.258,0.374,0.874,0.52,0.46,2.9,3,1
18206.375,0.257,0.373,0.876,0.18,1.5,3.05,3,1
18206.375,0.255,0.372,0.88,-0.24,2.23,3.3,3,1
18206.39,0.25,0.367,0.885,-1.1,2.81,3.27,3,1
18206.39,0.247,0.363,0.89,-1.77,2.96,3.2,3,1
18206.406,0.244,0.363,0.893,-1.86,2.84,3.14,3,1
18206.421,0.241,0.36,0.896,-1.68,2.93,3.2,3,1
18206.421,0.234,0.358,0.9,-1.07,2.93,3.14,3,1
18206.437,0.23,0.36,0.906,0.18,2.62,3.08,3,1
18206.453,0.232,0.365,0.908,1.86,2.14,3.23,3,1
18206.453,0.233,0.368,0.908,3.23,1.4,3.75,3,1
18206.468,0.237,0.371,0.905,4.82,0.58,4.33,3,1
18206.484,0.245,0.375,0.899,6.5,0.03,4.79,3,1
18206.484,0.249,0.375,0.89,8.55,0.31,4.79,3,1
18206.5,0.253,0.378,0.88,8.12,0.61,4.73,3,1
18206.5,0.26,0.378,0.877,6.68,0.82,4.3,3,1
18206.515,0.268,0.378,0.876,4.79,1.04,3.81,3,1
18206.531,0.281,0.376,0.879,3.02,1.25,3.2,3,1
18206.531,0.281,0.371,0.88,1.65,1.4,2.96,3,1
18206.546,0.279,0.362,0.876,1.16,1.8,2.5,3,1
18206.562,0.275,0.354,0.871,1.4,2.93,1.5,3,1
18206.562,0.268,0.351,0.868,2.11,4.36,0.18,3,1
18206.578,0.266,0.358,0.877,2.38,6.5,-0.7,3,1
18206.593,0.252,0.36,0.884,2.53,8.64,-1.77,3,1
18206.593,0.223,0.354,0.895,3.88,9.8,-1.62,3,1
18206.609,0.218,0.366,0.904,5.89,9.34,-0.61,3,1
18206.609,0.213,0.381,0.909,7.87,8.82,0.18,3,1
18206.625,0.201,0.385,0.909,8.76,8.39,0.61,3,1
18206.64,0.193,0.385,0.911,9.7,7.08,1.07,3,1
18206.64,0.194,0.397,0.911,11.02,5.16,2.29,3,1
18206.656,0.197,0.408,0.911,11.75,2.87,3.6,3,1
18206.671,0.202,0.414,0.906,11.29,0.73,4.91,3,1
18206.671,0.206,0.414,0.9,10.25,-1.65,5.86,3,1
18206.687,0.213,0.414,0.896,8.97,-3.94,6.62,3,1
18206.703,0.222,0.417,0.887,7.32,-5.74,7.51,3,1
18206.703,0.228,0.413,0.878,5.65,-7.05,8.64,3,1
18206.718,0.239,0.411,0.875,4.12,-7.93,10.04,3,1
18206.734,0.247,0.409,0.874,3.08,-8.21,10.86,3,1
18206.734,0.252,0.403,0.869,2.44,-7.84,11.26,3,1
18206.75,0.254,0.398,0.872,1.65,-7.26,11.51,3,1
18206.75,0.254,0.395,0.88,0.92,-7.11,11.81,3,1
18206.765,0.256,0.391,0.888,0.0,-7.6,12.12,3,1
18206.781,0.256,0.384,0.888,-0.92,-8.45,11.96,3,1
18206.796,0.256,0.376,0.895,-0.85,-9.22,11.78,3,1
18206.796,0.26,0.37,0.899,0.55,-9.74,11.87,3,1
18206.812,0.26,0.371,0.9,3.36,-9.98,11.69,3,1
18206.812,0.255,0.364,0.905,6.56,-10.04,11.87,3,1
18206.828,0.251,0.361,0.915,10.99,-10.41,12.45,3,1
18206.843,0.243,0.377,0.914,17.09,-11.57,13.73,3,1
18206.843,0.248,0.401,0.902,21.18,-13.12,15.35,3,1
18206.859,0.25,0.411,0.888,22.25,-14.25,16.88,3,1
18206.875,0.247,0.414,0.891,22.43,-15.35,19.29,3,1
18206.875,0.255,0.421,0.864,21.88,-17.15,21.94,3,1
18206.89,0.265,0.429,0.844,19.17,-18.1,23.8,3,1
18206.89,0.276,0.428,0.833,15.2,-18.31,25.06,3,1
18206.906,0.284,0.43,0.829,11.38,-17.79,25.64,3,1
18206.921,0.289,0.427,0.833,8.51,-16.91,26.03,3,1
18206.921,0.298,0.422,0.839,6.26,-16.11,26.52,3,1
18206.937,0.302,0.427,0.847,4.79,-15.38,27.1,3,1
18206.953,0.311,0.42,0.853,4.49,-14.83,28.38,3,1
18206.953,0.324,0.417,0.854,4.88,-14.56,29.88,3,1
18206.968,0.332,0.409,0.85,5.8,-13.86,30.76,3,1
18206.984,0.332,0.392,0.844,7.11,-12.82,31.31,3,1
18206.984,0.343,0.394,0.843,9.0,-11.87,31.89,3,1
18207.0,0.346,0.401,0.837,10.62,-10.22,31.89,3,1
18207.0,0.349,0.401,0.831,11.02,-8.55,31.98,3,1
18207.015,0.352,0.403,0.824,10.83,-6.78,32.41,3,1
18207.031,0.352,0.392,0.821,10.59,-4.88,32.87,3,1
18207.031,0.357,0.387,0.836,10.53,-2.96,33.11,3,1
18207.046,0.356,0.388,0.866,12.42,-0.52,34.64,3,1
18207.062,0.348,0.384,0.865,17.37,2.41,38.76,3,1
18207.062,0.339,0.395,0.863,23.87,5.28,45.84,3,1
18207.078,0.331,0.424,0.904,32.93,7.42,53.16,3,1
18207.093,0.303,0.461,0.962,42.82,7.26,60.79,3,1
18207.093,0.257,0.502,1.023,52.46,3.63,71.78,3,1
18207.109,0.198,0.54,1.043,65.16,-3.72,87.13,3,1
18207.125,0.182,0.55,1.012,78.62,-13.43,105.11,3,1
18207.125,0.206,0.534,0.946,92.14,-20.97,121.43,3,1
18207.14,0.283,0.523,0.88,101.87,-23.16,132.63,3,1
18207.14,0.355,0.563,0.837,105.62,-20.66,134.83,3,1
18207.156,0.384,0.644,0.778,99.58,-15.38,132.36,3,1
18207.171,0.383,0.741,0.722,82.09,-7.97,126.68,3,1
18207.187,0.352,0.825,0.713,56.43,1.53,119.14,3,1
18207.187,0.298,0.854,0.74,25.82,11.38,113.53,3,1
18207.203,0.294,0.812,0.783,-3.57,21.7,107.73,3,1
18207.203,0.305,0.774,0.774,-23.22,29.79,101.35,3,1
18207.218,0.316,0.729,0.784,-41.14,37.84,106.02,3,1
18207.234,0.317,0.699,0.808,-56.61,47.52,113.13,3,1
18207.234,0.328,0.615,0.848,-65.86,54.17,119.48,3,1
18207.25,0.327,0.514,0.874,-70.28,58.14,123.17,3,1
18207.265,0.341,0.43,0.883,-72.45,59.24,122.47,3,1
18207.265,0.347,0.348,0.889,-73.37,58.41,117.37,3,1
18207.281,0.349,0.283,0.887,-73.98,56.55,109.41,3,1
18207.296,0.351,0.233,0.897,-73.7,54.72,101.75,3,1
18207.296,0.353,0.195,0.895,-71.54,54.32,95.22,3,1
18207.312,0.345,0.16,0.886,-68.15,54.99,90.27,3,1
18207.328,0.342,0.133,0.882,-64.64,56.18,87.13,3,1
18207.328,0.331,0.124,0.88,-60.03,58.32,85.12,3,1
18207.343,0.316,0.118,0.871,-54.41,60.55,85.15,3,1
18207.343,0.322,0.108,0.843,-50.45,61.59,86.55,3,1
18207.359,0.34,0.098,0.826,-48.43,62.81,86.61,3,1
18207.375,0.343,0.065,0.825,-47.79,63.6,84.48,3,1
18207.375,0.342,0.036,0.835,-48.52,62.38,80.54,3,1
18207.39,0.333,0.024,0.838,-49.59,59.66,75.35,3,1
18207.406,0.314,0.025,0.826,-51.58,57.28,71.2,3,1
18207.406,0.301,0.017,0.816,-55.39,54.2,69.12,3,1
18207.421,0.295,0.027,0.817,-58.32,51.94,68.48,3,1
18207.421,0.285,0.034,0.812,-58.66,51.39,71.35,3,1
18207.437,0.284,0.019,0.8,-58.11,50.97,76.2,3,1
18207.453,0.303,0.013,0.81,-58.9,51.18,79.35,3,1
18207.453,0.308,0.021,0.846,-60.49,51.33,79.41,3,1
18207.468,0.272,0.011,0.868,-68.54,38.76,80.97,3,1
18207.484,0.218,-0.016,0.904,-72.7,22.77,86.95,3,1
18207.484,0.19,-0.049,0.938,-75.41,1.95,92.99,3,1
18207.5,0.183,-0.068,0.982,-76.6,-19.29,98.54,3,1
18207.515,0.308,-0.13,0.96,-77.12,-34.42,101.93,3,1
18207.515,0.354,-0.181,0.931,-73.0,-37.11,99.52,3,1
18207.531,0.407,-0.214,0.906,-69.12,-32.29,96.59,3,1
18207.531,0.423,-0.249,0.893,-62.26,-22.22,91.65,3,1
18207.546,0.426,-0.281,0.906,-55.85,-11.87,86.49,3,1
18207.562,0.409,-0.276,0.935,-51.3,-4.21,82.03,3,1
18207.578,0.372,-0.278,0.956,-48.37,0.7,78.89,3,1
18207.578,0.357,-0.284,0.963,-50.54,-1.5,77.21,3,1
18207.593,0.365,-0.288,0.964,-58.08,-8.33,75.17,3,1
18207.593,0.447,-0.315,0.965,-65.28,-14.01,72.21,3,1
18207.609,0.481,-0.368,0.935,-65.83,-8.85,66.26,3,1
18207.609,0.494,-0.418,0.923,-62.65,2.38,60.73,3,1
18207.625,0.502,-0.44,0.933,-55.97,15.81,54.93,3,1
18207.64,0.467,-0.454,0.949,-47.09,29.85,49.26,3,1
18207.656,0.423,-0.438,0.976,-39.25,39.7,44.56,3,1
18207.656,0.38,-0.43,0.975,-34.88,44.16,40.07,3,1
18207.671,0.349,-0.412,0.974,-36.93,44.83,35.34,3,1
18207.671,0.336,-0.41,0.985,-42.6,41.47,30.03,3,1
18207.687,0.356,-0.414,0.997,-47.36,37.29,25.18,3,1
18207.703,0.366,-0.43,0.987,-47.82,35.55,19.26,3,1
18207.703,0.35,-0.419,0.984,-45.63,35.58,12.88,3,1
18207.718,0.33,-0.395,0.98,-41.26,35.62,8.24,3,1
18207.734,0.322,-0.38,0.957,-37.17,35.37,6.38,3,1
18207.734,0.32,-0.35,0.942,-34.06,36.19,5.8,3,1
18207.75,0.299,-0.32,0.925,-29.33,37.26,5.43,3,1
18207.75,0.263,-0.297,0.903,-25.64,36.59,7.57,3,1
18207.765,0.251,-0.259,0.904,-26.76,33.17,10.9,3,1
18207.781,0.236,-0.231,0.904,-31.16,28.5,13.67,3,1
18207.781,0.245,-0.233,0.888,-36.38,23.16,16.85,3,1
18207.796,0.263,-0.229,0.881,-39.52,20.94,20.94,3,1
18207.812,0.264,-0.234,0.882,-40.25,21.94,24.66,3,1
18207.828,0.265,-0.242,0.88,-39.83,24.32,28.11,3,1
18207.828,0.245,-0.227,0.889,-39.25,26.92,30.03,3,1
18207.843,0.208,-0.229,0.904,-36.81,28.08,32.47,3,1
18207.843,0.184,-0.225,0.916,-32.99,26.8,36.93,3,1
18207.859,0.184,-0.2,0.923,-29.21,24.45,41.2,3,1
18207.875,0.18,-0.192,0.919,-27.16,22.74,43.92,3,1
18207.875,0.168,-0.183,0.936,-28.99,21.0,45.84,3,1
18207.89,0.155,-0.182,0.979,-31.56,18.83,47.09,3,1
18207.906,0.161,-0.172,1.008,-31.07,16.33,48.74,3,1
18207.906,0.177,-0.136,1.041,-28.35,15.14,49.93,3,1
18207.921,0.185,-0.102,1.093,-25.3,14.77,49.62,3,1
18207.921,0.162,-0.071,1.158,-22.34,12.21,47.88,3,1
18207.937,0.078,-0.037,1.233,-22.4,3.02,45.53,3,1
18207.953,0.019,-0.021,1.302,-26.22,-17.79,45.41,3,1
18207.953,-0.035,-0.073,1.305,-26.73,-46.42,49.04,3,1
18207.968,-0.015,-0.153,1.243,-23.5,-75.93,55.91,3,1
18207.984,0.052,-0.224,1.148,-18.13,-99.89,60.61,3,1
18207.984,0.074,-0.317,1.038,-11.84,-112.89,62.17,3,1
18208.0,0.1,-0.402,0.921,-8.85,-117.07,62.38,3,1
18208.0,0.128,-0.47,0.801,-8.3,-113.19,62.69,3,1
18208.015,0.128,-0.542,0.69,-11.2,-102.91,62.41,3,1
18208.031,0.101,-0.615,0.663,-16.72,-91.25,61.28,3,1
18208.031,0.12,-0.672,0.649,-20.36,-81.7,60.58,3,1
18208.046,0.086,-0.727,0.599,-22.49,-70.01,57.56,3,1
18208.062,0.071,-0.785,0.564,-30.55,-61.49,53.01,3,1
18208.062,0.106,-0.815,0.579,-42.05,-55.6,46.02,3,1
18208.078,0.13,-0.861,0.581,-45.38,-47.79,36.59,3,1
18208.093,0.193,-0.873,0.571,-42.05,-38.03,25.82,3,1
18208.093,0.24,-0.853,0.567,-36.07,-23.13,13.52,3,1
18208.109,0.252,-0.814,0.571,-30.06,-6.32,0.73,3,1
18208.109,0.272,-0.748,0.574,-28.11,9.52,-12.3,3,1
18208.125,0.282,-0.701,0.602,-30.49,24.63,-24.17,3,1
18208.14,0.258,-0.649,0.653,-32.72,40.35,-31.68,3,1
18208.14,0.212,-0.592,0.684,-34.21,52.34,-34.42,3,1
18208.156,0.206,-0.544,0.73,-36.93,58.5,-34.09,3,1
18208.171,0.192,-0.525,0.766,-36.93,63.81,-30.95,3,1
18208.187,0.184,-0.512,0.777,-34.82,67.6,-24.35,3,1
18208.187,0.198,-0.491,0.79,-33.51,69.92,-16.48,3,1
18208.203,0.211,-0.477,0.798,-34.18,71.08,-9.95,3,1
18208.203,0.213,-0.479,0.813,-37.84,70.56,-5.22,3,1
18208.218,0.198,-0.494,0.84,-41.57,67.69,-2.23,3,1
18208.234,0.192,-0.505,0.867,-42.76,61.74,0.89,3,1
18208.234,0.21,-0.508,0.867,-40.5,53.87,3.6,3,1
18208.25,0.223,-0.514,0.866,-38.09,46.75,4.91,3,1
18208.25,0.231,-0.552,0.837,-34.39,41.02,5.1,3,1
18208.265,0.247,-0.575,0.792,-30.58,37.66,5.28,3,1
18208.281,0.251,-0.586,0.732,-28.02,38.76,5.92,3,1
18208.281,0.243,-0.592,0.71,-28.9,42.6,7.32,3,1
18208.296,0.198,-0.602,0.695,-33.42,47.18,8.7,3,1
18208.312,0.151,-0.627,0.697,-43.52,48.74,10.01,3,1
18208.312,0.137,-0.663,0.73,-53.25,47.79,11.81,3,1
18208.328,0.103,-0.711,0.768,-55.3,46.48,13.86,3,1
18208.343,0.071,-0.752,0.793,-52.43,42.85,15.93,3,1
18208.343,0.062,-0.761,0.814,-50.57,36.26,17.09,3,1
18208.359,0.052,-0.769,0.807,-51.18,27.95,16.3,3,1
18208.359,0.073,-0.791,0.789,-57.53,16.88,12.63,3,1
18208.375,0.117,-0.818,0.775,-61.22,8.73,9.19,3,1
18208.39,0.128,-0.841,0.753,-54.87,8.12,7.48,3,1
18208.39,0.122,-0.823,0.729,-46.14,11.78,7.26,3,1
18208.406,0.122,-0.786,0.724,-44.31,14.16,6.35,3,1
18208.421,0.111,-0.782,0.721,-44.86,15.14,5.86,3,1
18208.421,0.09,-0.781,0.72,-45.96,15.66,6.78,3,1
18208.437,0.105,-0.781,0.72,-46.97,15.78,7.45,3,1
18208.453,0.091,-0.772,0.707,-49.84,14.74,5.01,3,1
18208.453,0.118,-0.785,0.702,-56.25,16.02,1.31,3,1
18208.468,0.136,-0.795,0.672,-58.17,20.42,-0.12,3,1
18208.468,0.109,-0.788,0.636,-60.4,22.55,-0.55,3,1
18208.484,0.052,-0.817,0.651,-56.79,23.32,0.85,3,1
18208.5,0.041,-0.814,0.643,-47.98,22.98,4.06,3,1
18208.515,0.05,-0.804,0.616,-35.31,23.13,8.42,3,1
18208.515,0.061,-0.79,0.588,-21.79,25.21,13.25,3,1
18208.531,0.073,-0.762,0.564,-11.6,28.44,17.67,3,1
18208.531,0.079,-0.749,0.533,-5.98,32.44,20.81,3,1
18208.546,0.083,-0.738,0.528,-5.13,37.72,23.5,3,1
18208.562,0.073,-0.74,0.557,-3.66,43.21,26.7,3,1
18208.562,0.03,-0.745,0.572,0.98,47.82,30.18,3,1
18208.578,-0.02,-0.742,0.598,2.47,48.04,33.75,3,1
18208.593,-0.049,-0.728,0.634,-0.92,41.63,35.52,3,1
18208.593,-0.078,-0.73,0.648,-4.94,32.41,35.71,3,1
18208.609,-0.073,-0.738,0.646,-12.09,21.24,35.22,3,1
18208.625,-0.029,-0.75,0.644,-16.72,12.45,35.25,3,1
18208.625,-0.016,-0.77,0.623,-13.92,10.04,35.28,3,1
18208.64,-0.02,-0.778,0.604,-9.95,10.83,36.38,3,1
18208.64,-0.007,-0.78,0.578,-7.51,13.43,37.93,3,1
18208.656,-0.004,-0.785,0.574,-6.38,17.52,38.45,3,1
18208.671,-0.026,-0.794,0.581,-6.99,21.64,37.57,3,1
18208.671,-0.051,-0.809,0.593,-8.94,23.77,35.86,3,1
18208.687,-0.075,-0.822,0.606,-10.93,24.29,33.6,3,1
18208.703,-0.102,-0.833,0.62,-13.21,22.37,30.79,3,1
18208.703,-0.121,-0.845,0.638,-14.62,18.1,27.56,3,1
18208.718,-0.12,-0.86,0.647,-13.31,12.57,24.23,3,1
18208.734,-0.115,-0.865,0.623,-9.89,7.87,20.75,3,1
18208.734,-0.099,-0.858,0.611,-6.81,5.04,17.64,3,1
18208.75,-0.092,-0.851,0.619,-1.68,4.7,15.44,3,1
18208.75,-0.105,-0.827,0.606,3.78,5.8,14.4,3,1
18208.765,-0.104,-0.802,0.581,4.73,6.44,13.7,3,1
18208.781,-0.102,-0.788,0.571,2.17,7.48,12.57,3,1
18208.781,-0.112,-0.783,0.575,-1.16,9.03,12.09,3,1
18208.796,-0.121,-0.782,0.583,-4.82,9.52,12.6,3,1
18208.812,-0.127,-0.793,0.591,-7.72,9.19,13.18,3,1
18208.812,-0.146,-0.809,0.607,-8.7,8.76,13.89,3,1
18208.828,-0.16,-0.813,0.626,-8.03,6.32,14.07,3,1
18208.843,-0.156,-0.821,0.625,-4.7,1.77,13.46,3,1
18208.843,-0.148,-0.819,0.608,0.55,-1.65,12.73,3,1
18208.859,-0.144,-0.81,0.599,6.35,-3.27,12.45,3,1
18208.875,-0.151,-0.807,0.583,11.14,-4.64,13.06,3,1
18208.875,-0.146,-0.8,0.564,10.62,-6.87,13.52,3,1
18208.89,-0.128,-0.806,0.549,6.59,-8.67,13.28,3,1
18208.906,-0.124,-0.816,0.538,1.95,-9.25,12.21,3,1
18208.906,-0.115,-0.822,0.538,-1.34,-8.76,10.25,3,1
18208.921,-0.114,-0.829,0.545,-2.35,-7.66,7.42,3,1
18208.921,-0.131,-0.838,0.549,-0.52,-5.89,5.13,3,1
18208.937,-0.136,-0.829,0.561,3.11,-4.97,4.06,3,1
18208.953,-0.138,-0.822,0.568,8.03,-5.07,2.69,3,1
18208.968,-0.133,-0.809,0.565,11.69,-6.01,1.65,3,1
18208.968,-0.133,-0.792,0.566,13.61,-6.56,1.13,3,1
18208.984,-0.125,-0.791,0.577,15.38,-6.71,1.01,3,1
18208.984,-0.11,-0.786,0.574,18.22,-5.89,1.13,3,1
18209.0,-0.115,-0.78,0.558,22.49,-3.27,0.79,3,1
18209.015,-0.105,-0.778,0.546,26.06,0.06,0.82,3,1
18209.015,-0.104,-0.765,0.55,27.65,4.58,0.67,3,1
18209.031,-0.115,-0.749,0.557,27.16,8.67,-0.95,3,1
18209.031,-0.136,-0.731,0.575,23.16,11.2,-3.17,3,1
18209.046,-0.161,-0.72,0.609,16.11,10.93,-5.52,3,1
18209.062,-0.181,-0.718,0.639,9.55,7.93,-7.29,3,1
18209.062,-0.193,-0.723,0.664,6.2,3.45,-7.69,3,1
18209.078,-0.179,-0.731,0.674,7.29,-1.43,-6.56,3,1
18209.093,-0.155,-0.73,0.667,11.57,-4.43,-5.37,3,1
18209.093,-0.143,-0.718,0.654,15.9,-4.49,-4.39,3,1
18209.109,-0.143,-0.713,0.648,18.77,-2.81,-2.9,3,1
18209.109,-0.136,-0.709,0.655,19.9,-0.82,-0.61,3,1
18209.125,-0.13,-0.702,0.66,20.23,2.04,2.04,3,1
18209.14,-0.135,-0.697,0.665,17.58,5.74,4.46,3,1
18209.14,-0.147,-0.704,0.687,12.15,8.42,6.29,3,1
18209.156,-0.156,-0.718,0.718,7.39,9.03,7.57,3,1
18209.171,-0.171,-0.727,0.734,5.43,8.58,8.3,3,1
18209.171,-0.179,-0.732,0.747,4.3,6.04,8.51,3,1
18209.187,-0.175,-0.74,0.757,3.05,1.77,8.27,3,1
18209.203,-0.154,-0.756,0.753,3.05,-2.38,7.69,3,1
18209.218,-0.132,-0.763,0.744,3.91,-4.36,6.62,3,1
18209.218,-0.125,-0.767,0.736,5.19,-3.72,5.07,3,1
18209.234,-0.13,-0.767,0.735,5.19,-2.5,3.02,3,1
18209.234,-0.126,-0.764,0.736,4.58,-1.59,0.37,3,1
18209.25,-0.122,-0.757,0.735,4.03,-0.09,-2.32,3,1
18209.265,-0.126,-0.745,0.731,3.27,2.59,-4.0,3,1
18209.265,-0.141,-0.733,0.738,3.14,5.34,-5.1,3,1
18209.281,-0.161,-0.724,0.746,3.85,7.02,-5.89,3,1
18209.296,-0.17,-0.715,0.747,4.79,7.29,-5.83,3,1
18209.296,-0.18,-0.705,0.739,4.91,7.69,-4.82,3,1
18209.312,-0.205,-0.694,0.74,3.36,7.9,-3.08,3,1
18209.312,-0.223,-0.692,0.757,-0.7,5.83,-0.7,3,1
18209.328,-0.214,-0.7,0.767,-4.06,2.93,2.08,3,1
18209.343,-0.212,-0.708,0.751,-5.95,1.83,4.76,3,1
18209.343,-0.202,-0.721,0.745,-7.35,1.59,7.11,3,1
18209.359,-0.185,-0.735,0.744,-8.39,2.14,8.12,3,1
18209.359,-0.181,-0.749,0.732,-8.15,3.36,7.97,3,1
18209.375,-0.174,-0.754,0.722,-7.26,4.97,7.2,3,1
18209.39,-0.174,-0.751,0.715,-6.59,6.68,5.74,3,1
18209.39,-0.184,-0.747,0.711,-6.2,7.39,3.69,3,1
18209.406,-0.18,-0.742,0.706,-5.92,6.87,1.77,3,1
18209.421,-0.182,-0.736,0.7,-5.4,6.65,0.27,3,1
18209.421,-0.195,-0.731,0.695,-5.1,6.56,-0.79,3,1
18209.437,-0.199,-0.726,0.689,-6.62,4.0,-1.92,3,1
18209.453,-0.194,-0.714,0.688,-6.9,3.05,-1.28,3,1
18209.453,-0.199,-0.699,0.679,-8.51,2.17,0.4,3,1
18209.468,-0.195,-0.693,0.658,-11.47,1.92,2.08,3,1
18209.484,-0.174,-0.686,0.643,-14.1,2.41,3.33,3,1
18209.484,-0.171,-0.685,0.629,-16.54,2.69,3.94,3,1
18209.5,-0.159,-0.693,0.623,-18.68,3.85,3.63,3,1
18209.5,-0.167,-0.699,0.629,-19.44,6.53,2.41,3,1
18209.515,-0.182,-0.703,0.639,-18.59,8.12,1.31,3,1
18209.531,-0.19,-0.703,0.654,-16.45,9.34,0.55,3,1
18209.531,-0.198,-0.701,0.658,-13.98,9.58,0.18,3,1
18209.546,-0.201,-0.703,0.66,-12.85,8.21,0.4,3,1
18209.562,-0.191,-0.705,0.668,-12.12,6.56,0.7,3,1
18209.562,-0.197,-0.704,0.668,-10.74,5.77,1.62,3,1
18209.578,-0.202,-0.704,0.667,-10.71,4.79,3.57,3,1
18209.593,-0.2,-0.697,0.68,-11.47,3.94,5.92,3,1
18209.593,-0.201,-0.713,0.687,-12.45,3.14,8.85,3,1
18209.609,-0.201,-0.733,0.696,-13.43,4.15,13.12,3,1
18209.625,-0.199,-0.739,0.696,-13.15,3.42,15.84,3,1
18209.625,-0.191,-0.755,0.693,-14.16,1.89,16.21,3,1
18209.64,-0.195,-0.778,0.697,-16.6,1.53,15.84,3,1
18209.64,-0.199,-0.797,0.705,-18.4,1.4,15.08,3,1
18209.656,-0.204,-0.806,0.702,-17.43,0.46,12.85,3,1
18209.671,-0.216,-0.819,0.701,-14.62,-1.5,9.83,3,1
18209.671,-0.223,-0.807,0.689,-10.8,-5.34,5.98,3,1
18209.687,-0.224,-0.815,0.676,-7.63,-8.64,3.11,3,1
18209.703,-0.208,-0.808,0.667,-4.76,-8.42,2.47,3,1
18209.703,-0.207,-0.784,0.643,-1.13,-7.69,1.59,3,1
18209.718,-0.211,-0.772,0.626,-0.15,-7.29,1.25,3,1
18209.734,-0.201,-0.759,0.62,-2.2,-6.32,2.14,3,1
18209.734,-0.198,-0.748,0.619,-4.61,-4.49,3.17,3,1
18209.75,-0.195,-0.746,0.606,-7.87,-2.72,4.27,3,1
18209.75,-0.188,-0.747,0.601,-12.97,-1.01,5.74,3,1
18209.765,-0.188,-0.754,0.599,-18.46,0.85,6.44,3,1
18209.781,-0.179,-0.766,0.604,-23.13,2.38,6.62,3,1
18209.796,-0.178,-0.77,0.613,-25.27,3.85,6.44,3,1
18209.796,-0.181,-0.783,0.619,-23.62,4.52,5.77,3,1
18209.812,-0.178,-0.784,0.606,-20.11,4.18,4.15,3,1
18209.812,-0.172,-0.767,0.61,-17.46,4.27,1.8,3,1
18209.828,-0.162,-0.76,0.6,-15.17,3.88,-1.65,3,1
18209.843,-0.159,-0.751,0.596,-12.82,4.3,-5.55,3,1
18209.843,-0.167,-0.727,0.608,-10.25,5.49,-8.91,3,1
18209.859,-0.18,-0.703,0.618,-7.11,5.95,-10.62,3,1
18209.859,-0.191,-0.683,0.625,-4.36,4.91,-10.71,3,1
18209.875,-0.197,-0.663,0.629,-2.99,3.33,-9.16,3,1
18209.89,-0.2,-0.654,0.633,-2.87,1.8,-6.71,3,1
18209.89,-0.204,-0.653,0.636,-3.85,0.55,-3.54,3,1
18209.906,-0.213,-0.659,0.633,-5.37,-0.31,0.24,3,1
18209.921,-0.214,-0.674,0.628,-8.21,-1.65,4.0,3,1
18209.921,-0.204,-0.697,0.63,-10.65,-3.17,6.74,3,1
18209.937,-0.208,-0.723,0.622,-11.02,-3.94,8.48,3,1
18209.953,-0.203,-0.75,0.619,-10.01,-4.88,9.49,3,1
18209.953,-0.2,-0.769,0.616,-7.48,-6.32,9.55,3,1
18209.968,-0.198,-0.785,0.605,-4.49,-7.32,9.13,3,1
18209.984,-0.197,-0.796,0.598,-2.5,-8.09,8.36,3,1
18209.984,-0.206,-0.802,0.589,-1.34,-9.03,7.32,3,1
18210.0,-0.205,-0.804,0.583,-1.22,-10.35,6.81,3,1
18210.0,-0.199,-0.807,0.584,-1.28,-10.93,6.41,3,1
18210.015,-0.193,-0.812,0.576,-1.65,-10.83,5.83,3,1
18210.031,-0.194,-0.807,0.577,-3.45,-10.8,4.94,3,1
18210.031,-0.204,-0.814,0.581,-5.1,-11.47,3.94,3,1
18210.046,-0.204,-0.815,0.588,-5.68,-12.79,3.51,3,1
18210.062,-0.206,-0.81,0.587,-4.67,-14.19,3.08,3,1
18210.062,-0.204,-0.812,0.574,-3.05,-16.11,1.92,3,1
18210.078,-0.199,-0.811,0.572,-1.8,-17.33,0.79,3,1
18210.093,-0.187,-0.816,0.564,-0.76,-17.64,0.43,3,1
18210.093,-0.175,-0.815,0.564,-0.31,-16.57,0.73,3,1
18210.109,-0.167,-0.82,0.561,-0.7,-15.47,0.89,3,1
18210.125,-0.161,-0.827,0.56,-2.38,-15.41,0.55,3,1
18210.125,-0.157,-0.834,0.565,-3.94,-15.87,-1.04,3,1
18210.14,-0.157,-0.844,0.572,-3.05,-17.0,-3.54,3,1
18210.14,-0.143,-0.851,0.577,0.31,-19.35,-6.44,3,1
18210.156,-0.124,-0.845,0.584,5.1,-21.64,-9.86,3,1
18210.171,-0.116,-0.829,0.585,10.25,-23.59,-12.94,3,1
18210.171,-0.12,-0.808,0.574,15.23,-25.15,-14.8,3,1
18210.187,-0.123,-0.777,0.573,19.41,-25.33,-15.53,3,1
18210.203,-0.12,-0.755,0.568,21.45,-23.83,-14.01,3,1
18210.203,-0.118,-0.736,0.563,20.05,-20.63,-10.13,3,1
18210.218,-0.114,-0.723,0.569,15.26,-16.42,-5.58,3,1
18210.234,-0.131,-0.736,0.575,7.9,-13.18,-1.16,3,1
18210.234,-0.126,-0.75,0.587,0.43,-10.5,2.99,3,1
18210.25,-0.136,-0.77,0.599,-4.24,-9.52,5.13,3,1
18210.265,-0.137,-0.798,0.621,-5.52,-8.55,7.6,3,1
18210.265,-0.142,-0.794,0.629,-3.05,-9.25,8.58,3,1
18210.281,-0.144,-0.798,0.631,-0.55,-10.93,7.97,3,1
18210.281,-0.148,-0.797,0.641,0.73,-10.07,7.45,3,1
18210.296,-0.158,-0.799,0.644,3.14,-8.88,7.08,3,1
18210.312,-0.16,-0.781,0.641,6.29,-9.92,5.49,3,1
18210.312,-0.162,-0.772,0.631,7.78,-11.14,3.63,3,1
18210.328,-0.16,-0.768,0.634,8.0,-10.22,3.48,3,1
18210.343,-0.158,-0.751,0.629,8.85,-8.51,3.81,3,1
18210.343,-0.155,-0.743,0.623,8.48,-6.71,4.0,3,1
18210.359,-0.156,-0.741,0.63,4.94,-4.24,4.85,3,1
18210.375,-0.159,-0.748,0.652,0.34,-2.53,5.65,3,1
18210.375,-0.175,-0.763,0.667,-2.11,-2.17,5.83,3,1
18210.39,-0.183,-0.774,0.661,-3.11,-3.23,5.31,3,1
18210.406,-0.18,-0.777,0.657,-3.94,-4.3,3.88,3,1
18210.406,-0.188,-0.78,0.663,-3.85,-5.19,1.5,3,1
18210.421,-0.186,-0.781,0.668,-2.93,-6.68,-0.79,3,1
18210.421,-0.19,-0.779,0.668,0.67,-6.99,-2.29,3,1
18210.437,-0.185,-0.775,0.669,1.22,-6.59,-2.29,3,1
18210.453,-0.179,-0.767,0.663,-0.49,-6.16,-3.78,3,1
18210.453,-0.178,-0.762,0.646,-3.51,-5.55,-5.4,3,1
18210.468,-0.177,-0.767,0.649,-5.62,-4.67,-6.26,3,1
18210.468,-0.172,-0.771,0.647,-6.13,-3.63,-6.81,3,1
18210.484,-0.173,-0.774,0.646,-4.79,-2.44,-7.32,3,1
18210.5,-0.18,-0.77,0.643,-2.56,-1.59,-7.51,3,1
18210.5,-0.182,-0.762,0.642,-0.7,-1.31,-7.78,3,1
18210.515,-0.181,-0.754,0.639,0.34,-1.62,-7.97,3,1
18210.531,-0.181,-0.745,0.636,0.37,-2.72,-8.3,3,1
18210.531,-0.177,-0.739,0.63,-0.34,-4.33,-8.67,3,1
18210.546,-0.162,-0.733,0.626,-2.04,-5.83,-8.7,3,1
18210.562,-0.15,-0.727,0.622,-4.36,-6.71,-8.3,3,1
18210.562,-0.139,-0.728,0.618,-6.74,-6.62,-7.66,3,1
18210.578,-0.123,-0.726,0.621,-9.16,-5.89,-6.71,3,1
18210.593,-0.125,-0.732,0.628,-10.25,-4.18,-5.55,3,1
18210.593,-0.134,-0.743,0.639,-9.16,-2.44,-3.75,3,1
18210.609,-0.138,-0.748,0.648,-6.53,-1.4,-1.34,3,1
18210.625,-0.134,-0.755,0.655,-3.81,-1.07,0.67,3,1
18210.625,-0.13,-0.764,0.655,-1.28,-1.62,1.56,3,1
18210.64,-0.138,-0.767,0.65,-0.34,-2.26,1.5,3,1
18210.64,-0.142,-0.775,0.649,-0.64,-3.94,1.28,3,1
18210.656,-0.143,-0.792,0.639,-0.34,-5.77,1.65,3,1
18210.671,-0.129,-0.802,0.632,1.1,-6.93,1.71,3,1
18210.671,-0.12,-0.804,0.624,3.17,-6.93,1.07,3,1
18210.687,-0.122,-0.806,0.613,4.09,-6.04,0.18,3,1
18210.703,-0.119,-0.801,0.611,3.66,-4.91,-0.34,3,1
18210.703,-0.124,-0.796,0.614,2.69,-3.36,-0.67,3,1
18210.718,-0.126,-0.794,0.618,1.92,-2.14,-0.52,3,1
18210.734,-0.129,-0.787,0.624,1.56,-0.67,-0.09,3,1
18210.734,-0.142,-0.779,0.628,1.19,0.37,0.37,3,1
18210.75,-0.153,-0.781,0.63,-0.31,0.09,1.37,3,1
18210.75,-0.146,-0.779,0.635,-1.77,-1.4,2.59,3,1
18210.765,-0.145,-0.782,0.629,-2.04,-1.77,3.75,3,1
18210.781,-0.136,-0.787,0.623,-2.41,-2.44,4.76,3,1
18210.781,-0.121,-0.787,0.621,-3.63,-2.66,4.58,3,1
18210.796,-0.12,-0.793,0.614,-4.67,-1.71,3.39,3,1
18210.812,-0.129,-0.8,0.616,-5.46,-0.76,2.47,3,1
18210.828,-0.134,-0.802,0.62,-6.38,0.34,2.2,3,1
18210.828,-0.148,-0.806,0.621,-6.99,0.58,1.37,3,1
18210.843,-0.147,-0.816,0.626,-6.96,0.34,1.22,3,1
18210.859,-0.145,-0.806,0.614,-5.71,-1.4,-0.18,3,1
18210.859,-0.141,-0.817,0.607,-5.83,-1.83,-1.13,3,1
18210.859,-0.137,-0.811,0.612,-5.92,-0.7,-1.16,3,1
18210.875,-0.138,-0.802,0.615,-4.43,-0.46,-1.68,3,1
18210.89,-0.134,-0.792,0.609,-3.33,-0.21,-1.37,3,1
18210.89,-0.126,-0.784,0.608,-3.2,-0.85,-1.53,3,1
18210.906,-0.127,-0.782,0.611,-4.06,-1.19,-2.08,3,1
18210.921,-0.132,-0.779,0.621,-4.97,-1.71,-2.75,3,1
18210.921,-0.134,-0.787,0.623,-4.61,-2.26,-2.78,3,1
18210.937,-0.129,-0.778,0.625,-3.45,-2.66,-2.04,3,1
18210.953,-0.133,-0.776,0.619,-2.93,-3.39,-1.46,3,1
18210.953,-0.139,-0.78,0.609,-3.57,-4.52,-0.85,3,1
18210.968,-0.137,-0.783,0.605,-4.18,-6.23,-0.58,3,1
18210.984,-0.121,-0.792,0.598,-3.88,-7.02,-0.43,3,1
18210.984,-0.118,-0.799,0.59,-2.53,-5.95,-0.55,3,1
18211.0,-0.124,-0.8,0.585,-0.85,-4.58,-0.67,3,1
18211.0,-0.128,-0.799,0.579,-0.15,-2.96,-0.67,3,1
18211.015,-0.134,-0.799,0.581,-0.34,-1.53,-0.95,3,1
18211.031,-0.145,-0.796,0.586,-0.95,-1.5,-1.53,3,1
18211.031,-0.145,-0.8,0.588,-1.43,-2.01,-2.26,3,1
18211.046,-0.134,-0.807,0.589,-0.98,-2.2,-2.44,3,1
18211.062,-0.126,-0.808,0.583,0.21,-2.11,-3.05,3,1
18211.078,-0.118,-0.807,0.577,1.43,-1.25,-4.12,3,1
18211.078,-0.12,-0.802,0.579,2.2,0.7,-5.1,3,1
18211.093,-0.131,-0.796,0.589,2.5,2.62,-5.43,3,1
18211.093,-0.138,-0.793,0.599,2.78,3.48,-5.1,3,1
18211.109,-0.14,-0.789,0.604,2.99,3.66,-4.27,3,1
18211.125,-0.14,-0.789,0.605,2.59,3.27,-3.72,3,1
18211.125,-0.136,-0.79,0.611,1.98,2.44,-3.42,3,1
18211.14,-0.134,-0.79,0.617,1.74,1.71,-2.72,3,1
18211.156,-0.136,-0.79,0.623,1.77,0.98,-1.8,3,1
18211.156,-0.133,-0.791,0.623,1.4,-0.03,-0.43,3,1
18211.171,-0.117,-0.794,0.623,-0.06,-1.62,0.46,3,1
18211.171,-0.105,-0.802,0.62,-1.46,-2.32,0.55,3,1
18211.187,-0.108,-0.811,0.615,-1.92,-2.04,-0.37,3,1
18211.203,-0.111,-0.813,0.613,-1.34,-1.46,-1.37,3,1
18211.203,-0.118,-0.81,0.613,-0.21,-0.61,-2.23,3,1
18211.218,-0.127,-0.801,0.605,0.46,-0.15,-2.35,3,1
18211.218,-0.13,-0.798,0.603,-0.12,-0.18,-1.86,3,1
18211.234,-0.13,-0.798,0.605,-1.5,-0.15,-1.31,3,1
18211.25,-0.126,-0.801,0.604,-2.47,-0.15,-1.25,3,1
18211.25,-0.126,-0.801,0.608,-2.75,0.37,-1.31,3,1
18211.265,-0.132,-0.798,0.611,-2.26,0.79,-1.04,3,1
18211.281,-0.124,-0.794,0.615,-1.77,0.31,-0.67,3,1
18211.281,-0.122,-0.789,0.614,-1.31,-0.27,-0.49,3,1
18211.296,-0.119,-0.785,0.612,-1.25,-0.89,-0.34,3,1
18211.312,-0.118,-0.782,0.613,-1.19,-1.07,-0.46,3,1
18211.312,-0.126,-0.777,0.62,-0.49,-1.31,-0.58,3,1
18211.328,-0.133,-0.776,0.619,0.64,-1.74,-0.21,3,1
18211.343,-0.129,-0.781,0.619,1.62,-2.87,0.52,3,1
18211.343,-0.118,-0.787,0.613,2.56,-3.39,1.19,3,1
18211.359,-0.12,-0.792,0.612,3.57,-2.66,1.4,3,1
18211.375,-0.129,-0.79,0.611,3.91,-1.89,1.62,3,1
18211.39,-0.137,-0.798,0.611,3.54,-1.98,1.77,3,1
18211.406,-0.138,-0.802,0.613,3.3,-2.59,2.01,3,1
18211.421,-0.135,-0.802,0.61,3.78,-2.75,2.66,3,1
18211.421,-0.125,-0.803,0.612,3.36,-2.62,4.27,3,1
18211.437,-0.115,-0.799,0.611,1.25,-2.44,4.33,3,1
18211.437,-0.108,-0.798,0.61,-0.92,-1.98,3.45,3,1
18211.453,-0.111,-0.796,0.626,-1.8,-1.86,3.11,3,1
18211.468,-0.127,-0.785,0.637,-1.71,-2.96,3.2,3,1
18211.468,-0.129,-0.777,0.638,-0.58,-3.88,3.3,3,1
18211.484,-0.133,-0.773,0.63,0.55,-4.27,3.51,3,1
18211.5,-0.128,-0.766,0.623,0.92,-4.58,3.94,3,1
18211.5,-0.129,-0.768,0.612,0.58,-4.49,4.03,3,1
18211.5,-0.137,-0.777,0.599,-0.95,-3.97,3.81,3,1
18211.515,-0.139,-0.783,0.585,-3.11,-3.45,3.6,3,1
18211.515,-0.141,-0.8,0.574,-4.7,-2.56,3.27,3,1
18211.531,-0.138,-0.812,0.569,-5.43,-0.95,2.47,3,1
18211.531,-0.142,-0.818,0.57,-5.1,1.19,1.1,3,1
18211.546,-0.154,-0.818,0.574,-4.21,2.81,-0.31,3,1
18211.562,-0.162,-0.813,0.581,-3.78,3.48,-1.19,3,1
18211.562,-0.16,-0.812,0.588,-3.36,3.11,-2.01,3,1
18211.578,-0.157,-0.806,0.595,-2.59,2.23,-2.53,3,1
18211.593,-0.149,-0.805,0.594,-1.16,1.5,-3.2,3,1
18211.593,-0.141,-0.795,0.591,-0.55,1.1,-3.57,3,1
18211.609,-0.134,-0.789,0.59,-1.04,0.7,-3.97,3,1
18211.609,-0.13,-0.783,0.593,-1.74,0.89,-4.39,3,1
18211.625,-0.131,-0.776,0.597,-2.08,1.13,-4.24,3,1
18211.64,-0.132,-0.772,0.595,-2.9,1.04,-3.66,3,1
18211.64,-0.125,-0.773,0.595,-4.06,1.1,-3.14,3,1
18211.656,-0.125,-0.778,0.598,-4.79,1.5,-2.87,3,1
18211.671,-0.129,-0.788,0.6,-5.34,1.62,-2.08,3,1
18211.671,-0.122,-0.796,0.61,-5.86,1.19,-1.07,3,1
18211.687,-0.117,-0.803,0.618,-5.68,0.92,-0.24,3,1
18211.703,-0.111,-0.803,0.628,-5.86,0.0,0.55,3,1
18211.703,-0.11,-0.809,0.616,-7.66,-0.89,0.67,3,1
18211.718,-0.113,-0.814,0.635,-10.16,-1.4,0.79,3,1
18211.734,-0.125,-0.81,0.65,-10.13,-2.84,1.28,3,1
18211.734,-0.131,-0.808,0.641,-8.97,-5.22,1.5,3,1
18211.75,-0.123,-0.806,0.636,-7.66,-8.33,1.56,3,1
18211.75,-0.11,-0.811,0.621,-5.83,-10.47,1.43,3,1
18211.765,-0.097,-0.801,0.607,-3.91,-11.17,1.25,3,1
18211.781,-0.095,-0.79,0.595,-2.96,-10.59,0.89,3,1
18211.781,-0.102,-0.786,0.589,-2.81,-9.55,0.31,3,1
18211.796,-0.11,-0.782,0.59,-2.66,-8.42,0.58,3,1
18211.812,-0.125,-0.778,0.593,-2.5,-7.66,1.8,3,1
18211.812,-0.137,-0.782,0.588,-2.5,-7.69,3.45,3,1
18211.828,-0.135,-0.787,0.578,-3.3,-7.93,5.43,3,1
18211.843,-0.136,-0.795,0.564,-5.22,-7.29,6.87,3,1
18211.843,-0.137,-0.811,0.563,-7.17,-6.47,7.6,3,1
18211.859,-0.137,-0.824,0.563,-7.69,-5.49,7.9,3,1
18211.875,-0.135,-0.84,0.567,-6.71,-4.3,8.09,3,1
18211.875,-0.133,-0.845,0.577,-4.3,-3.02,8.0,3,1
18211.89,-0.133,-0.842,0.579,-1.4,-1.86,7.75,3,1
18211.89,-0.13,-0.828,0.572,0.27,-1.53,7.42,3,1
18211.906,-0.129,-0.816,0.568,0.03,-1.46,6.9,3,1
18211.921,-0.123,-0.815,0.569,-1.19,-1.22,6.59,3,1
18211.921,-0.119,-0.811,0.571,-1.89,0.03,6.78,3,1
18211.937,-0.124,-0.807,0.577,-2.84,1.46,7.35,3,1
18211.953,-0.13,-0.813,0.583,-4.46,2.08,7.69,3,1
18211.968,-0.135,-0.826,0.587,-5.49,1.68,7.29,3,1
18211.968,-0.14,-0.842,0.587,-5.22,0.18,6.26,3,1
18211.984,-0.133,-0.855,0.576,-3.11,-1.65,4.61,3,1
18211.984,-0.131,-0.862,0.561,0.34,-2.41,2.59,3,1
18212.0,-0.133,-0.866,0.538,3.75,-2.08,-0.09,3,1
18212.015,-0.136,-0.864,0.514,6.01,-0.85,-2.99,3,1
18212.015,-0.149,-0.867,0.49,6.01,0.82,-5.13,3,1
18212.031,-0.157,-0.864,0.464,3.54,3.14,-6.47,3,1
18212.046,-0.168,-0.861,0.439,-1.89,5.86,-7.05,3,1
18212.046,-0.183,-0.866,0.449,-9.0,7.66,-7.57,3,1
18212.062,-0.212,-0.882,0.464,-13.34,8.55,-7.17,3,1
18212.078,-0.222,-0.893,0.461,-14.47,7.6,-4.43,3,1
18212.078,-0.204,-0.894,0.462,-14.34,5.8,-1.19,3,1
18212.093,-0.179,-0.904,0.462,-14.25,4.12,0.0,3,1
18212.109,-0.156,-0.911,0.462,-14.56,3.6,-0.82,3,1
18212.109,-0.135,-0.91,0.477,-15.29,4.0,-2.72,3,1
18212.125,-0.107,-0.906,0.49,-14.95,5.16,-5.34,3,1
18212.125,-0.093,-0.897,0.509,-13.37,7.93,-8.21,3,1
18212.14,-0.089,-0.88,0.533,-10.65,11.11,-10.83,3,1
18212.156,-0.096,-0.851,0.554,-7.75,12.91,-12.79,3,1
18212.156,-0.108,-0.827,0.565,-5.83,12.94,-13.7,3,1
18212.171,-0.122,-0.804,0.579,-5.34,11.35,-12.97,3,1
18212.187,-0.136,-0.793,0.586,-5.22,8.21,-10.56,3,1
18212.187,-0.135,-0.794,0.58,-5.13,4.15,-6.38,3,1
18212.203,-0.122,-0.794,0.564,-4.85,0.21,-2.2,3,1
18212.218,-0.112,-0.803,0.54,-5.25,-2.14,0.58,3,1
18212.218,-0.11,-0.811,0.521,-6.99,-3.08,2.14,3,1
18212.234,-0.106,-0.822,0.512,-8.73,-3.39,3.08,3,1
18212.234,-0.104,-0.832,0.508,-9.4,-2.72,4.06,3,1
18212.25,-0.114,-0.835,0.509,-9.13,-1.5,4.85,3,1
18212.25,-0.125,-0.84,0.508,-8.79,-0.67,6.01,3,1
18212.265,-0.134,-0.845,0.512,-8.48,-0.64,7.42,3,1
18212.281,-0.137,-0.86,0.507,-7.69,-1.53,8.36,3,1
18212.281,-0.137,-0.868,0.5,-7.48,-2.29,8.91,3,1
18212.296,-0.137,-0.878,0.49,-8.09,-2.62,8.82,3,1
18212.312,-0.13,-0.894,0.479,-7.93,-2.59,8.06,3,1
18212.312,-0.121,-0.902,0.471,-6.9,-1.95,6.41,3,1
18212.328,-0.115,-0.908,0.47,-5.74,-1.1,3.85,3,1
18212.343,-0.117,-0.904,0.476,-3.85,0.21,1.25,3,1
18212.343,-0.132,-0.893,0.482,-1.92,1.4,-0.55,3,1
18212.359,-0.145,-0.882,0.489,-1.01,0.52,-1.92,3,1
18212.375,-0.159,-0.875,0.492,-0.82,-1.53,-2.38,3,1
18212.375,-0.162,-0.874,0.494,-0.7,-5.01,-2.69,3,1
18212.39,-0.16,-0.873,0.483,-1.77,-10.93,-1.19,3,1
18212.39,-0.158,-0.884,0.462,-3.97,-13.4,-0.58,3,1
18212.406,-0.134,-0.895,0.447,-5.19,-13.55,-1.13,3,1
18212.421,-0.124,-0.922,0.426,-5.65,-11.96,-2.81,3,1
18212.437,-0.116,-0.939,0.408,-5.01,-9.09,-5.62,3,1
18212.437,-0.11,-0.942,0.407,-3.45,-6.59,-8.42,3,1
18212.453,-0.113,-0.925,0.416,-1.37,-3.54,-10.56,3,1
18212.453,-0.13,-0.91,0.422,-0.06,-1.01,-11.57,3,1
18212.468,-0.139,-0.906,0.436,-0.46,-0.95,-11.81,3,1
18212.484,-0.132,-0.905,0.437,-1.34,-2.41,-12.3,3,1
18212.484,-0.119,-0.909,0.438,-2.23,-3.94,-12.73,3,1
18212.5,-0.097,-0.91,0.445,-2.26,-4.97,-13.43,3,1
18212.515,-0.075,-0.914,0.44,-0.79,-5.13,-14.95,3,1
18212.515,-0.065,-0.912,0.433,0.67,-4.21,-16.88,3,1
18212.531,-0.065,-0.906,0.424,0.85,-2.11,-19.26,3,1
18212.546,-0.066,-0.917,0.405,-0.43,0.15,-21.97,3,1
18212.546,-0.081,-0.922,0.392,-1.74,3.57,-24.38,3,1
18212.562,-0.11,-0.941,0.377,-2.78,6.9,-26.43,3,1
18212.562,-0.123,-0.948,0.369,-4.49,8.3,-28.47,3,1
18212.578,-0.129,-0.944,0.37,-5.04,7.57,-31.25,3,1
18212.593,-0.128,-0.934,0.367,-2.93,5.49,-34.79,3,1
18212.593,-0.132,-0.902,0.368,1.59,4.33,-38.0,3,1
18212.609,-0.121,-0.866,0.364,7.08,3.69,-39.06,3,1
18212.609,-0.108,-0.819,0.374,10.13,3.78,-36.68,3,1
18212.625,-0.058,-0.766,0.382,9.86,5.16,-31.71,3,1
18212.64,-0.031,-0.735,0.396,5.07,10.99,-26.58,3,1
18212.656,-0.019,-0.741,0.421,-4.09,17.88,-20.02,3,1
18212.656,-0.013,-0.757,0.458,-13.0,23.93,-13.06,3,1
18212.671,-0.018,-0.79,0.492,-18.98,28.81,-7.54,3,1
18212.687,-0.025,-0.827,0.534,-21.73,30.95,-4.43,3,1
18212.687,-0.031,-0.861,0.576,-20.72,30.7,-3.63,3,1
18212.703,-0.041,-0.875,0.606,-16.08,29.24,-4.09,3,1
18212.703,-0.032,-0.867,0.63,-10.53,25.85,-5.22,3,1
18212.718,-0.03,-0.851,0.647,-5.55,22.31,-7.17,3,1
18212.734,-0.044,-0.831,0.656,-1.98,18.65,-8.39,3,1
18212.734,-0.066,-0.81,0.659,-1.16,13.89,-7.17,3,1
18212.75,-0.043,-0.794,0.653,-3.63,8.06,-3.78,3,1
18212.765,-0.026,-0.787,0.636,-6.74,5.37,-2.08,3,1
18212.765,-0.042,-0.81,0.6,-10.77,4.79,-0.95,3,1
18212.781,-0.046,-0.816,0.581,-14.59,4.33,0.58,3,1
18212.781,-0.058,-0.832,0.574,-15.41,5.92,1.46,3,1
18212.796,-0.062,-0.839,0.573,-14.95,7.17,1.53,3,1
18212.812,-0.063,-0.835,0.578,-12.36,8.61,0.7,3,1
18212.828,-0.064,-0.825,0.575,-9.49,10.62,-0.85,3,1
18212.828,-0.057,-0.805,0.579,-8.12,12.6,-2.59,3,1
18212.843,-0.061,-0.79,0.577,-8.06,14.19,-4.61,3,1
18212.843,-0.072,-0.793,0.568,-9.06,15.17,-6.68,3,1
18212.859,-0.073,-0.791,0.551,-10.04,16.91,-7.45,3,1
18212.875,-0.09,-0.796,0.524,-10.56,19.87,-7.2,3,1
18212.875,-0.11,-0.806,0.502,-11.17,23.47,-5.95,3,1
18212.89,-0.111,-0.808,0.493,-10.59,27.59,-4.3,3,1
18212.906,-0.115,-0.816,0.468,-9.74,33.3,-2.47,3,1
18212.906,-0.107,-0.828,0.466,-11.51,38.82,-1.1,3,1
18212.921,-0.126,-0.856,0.455,-13.95,45.87,-0.58,3,1
18212.937,-0.143,-0.889,0.483,-16.36,50.26,-0.73,3,1
18212.937,-0.197,-0.905,0.524,-13.43,54.99,-1.19,3,1
18212.953,-0.22,-0.885,0.555,-9.09,52.71,-3.05,3,1
18212.953,-0.229,-0.873,0.583,-7.6,47.82,-6.01,3,1
18212.968,-0.206,-0.865,0.604,-5.92,43.24,-8.18,3,1
18212.968,-0.183,-0.834,0.612,-3.23,41.69,-8.06,3,1
18212.984,-0.187,-0.814,0.611,-3.81,42.66,-4.58,3,1
18213.0,-0.197,-0.841,0.606,-8.24,42.15,0.67,3,1
18213.0,-0.17,-0.884,0.588,-12.67,39.89,4.39,3,1
18213.015,-0.152,-0.932,0.569,-15.08,38.94,4.15,3,1
18213.031,-0.17,-0.981,0.542,-15.47,39.67,0.73,3,1
18213.046,-0.157,-1.003,0.537,-14.59,39.09,-4.52,3,1
18213.046,-0.156,-0.984,0.549,-11.63,38.7,-12.97,3,1
18213.062,-0.193,-0.965,0.553,-8.55,38.67,-21.09,3,1
18213.078,-0.224,-0.936,0.579,-7.63,36.9,-25.21,3,1
18213.078,-0.242,-0.922,0.585,-6.01,32.11,-25.57,3,1
18213.093,-0.228,-0.912,0.563,-5.55,25.91,-22.95,3,1
18213.093,-0.177,-0.894,0.555,-7.02,21.36,-21.33,3,1
18213.109,-0.175,-0.881,0.548,-7.45,19.81,-21.52,3,1
18213.125,-0.205,-0.874,0.526,-7.87,18.25,-20.02,3,1
18213.125,-0.182,-0.874,0.486,-8.94,14.25,-17.4,3,1
18213.14,-0.153,-0.876,0.445,-9.64,12.48,-16.51,3,1
18213.14,-0.187,-0.877,0.408,-10.62,14.74,-16.36,3,1
18213.156,-0.168,-0.864,0.388,-11.93,15.17,-13.76,3,1
18213.171,-0.129,-0.838,0.384,-12.02,18.19,-10.56,3,1
18213.171,-0.092,-0.791,0.384,-11.87,24.17,-7.97,3,1
18213.187,-0.102,-0.752,0.398,-13.46,31.46,-5.13,3,1
18213.203,-0.123,-0.729,0.419,-16.27,37.32,-0.15,3,1
18213.203,-0.167,-0.734,0.412,-20.91,42.33,8.27,3,1
18213.218,-0.185,-0.776,0.409,-29.05,45.78,18.49,3,1
18213.234,-0.168,-0.836,0.402,-37.72,47.61,27.22,3,1
18213.234,-0.198,-0.93,0.367,-46.82,50.48,30.76,3,1
18213.25,-0.174,-1.034,0.325,-52.74,52.25,28.44,3,1
18213.265,-0.126,-1.084,0.3,-50.81,56.18,18.98,3,1
18213.265,-0.084,-1.087,0.29,-43.61,64.61,4.88,3,1
18213.281,-0.058,-1.021,0.347,-37.51,76.97,-7.84,3,1
18213.296,-0.123,-0.933,0.463,-36.35,89.51,-15.11,3,1
18213.296,-0.228,-0.9,0.564,-42.6,93.36,-14.89,3,1
18213.312,-0.286,-0.934,0.657,-50.45,84.75,-11.54,3,1
18213.312,-0.301,-1.017,0.685,-49.17,67.75,-10.68,3,1
18213.328,-0.295,-1.083,0.643,-38.48,47.88,-16.6,3,1
18213.343,-0.217,-1.111,0.566,-22.28,29.11,-30.58,3,1
18213.343,-0.135,-1.098,0.488,-5.71,16.79,-47.49,3,1
18213.359,-0.125,-1.031,0.412,5.22,12.6,-62.62,3,1
18213.375,-0.114,-0.963,0.384,8.48,9.46,-72.7,3,1
18213.375,-0.141,-0.91,0.379,8.94,4.94,-75.72,3,1
18213.39,-0.177,-0.862,0.356,8.12,1.77,-69.64,3,1
18213.39,-0.175,-0.838,0.328,6.32,0.73,-61.1,3,1
18213.406,-0.177,-0.799,0.315,3.3,-0.58,-50.81,3,1
18213.421,-0.118,-0.763,0.322,0.61,-2.01,-40.35,3,1
18213.421,-0.093,-0.773,0.318,-0.79,-1.98,-28.93,3,1
18213.437,-0.084,-0.784,0.33,-2.29,-1.65,-17.09,3,1
18213.453,-0.075,-0.791,0.344,-3.66,-2.32,-7.26,3,1
18213.453,-0.111,-0.837,0.356,-6.16,-5.28,0.12,3,1
18213.468,-0.115,-0.892,0.346,-7.87,-9.4,4.85,3,1
18213.484,-0.08,-0.922,0.358,-6.04,-14.4,7.14,3,1
18213.484,-0.093,-0.936,0.376,-3.11,-18.92,7.32,3,1
18213.5,-0.12,-0.936,0.389,1.07,-23.9,6.68,3,1
18213.515,-0.106,-0.923,0.382,5.43,-32.5,8.12,3,1
18213.515,-0.12,-0.917,0.325,7.48,-38.18,9.8,3,1
18213.531,-0.079,-0.926,0.285,5.01,-41.02,9.86,3,1
18213.531,-0.053,-0.942,0.266,2.75,-40.96,8.55,3,1
18213.546,-0.118,-0.96,0.225,1.04,-34.42,8.61,3,1
18213.562,-0.149,-0.977,0.235,-5.77,-29.85,9.25,3,1
18213.562,-0.16,-1.011,0.253,-10.35,-27.95,8.73,3,1
18213.578,-0.158,-1.051,0.234,-9.74,-25.27,8.33,3,1
18213.593,-0.175,-1.06,0.218,-7.69,-20.17,6.56,3,1
18213.593,-0.148,-1.069,0.217,-7.9,-14.77,4.09,3,1
18213.609,-0.11,-1.057,0.279,-8.82,-10.86,0.64,3,1
18213.625,-0.109,-1.036,0.335,-5.25,-8.48,-3.48,3,1
18213.625,-0.12,-0.99,0.391,-0.12,-9.98,-6.23,3,1
18213.64,-0.172,-0.953,0.406,4.39,-13.28,-7.08,3,1
18213.64,-0.151,-0.947,0.36,4.03,-19.93,-5.28,3,1
18213.656,-0.114,-0.959,0.303,0.46,-23.9,-3.78,3,1
18213.671,-0.058,-0.978,0.256,-1.71,-21.85,-3.36,3,1
18213.687,-0.029,-0.953,0.277,-1.8,-16.54,-3.54,3,1
18213.687,-0.054,-0.935,0.315,1.77,-10.44,-2.99,3,1
18213.703,-0.049,-0.892,0.364,6.47,-9.13,-1.37,3,1
18213.703,-0.085,-0.856,0.397,11.75,-10.32,1.1,3,1
18213.718,-0.124,-0.825,0.406,13.25,-14.01,6.96,3,1
18213.734,-0.177,-0.826,0.409,11.66,-20.57,14.98,3,1
18213.734,-0.159,-0.887,0.317,8.39,-26.7,23.44,3,1
18213.75,-0.102,-0.936,0.227,3.57,-27.56,29.27,3,1
18213.75,-0.08,-0.97,0.21,1.74,-19.65,28.38,3,1
18213.765,-0.076,-0.983,0.251,2.29,-10.99,25.76,3,1
18213.781,-0.114,-0.97,0.313,3.14,-5.58,22.95,3,1
18213.781,-0.158,-0.976,0.354,3.54,-4.12,21.73,3,1
18213.796,-0.15,-0.976,0.401,3.57,-6.32,21.67,3,1
18213.812,-0.178,-0.977,0.407,6.84,-9.77,20.36,3,1
18213.828,-0.155,-0.992,0.349,7.48,-13.4,19.47,3,1
18213.843,-0.107,-1.011,0.326,3.39,-15.75,16.51,3,1
18213.843,-0.123,-1.046,0.317,1.01,-14.8,10.35,3,1
18213.843,-0.143,-1.06,0.298,1.92,-12.33,4.46,3,1
18213.859,-0.143,-1.047,0.286,3.36,-9.28,-0.79,3,1
18213.875,-0.126,-1.04,0.295,4.12,-5.1,-4.88,3,1
18213.875,-0.114,-1.005,0.329,4.61,-1.56,-7.26,3,1
18213.89,-0.157,-0.962,0.376,5.55,0.34,-9.16,3,1
18213.906,-0.19,-0.957,0.376,7.14,-0.7,-8.0,3,1
18213.906,-0.16,-0.948,0.345,5.34,-3.75,-4.03,3,1
18213.921,-0.127,-0.971,0.318,1.83,-4.21,-2.66,3,1
18213.921,-0.109,-0.986,0.318,2.17,-1.62,-2.62,3,1
18213.937,-0.109,-0.967,0.333,3.69,1.07,-2.47,3,1
18213.953,-0.121,-0.956,0.36,3.42,1.77,-3.66,3,1
18213.953,-0.111,-0.958,0.367,3.72,0.67,-4.21,3,1
18213.968,-0.105,-0.941,0.365,3.6,-0.58,-3.97,3,1
18213.984,-0.115,-0.944,0.36,2.5,-1.56,-5.58,3,1
18213.984,-0.125,-0.951,0.333,2.38,-2.17,-6.78,3,1
18214.0,-0.111,-0.956,0.286,2.08,-0.85,-7.11,3,1
18214.0,-0.093,-0.951,0.286,1.28,2.47,-8.97,3,1
18214.015,-0.096,-0.933,0.32,1.4,6.74,-10.44,3,1
18214.031,-0.11,-0.902,0.359,0.89,8.24,-10.07,3,1
18214.046,-0.119,-0.903,0.398,0.31,6.47,-8.88,3,1
18214.046,-0.092,-0.913,0.383,0.7,3.23,-6.93,3,1
18214.062,-0.078,-0.927,0.354,0.89,1.74,-6.65,3,1
18214.062,-0.065,-0.949,0.335,-0.46,2.47,-7.08,3,1
18214.078,-0.061,-0.952,0.353,-1.34,3.81,-8.0,3,1
18214.093,-0.072,-0.946,0.375,-0.15,4.03,-9.58,3,1
18214.093,-0.055,-0.928,0.379,1.5,1.89,-11.02,3,1
18214.109,-0.047,-0.909,0.381,3.14,-0.09,-12.97,3,1
18214.125,-0.054,-0.883,0.382,4.73,-1.59,-13.7,3,1
18214.125,-0.047,-0.855,0.366,5.62,-3.48,-12.6,3,1
18214.14,-0.048,-0.834,0.349,6.41,-4.03,-10.53,3,1
18214.156,-0.035,-0.817,0.34,6.26,-2.56,-5.95,3,1
18214.156,-0.016,-0.784,0.363,6.35,-0.58,0.12,3,1
18214.171,-0.022,-0.766,0.348,6.38,1.31,6.56,3,1
18214.187,-0.044,-0.757,0.331,3.11,2.11,13.21,3,1
18214.187,-0.074,-0.782,0.312,-1.37,2.5,19.04,3,1
18214.203,-0.094,-0.822,0.311,-4.64,3.36,24.66,3,1
18214.203,-0.115,-0.859,0.308,-5.37,5.43,29.57,3,1
18214.218,-0.124,-0.892,0.308,-6.07,7.02,32.81,3,1
18214.234,-0.134,-0.938,0.323,-6.74,7.57,33.2,3,1
18214.234,-0.145,-0.991,0.33,-6.99,7.26,32.2,3,1
18214.25,-0.138,-1.032,0.339,-7.29,5.46,28.44,3,1
18214.25,-0.16,-1.073,0.341,-5.13,2.93,20.94,3,1
18214.265,-0.174,-1.101,0.315,-1.16,-0.21,12.09,3,1
18214.281,-0.16,-1.099,0.29,2.14,-2.41,1.95,3,1
18214.281,-0.155,-1.081,0.292,5.19,-2.53,-8.39,3,1
18214.296,-0.158,-1.048,0.305,8.7,-2.01,-15.59,3,1
18214.312,-0.155,-1.001,0.318,10.32,-2.35,-18.46,3,1
18214.312,-0.142,-0.97,0.323,8.94,-2.9,-19.04,3,1
18214.328,-0.133,-0.95,0.325,7.48,-2.75,-17.91,3,1
18214.343,-0.121,-0.927,0.335,6.07,-2.44,-15.02,3,1
18214.343,-0.122,-0.914,0.348,4.7,-1.98,-11.78,3,1
18214.359,-0.114,-0.912,0.348,3.17,-2.26,-5.07,3,1
18214.375,-0.106,-0.911,0.345,2.29,-2.08,-3.54,3,1
18214.375,-0.102,-0.922,0.345,3.05,-1.28,-2.84,3,1
18214.39,-0.088,-0.925,0.348,4.3,-0.15,-2.44,3,1
18214.39,-0.084,-0.926,0.351,3.91,0.67,-2.53,3,1
18214.406,-0.083,-0.93,0.369,3.14,0.82,-2.96,3,1
18214.421,-0.096,-0.933,0.358,3.39,1.16,-2.87,3,1
18214.437,-0.095,-0.933,0.359,2.5,1.34,-2.5,3,1
18214.437,-0.103,-0.935,0.376,2.9,1.86,-2.08,3,1
18214.453,-0.103,-0.924,0.374,4.06,1.07,-0.27,3,1
18214.453,-0.09,-0.931,0.379,2.72,-0.37,1.1,3,1
18214.468,-0.075,-0.959,0.388,1.83,-0.98,1.65,3,1
18214.468,-0.076,-0.966,0.389,3.27,-1.59,1.95,3,1
18214.484,-0.073,-0.976,0.371,3.14,-2.44,1.68,3,1
18214.5,-0.057,-0.982,0.378,1.89,-3.36,-0.21,3,1
18214.515,-0.079,-0.973,0.371,2.99,-3.69,-2.87,3,1
18214.515,-0.092,-0.96,0.364,3.02,-4.24,-3.54,3,1
18214.531,-0.097,-0.965,0.352,1.5,-4.73,-3.48,3,1
18214.531,-0.118,-0.973,0.337,0.64,-4.3,-3.45,3,1
18214.546,-0.118,-0.981,0.317,1.16,-3.69,-2.5,3,1
18214.562,-0.093,-0.983,0.306,0.73,-2.87,-0.92,3,1
18214.562,-0.079,-0.986,0.313,-0.34,-0.92,-1.01,3,1
18214.578,-0.089,-0.978,0.337,0.03,0.73,-2.44,3,1
18214.593,-0.102,-0.969,0.356,1.16,0.89,-2.5,3,1
18214.593,-0.091,-0.965,0.359,0.76,-0.15,-1.74,3,1
18214.609,-0.083,-0.965,0.365,-0.24,-0.7,-1.65,3,1
18214.625,-0.096,-0.96,0.361,-0.79,-0.24,-1.68,3,1
18214.625,-0.113,-0.958,0.355,-2.32,-0.12,-1.59,3,1
18214.64,-0.107,-0.971,0.346,-3.81,-0.06,-2.14,3,1
18214.64,-0.093,-0.973,0.339,-3.42,1.13,-3.66,3,1
18214.656,-0.084,-0.96,0.337,-2.41,3.11,-5.71,3,1
18214.671,-0.09,-0.946,0.347,-2.5,5.16,-7.81,3,1
18214.671,-0.127,-0.93,0.387,-1.77,6.35,-9.74,3,1
18214.687,-0.15,-0.915,0.41,-0.21,4.58,-8.58,3,1
18214.703,-0.13,-0.906,0.4,-0.76,-0.31,-5.65,3,1
18214.703,-0.105,-0.929,0.385,-2.17,-3.94,-4.94,3,1
18214.718,-0.09,-0.942,0.37,-0.79,-5.49,-5.4,3,1
18214.734,-0.084,-0.92,0.35,1.74,-5.55,-5.95,3,1
18214.734,-0.081,-0.904,0.343,1.98,-4.91,-6.65,3,1
18214.75,-0.079,-0.896,0.351,1.25,-3.75,-6.41,3,1
18214.75,-0.08,-0.889,0.356,1.07,-3.08,-4.76,3,1
18214.765,-0.084,-0.893,0.356,0.95,-2.75,-2.32,3,1
18214.781,-0.093,-0.9,0.365,0.46,-2.56,-0.12,3,1
18214.781,-0.099,-0.91,0.355,0.79,-2.96,2.01,3,1
18214.796,-0.095,-0.915,0.344,-0.24,-3.78,4.03,3,1
18214.812,-0.081,-0.931,0.343,-1.46,-4.58,4.03,3,1
18214.812,-0.067,-0.935,0.338,0.18,-4.64,2.72,3,1
18214.828,-0.063,-0.924,0.335,2.35,-4.58,0.98,3,1
18214.843,-0.054,-0.916,0.347,3.57,-4.85,-0.49,3,1
18214.843,-0.043,-0.909,0.368,4.67,-5.77,-1.22,3,1
18214.859,-0.051,-0.901,0.374,5.89,-6.99,-1.19,3,1
18214.875,-0.06,-0.899,0.377,5.55,-8.82,-0.55,3,1
18214.875,-0.069,-0.898,0.383,5.28,-11.11,0.27,3,1
18214.89,-0.082,-0.896,0.362,5.86,-12.7,1.68,3,1
18214.89,-0.073,-0.9,0.334,4.94,-13.46,3.39,3,1
18214.906,-0.072,-0.912,0.31,2.59,-11.87,5.01,3,1
18214.921,-0.073,-0.925,0.301,0.09,-8.73,6.71,3,1
18214.921,-0.084,-0.935,0.306,-2.01,-4.88,8.55,3,1
18214.937,-0.091,-0.951,0.316,-4.61,-1.5,10.38,3,1
18214.953,-0.096,-0.974,0.331,-6.26,0.49,11.11,3,1
18214.953,-0.103,-1.0,0.337,-6.41,1.07,9.67,3,1
18214.968,-0.105,-1.009,0.349,-5.22,0.76,5.71,3,1
18214.984,-0.118,-1.013,0.362,-2.53,-0.21,0.12,3,1
18214.984,-0.118,-1.008,0.362,0.31,-2.04,-4.82,3,1
18215.0,-0.105,-1.0,0.357,2.96,-3.85,-9.28,3,1
18215.015,-0.094,-0.989,0.349,5.22,-4.7,-13.21,3,1
18215.015,-0.094,-0.975,0.339,6.56,-4.79,-16.21,3,1
18215.031,-0.097,-0.951,0.346,7.39,-4.27,-17.67,3,1
18215.031,-0.102,-0.928,0.339,7.9,-3.27,-16.69,3,1
18215.046,-0.085,-0.907,0.342,6.23,-2.44,-13.76,3,1
18215.062,-0.079,-0.902,0.355,4.0,-1.68,-10.59,3,1
18215.062,-0.088,-0.908,0.364,2.75,-0.61,-6.5,3,1
18215.078,-0.094,-0.913,0.355,1.56,-0.21,-2.38,3,1
18215.093,-0.097,-0.928,0.349,0.06,-0.12,0.61,3,1
18215.093,-0.09,-0.943,0.342,-1.19,0.34,2.59,3,1
18215.109,-0.08,-0.957,0.341,-2.2,0.64,3.42,3,1
18215.125,-0.069,-0.974,0.347,-1.65,1.19,2.66,3,1
18215.125,-0.066,-0.969,0.352,0.4,1.92,0.79,3,1
18215.14,-0.086,-0.953,0.358,2.01,2.26,-0.98,3,1
18215.156,-0.109,-0.951,0.356,1.59,1.71,-1.28,3,1
18215.156,-0.096,-0.961,0.358,0.37,0.37,-0.79,3,1
18215.171,-0.08,-0.965,0.355,1.13,-0.03,-1.01,3,1
18215.171,-0.075,-0.962,0.347,2.2,0.95,-1.22,3,1
18215.187,-0.066,-0.958,0.354,1.13,1.62,-1.46,3,1
18215.203,-0.072,-0.958,0.36,-0.64,1.89,-2.56,3,1
18215.203,-0.078,-0.956,0.362,-1.04,1.46,-4.21,3,1
18215.218,-0.073,-0.951,0.356,-0.18,1.4,-5.89,3,1
18215.234,-0.066,-0.943,0.357,0.43,1.65,-7.2,3,1
18215.234,-0.065,-0.935,0.369,0.58,2.08,-8.3,3,1
18215.25,-0.069,-0.923,0.38,0.98,2.35,-8.3,3,1
18215.25,-0.067,-0.915,0.386,1.37,1.71,-7.32,3,1
18215.265,-0.063,-0.905,0.394,1.74,0.43,-6.59,3,1
18215.281,-0.061,-0.906,0.384,1.86,-1.01,-5.65,3,1
18215.281,-0.05,-0.901,0.375,1.59,-2.32,-4.55,3,1
18215.296,-0.047,-0.902,0.37,1.4,-2.38,-4.27,3,1
18215.312,-0.046,-0.896,0.374,1.83,-2.11,-3.78,3,1
18215.312,-0.051,-0.883,0.376,2.5,-2.08,-2.78,3,1
18215.328,-0.047,-0.88,0.385,2.41,-2.53,-1.4,3,1
18215.343,-0.049,-0.881,0.387,2.56,-3.14,0.52,3,1
18215.343,-0.077,-0.896,0.377,-0.89,-4.24,5.98,3,1
18215.359,-0.082,-0.923,0.36,-1.8,-4.94,7.81,3,1
18215.375,-0.067,-0.948,0.35,-1.25,-4.39,7.72,3,1
18215.375,-0.056,-0.968,0.336,0.24,-3.23,6.26,3,1
18215.39,-0.058,-0.964,0.344,1.53,-1.98,4.49,3,1
18215.39,-0.065,-0.957,0.349,2.01,-1.56,3.27,3,1
18215.406,-0.071,-0.96,0.356,1.34,-1.86,2.69,3,1
18215.421,-0.074,-0.973,0.361,0.49,-2.5,2.2,3,1
18215.421,-0.069,-0.98,0.356,0.85,-2.72,1.43,3,1
18215.437,-0.07,-0.98,0.353,1.04,-2.29,0.89,3,1
18215.453,-0.065,-0.979,0.354,-0.49,-2.01,-0.15,3,1
18215.453,-0.073,-0.983,0.355,-1.43,-1.34,-2.23,3,1
18215.468,-0.074,-0.978,0.353,-0.98,-0.18,-4.46,3,1
18215.484,-0.063,-0.966,0.356,-0.52,1.04,-7.02,3,1
18215.484,-0.058,-0.963,0.368,-0.34,2.59,-10.13,3,1
18215.5,-0.051,-0.956,0.387,-0.12,3.6,-13.0,3,1
18215.515,-0.052,-0.95,0.397,-0.09,3.27,-15.99,3,1
18215.515,-0.051,-0.958,0.401,-0.58,1.56,-19.1,3,1
18215.531,-0.036,-0.969,0.401,-0.89,-0.85,-22.95,3,1
18215.531,-0.039,-0.964,0.405,0.12,-2.5,-27.5,3,1
18215.546,-0.056,-0.953,0.405,2.78,-3.75,-30.15,3,1
18215.562,-0.051,-0.924,0.387,4.55,-5.16,-29.54,3,1
18215.562,-0.05,-0.895,0.362,4.7,-5.34,-27.1,3,1
18215.578,-0.052,-0.876,0.335,3.39,-4.76,-22.8,3,1
18215.593,-0.038,-0.865,0.323,0.89,-3.51,-17.55,3,1
18215.593,-0.029,-0.867,0.323,-0.31,-0.89,-12.12,3,1
18215.609,-0.038,-0.872,0.331,-0.49,2.01,-6.04,3,1
18215.609,-0.03,-0.876,0.352,-1.22,4.06,-0.09,3,1
18215.625,-0.026,-0.889,0.369,-1.83,4.3,3.3,3,1
18215.64,-0.035,-0.913,0.386,-2.72,3.14,5.25,3,1
18215.64,-0.033,-0.94,0.382,-2.84,0.24,5.68,3,1
18215.656,-0.024,-0.962,0.363,-1.53,-2.53,3.69,3,1
18215.671,-0.024,-0.962,0.349,1.13,-3.63,0.7,3,1
18215.671,-0.027,-0.951,0.344,3.27,-4.0,-1.71,3,1
18215.687,-0.028,-0.935,0.355,4.73,-4.09,-2.59,3,1
18215.703,-0.049,-0.921,0.35,6.1,-3.78,-1.34,3,1
18215.703,-0.059,-0.922,0.332,4.52,-4.0,1.77,3,1
18215.718,-0.042,-0.936,0.315,1.22,-3.63,4.33,3,1
18215.734,-0.036,-0.947,0.306,-0.4,-1.37,5.22,3,1
18215.734,-0.033,-0.944,0.317,-0.7,1.92,6.16,3,1
18215.75,-0.021,-0.94,0.339,-1.16,4.64,6.65,3,1
18215.765,-0.018,-0.945,0.379,-1.37,6.04,5.77,3,1
18215.765,-0.04,-0.944,0.415,0.12,5.71,4.85,3,1
18215.781,-0.064,-0.953,0.412,0.06,3.3,4.27,3,1
18215.781,-0.046,-0.985,0.387,-1.92,-0.76,2.41,3,1
18215.796,-0.018,-1.004,0.373,-1.46,-2.62,-1.37,3,1
18215.812,-0.01,-0.984,0.366,1.43,-1.98,-6.07,3,1
18215.812,-0.014,-0.946,0.379,3.3,-0.73,-9.89,3,1
18215.828,-0.035,-0.917,0.401,4.52,-0.58,-11.38,3,1
18215.843,-0.042,-0.892,0.405,5.19,-2.29,-9.86,3,1
18215.843,-0.037,-0.884,0.399,4.36,-4.33,-7.05,3,1
18215.859,-0.033,-0.894,0.387,3.94,-5.46,-4.33,3,1
18215.875,-0.027,-0.897,0.368,3.39,-5.68,-1.07,3,1
18215.875,-0.024,-0.913,0.35,1.13,-4.61,1.95,3,1
18215.89,-0.014,-0.938,0.344,-1.34,-2.66,3.97,3,1
18215.89,-0.008,-0.948,0.349,-1.62,0.0,4.52,3,1
18215.906,-0.024,-0.944,0.364,-0.95,1.98,3.97,3,1
18215.921,-0.042,-0.945,0.38,-0.46,1.83,3.42,3,1
18215.921,-0.034,-0.947,0.388,0.4,-0.31,3.02,3,1
18215.937,-0.024,-0.945,0.381,2.47,-2.62,2.32,3,1
18215.953,-0.024,-0.941,0.377,3.91,-4.27,1.65,3,1
18215.953,-0.033,-0.941,0.366,4.27,-5.46,1.34,3,1
18215.968,-0.04,-0.945,0.35,3.97,-6.26,1.92,3,1
18215.984,-0.039,-0.954,0.332,2.01,-5.74,3.23,3,1
18215.984,-0.022,-0.973,0.319,-0.61,-3.69,3.72,3,1
18216.0,-0.012,-0.98,0.327,-1.19,-0.49,3.14,3,1
18216.015,-0.02,-0.967,0.345,-0.4,3.23,2.14,3,1
18216.015,-0.032,-0.954,0.379,-0.15,5.1,0.89,3,1
18216.031,-0.047,-0.952,0.4,-0.43,4.43,-0.43,3,1
18216.031,-0.057,-0.952,0.418,0.12,2.35,-1.77,3,1
18216.046,-0.056,-0.945,0.426,1.16,-0.43,-1.53,3,1
18216.062,-0.037,-0.941,0.417,0.82,-3.63,-0.79,3,1
18216.062,-0.021,-0.95,0.398,0.37,-5.71,-1.65,3,1
18216.078,-0.02,-0.952,0.383,1.34,-5.95,-2.93,3,1
18216.093,-0.025,-0.934,0.371,1.95,-5.28,-4.24,3,1
18216.093,-0.033,-0.926,0.365,1.65,-4.27,-5.43,3,1
18216.109,-0.029,-0.925,0.361,1.56,-2.81,-6.07,3,1
18216.109,-0.019,-0.921,0.361,1.83,-0.89,-6.44,3,1
18216.125,-0.031,-0.914,0.375,1.95,1.46,-6.13,3,1
18216.14,-0.055,-0.905,0.406,1.31,2.5,-4.15,3,1
18216.14,-0.07,-0.9,0.429,-0.34,0.46,-0.82,3,1
18216.156,-0.056,-0.919,0.435,-2.59,-4.0,2.41,3,1
18216.171,-0.03,-0.95,0.405,-3.11,-7.63,3.54,3,1
18216.171,-0.025,-0.971,0.364,-1.01,-8.39,2.5,3,1
18216.187,-0.024,-0.968,0.331,0.98,-7.26,0.15,3,1
18216.203,-0.028,-0.956,0.32,1.5,-5.46,-2.32,3,1
18216.203,-0.039,-0.946,0.33,2.5,-3.27,-3.91,3,1
18216.218,-0.038,-0.932,0.349,4.21,-1.89,-3.85,3,1
18216.234,-0.036,-0.921,0.359,4.79,-1.86,-2.99,3,1
18216.234,-0.043,-0.923,0.364,3.57,-2.47,-1.56,3,1
18216.25,-0.045,-0.926,0.366,1.89,-3.11,0.49,3,1
18216.25,-0.042,-0.924,0.373,-0.06,-3.54,2.47,3,1
18216.265,-0.035,-0.93,0.382,-1.8,-4.24,3.45,3,1
18216.281,-0.022,-0.939,0.384,-2.53,-4.82,3.81,3,1
18216.281,-0.007,-0.943,0.394,-2.17,-5.37,3.72,3,1
18216.296,-0.002,-0.937,0.399,-1.31,-5.95,3.17,3,1
18216.312,-0.008,-0.935,0.4,-0.95,-7.08,2.53,3,1
