timestamp,ax,ay,az,gx,gy,gz,orient_label,motion_label
16503.14,0.987,-0.114,0.126,-1.07,0.0,0.89,1,2
16503.156,0.992,-0.098,0.141,-0.18,1.13,-0.76,1,2
16503.171,0.954,-0.09,0.153,1.8,1.59,-2.56,1,2
16503.171,0.944,-0.089,0.158,3.39,-0.18,-2.29,1,2
16503.187,0.971,-0.081,0.15,2.81,-3.14,-1.83,1,2
16503.187,0.983,-0.094,0.138,2.78,-4.3,-2.59,1,2
16503.203,0.983,-0.089,0.143,4.24,-3.72,-3.23,1,2
16503.218,0.976,-0.077,0.136,5.22,-3.14,-3.39,1,2
16503.218,0.98,-0.077,0.129,4.06,-2.56,-3.05,1,2
16503.234,0.991,-0.077,0.132,2.04,-1.5,-2.84,1,2
16503.25,0.995,-0.078,0.141,0.82,0.18,-2.99,1,2
16503.25,0.983,-0.08,0.154,0.95,1.74,-3.27,1,2
16503.265,0.98,-0.078,0.168,1.56,2.11,-2.99,1,2
16503.281,0.986,-0.066,0.173,1.98,1.53,-2.44,1,2
16503.281,0.994,-0.057,0.175,1.62,0.58,-1.95,1,2
16503.296,0.996,-0.062,0.178,0.85,0.12,-1.4,1,2
16503.312,0.993,-0.067,0.178,0.82,-0.21,-0.4,1,2
16503.312,0.989,-0.067,0.178,0.85,-0.58,0.46,1,2
16503.328,0.987,-0.072,0.172,0.31,-1.89,0.67,1,2
16503.328,0.988,-0.084,0.164,-0.15,-3.33,0.21,1,2
16503.343,0.985,-0.091,0.153,-0.09,-3.78,-0.46,1,2
16503.359,0.98,-0.095,0.151,0.03,-3.75,-1.28,1,2
16503.359,0.983,-0.096,0.154,0.24,-3.6,-2.32,1,2
16503.375,0.971,-0.087,0.152,0.24,-3.3,-3.2,1,2
16503.39,0.96,-0.079,0.15,-1.19,-3.66,-3.2,1,2
16503.406,0.955,-0.073,0.149,-3.63,-4.94,-2.53,1,2
16503.406,0.959,-0.077,0.136,-5.8,-6.53,-2.01,1,2
16503.406,0.965,-0.081,0.132,-6.29,-7.48,-2.08,1,2
16503.421,0.971,-0.077,0.122,-4.94,-7.75,-2.9,1,2
16503.437,0.968,-0.075,0.11,-3.75,-7.87,-4.7,1,2
16503.437,0.965,-0.076,0.108,-2.41,-7.78,-6.62,1,2
16503.453,0.962,-0.066,0.108,-0.18,-7.17,-7.23,1,2
16503.468,0.956,-0.055,0.106,1.34,-6.38,-7.05,1,2
16503.468,0.946,-0.054,0.109,0.61,-6.35,-5.77,1,2
16503.484,0.937,-0.066,0.108,-1.31,-6.87,-3.42,1,2
16503.5,0.944,-0.083,0.098,-3.27,-7.42,-1.1,1,2
16503.5,0.961,-0.104,0.086,-4.33,-7.29,0.06,1,2
16503.515,0.978,-0.115,0.077,-4.94,-5.95,-0.34,1,2
16503.531,0.983,-0.123,0.076,-4.76,-3.91,-2.59,1,2
16503.531,0.992,-0.122,0.084,-3.66,-1.4,-5.74,1,2
16503.546,0.989,-0.116,0.094,-1.71,0.7,-9.46,1,2
16503.562,0.975,-0.105,0.101,1.04,1.74,-13.43,1,2
16503.562,0.967,-0.091,0.098,8.33,1.16,-19.47,1,2
16503.578,0.969,-0.075,0.086,11.32,0.95,-20.69,1,2
16503.593,0.975,-0.06,0.069,13.79,2.04,-20.84,1,2
16503.593,0.984,-0.049,0.051,15.63,4.3,-20.2,1,2
16503.609,0.994,-0.03,0.023,16.24,7.69,-19.26,1,2
16503.609,1.001,-0.025,0.024,16.21,11.32,-17.85,1,2
16503.625,1.007,-0.019,0.034,16.33,14.62,-15.63,1,2
16503.64,1.021,-0.016,0.048,16.66,17.55,-13.03,1,2
16503.64,1.033,-0.019,0.06,17.46,20.02,-10.25,1,2
16503.656,1.049,-0.021,0.07,18.4,21.42,-7.05,1,2
16503.671,1.066,-0.023,0.083,19.53,21.67,-4.15,1,2
16503.671,1.064,-0.029,0.092,21.73,20.26,-2.53,1,2
16503.687,1.053,-0.034,0.087,25.15,17.15,-1.95,1,2
16503.687,1.051,-0.035,0.07,28.81,11.81,-2.35,1,2
16503.703,1.046,-0.045,0.026,34.7,6.65,-3.45,1,2
16503.718,1.039,-0.031,-0.012,39.67,2.78,-5.46,1,2
16503.718,1.029,-0.038,-0.057,44.37,0.67,-8.48,1,2
16503.734,1.021,-0.028,-0.095,47.91,0.61,-12.24,1,2
16503.75,1.005,-0.02,-0.127,52.83,3.42,-16.51,1,2
16503.75,0.997,-0.006,-0.149,58.08,8.7,-21.91,1,2
16503.765,0.975,0.004,-0.157,62.35,16.14,-28.17,1,2
16503.781,0.945,0.01,-0.154,65.1,24.69,-34.06,1,2
16503.781,0.912,0.009,-0.135,66.99,32.81,-37.93,1,2
16503.796,0.889,0.011,-0.12,68.06,39.55,-38.85,1,2
16503.812,0.874,0.022,-0.109,67.35,45.35,-36.65,1,2
16503.812,0.877,0.044,-0.08,64.94,49.04,-33.3,1,2
16503.828,0.889,0.058,-0.046,63.08,50.84,-30.27,1,2
16503.828,0.901,0.066,-0.023,64.73,52.25,-27.86,1,2
16503.843,0.912,0.083,-0.012,71.66,54.41,-26.15,1,2
16503.859,0.912,0.096,-0.016,82.0,56.64,-24.84,1,2
16503.859,0.915,0.109,-0.032,90.4,59.18,-23.5,1,2
16503.875,0.912,0.121,-0.044,95.83,62.65,-21.91,1,2
16503.89,0.909,0.13,-0.045,98.76,67.35,-19.23,1,2
16503.906,0.874,0.137,-0.021,98.88,73.03,-16.14,1,2
16503.906,0.834,0.151,0.013,94.3,77.27,-11.9,1,2
16503.921,0.821,0.171,0.049,87.86,79.96,-7.08,1,2
16503.921,0.821,0.188,0.098,80.48,80.51,-4.18,1,2
16503.937,0.845,0.196,0.132,71.87,79.26,-4.52,1,2
16503.953,0.846,0.195,0.165,66.07,78.62,-6.1,1,2
16503.953,0.855,0.178,0.2,64.94,78.46,-6.38,1,2
16503.968,0.86,0.162,0.222,68.85,79.96,-5.07,1,2
16503.968,0.87,0.164,0.236,75.5,83.74,-2.66,1,2
16504.0,0.83,0.15,0.241,84.2,91.8,0.12,1,2
16504.0,0.814,0.131,0.237,81.24,93.75,0.95,1,2
16504.015,0.803,0.147,0.254,75.08,94.91,0.58,1,2
16504.031,0.812,0.178,0.309,67.29,94.18,-1.95,1,2
16504.031,0.829,0.212,0.388,58.81,92.9,-6.78,1,2
16504.046,0.815,0.233,0.461,53.53,92.56,-12.05,1,2
16504.046,0.769,0.214,0.514,53.62,91.8,-14.5,1,2
16504.062,0.729,0.185,0.57,57.8,87.86,-13.76,1,2
16504.078,0.709,0.161,0.588,64.3,80.66,-12.18,1,2
16504.078,0.721,0.137,0.538,70.93,71.78,-10.35,1,2
16504.093,0.784,0.149,0.491,73.89,66.41,-9.55,1,2
16504.109,0.832,0.168,0.452,72.45,67.63,-11.84,1,2
16504.109,0.877,0.222,0.458,63.88,73.98,-16.39,1,2
16504.125,0.87,0.239,0.476,53.35,83.07,-22.64,1,2
16504.14,0.858,0.237,0.514,43.37,90.88,-27.22,1,2
16504.14,0.838,0.275,0.581,36.96,96.16,-30.3,1,2
16504.171,0.746,0.243,0.704,44.28,95.22,-31.13,1,2
16504.171,0.719,0.248,0.726,49.62,87.04,-27.19,1,2
16504.187,0.694,0.217,0.732,55.15,76.85,-22.03,1,2
16504.203,0.693,0.19,0.709,57.5,66.56,-16.48,1,2
16504.203,0.742,0.219,0.686,51.61,58.96,-12.7,1,2
16504.218,0.754,0.232,0.694,40.1,58.23,-13.79,1,2
16504.218,0.763,0.248,0.714,29.66,59.33,-19.35,1,2
16504.234,0.811,0.314,0.736,20.6,61.77,-28.66,1,2
16504.25,0.745,0.295,0.763,13.37,68.97,-37.63,1,2
16504.25,0.687,0.237,0.814,10.56,73.92,-41.02,1,2
16504.265,0.66,0.251,0.866,18.1,74.37,-42.85,1,2
16504.281,0.6,0.276,0.884,34.64,70.38,-46.54,1,2
16504.281,0.568,0.308,0.87,49.2,64.49,-48.8,1,2
16504.296,0.569,0.37,0.876,55.24,60.4,-49.47,1,2
16504.312,0.587,0.425,0.88,55.09,57.86,-52.64,1,2
16504.312,0.596,0.47,0.88,52.31,58.02,-57.31,1,2
16504.328,0.52,0.528,0.907,48.65,64.61,-64.91,1,2
16504.343,0.474,0.549,0.934,47.3,64.33,-64.67,1,2
16504.359,0.432,0.56,0.953,47.76,58.84,-62.01,1,2
16504.375,0.386,0.544,0.942,49.53,49.93,-56.0,1,2
16504.375,0.398,0.589,0.927,50.6,37.6,-50.36,1,2
16504.39,0.411,0.624,0.898,49.32,26.73,-47.36,1,2
16504.39,0.417,0.629,0.88,44.28,19.35,-44.65,1,2
16504.406,0.432,0.647,0.867,38.36,15.17,-40.77,1,2
16504.421,0.436,0.661,0.845,33.6,13.76,-37.05,1,2
16504.421,0.431,0.655,0.819,28.69,13.67,-32.53,1,2
16504.437,0.436,0.635,0.793,22.95,14.31,-27.8,1,2
16504.453,0.447,0.617,0.77,16.36,15.17,-24.02,1,2
16504.453,0.451,0.606,0.764,9.77,15.81,-22.43,1,2
16504.468,0.435,0.59,0.772,4.21,15.41,-22.8,1,2
16504.468,0.417,0.578,0.779,1.34,13.4,-22.74,1,2
16504.484,0.414,0.571,0.788,2.08,10.04,-22.28,1,2
16504.5,0.416,0.575,0.757,10.01,3.14,-22.61,1,2
16504.515,0.412,0.579,0.728,15.14,1.31,-23.04,1,2
16504.531,0.419,0.594,0.703,18.34,0.61,-23.13,1,2
16504.531,0.432,0.597,0.673,19.62,1.07,-23.32,1,2
16504.546,0.446,0.61,0.651,14.19,6.62,-23.1,1,2
16504.562,0.442,0.617,0.638,9.64,9.37,-21.91,1,2
16504.562,0.435,0.617,0.642,4.85,10.68,-20.23,1,2
16504.578,0.434,0.622,0.64,0.37,11.35,-19.29,1,2
16504.593,0.423,0.615,0.641,-3.33,12.21,-19.35,1,2
16504.593,0.42,0.61,0.652,-4.55,13.76,-19.78,1,2
16504.609,0.402,0.601,0.668,-3.39,14.98,-19.23,1,2
16504.609,0.397,0.583,0.68,0.4,14.83,-16.94,1,2
16504.625,0.415,0.577,0.691,5.1,12.94,-15.59,1,2
16504.64,0.435,0.59,0.698,9.92,9.43,-17.0,1,2
16504.64,0.451,0.601,0.699,15.53,5.52,-20.45,1,2
16504.656,0.467,0.637,0.695,22.71,3.3,-24.23,1,2
16504.671,0.486,0.747,0.676,38.88,7.32,-30.85,1,2
16504.687,0.463,0.786,0.668,39.8,10.38,-30.24,1,2
16504.703,0.428,0.779,0.661,34.91,12.67,-24.78,1,2
16504.703,0.4,0.737,0.643,27.74,13.31,-17.18,1,2
16504.718,0.382,0.691,0.623,20.45,10.74,-10.01,1,2
16504.734,0.377,0.658,0.612,12.73,5.46,-5.8,1,2
16504.734,0.38,0.628,0.605,5.31,-1.34,-4.06,1,2
16504.75,0.394,0.596,0.6,-0.52,-7.72,-3.17,1,2
16504.75,0.415,0.582,0.598,-4.55,-12.15,-2.5,1,2
16504.765,0.443,0.572,0.594,-5.65,-13.52,-2.23,1,2
16504.781,0.471,0.55,0.592,-3.88,-11.11,-2.2,1,2
16504.781,0.485,0.542,0.602,-1.07,-6.78,-3.14,1,2
16504.796,0.494,0.54,0.62,2.26,-2.35,-5.1,1,2
16504.796,0.499,0.536,0.637,5.74,0.95,-7.35,1,2
16504.812,0.492,0.549,0.656,7.97,2.78,-9.74,1,2
16504.828,0.492,0.582,0.673,8.82,3.27,-11.87,1,2
16504.843,0.47,0.629,0.701,8.27,1.37,-14.71,1,2
16504.859,0.458,0.634,0.695,10.19,-0.76,-14.77,1,2
16504.859,0.456,0.639,0.678,13.0,-2.72,-14.47,1,2
16504.875,0.451,0.636,0.65,15.59,-3.48,-14.19,1,2
16504.89,0.442,0.622,0.624,16.54,-3.08,-14.01,1,2
16504.89,0.436,0.612,0.605,16.57,-1.92,-13.12,1,2
16504.906,0.443,0.61,0.592,16.08,-0.43,-12.18,1,2
16504.921,0.45,0.618,0.585,14.65,1.56,-11.75,1,2
16504.921,0.449,0.631,0.585,12.48,3.54,-12.02,1,2
16504.937,0.442,0.647,0.588,9.28,4.85,-12.42,1,2
16504.937,0.424,0.672,0.604,5.77,5.43,-12.73,1,2
16504.953,0.402,0.697,0.623,3.05,5.01,-11.47,1,2
16504.968,0.388,0.713,0.636,1.01,3.08,-8.55,1,2
16504.968,0.385,0.719,0.633,-0.82,0.82,-5.04,1,2
16504.984,0.378,0.72,0.631,-3.94,-1.43,-1.8,1,2
16505.0,0.381,0.703,0.627,-7.66,-4.94,1.4,1,2
16505.015,0.419,0.667,0.597,-14.25,-11.44,7.29,1,2
16505.031,0.443,0.655,0.583,-18.07,-12.6,8.42,1,2
16505.031,0.463,0.638,0.574,-21.79,-12.24,8.21,1,2
16505.046,0.47,0.62,0.572,-25.15,-10.5,7.11,1,2
16505.062,0.48,0.608,0.576,-27.62,-7.69,5.95,1,2
16505.062,0.482,0.599,0.586,-28.99,-4.33,4.46,1,2
16505.078,0.483,0.59,0.604,-29.82,-0.98,2.81,1,2
16505.078,0.468,0.587,0.631,-29.08,1.8,0.95,1,2
16505.093,0.449,0.587,0.659,-27.22,2.96,-0.21,1,2
16505.109,0.438,0.588,0.684,-25.42,2.84,-0.7,1,2
16505.109,0.427,0.583,0.694,-23.62,1.71,-1.01,1,2
16505.125,0.414,0.577,0.7,-22.0,-0.21,-1.43,1,2
16505.14,0.415,0.57,0.704,-20.42,-2.56,-1.22,1,2
16505.14,0.419,0.571,0.701,-18.62,-4.79,-1.13,1,2
16505.156,0.425,0.569,0.697,-16.66,-6.68,-1.37,1,2
16505.171,0.436,0.569,0.692,-14.25,-8.06,-1.43,1,2
16505.187,0.454,0.56,0.679,-8.0,-8.12,-2.08,1,2
16505.203,0.456,0.55,0.672,-4.49,-6.84,-2.78,1,2
16505.203,0.463,0.543,0.668,-1.34,-5.16,-3.85,1,2
16505.218,0.47,0.539,0.669,1.34,-3.54,-5.55,1,2
16505.218,0.465,0.54,0.679,4.3,-2.35,-7.63,1,2
16505.234,0.461,0.559,0.698,7.63,-2.35,-9.58,1,2
16505.25,0.457,0.574,0.702,10.83,-4.03,-11.84,1,2
16505.265,0.44,0.581,0.688,12.79,-6.71,-14.19,1,2
16505.265,0.43,0.589,0.675,12.48,-10.35,-15.93,1,2
16505.281,0.435,0.596,0.657,10.5,-13.73,-17.52,1,2
16505.281,0.437,0.6,0.642,8.03,-14.86,-18.95,1,2
16505.296,0.439,0.607,0.633,6.53,-14.19,-19.44,1,2
16505.312,0.437,0.617,0.622,7.32,-11.81,-18.65,1,2
16505.312,0.436,0.623,0.618,8.61,-8.79,-16.94,1,2
16505.328,0.441,0.622,0.614,8.91,-6.53,-15.56,1,2
16505.328,0.444,0.62,0.617,7.72,-5.25,-15.17,1,2
16505.359,0.425,0.631,0.653,8.64,-2.35,-13.61,1,2
16505.359,0.402,0.642,0.664,10.93,-2.66,-11.57,1,2
16505.375,0.381,0.654,0.662,11.26,-4.76,-9.13,1,2
16505.39,0.374,0.658,0.657,9.31,-7.81,-6.53,1,2
16505.39,0.375,0.661,0.649,7.05,-11.2,-3.69,1,2
16505.406,0.386,0.663,0.636,5.16,-14.07,-0.61,1,2
16505.421,0.404,0.659,0.625,3.6,-15.66,2.44,1,2
16505.421,0.424,0.653,0.616,2.53,-16.05,5.34,1,2
16505.437,0.44,0.649,0.605,2.62,-15.32,7.81,1,2
16505.437,0.459,0.646,0.595,2.78,-14.01,9.64,1,2
16505.453,0.466,0.63,0.592,1.4,-12.27,10.01,1,2
16505.468,0.478,0.611,0.585,-0.09,-10.65,9.19,1,2
16505.468,0.483,0.603,0.592,-2.26,-8.88,7.14,1,2
16505.484,0.478,0.595,0.609,-4.3,-7.42,4.36,1,2
16505.5,0.468,0.59,0.618,-4.55,-6.26,1.71,1,2
16505.5,0.454,0.601,0.633,-4.33,-5.65,-0.64,1,2
16505.531,0.435,0.62,0.657,-2.87,-6.38,-2.44,1,2
16505.546,0.426,0.621,0.66,2.99,-8.03,1.65,1,2
16505.546,0.432,0.625,0.66,6.2,-9.06,3.6,1,2
16505.546,0.437,0.609,0.649,8.0,-10.35,4.61,1,2
16505.562,0.47,0.601,0.624,9.03,-11.23,3.94,1,2
16505.578,0.489,0.603,0.612,9.34,-11.57,1.98,1,2
16505.578,0.492,0.605,0.601,9.19,-10.96,-0.85,1,2
16505.593,0.493,0.607,0.592,9.22,-9.52,-3.6,1,2
16505.609,0.482,0.608,0.579,9.49,-7.23,-5.71,1,2
16505.609,0.477,0.614,0.575,8.91,-4.85,-7.11,1,2
16505.625,0.473,0.63,0.577,8.12,-1.8,-7.48,1,2
16505.64,0.464,0.643,0.584,7.57,1.5,-6.93,1,2
16505.64,0.456,0.644,0.593,7.72,4.21,-5.86,1,2
16505.656,0.445,0.643,0.601,7.78,6.16,-4.33,1,2
16505.671,0.436,0.644,0.612,7.54,6.71,-3.14,1,2
16505.671,0.43,0.647,0.621,6.78,5.52,-2.17,1,2
16505.687,0.432,0.656,0.628,4.97,2.56,-1.4,1,2
16505.687,0.438,0.657,0.623,3.2,-1.1,-1.01,1,2
16505.703,0.444,0.657,0.61,2.38,-3.75,-0.43,1,2
16505.718,0.448,0.656,0.595,2.14,-4.61,0.67,1,2
16505.718,0.453,0.652,0.581,1.83,-3.85,2.11,1,2
16505.734,0.458,0.649,0.576,0.76,-1.86,3.39,1,2
16505.75,0.459,0.648,0.575,-0.31,0.89,4.49,1,2
16505.765,0.452,0.646,0.575,-1.43,3.72,5.58,1,2
16505.765,0.445,0.653,0.569,-2.81,6.47,7.35,1,2
16505.781,0.448,0.671,0.573,-4.94,9.0,9.64,1,2
16505.781,0.447,0.679,0.572,-7.6,11.35,11.84,1,2
16505.796,0.44,0.678,0.574,-10.38,12.94,14.28,1,2
16505.812,0.441,0.682,0.583,-12.88,13.89,17.33,1,2
16505.812,0.441,0.689,0.587,-14.65,14.95,20.94,1,2
16505.828,0.443,0.684,0.592,-16.02,15.9,24.54,1,2
16505.828,0.444,0.679,0.593,-17.43,16.54,27.65,1,2
16505.843,0.441,0.686,0.591,-19.9,16.79,30.09,1,2
16505.859,0.437,0.683,0.585,-24.29,16.75,32.17,1,2
16505.859,0.446,0.682,0.586,-29.69,17.64,34.42,1,2
16505.875,0.448,0.708,0.595,-32.99,20.97,37.75,1,2
16505.89,0.468,0.751,0.598,-35.62,26.0,42.63,1,2
16505.89,0.488,0.774,0.566,-38.67,32.87,46.66,1,2
16505.906,0.503,0.786,0.528,-42.88,45.23,50.23,1,2
16505.921,0.51,0.824,0.508,-48.28,65.25,51.21,1,2
16505.921,0.456,0.82,0.503,-53.96,93.3,49.04,1,2
16505.937,0.351,0.762,0.469,-44.01,121.52,37.02,1,2
16505.937,0.35,0.786,0.476,-28.75,144.63,34.58,1,2
16505.953,0.243,0.815,0.481,-26.86,164.86,36.68,1,2
16505.968,0.15,0.753,0.476,-33.02,174.5,41.66,1,2
16505.968,0.095,0.694,0.526,-46.69,175.15,49.96,1,2
16505.984,0.082,0.618,0.615,-62.17,166.66,54.66,1,2
16506.0,0.093,0.521,0.711,-78.01,148.72,55.15,1,2
16506.0,0.126,0.435,0.772,-87.1,127.99,52.06,1,2
16506.015,0.174,0.345,0.806,-86.18,111.55,47.58,1,2
16506.031,0.225,0.251,0.917,-67.87,90.52,38.12,1,2
16506.046,0.248,0.195,0.954,-51.45,80.54,36.87,1,2
16506.062,0.273,0.159,0.95,-30.52,71.08,37.23,1,2
16506.062,0.297,0.139,0.934,-9.4,63.69,36.04,1,2
16506.078,0.339,0.156,0.925,5.58,59.18,31.62,1,2
16506.093,0.359,0.183,0.923,10.04,55.88,23.77,1,2
16506.093,0.363,0.23,0.92,5.4,52.67,13.28,1,2
16506.109,0.372,0.252,0.928,-4.76,49.71,4.61,1,2
16506.109,0.359,0.268,0.939,-16.36,46.54,-2.81,1,2
16506.125,0.356,0.264,0.954,-26.76,43.24,-7.51,1,2
16506.14,0.349,0.278,0.972,-33.57,40.41,-11.72,1,2
16506.14,0.28,0.284,1.073,-35.71,35.86,-14.77,1,2
16506.156,0.219,0.262,1.224,-31.5,21.91,-12.94,1,2
16506.171,0.252,0.26,1.227,-26.73,-0.49,-9.92,1,2
16506.171,0.311,0.293,1.136,-27.56,-19.17,-9.89,1,2
16506.187,0.321,0.241,1.037,-26.4,-26.0,-10.28,1,2
16506.203,0.365,0.225,0.936,-10.22,-19.44,-11.38,1,2
16506.218,0.344,0.266,0.906,0.4,-13.43,-12.54,1,2
16506.218,0.311,0.308,0.887,8.48,-8.85,-11.11,1,2
16506.234,0.283,0.35,0.863,13.18,-6.16,-6.44,1,2
16506.25,0.266,0.369,0.84,16.17,-3.88,-0.03,1,2
16506.25,0.257,0.37,0.814,18.46,-1.37,5.19,1,2
16506.265,0.253,0.393,0.806,18.28,1.8,8.27,1,2
16506.281,0.241,0.396,0.815,16.57,4.61,9.43,1,2
16506.281,0.218,0.397,0.843,13.18,6.87,9.77,1,2
16506.296,0.202,0.426,0.887,8.21,7.84,10.01,1,2
16506.296,0.189,0.439,0.921,2.53,6.9,10.5,1,2
16506.312,0.187,0.435,0.947,-4.12,4.97,11.08,1,2
16506.328,0.195,0.42,0.948,-9.03,3.42,12.15,1,2
16506.343,0.211,0.399,0.93,-10.71,3.6,13.95,1,2
16506.343,0.229,0.386,0.917,-9.13,5.34,15.02,1,2
16506.359,0.239,0.373,0.905,-4.76,7.39,14.34,1,2
16506.375,0.232,0.365,0.869,4.73,8.73,12.91,1,2
16506.39,0.234,0.384,0.856,5.8,8.12,12.73,1,2
16506.39,0.229,0.385,0.848,4.15,7.57,12.94,1,2
16506.406,0.224,0.385,0.854,0.67,7.9,13.58,1,2
16506.421,0.221,0.372,0.863,-3.23,8.24,13.55,1,2
16506.421,0.214,0.363,0.881,-6.26,8.55,13.49,1,2
16506.437,0.207,0.348,0.894,-6.59,8.64,13.7,1,2
16506.453,0.218,0.338,0.899,-4.12,8.33,14.31,1,2
16506.453,0.238,0.341,0.905,0.06,7.9,14.34,1,2
16506.468,0.253,0.337,0.907,4.82,7.26,13.12,1,2
16506.468,0.259,0.334,0.905,9.49,6.23,11.05,1,2
16506.484,0.258,0.339,0.905,13.12,5.95,8.55,1,2
16506.5,0.25,0.344,0.903,14.37,6.38,5.86,1,2
16506.5,0.232,0.374,0.908,10.93,6.96,2.44,1,2
16506.515,0.207,0.407,0.92,-5.65,5.13,-1.22,1,2
16506.531,0.181,0.425,0.941,-10.74,2.93,1.68,1,2
16506.531,0.169,0.423,0.941,-10.44,1.25,6.74,1,2
16506.546,0.186,0.417,0.922,-4.7,1.01,10.53,1,2
16506.562,0.223,0.381,0.878,2.84,1.07,11.02,1,2
16506.562,0.221,0.384,0.856,9.83,0.98,9.86,1,2
16506.578,0.213,0.403,0.831,14.86,1.13,9.4,1,2
16506.578,0.215,0.448,0.82,15.66,2.5,9.67,1,2
16506.593,0.203,0.482,0.823,12.33,3.81,9.4,1,2
16506.609,0.194,0.482,0.828,6.5,4.27,10.59,1,2
16506.625,0.202,0.478,0.83,0.67,4.46,13.06,1,2
16506.625,0.213,0.462,0.832,-3.69,3.94,15.41,1,2
16506.64,0.233,0.439,0.838,-6.96,3.05,16.72,1,2
16506.64,0.247,0.428,0.835,-8.48,1.37,16.69,1,2
16506.656,0.259,0.421,0.835,-8.39,0.43,17.21,1,2
16506.671,0.277,0.411,0.848,-7.2,1.13,17.76,1,2
16506.671,0.288,0.394,0.863,-5.62,2.72,17.21,1,2
16506.687,0.295,0.379,0.886,-4.61,4.61,15.84,1,2
16506.687,0.297,0.372,0.92,-5.16,6.62,14.16,1,2
16506.703,0.289,0.361,0.949,-6.59,7.93,12.05,1,2
16506.718,0.286,0.349,0.968,-7.66,8.36,10.62,1,2
16506.718,0.294,0.345,0.984,-7.2,8.67,9.92,1,2
16506.734,0.3,0.34,0.982,-5.28,8.73,8.55,1,2
16506.75,0.301,0.334,0.962,-3.11,8.67,6.04,1,2
16506.75,0.296,0.339,0.945,-0.92,9.19,3.54,1,2
16506.765,0.28,0.349,0.928,0.82,9.86,1.56,1,2
16506.781,0.262,0.361,0.909,2.17,10.99,1.25,1,2
16506.781,0.25,0.374,0.895,2.96,12.85,2.44,1,2
16506.796,0.234,0.382,0.893,3.3,15.05,3.54,1,2
16506.812,0.205,0.392,0.896,2.66,17.27,3.48,1,2
16506.812,0.185,0.407,0.899,0.43,18.56,2.59,1,2
16506.828,0.151,0.413,0.907,-2.81,19.01,1.95,1,2
16506.828,0.122,0.411,0.92,-6.35,17.73,2.56,1,2
16506.843,0.098,0.397,0.931,-8.61,14.86,4.58,1,2
16506.859,0.088,0.37,0.93,-9.61,11.75,6.65,1,2
16506.859,0.09,0.345,0.933,-9.19,10.22,7.84,1,2
16506.875,0.086,0.314,0.939,-7.2,10.13,7.63,1,2
16506.89,0.08,0.288,0.937,-4.33,10.41,6.29,1,2
16506.89,0.079,0.276,0.933,-1.28,9.77,4.43,1,2
16506.906,0.083,0.264,0.924,1.25,8.73,2.62,1,2
16506.921,0.09,0.263,0.922,3.14,7.51,0.89,1,2
16506.921,0.096,0.259,0.927,4.12,6.84,-1.13,1,2
16506.937,0.116,0.252,0.936,4.15,6.68,-3.48,1,2
16506.937,0.129,0.249,0.948,3.57,5.55,-6.81,1,2
16506.953,0.15,0.243,0.959,3.48,3.08,-10.16,1,2
16506.968,0.173,0.238,0.962,5.58,-0.31,-12.79,1,2
16506.968,0.196,0.245,0.946,9.55,-3.75,-15.5,1,2
16506.984,0.214,0.262,0.929,13.55,-7.17,-19.01,1,2
16507.0,0.225,0.292,0.912,16.05,-9.89,-22.8,1,2
16507.0,0.233,0.334,0.9,15.96,-12.05,-25.67,1,2
16507.015,0.233,0.36,0.886,14.25,-13.89,-27.19,1,2
16507.031,0.241,0.387,0.875,11.54,-15.53,-26.95,1,2
16507.031,0.256,0.414,0.868,9.28,-16.24,-26.28,1,2
16507.046,0.262,0.424,0.854,8.15,-16.27,-24.81,1,2
16507.046,0.28,0.451,0.837,8.48,-15.84,-22.95,1,2
16507.062,0.29,0.483,0.821,9.83,-14.47,-21.58,1,2
16507.078,0.29,0.519,0.809,10.83,-12.51,-20.45,1,2
16507.093,0.278,0.556,0.806,11.47,-10.19,-18.62,1,2
16507.093,0.272,0.585,0.801,11.9,-8.36,-15.75,1,2
16507.109,0.271,0.602,0.799,10.65,-7.08,-12.05,1,2
16507.109,0.262,0.599,0.803,7.39,-6.99,-9.09,1,2
16507.125,0.245,0.59,0.818,3.02,-8.36,-6.87,1,2
16507.14,0.232,0.57,0.815,-1.74,-10.99,-4.7,1,2
16507.14,0.229,0.537,0.789,-7.26,-12.88,-2.32,1,2
16507.156,0.22,0.502,0.764,-12.33,-11.6,0.61,1,2
16507.171,0.194,0.474,0.774,-14.37,-7.08,3.54,1,2
16507.171,0.164,0.468,0.797,-12.36,-1.65,6.9,1,2
16507.187,0.135,0.467,0.826,-6.93,2.99,10.9,1,2
16507.187,0.116,0.458,0.861,-1.53,6.07,14.13,1,2
16507.203,0.101,0.438,0.893,2.32,7.45,16.66,1,2
16507.218,0.096,0.415,0.913,3.88,7.14,18.34,1,2
16507.218,0.1,0.387,0.929,2.32,6.13,19.01,1,2
16507.234,0.105,0.346,0.941,-1.01,5.22,18.74,1,2
16507.25,0.113,0.299,0.953,-5.19,4.88,17.43,1,2
16507.25,0.123,0.256,0.978,-9.06,5.25,15.29,1,2
16507.265,0.127,0.218,1.003,-11.02,5.52,12.12,1,2
16507.281,0.13,0.191,1.022,-11.17,6.01,8.45,1,2
16507.281,0.136,0.185,1.038,-9.74,6.9,4.73,1,2
16507.296,0.144,0.184,1.045,-7.08,7.57,1.07,1,2
16507.312,0.155,0.196,1.037,-2.81,7.54,-2.32,1,2
16507.312,0.17,0.221,1.014,4.24,8.03,-5.07,1,2
16507.328,0.183,0.258,0.989,12.54,8.24,-7.26,1,2
16507.328,0.185,0.305,0.963,19.56,6.87,-8.79,1,2
16507.343,0.183,0.353,0.934,23.56,3.94,-9.7,1,2
16507.359,0.188,0.386,0.901,24.45,0.4,-9.74,1,2
16507.375,0.198,0.402,0.874,22.16,-2.14,-9.58,1,2
16507.375,0.201,0.404,0.858,17.98,-3.17,-9.61,1,2
16507.39,0.203,0.398,0.863,13.03,-2.69,-9.83,1,2
16507.406,0.198,0.393,0.884,6.2,-3.6,-11.63,1,2
16507.421,0.201,0.39,0.886,3.97,-5.68,-12.6,1,2
16507.421,0.202,0.374,0.889,3.08,-6.44,-13.28,1,2
16507.437,0.202,0.356,0.891,3.81,-7.69,-13.89,1,2
16507.437,0.204,0.354,0.884,5.92,-9.64,-14.65,1,2
16507.453,0.206,0.36,0.876,8.45,-10.99,-15.69,1,2
16507.468,0.207,0.365,0.864,11.66,-12.02,-15.81,1,2
16507.484,0.214,0.38,0.85,16.05,-12.27,-13.92,1,2
16507.484,0.232,0.403,0.84,21.21,-11.54,-11.9,1,2
16507.5,0.237,0.415,0.829,31.31,-9.8,-10.5,1,2
16507.5,0.232,0.441,0.827,33.51,-8.39,-9.86,1,2
16507.515,0.22,0.482,0.833,33.75,-7.05,-7.69,1,2
16507.531,0.193,0.523,0.85,33.42,-6.74,-2.04,1,2
16507.531,0.142,0.546,0.9,31.28,-9.98,5.31,1,2
16507.546,0.134,0.521,0.907,27.19,-17.67,10.59,1,2
16507.546,0.124,0.484,0.944,19.78,-29.85,11.93,1,2
16507.578,0.199,0.467,0.98,13.06,-63.39,13.64,1,2
16507.578,0.241,0.458,0.926,7.42,-73.09,11.78,1,2
16507.593,0.275,0.408,0.896,2.01,-76.24,6.9,1,2
16507.609,0.304,0.369,0.865,-0.15,-74.62,0.46,1,2
16507.625,0.308,0.374,0.841,0.0,-69.73,-7.17,1,2
16507.625,0.307,0.377,0.82,0.95,-63.14,-13.95,1,2
16507.64,0.304,0.376,0.808,2.59,-57.37,-19.01,1,2
16507.64,0.309,0.392,0.797,4.18,-53.71,-22.77,1,2
16507.656,0.321,0.425,0.784,4.36,-51.12,-26.25,1,2
16507.671,0.33,0.451,0.767,2.47,-49.53,-30.7,1,2
16507.671,0.331,0.477,0.751,-1.16,-47.82,-35.43,1,2
16507.687,0.327,0.496,0.732,-5.04,-45.2,-38.7,1,2
16507.687,0.321,0.51,0.71,-7.78,-40.19,-39.03,1,2
16507.703,0.319,0.525,0.69,-8.64,-31.28,-36.16,1,2
16507.718,0.318,0.545,0.686,-8.21,-19.5,-31.68,1,2
16507.718,0.311,0.543,0.691,-8.24,-7.48,-27.34,1,2
16507.734,0.307,0.541,0.693,-9.03,2.53,-23.32,1,2
16507.75,0.3,0.538,0.692,-10.01,10.16,-19.5,1,2
16507.75,0.293,0.532,0.701,-9.77,16.02,-16.63,1,2
16507.765,0.289,0.541,0.692,-9.34,19.23,-14.89,1,2
16507.781,0.291,0.564,0.701,-9.77,20.75,-12.82,1,2
16507.781,0.29,0.581,0.686,-8.39,23.07,-9.89,1,2
16507.796,0.232,0.63,0.763,-7.26,26.06,-5.34,1,2
16507.812,0.151,0.655,0.957,-0.67,20.69,4.88,1,2
16507.812,0.238,0.631,0.956,4.27,3.39,15.9,1,2
16507.828,0.289,0.681,0.897,-3.75,-9.06,18.68,1,2
16507.828,0.31,0.62,0.877,-10.74,-9.4,20.84,1,2
16507.843,0.342,0.555,0.847,-13.86,-5.1,22.89,1,2
16507.859,0.347,0.523,0.824,-13.95,1.59,22.71,1,2
16507.875,0.331,0.488,0.823,-10.68,8.33,22.4,1,2
16507.875,0.309,0.475,0.827,-6.96,12.91,22.83,1,2
16507.89,0.293,0.473,0.834,-4.21,14.77,24.2,1,2
16507.89,0.28,0.468,0.831,-0.98,15.35,25.24,1,2
16507.906,0.27,0.462,0.814,2.01,15.87,26.22,1,2
16507.921,0.265,0.461,0.807,3.66,16.11,27.01,1,2
16507.921,0.263,0.453,0.802,4.27,15.84,27.16,1,2
16507.937,0.261,0.447,0.8,3.57,15.41,26.61,1,2
16507.937,0.269,0.444,0.805,2.23,15.2,26.64,1,2
16507.953,0.275,0.435,0.819,0.61,15.59,26.73,1,2
16507.968,0.277,0.427,0.839,-1.04,15.66,26.12,1,2
16507.968,0.281,0.425,0.853,-2.78,14.8,25.39,1,2
16507.984,0.284,0.423,0.865,-3.39,14.19,24.2,1,2
16508.0,0.284,0.421,0.873,-2.59,13.95,22.95,1,2
16508.0,0.281,0.424,0.866,-0.52,13.92,22.49,1,2
16508.015,0.275,0.438,0.855,2.87,14.47,23.35,1,2
16508.031,0.272,0.447,0.845,6.74,15.5,24.29,1,2
16508.031,0.265,0.447,0.833,9.86,16.57,25.51,1,2
16508.046,0.267,0.445,0.823,12.18,17.91,27.5,1,2
16508.062,0.275,0.433,0.824,13.09,19.04,29.05,1,2
16508.062,0.278,0.433,0.829,11.69,19.29,28.53,1,2
16508.078,0.269,0.427,0.846,7.48,18.49,25.88,1,2
16508.078,0.268,0.401,0.87,1.77,16.17,23.16,1,2
16508.093,0.269,0.382,0.884,-2.59,13.06,20.75,1,2
16508.109,0.267,0.37,0.896,-4.3,10.41,18.07,1,2
16508.109,0.27,0.35,0.898,-3.51,8.76,16.66,1,2
16508.125,0.277,0.337,0.906,-1.56,8.7,16.05,1,2
16508.14,0.273,0.34,0.924,0.49,8.39,13.37,1,2
16508.14,0.265,0.342,0.933,0.49,5.28,8.76,1,2
16508.156,0.266,0.346,0.927,-1.77,0.31,3.81,1,2
16508.156,0.27,0.35,0.917,-4.64,-3.6,-0.46,1,2
16508.171,0.275,0.348,0.909,-6.87,-5.58,-3.6,1,2
16508.187,0.277,0.345,0.899,-7.45,-6.65,-6.35,1,2
16508.187,0.275,0.339,0.885,-4.97,-6.68,-8.61,1,2
16508.203,0.28,0.343,0.872,0.21,-5.98,-9.77,1,2
16508.218,0.282,0.348,0.858,6.62,-4.82,-11.23,1,2
16508.234,0.28,0.366,0.847,10.96,-4.27,-13.52,1,2
16508.234,0.275,0.39,0.847,11.47,-4.55,-15.78,1,2
16508.25,0.264,0.434,0.865,5.16,-6.2,-17.49,1,2
16508.265,0.251,0.439,0.885,1.53,-7.54,-16.54,1,2
16508.281,0.261,0.448,0.866,-0.98,-9.4,-14.5,1,2
16508.281,0.271,0.47,0.865,-6.23,-10.38,-14.07,1,2
16508.296,0.265,0.49,0.894,-13.12,-11.11,-15.5,1,2
16508.312,0.256,0.486,0.899,-16.17,-12.12,-15.84,1,2
16508.312,0.258,0.462,0.881,-15.17,-12.63,-14.28,1,2
16508.328,0.263,0.442,0.859,-11.51,-12.24,-12.45,1,2
16508.328,0.267,0.434,0.844,-6.41,-10.44,-11.6,1,2
16508.343,0.259,0.435,0.838,-1.89,-8.73,-12.15,1,2
16508.359,0.25,0.441,0.836,0.98,-8.27,-13.4,1,2
16508.359,0.247,0.449,0.836,2.9,-8.73,-14.19,1,2
16508.375,0.252,0.459,0.837,2.62,-9.49,-14.68,1,2
16508.39,0.251,0.452,0.843,0.37,-10.56,-16.17,1,2
16508.39,0.25,0.448,0.843,-2.08,-11.63,-18.22,1,2
16508.406,0.246,0.452,0.831,-4.06,-12.3,-18.95,1,2
16508.421,0.245,0.449,0.825,-5.07,-11.54,-16.51,1,2
16508.437,0.251,0.452,0.834,-4.39,-9.95,-12.24,1,2
16508.437,0.262,0.459,0.843,-0.92,-8.24,-9.43,1,2
16508.437,0.268,0.458,0.841,2.38,-7.45,-8.58,1,2
16508.453,0.268,0.459,0.835,3.02,-7.45,-8.48,1,2
16508.468,0.277,0.466,0.832,1.68,-7.72,-8.27,1,2
16508.468,0.283,0.469,0.83,0.27,-7.29,-8.09,1,2
16508.484,0.287,0.465,0.826,-0.55,-5.71,-6.2,1,2
16508.5,0.291,0.466,0.824,0.24,-4.61,-4.46,1,2
16508.5,0.299,0.471,0.827,1.28,-2.93,-3.3,1,2
16508.515,0.297,0.473,0.838,1.25,-1.28,-2.23,1,2
16508.531,0.294,0.46,0.849,0.89,-0.15,-1.98,1,2
16508.531,0.289,0.44,0.858,0.46,0.24,-2.72,1,2
16508.546,0.281,0.428,0.862,0.15,-0.15,-4.43,1,2
16508.562,0.268,0.422,0.86,0.46,-0.98,-6.01,1,2
16508.562,0.263,0.419,0.852,1.1,-2.01,-6.74,1,2
16508.578,0.263,0.425,0.841,1.43,-2.96,-7.02,1,2
16508.593,0.264,0.437,0.832,1.16,-3.48,-6.56,1,2
16508.609,0.262,0.451,0.835,1.28,-3.2,-5.31,1,2
16508.609,0.265,0.463,0.837,1.68,-2.53,-3.72,1,2
16508.625,0.271,0.468,0.844,1.37,-1.34,-2.69,1,2
16508.64,0.271,0.46,0.852,0.37,-0.24,-2.56,1,2
16508.64,0.269,0.444,0.862,-0.82,0.34,-2.93,1,2
16508.656,0.273,0.427,0.873,-1.43,0.92,-3.36,1,2
16508.656,0.27,0.414,0.886,-2.35,1.13,-4.79,1,2
16508.671,0.262,0.406,0.896,-3.75,0.34,-6.71,1,2
16508.687,0.259,0.398,0.903,-5.19,-0.98,-8.03,1,2
16508.687,0.258,0.392,0.904,-6.84,-2.81,-9.28,1,2
16508.703,0.259,0.378,0.901,-8.15,-5.07,-10.83,1,2
16508.718,0.265,0.367,0.892,-8.67,-7.48,-12.85,1,2
16508.718,0.271,0.363,0.882,-9.0,-9.03,-15.32,1,2
16508.734,0.274,0.366,0.88,-9.55,-10.01,-17.82,1,2
16508.75,0.28,0.37,0.878,-9.7,-10.22,-20.14,1,2
16508.765,0.283,0.385,0.878,-9.52,-9.8,-24.08,1,2
16508.781,0.287,0.388,0.87,-9.74,-10.47,-26.22,1,2
16508.781,0.293,0.401,0.857,-10.01,-11.26,-28.17,1,2
16508.796,0.301,0.416,0.845,-9.8,-11.57,-29.3,1,2
16508.796,0.311,0.425,0.827,-9.52,-11.23,-29.45,1,2
16508.812,0.31,0.448,0.821,-10.22,-10.13,-29.3,1,2
16508.828,0.298,0.468,0.829,-11.23,-8.64,-28.26,1,2
16508.828,0.285,0.48,0.833,-12.18,-6.99,-25.64,1,2
16508.843,0.278,0.484,0.837,-13.52,-5.77,-22.49,1,2
16508.859,0.275,0.483,0.839,-15.5,-5.4,-20.29,1,2
16508.875,0.269,0.478,0.835,-16.91,-5.49,-19.9,1,2
16508.875,0.262,0.473,0.829,-17.98,-5.65,-20.29,1,2
16508.89,0.253,0.48,0.826,-19.01,-6.38,-20.87,1,2
16508.89,0.242,0.496,0.824,-18.71,-6.9,-20.91,1,2
16508.906,0.241,0.497,0.818,-16.48,-6.47,-19.07,1,2
16508.906,0.238,0.5,0.819,-12.85,-4.67,-17.06,1,2
16508.937,0.22,0.534,0.83,-0.7,1.25,-12.88,1,2
16508.937,0.213,0.557,0.828,5.19,3.97,-9.7,1,2
16508.953,0.194,0.574,0.832,9.16,5.65,-6.32,1,2
16508.968,0.174,0.596,0.824,11.54,5.31,-1.89,1,2
16508.968,0.164,0.621,0.807,10.71,0.98,3.33,1,2
16508.984,0.149,0.623,0.841,4.27,-7.81,7.48,1,2
16509.0,0.128,0.623,0.922,0.7,-21.36,12.73,1,2
16509.0,0.187,0.615,0.892,4.94,-34.0,23.59,1,2
16509.015,0.248,0.603,0.855,5.28,-40.44,30.58,1,2
16509.031,0.269,0.552,0.843,8.61,-39.55,32.93,1,2
16509.031,0.3,0.508,0.82,13.7,-34.06,35.98,1,2
16509.046,0.319,0.496,0.777,16.63,-26.76,37.08,1,2
16509.062,0.324,0.466,0.757,18.25,-17.82,37.2,1,2
16509.062,0.325,0.441,0.756,16.63,-10.16,36.01,1,2
16509.078,0.324,0.424,0.763,11.96,-5.07,33.45,1,2
16509.078,0.319,0.405,0.773,6.81,-2.14,30.76,1,2
16509.109,0.315,0.359,0.771,2.62,0.95,28.57,1,2
16509.125,0.334,0.345,0.769,2.38,2.26,26.76,1,2
16509.125,0.349,0.324,0.779,4.76,5.37,24.17,1,2
16509.14,0.352,0.311,0.784,6.56,8.55,19.71,1,2
16509.14,0.359,0.3,0.771,6.78,11.81,14.62,1,2
16509.156,0.36,0.301,0.768,5.92,16.69,9.37,1,2
16509.171,0.365,0.308,0.771,2.99,21.61,3.57,1,2
16509.171,0.36,0.308,0.781,-1.28,25.48,-1.46,1,2
16509.187,0.358,0.313,0.794,-5.83,28.38,-5.07,1,2
16509.187,0.359,0.315,0.805,-10.22,30.64,-8.15,1,2
16509.203,0.335,0.31,0.812,-14.01,31.16,-12.63,1,2
16509.218,0.319,0.308,0.834,-17.3,29.79,-16.11,1,2
16509.218,0.31,0.316,0.855,-19.47,26.98,-17.76,1,2
16509.234,0.294,0.312,0.878,-19.99,23.9,-18.98,1,2
16509.25,0.217,0.409,1.051,-23.41,17.3,-19.75,1,2
16509.25,0.199,0.479,1.203,-22.25,0.49,-13.92,1,2
16509.281,0.331,0.443,0.965,-7.39,-18.89,-9.46,1,2
16509.281,0.329,0.409,0.946,-2.41,-11.57,-10.28,1,2
16509.296,0.321,0.384,0.924,1.53,-5.92,-12.09,1,2
16509.312,0.308,0.423,0.89,-0.09,-2.87,-13.46,1,2
16509.312,0.301,0.429,0.849,-6.07,-1.71,-14.53,1,2
16509.328,0.298,0.411,0.827,-13.31,-0.18,-14.98,1,2
16509.328,0.285,0.398,0.83,-17.58,1.89,-15.32,1,2
16509.343,0.262,0.386,0.846,-15.93,3.57,-14.31,1,2
16509.359,0.25,0.384,0.849,-10.32,4.24,-11.78,1,2
16509.375,0.243,0.403,0.85,-4.36,3.85,-10.19,1,2
16509.375,0.23,0.427,0.861,0.15,3.54,-9.61,1,2
16509.39,0.212,0.445,0.867,3.27,3.45,-8.09,1,2
16509.39,0.205,0.458,0.859,4.12,2.99,-5.49,1,2
16509.406,0.206,0.458,0.846,1.71,1.98,-3.75,1,2
16509.421,0.212,0.441,0.845,-1.8,1.22,-3.36,1,2
16509.421,0.215,0.44,0.857,-3.3,1.07,-3.54,1,2
16509.437,0.218,0.424,0.867,-1.71,-1.13,-1.8,1,2
16509.453,0.228,0.425,0.865,0.37,-2.17,0.06,1,2
16509.468,0.233,0.417,0.868,0.27,-3.54,1.07,1,2
16509.468,0.236,0.413,0.871,-1.22,-4.36,1.19,1,2
16509.484,0.242,0.402,0.867,-2.29,-4.27,0.58,1,2
16509.5,0.252,0.392,0.862,-2.69,-3.97,-0.55,1,2
16509.5,0.27,0.389,0.862,-2.08,-4.67,-1.98,1,2
16509.515,0.275,0.399,0.856,-1.37,-5.28,-3.39,1,2
16509.515,0.275,0.418,0.856,-0.4,-4.91,-4.43,1,2
16509.531,0.27,0.43,0.858,0.37,-4.27,-4.52,1,2
16509.546,0.265,0.441,0.867,0.31,-3.14,-3.72,1,2
16509.546,0.257,0.447,0.873,0.76,-1.83,-2.35,1,2
16509.562,0.254,0.447,0.877,0.61,-0.79,-1.1,1,2
16509.578,0.248,0.436,0.878,0.55,-0.67,-0.82,1,2
16509.593,0.247,0.434,0.873,0.98,-0.95,-1.34,1,2
16509.593,0.252,0.437,0.864,1.34,-1.07,-1.37,1,2
16509.609,0.268,0.438,0.86,-1.4,-1.8,-1.25,1,2
16509.625,0.265,0.438,0.861,-3.57,-1.95,-1.37,1,2
16509.64,0.264,0.432,0.865,-5.1,-1.74,-0.95,1,2
16509.64,0.257,0.424,0.874,-5.77,-1.1,-0.43,1,2
16509.656,0.251,0.416,0.881,-5.89,-0.21,-0.12,1,2
16509.671,0.242,0.412,0.881,-5.13,0.49,0.15,1,2
16509.671,0.24,0.406,0.882,-4.0,1.25,0.64,1,2
16509.687,0.248,0.398,0.876,-2.87,1.83,1.31,1,2
16509.687,0.255,0.389,0.872,-2.53,1.95,1.53,1,2
16509.703,0.262,0.384,0.872,-2.9,2.14,0.92,1,2
16509.718,0.263,0.392,0.871,-3.08,2.72,0.18,1,2
16509.718,0.257,0.399,0.875,-3.17,3.17,0.46,1,2
16509.734,0.253,0.402,0.876,-2.62,3.23,1.34,1,2
16509.75,0.253,0.402,0.873,-2.29,2.69,2.01,1,2
16509.75,0.25,0.402,0.871,-2.26,2.38,1.77,1,2
16509.765,0.239,0.42,0.876,-2.08,2.72,1.13,1,2
16509.781,0.216,0.442,0.892,-1.65,3.23,1.46,1,2
16509.781,0.207,0.454,0.897,-1.56,2.99,3.33,1,2
16509.796,0.205,0.453,0.894,-2.23,1.92,5.01,1,2
16509.796,0.209,0.439,0.882,-3.54,0.85,6.26,1,2
16509.812,0.22,0.425,0.87,-4.24,0.49,7.29,1,2
16509.828,0.227,0.409,0.866,-3.97,0.52,8.09,1,2
16509.828,0.239,0.394,0.854,-3.48,0.0,7.66,1,2
16509.843,0.24,0.394,0.853,-3.42,-0.03,6.26,1,2
16509.859,0.236,0.391,0.855,-2.75,0.09,6.2,1,2
16509.859,0.24,0.394,0.864,-1.89,0.06,7.26,1,2
16509.875,0.242,0.4,0.872,-0.58,-0.34,8.55,1,2
16509.89,0.253,0.4,0.867,1.16,-1.13,9.77,1,2
16509.89,0.262,0.399,0.868,1.68,-1.13,9.55,1,2
16509.906,0.26,0.4,0.873,1.89,-0.18,8.73,1,2
16509.906,0.256,0.408,0.88,1.8,0.95,7.81,1,2
16509.921,0.252,0.414,0.885,1.5,1.4,7.45,1,2
16509.937,0.249,0.414,0.883,0.79,1.43,7.6,1,2
16509.937,0.246,0.411,0.88,0.52,1.25,8.18,1,2
16509.953,0.248,0.402,0.872,1.5,0.73,9.06,1,2
16509.968,0.25,0.405,0.868,2.81,0.12,9.74,1,2
16509.968,0.25,0.406,0.867,4.15,-0.09,10.1,1,2
16509.984,0.253,0.411,0.865,4.79,-0.09,10.53,1,2
16510.0,0.261,0.418,0.867,4.06,0.52,11.14,1,2
16510.0,0.267,0.409,0.865,2.56,1.56,11.26,1,2
16510.015,0.278,0.389,0.866,0.73,2.14,11.17,1,2
16510.031,0.292,0.372,0.864,-0.95,1.59,9.61,1,2
16510.031,0.302,0.354,0.857,-1.46,0.64,6.74,1,2
16510.046,0.307,0.347,0.852,-1.46,0.12,3.88,1,2
16510.046,0.309,0.348,0.854,-1.71,0.18,1.83,1,2
16510.062,0.307,0.343,0.859,-2.75,0.34,0.43,1,2
16510.078,0.313,0.333,0.866,-3.91,-0.21,-0.73,1,2
16510.078,0.313,0.324,0.866,-4.03,-1.01,-1.37,1,2
16510.093,0.315,0.322,0.875,-2.99,-0.95,-1.16,1,2
16510.109,0.318,0.326,0.89,-0.98,-0.73,-0.98,1,2
16510.109,0.307,0.336,0.903,1.77,-1.04,-1.65,1,2
16510.14,0.287,0.371,0.9,6.01,-1.74,-2.08,1,2
16510.14,0.279,0.379,0.898,7.6,-1.34,-2.38,1,2
16510.156,0.268,0.395,0.897,9.16,-0.37,-2.32,1,2
16510.171,0.259,0.409,0.894,10.16,0.55,-1.83,1,2
16510.171,0.251,0.422,0.893,11.17,0.64,-1.19,1,2
16510.187,0.23,0.441,0.886,12.54,-0.89,-0.4,1,2
16510.187,0.207,0.447,0.873,13.31,-5.52,0.89,1,2
16510.203,0.2,0.456,0.878,11.02,-12.48,2.04,1,2
16510.218,0.232,0.448,0.945,7.08,-21.61,2.11,1,2
16510.234,0.244,0.454,0.96,1.98,-31.22,3.75,1,2
16510.234,0.253,0.458,0.937,-2.04,-37.81,6.65,1,2
16510.25,0.284,0.414,0.912,0.12,-39.64,8.88,1,2
16510.25,0.311,0.411,0.876,4.03,-37.97,9.58,1,2
16510.265,0.329,0.402,0.845,6.2,-34.82,7.11,1,2
16510.281,0.329,0.398,0.83,6.16,-30.43,3.42,1,2
16510.296,0.324,0.395,0.811,6.99,-25.64,1.68,1,2
16510.312,0.331,0.402,0.798,4.7,-17.55,1.71,1,2
16510.312,0.333,0.395,0.794,3.51,-13.73,1.59,1,2
16510.328,0.331,0.386,0.794,2.9,-9.95,0.49,1,2
16510.328,0.327,0.392,0.8,2.35,-6.53,-1.25,1,2
16510.343,0.32,0.393,0.804,2.2,-3.45,-2.23,1,2
16510.359,0.307,0.389,0.815,2.75,-0.95,-2.04,1,2
16510.359,0.302,0.394,0.822,2.78,0.09,-1.5,1,2
16510.375,0.302,0.391,0.823,2.72,0.12,-1.43,1,2
16510.39,0.304,0.385,0.827,3.08,-0.06,-1.46,1,2
16510.39,0.304,0.392,0.834,3.75,-0.58,-1.86,1,2
16510.406,0.306,0.405,0.834,3.91,-1.62,-2.14,1,2
16510.421,0.304,0.418,0.842,3.91,-2.17,-2.38,1,2
16510.421,0.299,0.433,0.855,3.66,-1.95,-2.04,1,2
16510.437,0.301,0.434,0.865,2.5,-2.99,-1.53,1,2
16510.437,0.309,0.43,0.863,2.01,-4.76,-1.16,1,2
16510.453,0.318,0.421,0.855,3.54,-5.8,-2.14,1,2
16510.468,0.314,0.431,0.846,4.12,-5.92,-3.33,1,2
16510.484,0.322,0.415,0.828,3.81,-5.25,-2.9,1,2
16510.5,0.334,0.414,0.823,3.91,-3.63,-2.99,1,2
16510.515,0.337,0.404,0.816,4.91,-1.31,-4.03,1,2
16510.515,0.334,0.397,0.82,5.68,1.04,-5.31,1,2
16510.531,0.331,0.409,0.829,6.44,2.26,-6.38,1,2
16510.531,0.314,0.422,0.839,7.78,2.75,-6.78,1,2
16510.546,0.302,0.43,0.846,8.09,1.8,-6.04,1,2
16510.562,0.302,0.441,0.85,7.02,-0.37,-4.88,1,2
16510.562,0.307,0.448,0.848,5.55,-2.29,-4.12,1,2
16510.578,0.313,0.441,0.845,4.52,-3.75,-3.48,1,2
16510.578,0.317,0.433,0.842,4.0,-4.67,-3.36,1,2
16510.593,0.318,0.426,0.845,4.06,-4.79,-3.23,1,2
16510.609,0.322,0.422,0.847,5.13,-5.01,-3.02,1,2
16510.609,0.325,0.421,0.851,6.62,-4.97,-3.2,1,2
16510.625,0.331,0.422,0.848,8.33,-4.91,-3.85,1,2
16510.64,0.335,0.417,0.843,9.52,-4.73,-4.33,1,2
16510.64,0.34,0.419,0.838,10.04,-4.27,-4.79,1,2
16510.656,0.34,0.428,0.837,9.7,-3.54,-5.4,1,2
16510.656,0.339,0.439,0.833,7.69,-3.17,-6.13,1,2
16510.671,0.336,0.44,0.827,3.66,-3.51,-6.78,1,2
16510.687,0.334,0.438,0.827,-0.85,-4.24,-7.48,1,2
16510.687,0.332,0.426,0.824,-4.03,-4.82,-7.97,1,2
16510.703,0.334,0.416,0.823,-5.86,-4.7,-8.76,1,2
16510.718,0.336,0.41,0.82,-7.05,-4.3,-10.53,1,2
16510.734,0.338,0.413,0.808,-8.58,-3.6,-13.76,1,2
16510.734,0.334,0.418,0.792,-10.83,-1.77,-17.0,1,2
16510.75,0.328,0.413,0.778,-12.6,1.07,-18.95,1,2
16510.75,0.32,0.42,0.763,-11.75,5.16,-18.98,1,2
16510.765,0.313,0.43,0.746,-7.6,10.41,-17.12,1,2
16510.781,0.305,0.447,0.731,-2.69,15.35,-14.8,1,2
16510.781,0.292,0.473,0.722,0.4,19.62,-12.27,1,2
16510.796,0.273,0.496,0.739,1.71,23.5,-9.34,1,2
16510.796,0.202,0.547,0.873,2.17,24.23,-4.73,1,2
16510.812,0.209,0.55,0.947,4.91,15.78,3.27,1,2
16510.828,0.261,0.573,0.921,1.04,4.82,9.16,1,2
16510.828,0.273,0.574,0.929,-7.45,-0.12,11.47,1,2
16510.843,0.291,0.518,0.941,-10.47,-0.7,13.25,1,2
16510.859,0.308,0.483,0.917,-10.04,1.01,14.19,1,2
16510.859,0.311,0.469,0.898,-10.13,4.15,13.79,1,2
16510.875,0.294,0.453,0.898,-9.61,7.63,13.98,1,2
16510.89,0.289,0.432,0.887,-7.6,10.13,15.2,1,2
16510.89,0.273,0.423,0.873,-4.7,11.93,16.51,1,2
16510.906,0.265,0.416,0.851,-1.19,12.18,17.61,1,2
16510.921,0.258,0.403,0.825,0.95,10.62,17.43,1,2
16510.921,0.258,0.389,0.798,1.77,7.81,16.08,1,2
16510.937,0.264,0.393,0.78,1.89,5.55,14.56,1,2
16510.937,0.269,0.399,0.777,2.35,4.46,13.0,1,2
16510.953,0.267,0.406,0.79,2.78,4.15,11.63,1,2
16510.968,0.27,0.412,0.807,3.27,3.94,10.99,1,2
16510.968,0.277,0.422,0.83,3.48,4.03,10.28,1,2
16510.984,0.278,0.431,0.851,3.36,4.12,9.13,1,2
16511.0,0.281,0.442,0.878,3.14,4.15,7.9,1,2
16511.0,0.286,0.447,0.895,3.17,4.52,6.56,1,2
16511.015,0.288,0.447,0.903,2.75,4.7,5.16,1,2
16511.031,0.283,0.44,0.909,1.13,4.33,3.48,1,2
16511.031,0.287,0.43,0.909,-1.34,3.11,1.74,1,2
16511.046,0.291,0.421,0.902,-3.39,2.26,0.21,1,2
16511.062,0.287,0.412,0.9,-4.58,2.62,-0.55,1,2
16511.062,0.285,0.403,0.897,-4.58,4.06,-0.92,1,2
16511.078,0.28,0.387,0.904,-3.57,5.98,-1.62,1,2
16511.078,0.277,0.364,0.913,-1.71,7.23,-2.41,1,2
16511.093,0.274,0.348,0.915,1.19,6.71,-3.48,1,2
16511.109,0.257,0.341,0.916,5.8,3.2,-4.73,1,2
16511.109,0.241,0.346,0.919,12.79,-2.87,-5.43,1,2
16511.125,0.2,0.393,0.936,22.98,-11.41,-3.97,1,2
16511.14,0.219,0.443,0.959,34.03,-22.37,2.23,1,2
16511.14,0.282,0.434,0.974,33.51,-35.68,3.08,1,2
16511.156,0.317,0.415,0.944,25.64,-46.3,-0.67,1,2
16511.171,0.344,0.404,0.906,18.07,-48.28,-0.27,1,2
16511.171,0.425,0.408,0.912,12.15,-46.78,-0.67,1,2
16511.187,0.43,0.373,0.878,13.31,-42.45,-4.88,1,2
16511.187,0.441,0.343,0.869,14.56,-37.42,-7.72,1,2
16511.203,0.458,0.348,0.874,17.49,-33.81,-10.68,1,2
16511.218,0.469,0.346,0.862,22.92,-31.22,-13.76,1,2
16511.234,0.488,0.347,0.852,28.26,-28.75,-16.39,1,2
16511.234,0.5,0.352,0.844,33.33,-26.06,-19.04,1,2
16511.25,0.488,0.361,0.839,38.61,-23.04,-21.21,1,2
16511.25,0.476,0.375,0.835,42.91,-19.99,-21.55,1,2
16511.265,0.48,0.393,0.836,45.38,-16.94,-20.6,1,2
16511.281,0.473,0.415,0.836,45.23,-14.04,-21.15,1,2
16511.281,0.451,0.448,0.835,41.93,-11.35,-23.26,1,2
16511.296,0.425,0.485,0.837,36.65,-9.25,-25.48,1,2
16511.312,0.396,0.527,0.836,29.79,-8.73,-26.49,1,2
16511.312,0.372,0.564,0.825,20.97,-10.01,-25.42,1,2
16511.328,0.361,0.576,0.808,10.93,-12.7,-22.77,1,2
16511.328,0.359,0.563,0.785,0.85,-15.38,-19.1,1,2
16511.343,0.367,0.528,0.759,-7.2,-17.55,-15.69,1,2
16511.359,0.381,0.478,0.734,-11.14,-18.1,-13.7,1,2
16511.359,0.394,0.424,0.704,-10.9,-17.24,-13.43,1,2
16511.375,0.405,0.396,0.679,-8.55,-14.53,-15.05,1,2
16511.39,0.407,0.383,0.663,-5.49,-9.37,-18.68,1,2
16511.406,0.393,0.366,0.65,-2.5,-3.63,-23.74,1,2
16511.406,0.378,0.363,0.646,-0.64,1.98,-28.11,1,2
16511.421,0.35,0.393,0.644,-0.58,7.87,-30.79,1,2
16511.421,0.318,0.418,0.643,-2.62,13.12,-31.28,1,2
16511.437,0.292,0.443,0.65,-13.82,17.82,-27.95,1,2
16511.453,0.259,0.47,0.663,-21.39,16.72,-24.54,1,2
16511.453,0.237,0.492,0.686,-27.89,13.7,-22.19,1,2
16511.468,0.235,0.494,0.706,-31.62,10.38,-21.61,1,2
16511.468,0.235,0.451,0.734,-31.5,7.35,-22.03,1,2
16511.484,0.244,0.43,0.734,-27.31,5.37,-24.29,1,2
16511.5,0.236,0.416,0.726,-19.93,5.62,-27.89,1,2
16511.5,0.223,0.439,0.725,-12.42,9.49,-32.5,1,2
16511.515,0.208,0.468,0.737,-6.26,15.11,-37.51,1,2
16511.531,0.179,0.499,0.753,-1.83,21.3,-41.14,1,2
16511.531,0.146,0.558,0.781,0.46,26.89,-41.81,1,2
16511.546,0.118,0.598,0.815,0.52,30.09,-40.96,1,2
16511.562,0.097,0.627,0.846,-1.01,29.85,-39.67,1,2
16511.562,0.082,0.664,0.89,-5.98,25.09,-37.26,1,2
16511.578,0.066,0.673,0.933,-12.24,16.17,-34.27,1,2
16511.593,0.071,0.661,0.96,-16.72,5.07,-30.49,1,2
16511.593,0.108,0.652,0.966,-17.94,-5.52,-27.04,1,2
16511.609,0.136,0.629,0.95,-13.4,-11.23,-26.28,1,2
16511.609,0.17,0.628,0.921,-4.91,-11.99,-25.64,1,2
16511.625,0.174,0.631,0.907,2.26,-10.56,-23.9,1,2
16511.64,0.159,0.605,0.887,8.58,-10.19,-20.91,1,2
16511.64,0.152,0.586,0.858,13.95,-11.47,-17.88,1,2
16511.656,0.169,0.588,0.825,17.0,-14.19,-16.85,1,2
16511.671,0.163,0.586,0.791,15.87,-17.12,-17.33,1,2
16511.671,0.164,0.59,0.775,11.78,-19.26,-16.6,1,2
16511.687,0.18,0.596,0.763,6.96,-20.6,-15.5,1,2
16511.703,0.181,0.598,0.752,2.17,-20.51,-15.38,1,2
16511.703,0.184,0.587,0.746,-2.53,-18.95,-14.74,1,2
16511.718,0.184,0.563,0.745,-4.76,-17.06,-12.85,1,2
16511.734,0.192,0.545,0.742,-2.81,-15.78,-10.38,1,2
16511.734,0.205,0.543,0.735,2.17,-14.37,-8.82,1,2
16511.75,0.216,0.546,0.724,6.84,-11.9,-8.48,1,2
16511.75,0.221,0.562,0.72,10.04,-8.61,-8.85,1,2
16511.765,0.215,0.585,0.723,11.87,-4.94,-9.09,1,2
16511.781,0.203,0.603,0.734,11.78,-1.98,-8.12,1,2
16511.781,0.194,0.617,0.751,9.67,-0.61,-6.13,1,2
16511.796,0.188,0.628,0.767,6.35,-0.95,-3.75,1,2
16511.812,0.189,0.633,0.784,2.08,-3.11,-1.53,1,2
16511.812,0.195,0.625,0.793,-2.29,-6.47,0.7,1,2
16511.828,0.209,0.604,0.801,-5.77,-10.16,2.62,1,2
16511.843,0.222,0.588,0.803,-7.54,-13.37,3.72,1,2
16511.843,0.24,0.579,0.8,-8.42,-15.59,4.03,1,2
16511.859,0.255,0.567,0.797,-8.55,-15.87,4.09,1,2
16511.859,0.254,0.556,0.795,-7.72,-14.68,4.39,1,2
16511.875,0.255,0.542,0.797,-5.65,-13.7,4.88,1,2
16511.89,0.256,0.531,0.792,-2.2,-13.73,5.1,1,2
16511.89,0.256,0.526,0.785,1.98,-13.76,4.88,1,2
16511.906,0.255,0.523,0.773,6.26,-14.01,4.33,1,2
16511.921,0.253,0.524,0.768,9.64,-14.47,4.06,1,2
16511.921,0.238,0.54,0.77,11.38,-15.47,3.78,1,2
16511.937,0.239,0.558,0.777,10.07,-17.7,4.43,1,2
16511.953,0.25,0.57,0.789,5.43,-19.59,5.46,1,2
16511.953,0.25,0.55,0.799,0.37,-22.03,5.19,1,2
16511.968,0.264,0.534,0.794,-2.17,-25.27,5.13,1,2
16511.968,0.295,0.547,0.794,-3.51,-26.18,5.55,1,2
16511.984,0.305,0.567,0.803,-6.68,-26.12,6.44,1,2
16512.0,0.296,0.545,0.806,-8.61,-26.09,5.52,1,2
16512.015,0.312,0.527,0.789,-8.55,-25.57,6.13,1,2
16512.015,0.33,0.537,0.788,-9.0,-23.68,6.71,1,2
16512.031,0.325,0.525,0.773,-9.25,-20.84,6.1,1,2
16512.031,0.314,0.479,0.767,-9.67,-17.46,4.79,1,2
16512.046,0.318,0.482,0.773,-6.84,-15.44,2.99,1,2
16512.062,0.311,0.499,0.764,-1.28,-14.44,2.29,1,2
16512.062,0.307,0.496,0.759,2.53,-13.4,2.38,1,2
16512.078,0.304,0.491,0.759,4.21,-12.39,2.84,1,2
16512.078,0.309,0.503,0.76,4.64,-11.26,2.62,1,2
16512.093,0.31,0.511,0.766,3.6,-9.7,1.71,1,2
16512.109,0.308,0.503,0.769,0.98,-7.87,0.49,1,2
16512.109,0.293,0.501,0.787,-2.14,-6.56,-0.55,1,2
16512.125,0.287,0.509,0.816,-4.18,-7.08,-1.43,1,2
16512.14,0.287,0.523,0.845,-3.78,-8.67,-1.92,1,2
16512.14,0.282,0.538,0.861,-0.27,-11.02,-1.59,1,2
16512.156,0.281,0.554,0.866,4.27,-14.25,-0.76,1,2
16512.171,0.281,0.568,0.861,8.48,-17.09,0.15,1,2
16512.171,0.279,0.575,0.84,10.19,-18.89,0.92,1,2
16512.187,0.279,0.572,0.816,8.94,-19.93,1.98,1,2
16512.187,0.282,0.568,0.791,6.07,-20.51,3.11,1,2
16512.203,0.287,0.564,0.78,2.14,-20.36,3.39,1,2
16512.218,0.29,0.548,0.777,-1.68,-19.47,3.3,1,2
16512.218,0.299,0.523,0.769,-2.81,-17.79,3.27,1,2
16512.234,0.311,0.519,0.766,-1.89,-15.75,3.05,1,2
16512.25,0.309,0.517,0.763,0.46,-13.37,2.41,1,2
16512.25,0.307,0.513,0.762,3.14,-11.26,2.11,1,2
16512.265,0.301,0.514,0.761,4.94,-10.41,2.11,1,2
16512.281,0.305,0.522,0.759,5.19,-10.9,2.08,1,2
16512.281,0.313,0.532,0.76,3.69,-11.78,1.92,1,2
16512.296,0.32,0.526,0.757,1.46,-12.15,1.95,1,2
16512.312,0.327,0.52,0.759,-0.7,-11.75,1.89,1,2
16512.312,0.331,0.514,0.762,-1.92,-11.26,1.46,1,2
16512.328,0.342,0.502,0.765,-1.86,-11.35,0.82,1,2
16512.328,0.352,0.495,0.759,-1.01,-11.72,-0.27,1,2
16512.343,0.366,0.488,0.749,0.12,-11.75,-1.46,1,2
16512.359,0.376,0.488,0.737,1.25,-11.32,-2.56,1,2
16512.359,0.38,0.49,0.729,1.77,-10.13,-3.57,1,2
16512.375,0.381,0.493,0.723,2.35,-8.79,-4.24,1,2
16512.39,0.383,0.49,0.722,2.93,-7.57,-4.49,1,2
16512.39,0.386,0.493,0.718,3.57,-6.74,-4.85,1,2
16512.406,0.387,0.491,0.717,4.03,-6.23,-5.31,1,2
16512.421,0.39,0.493,0.719,2.23,-5.55,-6.96,1,2
16512.421,0.392,0.506,0.716,0.92,-4.18,-7.84,1,2
16512.437,0.386,0.521,0.719,0.03,-2.69,-8.48,1,2
16512.453,0.378,0.524,0.725,0.18,-1.56,-8.48,1,2
16512.453,0.366,0.532,0.733,1.53,-0.89,-8.64,1,2
16512.468,0.356,0.535,0.735,3.42,-0.95,-8.73,1,2
16512.468,0.352,0.544,0.732,5.31,-1.56,-8.55,1,2
16512.484,0.353,0.554,0.734,6.53,-2.2,-8.03,1,2
16512.5,0.35,0.562,0.741,8.06,-2.56,-7.32,1,2
16512.515,0.348,0.573,0.744,9.37,-2.93,-6.59,1,2
16512.515,0.352,0.587,0.749,9.64,-3.42,-6.2,1,2
16512.531,0.355,0.593,0.75,9.67,-4.03,-5.74,1,2
16512.531,0.359,0.593,0.747,9.43,-4.36,-5.01,1,2
16512.546,0.366,0.589,0.745,9.13,-4.58,-4.18,1,2
16512.562,0.363,0.585,0.743,8.45,-4.58,-3.6,1,2
16512.562,0.364,0.587,0.741,7.32,-4.27,-3.05,1,2
16512.578,0.367,0.581,0.743,6.07,-3.57,-2.38,1,2
16512.593,0.365,0.571,0.747,5.65,-2.99,-1.98,1,2
16512.593,0.354,0.562,0.75,6.93,-2.93,-1.28,1,2
16512.609,0.353,0.562,0.751,8.64,-3.85,-0.64,1,2
16512.609,0.357,0.561,0.745,9.74,-4.79,-0.58,1,2
16512.625,0.354,0.554,0.734,10.38,-4.7,-0.92,1,2
16512.64,0.345,0.556,0.729,10.25,-3.69,-1.25,1,2
16512.64,0.337,0.56,0.729,9.89,-3.14,-1.19,1,2
16512.656,0.336,0.563,0.726,9.13,-2.84,-1.28,1,2
16512.671,0.339,0.563,0.723,8.18,-2.53,-1.56,1,2
16512.671,0.341,0.56,0.725,7.6,-1.71,-1.89,1,2
16512.687,0.338,0.552,0.732,7.57,-0.61,-1.8,1,2
16512.687,0.355,0.56,0.735,8.06,0.21,-2.17,1,2
16512.703,0.349,0.561,0.739,8.73,1.19,-3.14,1,2
16512.718,0.345,0.557,0.743,9.31,1.46,-3.91,1,2
16512.734,0.344,0.559,0.749,10.35,1.04,-4.15,1,2
16512.734,0.348,0.575,0.748,11.63,0.34,-4.36,1,2
16512.75,0.341,0.588,0.741,11.99,-0.31,-4.64,1,2
16512.75,0.337,0.591,0.74,11.38,-1.1,-4.58,1,2
16512.765,0.334,0.598,0.738,10.74,-2.5,-3.88,1,2
16512.781,0.336,0.609,0.732,9.89,-3.97,-3.14,1,2
16512.781,0.342,0.61,0.723,8.79,-5.13,-2.62,1,2
16512.796,0.341,0.603,0.71,7.72,-5.92,-2.11,1,2
16512.796,0.344,0.601,0.705,6.38,-6.41,-1.68,1,2
16512.812,0.346,0.599,0.697,5.13,-6.53,-1.19,1,2
16512.828,0.358,0.6,0.691,3.88,-5.86,-0.76,1,2
16512.828,0.357,0.596,0.688,2.62,-4.43,-0.37,1,2
16512.843,0.354,0.596,0.691,1.07,-2.84,-0.03,1,2
16512.859,0.356,0.599,0.699,-0.55,-1.8,0.21,1,2
16512.875,0.352,0.601,0.703,-2.11,-0.95,0.43,1,2
16512.875,0.349,0.595,0.708,-3.42,-0.43,0.7,1,2
16512.89,0.352,0.589,0.714,-4.3,-0.12,1.13,1,2
16512.89,0.351,0.588,0.72,-4.52,0.27,1.1,1,2
16512.906,0.345,0.58,0.722,-3.94,0.82,0.79,1,2
16512.921,0.342,0.575,0.721,-3.02,1.31,0.21,1,2
16512.921,0.339,0.572,0.722,-1.71,1.59,-0.46,1,2
16512.937,0.337,0.573,0.724,-0.49,1.8,-1.01,1,2
16512.937,0.332,0.568,0.721,1.01,2.17,-1.65,1,2
16512.953,0.329,0.572,0.715,2.29,2.93,-2.2,1,2
16512.968,0.323,0.574,0.72,3.54,3.94,-2.78,1,2
16512.968,0.313,0.579,0.726,4.55,4.39,-2.87,1,2
16512.984,0.315,0.585,0.729,5.04,3.97,-2.81,1,2
16513.0,0.318,0.592,0.734,5.07,3.14,-2.72,1,2
16513.0,0.314,0.594,0.735,4.82,2.17,-2.38,1,2
16513.015,0.324,0.599,0.736,4.27,0.67,-1.22,1,2
16513.031,0.336,0.608,0.736,3.63,-1.1,0.12,1,2
16513.031,0.347,0.604,0.733,3.05,-2.9,0.95,1,2
16513.046,0.358,0.599,0.731,2.01,-4.3,1.74,1,2
16513.046,0.365,0.591,0.725,1.31,-5.65,1.98,1,2
16513.062,0.377,0.582,0.715,1.01,-6.35,1.53,1,2
16513.078,0.38,0.579,0.706,0.95,-6.32,0.4,1,2
16513.093,0.375,0.576,0.702,1.43,-5.28,-0.55,1,2
16513.093,0.37,0.582,0.702,2.2,-4.18,-1.1,1,2
16513.109,0.366,0.591,0.698,2.99,-2.87,-1.62,1,2
16513.109,0.363,0.591,0.694,3.23,-1.22,-2.47,1,2
16513.125,0.353,0.583,0.695,3.11,0.76,-3.36,1,2
16513.14,0.339,0.59,0.702,2.99,2.11,-3.36,1,2
16513.14,0.334,0.6,0.712,2.47,2.69,-2.81,1,2
16513.156,0.33,0.603,0.72,1.68,2.53,-2.26,1,2
16513.171,0.324,0.604,0.726,0.76,1.68,-1.92,1,2
16513.171,0.318,0.607,0.727,-0.31,0.27,-1.4,1,2
16513.187,0.322,0.609,0.725,-1.37,-1.46,-0.43,1,2
16513.187,0.325,0.604,0.722,-2.53,-2.87,0.76,1,2
16513.203,0.333,0.597,0.723,-3.51,-3.81,1.74,1,2
16513.218,0.337,0.594,0.722,-4.18,-4.3,2.32,1,2
16513.218,0.34,0.587,0.72,-3.81,-4.49,2.2,1,2
16513.234,0.344,0.575,0.714,-3.11,-4.24,1.74,1,2
16513.25,0.348,0.569,0.708,-1.77,-3.27,1.01,1,2
16513.25,0.344,0.572,0.71,-0.21,-1.83,0.15,1,2
16513.265,0.344,0.573,0.712,1.59,-0.61,-0.61,1,2
16513.281,0.347,0.578,0.714,3.6,0.49,-1.13,1,2
16513.281,0.344,0.585,0.717,5.43,1.31,-1.65,1,2
16513.296,0.346,0.583,0.725,7.2,1.74,-1.95,1,2
16513.312,0.343,0.588,0.729,8.73,1.56,-2.04,1,2
16513.312,0.342,0.592,0.726,9.98,1.1,-2.53,1,2
16513.328,0.338,0.589,0.72,11.02,0.55,-3.23,1,2
16513.328,0.336,0.594,0.715,11.44,-0.03,-3.75,1,2
16513.343,0.336,0.603,0.709,11.2,-0.52,-3.78,1,2
16513.359,0.332,0.608,0.702,10.1,-0.79,-3.51,1,2
16513.359,0.336,0.613,0.694,8.79,-0.85,-3.05,1,2
16513.375,0.34,0.621,0.692,6.68,-0.95,-2.26,1,2
16513.39,0.345,0.623,0.689,4.3,-0.76,-1.68,1,2
16513.39,0.347,0.621,0.69,2.17,-0.46,-0.92,1,2
16513.406,0.347,0.618,0.693,-1.01,0.34,0.31,1,2
16513.421,0.35,0.612,0.694,-2.17,0.79,0.15,1,2
16513.421,0.347,0.601,0.691,-2.69,1.46,-0.46,1,2
16513.437,0.341,0.594,0.711,-2.75,1.89,-0.73,1,2
16513.437,0.337,0.598,0.72,-1.8,2.08,-0.89,1,2
16513.453,0.332,0.595,0.723,-0.21,1.86,-1.07,1,2
16513.468,0.329,0.595,0.729,1.65,1.1,-1.07,1,2
16513.468,0.328,0.6,0.724,3.45,0.09,-1.43,1,2
16513.484,0.327,0.603,0.715,4.82,-0.67,-1.62,1,2
16513.5,0.327,0.604,0.708,5.52,-1.22,-1.37,1,2
16513.5,0.33,0.609,0.704,5.55,-1.4,-1.07,1,2
16513.515,0.333,0.613,0.697,5.01,-1.5,-0.67,1,2
16513.531,0.336,0.612,0.694,3.78,-1.46,-0.37,1,2
16513.531,0.338,0.611,0.695,2.2,-1.46,-0.52,1,2
16513.546,0.338,0.612,0.695,0.79,-1.5,-0.61,1,2
16513.546,0.344,0.614,0.695,-0.12,-1.07,-0.4,1,2
16513.562,0.343,0.609,0.694,-0.58,-0.15,-0.58,1,2
16513.578,0.337,0.603,0.695,-0.67,0.89,-0.76,1,2
16513.578,0.336,0.606,0.7,-0.7,1.5,-0.73,1,2
16513.593,0.332,0.605,0.708,-0.67,1.71,-0.73,1,2
16513.609,0.325,0.605,0.711,-0.34,1.56,-0.76,1,2
16513.609,0.324,0.609,0.717,0.15,1.16,-0.43,1,2
16513.625,0.324,0.614,0.722,0.89,0.03,-0.12,1,2
16513.64,0.326,0.61,0.717,1.46,-1.1,0.09,1,2
16513.64,0.33,0.607,0.711,1.8,-2.2,0.06,1,2
16513.656,0.334,0.609,0.706,1.95,-3.05,0.18,1,2
16513.671,0.34,0.609,0.698,1.92,-3.27,0.24,1,2
16513.671,0.344,0.611,0.693,1.8,-3.02,0.0,1,2
16513.687,0.344,0.612,0.689,1.34,-2.47,-0.37,1,2
16513.687,0.343,0.611,0.689,0.31,-1.83,-0.58,1,2
16513.703,0.341,0.61,0.694,-0.7,-1.22,-0.67,1,2
16513.718,0.339,0.613,0.699,-1.46,-0.92,-0.52,1,2
16513.718,0.34,0.612,0.702,-1.95,-0.95,-0.31,1,2
16513.734,0.34,0.609,0.703,-2.26,-0.98,-0.61,1,2
16513.75,0.336,0.602,0.701,-2.2,-0.67,-0.76,1,2
16513.765,0.333,0.604,0.703,-2.32,-0.49,-0.7,1,2
16513.765,0.331,0.603,0.705,-2.08,-0.21,-1.07,1,2
16513.781,0.33,0.601,0.708,-1.71,-0.09,-1.4,1,2
16513.781,0.329,0.603,0.708,-1.28,0.0,-1.22,1,2
16513.796,0.329,0.606,0.71,-0.76,0.12,-1.04,1,2
16513.812,0.33,0.608,0.712,-0.27,-0.06,-0.7,1,2
16513.812,0.333,0.608,0.71,0.03,-0.46,-0.49,1,2
16513.828,0.337,0.61,0.705,0.27,-0.79,-0.52,1,2
16513.843,0.335,0.609,0.701,0.27,-0.64,-0.76,1,2
16513.843,0.334,0.605,0.699,0.18,-0.27,-0.82,1,2
16513.859,0.335,0.61,0.7,0.0,0.12,-0.82,1,2
16513.859,0.333,0.606,0.701,-0.09,0.58,-1.01,1,2
16513.875,0.329,0.604,0.703,-0.27,0.95,-1.1,1,2
16513.89,0.33,0.606,0.705,-0.67,0.85,-1.19,1,2
16513.89,0.33,0.609,0.706,-0.76,0.67,-1.22,1,2
16513.906,0.326,0.61,0.705,-0.55,0.82,-1.1,1,2
16513.921,0.326,0.608,0.705,-0.55,0.89,-0.98,1,2
16513.921,0.324,0.608,0.707,-0.61,0.67,-1.01,1,2
16513.937,0.323,0.607,0.707,-0.64,0.4,-0.89,1,2
16513.937,0.325,0.607,0.709,-0.55,0.21,-0.82,1,2
16513.953,0.326,0.607,0.714,-0.37,-0.06,-0.67,1,2
16513.968,0.33,0.608,0.713,0.06,-0.55,-0.52,1,2
16513.984,0.331,0.608,0.711,0.12,-1.22,-0.55,1,2
16513.984,0.332,0.604,0.709,0.21,-1.5,-0.73,1,2
16514.0,0.336,0.605,0.705,0.37,-1.43,-0.85,1,2
16514.0,0.335,0.605,0.703,0.7,-1.25,-1.19,1,2
16514.015,0.333,0.606,0.706,0.79,-0.98,-1.34,1,2
16514.031,0.332,0.608,0.705,0.98,-0.58,-1.19,1,2
16514.031,0.33,0.606,0.703,1.13,-0.24,-1.13,1,2
16514.046,0.333,0.606,0.705,1.34,0.09,-0.95,1,2
16514.062,0.329,0.607,0.709,1.56,0.31,-1.04,1,2
16514.062,0.327,0.608,0.71,1.83,0.03,-1.19,1,2
16514.078,0.331,0.612,0.71,1.89,-0.4,-1.19,1,2
16514.078,0.332,0.616,0.707,2.17,-0.85,-1.16,1,2
16514.093,0.333,0.614,0.702,2.47,-1.07,-1.04,1,2
16514.109,0.331,0.612,0.699,2.66,-0.98,-1.1,1,2
16514.109,0.331,0.611,0.694,2.93,-0.55,-1.22,1,2
16514.125,0.329,0.614,0.691,2.99,0.18,-1.56,1,2
16514.14,0.323,0.612,0.691,2.72,1.22,-2.04,1,2
16514.14,0.319,0.611,0.696,2.41,2.08,-1.98,1,2
16514.156,0.313,0.621,0.704,1.86,2.38,-1.77,1,2
16514.156,0.31,0.623,0.71,0.73,1.65,-1.34,1,2
16514.171,0.313,0.624,0.713,-0.49,0.43,-0.73,1,2
16514.187,0.315,0.624,0.716,-1.5,-0.7,0.06,1,2
16514.187,0.315,0.615,0.715,-2.11,-1.86,0.79,1,2
16514.203,0.32,0.608,0.712,-2.72,-2.75,1.16,1,2
16514.218,0.328,0.601,0.708,-3.23,-3.3,0.98,1,2
16514.218,0.335,0.597,0.702,-2.62,-2.56,0.21,1,2
16514.234,0.333,0.602,0.705,-2.11,-2.01,0.52,1,2
16514.25,0.344,0.605,0.71,-1.01,-1.1,0.43,1,2
16514.25,0.344,0.611,0.713,-0.58,-1.31,0.4,1,2
16514.265,0.347,0.609,0.71,-0.4,-2.04,0.34,1,2
16514.281,0.345,0.614,0.709,-0.49,-2.5,0.21,1,2
16514.296,0.341,0.604,0.705,-0.06,-2.47,-0.27,1,2
16514.296,0.337,0.596,0.697,0.46,-2.04,-0.82,1,2
16514.312,0.331,0.592,0.692,0.64,-0.76,-1.95,1,2
16514.312,0.322,0.595,0.693,0.49,0.85,-2.75,1,2
16514.328,0.318,0.604,0.704,0.06,2.17,-2.66,1,2
16514.343,0.313,0.613,0.72,-0.24,2.2,-2.08,1,2
16514.343,0.312,0.617,0.726,-0.18,1.13,-1.5,1,2
16514.359,0.315,0.613,0.725,0.52,-0.58,-1.28,1,2
16514.359,0.318,0.611,0.715,1.37,-1.92,-1.31,1,2
16514.375,0.318,0.606,0.702,2.04,-2.2,-1.65,1,2
16514.39,0.321,0.602,0.692,2.78,-0.43,-2.29,1,2
16514.39,0.32,0.61,0.693,2.78,0.34,-2.26,1,2
16514.406,0.319,0.618,0.696,2.59,0.64,-2.01,1,2
16514.421,0.321,0.624,0.7,2.2,0.55,-1.5,1,2
16514.421,0.323,0.627,0.705,1.77,0.18,-1.19,1,2
16514.437,0.32,0.625,0.707,1.37,-0.55,-0.64,1,2
16514.437,0.32,0.623,0.709,1.1,-1.25,-0.24,1,2
16514.453,0.323,0.616,0.705,0.95,-1.83,0.0,1,2
16514.468,0.321,0.613,0.697,0.64,-1.83,-0.09,1,2
16514.468,0.324,0.612,0.696,0.03,-1.56,-0.37,1,2
16514.484,0.326,0.614,0.698,-0.76,-1.31,-0.37,1,2
16514.5,0.331,0.616,0.7,-1.46,-1.1,-0.27,1,2
16514.515,0.333,0.615,0.702,-1.89,-0.89,-0.21,1,2
16514.515,0.332,0.611,0.705,-1.74,-0.98,-0.4,1,2
16514.531,0.333,0.61,0.704,-1.43,-1.01,-0.79,1,2
16514.531,0.329,0.608,0.699,-0.79,-0.52,-1.34,1,2
16514.546,0.328,0.605,0.697,-0.12,0.52,-1.86,1,2
16514.562,0.323,0.608,0.7,0.34,1.5,-2.14,1,2
16514.562,0.319,0.612,0.708,0.55,1.86,-2.11,1,2
16514.578,0.316,0.617,0.714,0.92,1.56,-1.65,1,2
16514.593,0.315,0.619,0.716,1.28,0.7,-1.31,1,2
16514.593,0.317,0.619,0.715,1.62,-0.06,-1.07,1,2
16514.609,0.316,0.614,0.71,2.41,-0.49,-0.95,1,2
16514.609,0.314,0.612,0.704,2.87,-0.7,-1.04,1,2
16514.625,0.314,0.61,0.703,2.9,-0.82,-1.25,1,2
16514.64,0.313,0.615,0.702,2.62,-0.92,-1.31,1,2
16514.64,0.313,0.621,0.702,2.56,-1.13,-1.01,1,2
16514.656,0.315,0.627,0.705,1.98,-1.34,-0.46,1,2
16514.671,0.316,0.629,0.707,1.43,-1.86,0.18,1,2
16514.671,0.321,0.624,0.704,1.16,-2.69,0.58,1,2
16514.687,0.327,0.62,0.697,0.76,-3.23,0.79,1,2
16514.687,0.328,0.614,0.691,0.12,-2.99,0.7,1,2
16514.703,0.331,0.613,0.693,-0.73,-2.23,0.52,1,2
16514.718,0.329,0.613,0.696,-0.98,-1.22,0.06,1,2
16514.718,0.327,0.611,0.703,-0.89,-0.89,-0.21,1,2
16514.734,0.327,0.611,0.706,-0.73,-0.85,-0.34,1,2
16514.75,0.327,0.61,0.707,-0.43,-0.89,-0.79,1,2
16514.75,0.326,0.61,0.709,-0.06,-1.07,-1.34,1,2
16514.765,0.325,0.604,0.71,0.61,-1.43,-1.62,1,2
16514.781,0.324,0.598,0.71,1.28,-1.37,-1.95,1,2
16514.781,0.323,0.602,0.71,1.83,-1.19,-2.59,1,2
16514.796,0.313,0.601,0.713,2.17,-1.25,-3.33,1,2
16514.812,0.311,0.606,0.715,2.69,-1.77,-3.66,1,2
16514.812,0.313,0.612,0.713,3.57,-2.47,-3.72,1,2
16514.828,0.315,0.617,0.711,4.21,-3.02,-3.78,1,2
16514.828,0.317,0.621,0.708,4.73,-3.63,-3.85,1,2
16514.843,0.323,0.621,0.701,5.22,-4.39,-3.88,1,2
16514.859,0.33,0.624,0.691,5.58,-4.52,-4.03,1,2
16514.859,0.338,0.627,0.681,5.8,-4.09,-4.76,1,2
16514.875,0.342,0.625,0.67,5.65,-2.81,-5.58,1,2
16514.89,0.34,0.629,0.663,5.04,-1.31,-6.41,1,2
16514.89,0.336,0.636,0.666,3.6,0.12,-6.93,1,2
16514.906,0.328,0.639,0.671,2.17,1.59,-7.39,1,2
16514.921,0.315,0.639,0.68,0.95,2.69,-7.54,1,2
16514.921,0.305,0.639,0.692,0.34,3.14,-7.05,1,2
16514.937,0.293,0.64,0.704,-0.06,3.05,-6.35,1,2
16514.953,0.284,0.638,0.712,-0.27,2.17,-5.4,1,2
16514.953,0.279,0.634,0.718,-0.34,0.49,-4.12,1,2
16514.968,0.278,0.634,0.721,-0.31,-1.28,-2.78,1,2
16514.968,0.281,0.635,0.722,-0.24,-3.3,-1.31,1,2
16514.984,0.286,0.632,0.721,0.03,-5.31,0.03,1,2
16515.0,0.296,0.627,0.715,0.7,-6.84,0.85,1,2
16515.0,0.304,0.619,0.71,1.34,-7.84,0.7,1,2
16515.015,0.313,0.613,0.704,1.92,-8.36,0.31,1,2
16515.031,0.32,0.609,0.696,3.2,-8.27,-0.06,1,2
16515.031,0.332,0.613,0.688,4.39,-7.69,-0.82,1,2
16515.046,0.337,0.614,0.684,5.46,-6.87,-1.8,1,2
16515.046,0.341,0.623,0.68,6.2,-5.95,-2.84,1,2
16515.062,0.343,0.631,0.672,6.59,-5.1,-3.75,1,2
16515.078,0.341,0.635,0.665,6.65,-3.72,-4.7,1,2
16515.078,0.331,0.639,0.662,6.44,-2.11,-5.55,1,2
16515.093,0.321,0.64,0.657,5.74,-0.43,-6.53,1,2
16515.109,0.306,0.642,0.664,4.18,1.07,-6.87,1,2
16515.125,0.298,0.648,0.675,2.29,1.86,-6.35,1,2
16515.125,0.296,0.658,0.686,0.34,1.74,-5.1,1,2
16515.14,0.296,0.659,0.694,-1.04,0.89,-3.72,1,2
16515.14,0.297,0.654,0.697,-2.17,-0.34,-2.72,1,2
16515.156,0.301,0.641,0.694,-3.11,-1.43,-2.2,1,2
16515.171,0.301,0.629,0.694,-3.63,-2.2,-2.08,1,2
16515.171,0.306,0.626,0.695,-3.72,-2.35,-1.83,1,2
16515.187,0.312,0.625,0.696,-3.23,-2.23,-1.74,1,2
16515.187,0.317,0.62,0.702,-2.41,-2.01,-2.01,1,2
16515.203,0.314,0.622,0.702,-0.73,-1.92,-2.44,1,2
16515.218,0.316,0.627,0.7,1.28,-2.08,-2.66,1,2
16515.218,0.32,0.633,0.7,3.27,-2.01,-2.72,1,2
16515.234,0.317,0.636,0.699,5.01,-2.08,-2.53,1,2
16515.25,0.318,0.639,0.698,6.32,-2.44,-2.17,1,2
16515.25,0.315,0.64,0.698,7.08,-3.23,-1.65,1,2
16515.265,0.314,0.643,0.694,7.42,-4.15,-1.34,1,2
16515.281,0.309,0.64,0.686,7.23,-4.7,-1.5,1,2
16515.281,0.307,0.63,0.679,6.87,-4.94,-1.46,1,2
16515.296,0.309,0.641,0.674,6.38,-4.82,-1.83,1,2
16515.312,0.308,0.639,0.673,5.34,-4.3,-2.41,1,2
16515.312,0.31,0.639,0.677,4.7,-3.85,-2.69,1,2
16515.328,0.315,0.642,0.678,4.64,-3.57,-2.84,1,2
16515.343,0.32,0.647,0.674,5.28,-3.23,-2.96,1,2
16515.343,0.318,0.644,0.671,5.83,-2.66,-3.3,1,2
16515.359,0.317,0.645,0.667,6.29,-1.77,-3.6,1,2
16515.359,0.312,0.647,0.665,5.62,-0.4,-3.85,1,2
16515.375,0.305,0.649,0.669,4.7,-0.15,-3.85,1,2
16515.39,0.305,0.656,0.673,4.09,-0.24,-3.6,1,2
16515.39,0.301,0.655,0.673,3.75,-0.37,-3.42,1,2
16515.406,0.298,0.659,0.679,3.75,-0.73,-3.08,1,2
16515.421,0.299,0.66,0.678,3.85,-1.1,-2.5,1,2
16515.421,0.3,0.661,0.677,3.63,-1.5,-1.77,1,2
16515.437,0.302,0.659,0.678,3.27,-2.29,-1.07,1,2
16515.437,0.312,0.661,0.678,2.72,-3.51,-0.49,1,2
16515.453,0.316,0.661,0.67,2.2,-4.03,-0.46,1,2
16515.468,0.314,0.65,0.661,2.32,-3.78,-0.82,1,2
16515.468,0.317,0.645,0.654,2.59,-2.66,-1.22,1,2
16515.484,0.314,0.645,0.652,2.47,-1.04,-2.08,1,2
16515.5,0.309,0.649,0.656,2.04,0.7,-2.84,1,2
16515.5,0.303,0.657,0.661,1.83,1.77,-3.17,1,2
16515.515,0.296,0.667,0.67,1.89,2.14,-3.02,1,2
16515.531,0.294,0.673,0.676,1.95,1.65,-2.32,1,2
16515.531,0.294,0.673,0.677,2.01,0.98,-1.37,1,2
16515.546,0.293,0.666,0.674,1.98,0.21,-0.61,1,2
16515.562,0.295,0.661,0.676,1.68,-0.58,0.03,1,2
16515.562,0.302,0.666,0.68,1.5,-1.34,0.67,1,2
16515.578,0.303,0.665,0.679,1.71,-2.08,1.31,1,2
16515.578,0.31,0.662,0.672,2.08,-2.72,1.8,1,2
16515.593,0.315,0.656,0.662,2.26,-3.08,2.08,1,2
16515.609,0.321,0.649,0.66,1.59,-2.99,1.95,1,2
16515.609,0.324,0.649,0.661,0.46,-2.35,1.37,1,2
16515.625,0.322,0.649,0.658,-0.89,-1.4,0.52,1,2
16515.64,0.318,0.642,0.665,-1.56,-0.46,-0.21,1,2
16515.64,0.318,0.643,0.673,-1.86,0.21,-0.58,1,2
16515.656,0.316,0.644,0.676,-1.86,0.73,-0.79,1,2
16515.671,0.31,0.642,0.679,-1.4,1.01,-1.13,1,2
16515.671,0.304,0.642,0.682,-0.46,1.1,-1.53,1,2
16515.687,0.302,0.645,0.684,0.82,0.89,-1.86,1,2
16515.687,0.299,0.65,0.681,2.32,0.61,-2.01,1,2
16515.703,0.293,0.66,0.682,4.0,0.46,-1.68,1,2
16515.718,0.292,0.671,0.685,5.71,-0.03,-0.79,1,2
16515.718,0.295,0.669,0.677,6.96,-1.16,-0.27,1,2
16515.734,0.298,0.666,0.666,7.51,-2.59,0.12,1,2
16515.75,0.305,0.67,0.656,7.42,-3.42,0.12,1,2
16515.75,0.308,0.669,0.648,6.84,-3.45,-0.12,1,2
16515.765,0.309,0.672,0.644,5.83,-3.11,-0.34,1,2
16515.781,0.312,0.676,0.64,4.21,-2.32,-0.55,1,2
16515.781,0.308,0.671,0.643,2.01,-1.4,-0.85,1,2
16515.796,0.306,0.671,0.646,-0.34,-0.64,-0.85,1,2
16515.796,0.304,0.672,0.654,-2.5,-0.12,-0.58,1,2
16515.812,0.3,0.666,0.665,-4.18,-0.03,-0.24,1,2
16515.828,0.3,0.661,0.674,-5.1,-0.46,-0.06,1,2
16515.828,0.299,0.657,0.68,-5.1,-0.98,0.06,1,2
16515.843,0.301,0.651,0.683,-4.49,-1.62,0.27,1,2
16515.859,0.302,0.651,0.686,-3.45,-2.14,0.55,1,2
16515.875,0.304,0.652,0.687,-1.83,-2.59,1.16,1,2
16515.875,0.309,0.654,0.685,0.27,-2.78,1.71,1,2
16515.89,0.312,0.65,0.679,2.08,-3.14,1.77,1,2
16515.89,0.314,0.649,0.672,3.78,-3.42,1.37,1,2
16515.906,0.315,0.651,0.661,4.97,-3.3,0.55,1,2
16515.921,0.315,0.65,0.653,5.92,-2.66,-0.76,1,2
16515.921,0.311,0.655,0.649,7.26,-1.43,-1.53,1,2
16515.937,0.309,0.669,0.643,8.48,-0.09,-1.77,1,2
16515.937,0.306,0.676,0.64,8.7,1.1,-2.11,1,2
16515.953,0.298,0.678,0.643,8.06,2.01,-2.29,1,2
16515.968,0.297,0.68,0.643,7.08,2.59,-2.26,1,2
16515.968,0.297,0.686,0.647,5.92,3.11,-2.2,1,2
16515.984,0.29,0.685,0.652,5.01,3.2,-1.98,1,2
16516.0,0.291,0.686,0.658,4.09,2.38,-1.01,1,2
16516.0,0.294,0.693,0.663,2.44,1.34,-0.03,1,2
16516.015,0.297,0.684,0.665,0.4,0.03,0.98,1,2
16516.031,0.307,0.678,0.666,-1.07,-1.4,2.29,1,2
16516.031,0.316,0.673,0.667,-2.29,-2.78,3.08,1,2
16516.046,0.324,0.661,0.667,-3.81,-3.69,3.08,1,2
16516.046,0.336,0.658,0.669,-5.19,-4.27,3.11,1,2
16516.062,0.341,0.653,0.668,-6.13,-4.55,2.56,1,2
16516.078,0.339,0.643,0.671,-6.78,-4.27,1.62,1,2
16516.093,0.334,0.632,0.668,-7.11,-3.51,0.34,1,2
16516.093,0.329,0.628,0.668,-6.87,-2.47,-1.01,1,2
16516.109,0.318,0.629,0.674,-6.07,-1.28,-2.59,1,2
16516.109,0.303,0.633,0.679,-4.27,-0.21,-3.63,1,2
16516.125,0.295,0.645,0.687,-1.89,0.06,-4.18,1,2
16516.14,0.283,0.655,0.684,0.98,-0.43,-4.55,1,2
16516.14,0.278,0.664,0.677,3.85,-1.04,-4.15,1,2
16516.156,0.276,0.671,0.668,5.65,-1.68,-3.45,1,2
16516.171,0.278,0.676,0.663,6.13,-2.5,-2.96,1,2
16516.171,0.284,0.688,0.658,6.23,-2.87,-2.11,1,2
16516.187,0.29,0.69,0.648,6.01,-3.17,-1.07,1,2
16516.187,0.299,0.688,0.644,5.25,-3.39,0.24,1,2
16516.203,0.309,0.689,0.643,3.88,-3.36,1.19,1,2
16516.218,0.313,0.68,0.638,2.01,-2.9,1.5,1,2
16516.218,0.32,0.669,0.64,0.43,-2.35,1.65,1,2
16516.234,0.324,0.669,0.641,-0.46,-1.22,1.43,1,2
16516.25,0.324,0.665,0.645,-1.28,0.0,1.01,1,2
16516.25,0.32,0.661,0.654,-1.92,0.95,0.31,1,2
16516.265,0.315,0.66,0.664,-2.47,1.4,-0.49,1,2
16516.281,0.31,0.662,0.669,-1.95,1.25,-0.76,1,2
16516.281,0.308,0.663,0.669,-1.13,0.89,-0.79,1,2
16516.296,0.306,0.665,0.667,-0.06,0.43,-0.7,1,2
16516.312,0.302,0.664,0.664,0.79,-0.09,-0.85,1,2
16516.312,0.304,0.667,0.658,1.16,-0.4,-0.98,1,2
16516.328,0.303,0.674,0.655,0.92,-0.27,-1.04,1,2
16516.328,0.299,0.674,0.654,0.58,-0.09,-0.95,1,2
16516.343,0.302,0.677,0.657,0.15,-0.12,-0.52,1,2
16516.359,0.301,0.676,0.654,-1.07,-0.73,0.27,1,2
16516.359,0.301,0.669,0.656,-1.65,-0.92,0.43,1,2
16516.375,0.306,0.671,0.659,-2.14,-0.7,0.18,1,2
16516.39,0.302,0.659,0.663,-2.32,-0.46,0.4,1,2
16516.406,0.305,0.66,0.667,-2.59,-0.46,0.46,1,2
16516.406,0.306,0.66,0.672,-2.78,-0.82,0.31,1,2
16516.421,0.304,0.661,0.677,-2.59,-1.5,0.15,1,2
16516.421,0.303,0.66,0.675,-1.71,-2.04,0.0,1,2
16516.437,0.3,0.657,0.671,-0.55,-2.53,-0.15,1,2
16516.453,0.3,0.659,0.666,0.24,-2.56,-0.37,1,2
16516.453,0.301,0.661,0.663,0.89,-2.41,-0.4,1,2
16516.468,0.303,0.669,0.664,1.5,-2.56,-0.06,1,2
16516.468,0.309,0.677,0.661,1.86,-2.87,0.21,1,2
16516.484,0.309,0.675,0.658,1.95,-3.23,0.58,1,2
16516.5,0.314,0.672,0.653,1.89,-3.42,0.64,1,2
16516.5,0.319,0.67,0.645,1.71,-3.14,0.37,1,2
16516.515,0.318,0.666,0.638,1.4,-2.26,-0.09,1,2
16516.531,0.315,0.667,0.639,0.79,-0.89,-0.64,1,2
16516.531,0.309,0.668,0.641,0.27,0.82,-1.1,1,2
16516.546,0.302,0.669,0.649,-0.4,1.89,-1.22,1,2
16516.562,0.296,0.67,0.66,-0.95,2.23,-1.34,1,2
16516.562,0.293,0.67,0.669,-1.25,1.86,-0.89,1,2
16516.578,0.293,0.673,0.672,-1.4,1.37,-0.06,1,2
16516.578,0.288,0.667,0.674,-0.95,0.7,0.4,1,2
16516.593,0.294,0.663,0.674,0.06,-0.15,0.79,1,2
16516.609,0.299,0.663,0.671,0.27,-0.85,1.01,1,2
16516.625,0.3,0.655,0.667,0.79,-1.22,0.64,1,2
16516.625,0.309,0.66,0.664,1.53,-1.43,0.85,1,2
16516.64,0.313,0.67,0.662,1.8,-1.4,0.85,1,2
16516.64,0.315,0.669,0.659,1.77,-1.4,0.76,1,2
16516.656,0.319,0.67,0.654,1.77,-1.53,0.89,1,2
16516.671,0.316,0.668,0.648,1.71,-1.25,0.46,1,2
16516.671,0.314,0.663,0.647,1.04,-0.79,-0.12,1,2
16516.687,0.311,0.669,0.649,0.27,-0.21,-0.61,1,2
16516.703,0.305,0.665,0.651,-0.09,0.52,-0.92,1,2
16516.703,0.303,0.667,0.655,-0.15,1.04,-1.04,1,2
16516.718,0.298,0.67,0.66,-0.12,1.13,-1.1,1,2
16516.718,0.293,0.673,0.664,-0.24,1.07,-1.16,1,2
16516.734,0.291,0.674,0.666,-0.06,0.85,-0.85,1,2
16516.75,0.289,0.669,0.667,0.58,0.24,-0.43,1,2
16516.75,0.29,0.671,0.667,1.07,-0.61,0.09,1,2
16516.765,0.291,0.672,0.663,1.53,-1.59,0.21,1,2
16516.781,0.294,0.669,0.659,2.14,-1.98,0.37,1,2
16516.781,0.298,0.67,0.652,2.78,-1.62,0.37,1,2
16516.796,0.297,0.673,0.653,2.96,-1.1,0.37,1,2
16516.796,0.3,0.681,0.656,2.87,-1.04,0.58,1,2
16516.812,0.302,0.684,0.655,3.05,-1.53,0.92,1,2
16516.828,0.308,0.68,0.65,3.2,-2.04,1.43,1,2
16516.828,0.312,0.679,0.647,2.69,-2.08,1.46,1,2
16516.843,0.311,0.673,0.643,1.53,-1.68,1.07,1,2
16516.859,0.313,0.672,0.645,-0.06,-1.37,0.98,1,2
16516.875,0.314,0.674,0.652,-1.65,-1.01,1.07,1,2
16516.875,0.313,0.667,0.662,-2.96,-0.92,1.59,1,2
16516.89,0.313,0.661,0.673,-3.97,-1.4,2.01,1,2
16516.89,0.318,0.65,0.677,-4.3,-2.35,2.23,1,2
16516.906,0.326,0.65,0.681,-4.67,-2.75,2.08,1,2
16516.921,0.321,0.642,0.683,-4.43,-2.44,1.28,1,2
16516.921,0.32,0.636,0.685,-2.69,-2.69,1.07,1,2
16516.937,0.325,0.644,0.678,-0.73,-2.93,0.67,1,2
16516.937,0.324,0.643,0.672,0.73,-2.59,-0.12,1,2
16516.953,0.323,0.648,0.663,2.59,-2.04,-0.27,1,2
16516.968,0.321,0.655,0.653,4.3,-1.53,-0.95,1,2
16516.968,0.316,0.662,0.646,4.88,-0.67,-1.95,1,2
16516.984,0.306,0.671,0.642,5.01,0.4,-2.9,1,2
16517.0,0.292,0.669,0.637,5.34,1.22,-3.45,1,2
16517.0,0.289,0.682,0.637,4.76,2.04,-3.27,1,2
16517.015,0.279,0.695,0.645,3.51,2.56,-2.99,1,2
16517.031,0.276,0.695,0.652,2.35,2.11,-2.11,1,2
16517.031,0.278,0.702,0.656,1.34,0.85,-0.55,1,2
16517.046,0.283,0.694,0.655,0.67,-0.52,0.58,1,2
16517.062,0.296,0.687,0.653,-0.15,-1.8,1.8,1,2
16517.062,0.305,0.682,0.647,-1.07,-2.72,2.35,1,2
16517.078,0.311,0.671,0.644,-1.89,-2.84,2.29,1,2
16517.093,0.318,0.665,0.642,-2.81,-2.26,1.83,1,2
16517.093,0.318,0.66,0.647,-3.81,-1.34,1.13,1,2
16517.109,0.318,0.657,0.657,-4.85,-0.7,0.52,1,2
16517.109,0.314,0.658,0.664,-5.83,-0.37,0.03,1,2
16517.125,0.312,0.658,0.672,-6.44,-0.15,-0.4,1,2
16517.14,0.304,0.653,0.678,-6.23,-0.18,-0.64,1,2
16517.156,0.299,0.648,0.684,-5.34,-0.92,-0.49,1,2
16517.156,0.303,0.65,0.684,-4.52,-2.11,-0.24,1,2
16517.156,0.305,0.653,0.683,-3.39,-2.9,-0.18,1,2
16517.171,0.306,0.657,0.678,-1.8,-3.02,-0.24,1,2
16517.187,0.303,0.651,0.668,0.27,-2.99,-0.67,1,2
16517.187,0.306,0.648,0.656,2.01,-2.62,-1.19,1,2
16517.203,0.304,0.659,0.65,2.17,-1.86,-1.83,1,2
16517.218,0.3,0.665,0.651,1.98,-0.89,-2.11,1,2
16517.218,0.301,0.676,0.655,1.8,-0.55,-1.56,1,2
16517.234,0.304,0.686,0.658,1.1,-0.55,-1.04,1,2
16517.25,0.298,0.676,0.656,0.55,-0.64,-0.64,1,2
16517.25,0.307,0.672,0.654,0.24,-0.79,-0.15,1,2
16517.265,0.314,0.674,0.655,-0.37,-0.73,0.09,1,2
16517.281,0.313,0.666,0.657,-0.67,-0.46,0.15,1,2
16517.281,0.318,0.667,0.661,-0.24,-0.46,0.85,1,2
16517.296,0.322,0.673,0.664,0.12,-0.7,1.01,1,2
16517.312,0.322,0.67,0.663,0.09,-1.01,0.58,1,2
16517.312,0.327,0.657,0.664,-0.31,-1.89,-0.27,1,2
16517.328,0.322,0.662,0.661,0.89,-2.29,0.0,1,2
16517.328,0.332,0.672,0.651,1.83,-1.07,-1.01,1,2
16517.343,0.322,0.667,0.641,0.98,-0.12,-1.56,1,2
16517.359,0.309,0.665,0.643,-0.15,0.49,-2.14,1,2
16517.375,0.309,0.672,0.647,-1.53,0.58,-2.17,1,2
16517.375,0.302,0.69,0.666,-2.84,0.06,-0.73,1,2
16517.39,0.307,0.695,0.671,-4.24,-1.13,0.85,1,2
16517.39,0.306,0.674,0.668,-5.71,-2.59,1.4,1,2
16517.406,0.309,0.65,0.665,-7.11,-3.66,1.56,1,2
16517.421,0.311,0.635,0.662,-7.54,-3.23,0.92,1,2
16517.421,0.303,0.618,0.656,-5.68,-1.43,-1.31,1,2
16517.437,0.293,0.623,0.661,-2.96,1.28,-3.51,1,2
16517.453,0.277,0.642,0.673,-0.34,3.69,-4.67,1,2
16517.453,0.264,0.657,0.687,2.5,3.94,-4.64,1,2
16517.468,0.27,0.693,0.692,5.01,1.98,-3.3,1,2
16517.468,0.274,0.716,0.687,6.74,-0.73,-1.1,1,2
16517.484,0.282,0.709,0.675,8.18,-4.18,1.8,1,2
16517.5,0.304,0.705,0.65,8.0,-7.08,3.75,1,2
16517.5,0.314,0.684,0.622,5.58,-8.09,2.93,1,2
16517.515,0.326,0.656,0.611,2.35,-7.69,1.86,1,2
16517.531,0.335,0.672,0.608,0.37,-5.13,1.16,1,2
16517.531,0.332,0.682,0.612,-1.4,-1.59,0.31,1,2
16517.546,0.316,0.671,0.628,-3.51,1.22,-0.34,1,2
16517.546,0.316,0.676,0.656,-5.28,2.32,-0.24,1,2
16517.562,0.304,0.679,0.668,-6.44,2.29,0.0,1,2
16517.578,0.3,0.657,0.678,-6.23,0.92,1.01,1,2
16517.593,0.318,0.665,0.685,-5.68,-0.18,2.32,1,2
16517.593,0.31,0.654,0.683,-5.71,-0.58,1.77,1,2
16517.609,0.305,0.629,0.687,-4.91,-0.92,1.53,1,2
16517.609,0.311,0.633,0.683,-3.36,-1.28,1.16,1,2
16517.625,0.307,0.625,0.681,-1.98,-1.04,0.24,1,2
16517.64,0.308,0.633,0.687,-0.76,-0.31,-0.58,1,2
16517.64,0.306,0.645,0.684,1.5,0.21,-1.01,1,2
16517.656,0.302,0.653,0.685,3.69,0.09,-0.89,1,2
16517.671,0.306,0.662,0.677,5.43,-0.7,-0.49,1,2
16517.671,0.313,0.668,0.663,6.53,-1.4,-0.27,1,2
16517.687,0.319,0.675,0.648,6.78,-1.59,-0.27,1,2
16517.687,0.321,0.678,0.635,6.56,-1.13,-0.31,1,2
16517.703,0.321,0.675,0.627,5.86,-0.12,-0.64,1,2
16517.718,0.315,0.68,0.628,4.15,1.16,-1.25,1,2
16517.718,0.308,0.685,0.638,1.71,1.83,-1.77,1,2
16517.734,0.297,0.685,0.645,-0.43,2.26,-1.8,1,2
16517.75,0.291,0.682,0.653,-2.2,2.11,-1.5,1,2
16517.75,0.283,0.677,0.665,-3.54,1.56,-1.07,1,2
16517.765,0.278,0.673,0.672,-4.49,0.55,-0.43,1,2
16517.781,0.28,0.667,0.677,-5.16,-0.46,0.18,1,2
16517.781,0.28,0.659,0.681,-5.16,-1.46,0.76,1,2
16517.796,0.286,0.657,0.682,-4.79,-2.56,1.31,1,2
16517.812,0.295,0.658,0.684,-4.09,-3.69,1.74,1,2
16517.812,0.303,0.657,0.682,-2.96,-4.7,1.83,1,2
16517.828,0.313,0.655,0.673,-1.71,-5.28,1.56,1,2
16517.828,0.322,0.652,0.665,-0.7,-5.4,1.04,1,2
16517.843,0.326,0.649,0.658,0.18,-5.07,0.55,1,2
16517.859,0.329,0.655,0.653,0.67,-4.09,-0.09,1,2
16517.859,0.328,0.661,0.651,0.89,-3.02,-0.85,1,2
16517.875,0.323,0.666,0.652,0.89,-2.04,-1.19,1,2
16517.89,0.318,0.669,0.653,0.52,-1.28,-1.13,1,2
16517.906,0.312,0.667,0.655,0.12,-0.73,-0.79,1,2
16517.906,0.307,0.667,0.658,-0.43,-0.21,-0.52,1,2
16517.921,0.304,0.665,0.665,-1.01,-0.06,-0.24,1,2
16517.921,0.301,0.662,0.67,-1.28,-0.06,0.03,1,2
16517.937,0.299,0.66,0.674,-1.01,-0.03,0.21,1,2
16517.953,0.296,0.652,0.676,-0.43,-0.24,0.31,1,2
16517.953,0.301,0.652,0.677,0.49,-0.82,0.67,1,2
16517.968,0.307,0.659,0.673,0.98,-1.01,0.55,1,2
16517.984,0.308,0.655,0.668,1.8,-0.76,0.24,1,2
16517.984,0.31,0.656,0.662,2.84,-0.49,0.43,1,2
16518.0,0.311,0.658,0.655,3.54,-0.12,-0.06,1,2
16518.0,0.314,0.662,0.652,3.42,0.24,-0.73,1,2
16518.015,0.315,0.669,0.649,2.93,0.79,-1.28,1,2
16518.031,0.311,0.676,0.651,2.69,1.19,-1.59,1,2
16518.031,0.306,0.682,0.653,2.32,1.43,-1.43,1,2
16518.046,0.302,0.682,0.652,1.46,1.28,-1.22,1,2
16518.062,0.3,0.682,0.653,0.46,0.89,-0.92,1,2
16518.062,0.298,0.682,0.656,-0.64,0.31,-0.4,1,2
16518.078,0.296,0.679,0.661,-1.74,-0.58,0.15,1,2
16518.078,0.297,0.674,0.664,-2.81,-1.4,0.73,1,2
16518.093,0.302,0.668,0.667,-3.63,-2.26,1.1,1,2
16518.109,0.305,0.662,0.667,-4.18,-3.08,1.31,1,2
16518.109,0.307,0.658,0.668,-4.58,-3.51,1.25,1,2
16518.125,0.309,0.653,0.667,-4.33,-3.69,0.98,1,2
16518.14,0.312,0.651,0.667,-4.24,-3.45,0.55,1,2
16518.14,0.311,0.649,0.669,-3.69,-2.96,0.15,1,2
16518.156,0.309,0.648,0.67,-3.08,-2.62,-0.09,1,2
16518.171,0.31,0.649,0.672,-2.04,-2.41,-0.43,1,2
16518.171,0.309,0.653,0.672,-0.85,-2.11,-0.61,1,2
16518.187,0.306,0.656,0.669,-0.06,-2.04,-0.89,1,2
16518.203,0.303,0.659,0.667,0.61,-1.98,-0.85,1,2
16518.203,0.302,0.662,0.667,1.4,-1.77,-0.55,1,2
16518.218,0.303,0.663,0.666,2.04,-1.65,-0.21,1,2
16518.218,0.304,0.663,0.667,2.29,-1.68,0.31,1,2
16518.234,0.304,0.664,0.665,2.29,-1.77,0.43,1,2
16518.25,0.306,0.663,0.661,2.26,-1.83,0.55,1,2
16518.25,0.31,0.662,0.659,1.92,-1.5,0.76,1,2
16518.265,0.311,0.663,0.661,1.5,-1.31,0.7,1,2
16518.281,0.315,0.661,0.66,1.1,-1.19,0.55,1,2
16518.281,0.317,0.66,0.657,0.61,-0.85,0.21,1,2
16518.296,0.316,0.661,0.657,0.4,-0.31,0.24,1,2
16518.312,0.318,0.664,0.657,0.46,0.09,0.43,1,2
16518.312,0.316,0.664,0.658,0.21,0.31,0.18,1,2
16518.328,0.313,0.663,0.657,-0.18,0.67,-0.49,1,2
16518.328,0.311,0.664,0.658,-0.24,0.79,-0.52,1,2
16518.343,0.307,0.667,0.659,-0.34,0.76,-0.49,1,2
16518.359,0.3,0.675,0.66,-0.55,0.58,-0.12,1,2
16518.359,0.296,0.677,0.663,-0.92,0.18,0.49,1,2
16518.375,0.297,0.673,0.662,-1.53,-0.18,1.04,1,2
16518.39,0.298,0.668,0.662,-2.04,-0.61,1.5,1,2
16518.39,0.302,0.664,0.663,-2.44,-1.22,1.92,1,2
16518.406,0.305,0.665,0.669,-3.11,-1.74,2.11,1,2
16518.421,0.308,0.664,0.673,-3.66,-2.08,2.17,1,2
16518.421,0.308,0.656,0.672,-3.54,-2.53,2.04,1,2
16518.437,0.311,0.649,0.671,-3.11,-3.05,2.11,1,2
16518.453,0.315,0.65,0.675,-3.05,-3.33,1.95,1,2
16518.453,0.313,0.652,0.678,-3.11,-3.6,1.46,1,2
16518.468,0.315,0.646,0.676,-2.59,-4.03,1.34,1,2
16518.468,0.317,0.65,0.674,-1.46,-4.0,1.1,1,2
16518.484,0.314,0.65,0.672,-0.09,-4.03,0.85,1,2
16518.5,0.312,0.652,0.67,0.79,-3.72,0.73,1,2
16518.5,0.311,0.652,0.669,1.71,-3.36,0.64,1,2
16518.515,0.308,0.658,0.665,2.72,-3.23,0.64,1,2
16518.531,0.305,0.662,0.667,3.11,-3.27,0.58,1,2
16518.531,0.304,0.662,0.669,3.27,-3.17,0.79,1,2
16518.546,0.303,0.666,0.669,3.36,-3.45,1.28,1,2
16518.562,0.307,0.664,0.668,3.42,-4.12,1.74,1,2
16518.562,0.308,0.665,0.668,3.2,-4.49,2.38,1,2
16518.578,0.312,0.666,0.669,3.08,-4.88,3.05,1,2
16518.578,0.313,0.66,0.669,3.42,-5.19,3.3,1,2
16518.593,0.315,0.655,0.667,4.03,-5.25,3.85,1,2
16518.609,0.319,0.651,0.668,4.85,-5.16,4.67,1,2
16518.609,0.325,0.651,0.666,5.62,-4.94,4.67,1,2
16518.625,0.329,0.648,0.669,6.74,-4.7,4.27,1,2
16518.64,0.328,0.651,0.668,8.55,-4.46,3.88,1,2
16518.656,0.324,0.651,0.664,10.28,-4.15,3.51,1,2
16518.656,0.318,0.657,0.662,11.63,-4.09,3.48,1,2
16518.671,0.314,0.666,0.66,12.73,-4.43,3.6,1,2
16518.671,0.317,0.671,0.652,13.55,-5.04,3.88,1,2
16518.687,0.317,0.68,0.65,13.86,-5.4,4.33,1,2
16518.703,0.313,0.684,0.647,13.49,-5.89,5.31,1,2
16518.703,0.324,0.683,0.641,13.12,-6.35,6.01,1,2
16518.718,0.323,0.688,0.63,11.9,-6.5,6.32,1,2
16518.718,0.334,0.68,0.635,10.5,-6.29,6.78,1,2
16518.734,0.331,0.682,0.629,9.86,-6.01,6.93,1,2
16518.75,0.334,0.685,0.623,8.82,-5.55,7.6,1,2
16518.75,0.341,0.684,0.622,7.26,-5.16,8.18,1,2
16518.765,0.342,0.679,0.624,6.07,-4.64,8.45,1,2
16518.781,0.345,0.681,0.629,5.43,-3.85,9.0,1,2
16518.781,0.348,0.678,0.629,5.58,-3.2,9.28,1,2
16518.796,0.346,0.672,0.628,5.52,-2.53,9.28,1,2
16518.812,0.349,0.666,0.627,5.95,-1.71,9.03,1,2
16518.812,0.35,0.663,0.629,6.9,-0.64,8.85,1,2
16518.828,0.348,0.664,0.627,8.24,0.64,8.67,1,2
16518.843,0.349,0.667,0.63,9.22,1.59,8.18,1,2
16518.843,0.349,0.667,0.635,10.04,2.14,7.97,1,2
16518.859,0.345,0.669,0.637,10.77,1.89,7.54,1,2
16518.859,0.347,0.672,0.637,11.63,1.65,7.48,1,2
16518.875,0.343,0.674,0.64,12.27,1.68,7.6,1,2
16518.89,0.341,0.672,0.635,13.86,1.95,8.3,1,2
16518.89,0.341,0.68,0.639,15.29,2.2,9.61,1,2
16518.906,0.339,0.684,0.641,16.72,2.35,10.9,1,2
16518.921,0.337,0.685,0.633,18.19,1.95,11.96,1,2
16518.921,0.339,0.689,0.629,18.22,0.98,13.28,1,2
16518.937,0.344,0.693,0.623,17.91,-0.03,14.19,1,2
16518.937,0.349,0.69,0.616,17.46,-1.22,14.34,1,2
16518.953,0.352,0.683,0.613,17.4,-2.11,14.13,1,2
16518.968,0.359,0.683,0.612,17.7,-2.53,13.7,1,2
16518.968,0.36,0.68,0.607,18.37,-2.87,12.76,1,2
16518.984,0.368,0.678,0.603,18.43,-3.75,11.54,1,2
16519.0,0.377,0.681,0.594,18.59,-4.39,10.35,1,2
16519.0,0.374,0.685,0.591,18.62,-4.36,9.31,1,2
16519.015,0.375,0.692,0.589,18.16,-4.46,8.55,1,2
16519.031,0.369,0.705,0.583,16.45,-5.1,7.69,1,2
16519.031,0.365,0.717,0.579,13.61,-6.35,7.35,1,2
16519.046,0.37,0.734,0.572,10.68,-7.42,8.15,1,2
16519.062,0.374,0.738,0.567,8.33,-7.97,9.49,1,2
16519.062,0.379,0.725,0.559,6.74,-7.78,10.86,1,2
16519.078,0.386,0.716,0.561,5.58,-6.87,11.63,1,2
16519.078,0.393,0.701,0.564,5.4,-4.91,12.21,1,2
16519.093,0.393,0.687,0.563,5.95,-3.08,12.27,1,2
16519.109,0.397,0.677,0.567,5.95,-1.53,11.41,1,2
16519.109,0.398,0.671,0.576,5.8,-0.24,9.52,1,2
16519.125,0.396,0.667,0.579,6.26,0.18,7.66,1,2
16519.14,0.389,0.676,0.582,6.04,0.03,6.26,1,2
16519.14,0.392,0.692,0.587,4.3,-1.5,4.36,1,2
16519.156,0.391,0.699,0.581,3.08,-3.42,2.41,1,2
16519.171,0.393,0.707,0.571,2.66,-4.88,0.92,1,2
16519.171,0.397,0.709,0.566,2.38,-5.28,0.03,1,2
16519.187,0.393,0.707,0.562,2.32,-4.61,0.27,1,2
16519.203,0.403,0.706,0.564,2.32,-4.0,0.73,1,2
16519.203,0.407,0.697,0.563,2.11,-2.9,0.7,1,2
16519.218,0.404,0.691,0.563,1.95,-1.59,0.12,1,2
16519.218,0.402,0.685,0.564,1.62,-0.55,-0.64,1,2
16519.234,0.402,0.684,0.564,0.67,0.12,-1.83,1,2
16519.25,0.399,0.691,0.565,-0.37,0.85,-3.02,1,2
16519.25,0.394,0.698,0.568,-0.82,1.74,-3.66,1,2
16519.265,0.39,0.702,0.57,-0.7,2.5,-3.88,1,2
16519.281,0.385,0.701,0.575,-0.79,3.11,-4.12,1,2
16519.281,0.382,0.7,0.584,-0.98,3.27,-3.91,1,2
16519.296,0.376,0.702,0.586,-1.16,2.9,-3.75,1,2
16519.296,0.375,0.707,0.584,-1.4,1.4,-3.05,1,2
16519.312,0.374,0.71,0.582,-0.92,1.04,-2.47,1,2
16519.328,0.375,0.714,0.582,-0.27,0.82,-1.65,1,2
16519.328,0.38,0.714,0.581,0.34,1.01,-1.25,1,2
16519.343,0.386,0.69,0.582,1.31,1.37,-1.19,1,2
16519.359,0.39,0.68,0.583,2.44,1.83,-1.83,1,2
16519.359,0.392,0.677,0.582,3.39,2.47,-2.9,1,2
16519.375,0.387,0.683,0.585,4.24,2.9,-3.81,1,2
16519.39,0.381,0.695,0.586,4.49,2.5,-4.67,1,2
16519.39,0.374,0.71,0.581,3.94,1.1,-5.68,1,2
16519.406,0.37,0.717,0.576,2.5,-0.67,-6.26,1,2
16519.421,0.367,0.722,0.575,0.67,-2.01,-6.38,1,2
16519.421,0.368,0.723,0.57,-0.79,-2.93,-5.89,1,2
16519.437,0.366,0.716,0.572,-1.74,-3.51,-5.25,1,2
16519.437,0.368,0.714,0.576,-2.14,-4.03,-4.55,1,2
16519.453,0.37,0.71,0.584,-1.86,-4.36,-4.15,1,2
16519.468,0.372,0.705,0.589,-1.13,-4.7,-4.09,1,2
16519.468,0.373,0.703,0.588,0.24,-4.97,-3.97,1,2
16519.484,0.371,0.702,0.582,1.53,-5.49,-3.78,1,2
16519.5,0.374,0.705,0.575,1.43,-6.53,-4.43,1,2
16519.5,0.372,0.708,0.567,-0.55,-8.15,-5.95,1,2
16519.515,0.374,0.713,0.562,-3.39,-9.61,-7.51,1,2
16519.531,0.376,0.712,0.564,-5.83,-10.47,-8.7,1,2
16519.531,0.377,0.712,0.564,-6.87,-10.28,-8.88,1,2
16519.546,0.376,0.715,0.568,-6.81,-9.19,-8.36,1,2
16519.562,0.377,0.719,0.576,-5.4,-7.29,-7.11,1,2
16519.562,0.377,0.722,0.581,-2.69,-5.04,-4.61,1,2
16519.578,0.371,0.716,0.581,0.21,-3.2,-2.23,1,2
16519.578,0.368,0.702,0.582,1.1,-2.84,-1.37,1,2
16519.593,0.364,0.696,0.58,-0.15,-3.91,-1.62,1,2
16519.609,0.366,0.706,0.581,-2.53,-5.68,-2.5,1,2
16519.609,0.365,0.71,0.58,-5.19,-7.78,-4.09,1,2
16519.625,0.37,0.707,0.575,-6.65,-9.31,-5.31,1,2
16519.64,0.375,0.708,0.575,-7.39,-10.04,-5.68,1,2
16519.64,0.375,0.712,0.577,-6.84,-9.58,-5.46,1,2
16519.656,0.379,0.714,0.566,-5.04,-7.87,-4.12,1,2
16519.671,0.378,0.718,0.573,-2.23,-5.34,-1.68,1,2
16519.671,0.377,0.722,0.574,0.34,-3.3,0.89,1,2
16519.687,0.378,0.712,0.574,1.74,-1.95,2.38,1,2
16519.703,0.376,0.703,0.578,1.5,-1.71,2.87,1,2
16519.703,0.376,0.7,0.576,0.67,-2.41,2.69,1,2
16519.718,0.381,0.7,0.572,-0.58,-2.96,1.86,1,2
16519.718,0.384,0.699,0.572,-1.62,-3.05,0.85,1,2
16519.734,0.383,0.698,0.571,-1.74,-2.35,0.34,1,2
16519.75,0.385,0.7,0.568,-1.74,-1.25,0.12,1,2
16519.75,0.387,0.701,0.565,-1.71,0.03,-0.27,1,2
16519.765,0.392,0.698,0.567,-0.98,1.92,-0.15,1,2
16519.781,0.389,0.694,0.574,-0.31,3.72,-0.4,1,2
16519.781,0.378,0.683,0.598,-2.14,4.06,-0.7,1,2
16519.796,0.385,0.704,0.578,-1.65,2.41,-1.59,1,2
16519.796,0.382,0.683,0.563,4.36,4.58,-1.8,1,2
16519.812,0.366,0.707,0.598,1.92,5.49,-2.9,1,2
16519.828,0.371,0.69,0.598,2.96,3.72,-3.48,1,2
16519.828,0.365,0.699,0.59,4.36,1.95,-4.27,1,2
16519.843,0.36,0.718,0.594,4.76,0.46,-4.33,1,2
16519.859,0.355,0.724,0.587,5.52,-1.16,-3.6,1,2
16519.875,0.357,0.729,0.58,5.34,-1.95,-2.17,1,2
16519.875,0.359,0.729,0.581,4.82,-2.72,-0.89,1,2
16519.89,0.359,0.719,0.578,4.49,-3.36,0.43,1,2
16519.89,0.366,0.715,0.58,4.21,-3.78,1.59,1,2
16519.906,0.371,0.706,0.583,4.43,-3.75,2.08,1,2
16519.921,0.376,0.687,0.581,5.46,-3.39,1.8,1,2
16519.921,0.384,0.68,0.579,6.87,-2.9,1.01,1,2
16519.937,0.386,0.676,0.577,8.79,-2.01,-0.37,1,2
16519.937,0.385,0.685,0.57,10.28,-1.25,-2.17,1,2
16519.953,0.383,0.7,0.564,10.62,-0.98,-4.15,1,2
16519.968,0.38,0.715,0.558,10.28,-1.04,-5.71,1,2
16519.968,0.375,0.731,0.549,10.44,-0.61,-5.86,1,2
16519.984,0.37,0.748,0.545,9.77,-0.09,-5.31,1,2
16520.0,0.364,0.753,0.541,8.12,0.09,-4.39,1,2
16520.015,0.36,0.757,0.539,5.49,-0.24,-3.08,1,2
16520.015,0.363,0.759,0.544,2.56,-0.92,-1.68,1,2
16520.031,0.361,0.748,0.547,-0.03,-1.56,-0.55,1,2
16520.031,0.365,0.734,0.549,-2.2,-2.11,0.4,1,2
16520.046,0.37,0.725,0.552,-4.0,-2.2,1.07,1,2
16520.062,0.371,0.72,0.557,-5.16,-1.83,1.25,1,2
16520.062,0.372,0.715,0.561,-5.83,-1.34,1.04,1,2
16520.078,0.371,0.711,0.567,-5.83,-0.92,0.85,1,2
16520.078,0.373,0.708,0.572,-5.4,-0.64,0.92,1,2
16520.093,0.375,0.705,0.575,-4.33,-0.27,0.79,1,2
16520.109,0.373,0.699,0.576,-2.59,0.18,0.46,1,2
16520.109,0.376,0.698,0.581,-0.76,0.64,0.24,1,2
16520.125,0.374,0.702,0.585,1.22,0.64,-0.37,1,2
16520.14,0.371,0.703,0.584,3.23,0.27,-0.89,1,2
16520.14,0.368,0.71,0.575,5.01,-0.06,-1.31,1,2
16520.156,0.365,0.718,0.563,6.1,-0.43,-1.31,1,2
16520.171,0.366,0.728,0.556,5.95,-0.82,-1.28,1,2
16520.171,0.363,0.734,0.551,5.07,-1.22,-1.07,1,2
16520.187,0.368,0.735,0.546,3.91,-1.04,-0.55,1,2
16520.203,0.368,0.736,0.544,2.75,-0.43,0.06,1,2
16520.203,0.365,0.734,0.547,1.34,0.03,0.52,1,2
16520.218,0.365,0.728,0.551,-0.27,0.12,0.98,1,2
16520.234,0.367,0.73,0.557,-1.68,0.09,1.04,1,2
16520.234,0.367,0.727,0.563,-2.5,-0.03,1.31,1,2
16520.25,0.364,0.719,0.571,-2.87,-0.49,1.65,1,2
16520.25,0.368,0.716,0.576,-2.72,-1.16,1.71,1,2
16520.265,0.372,0.71,0.577,-2.11,-1.8,1.56,1,2
16520.281,0.374,0.704,0.574,-0.89,-2.04,1.28,1,2
16520.281,0.378,0.704,0.573,1.86,-1.62,0.61,1,2
16520.296,0.379,0.708,0.57,2.72,-1.5,0.24,1,2
16520.312,0.374,0.712,0.563,2.96,-1.65,-0.03,1,2
16520.312,0.375,0.72,0.558,2.78,-1.53,-0.15,1,2
16520.328,0.373,0.728,0.551,2.23,-1.16,-0.09,1,2
16520.328,0.371,0.726,0.55,1.83,-0.73,0.0,1,2
16520.343,0.369,0.723,0.551,1.5,-0.31,-0.09,1,2
16520.359,0.371,0.721,0.553,1.04,0.21,-0.31,1,2
16520.359,0.366,0.719,0.558,0.64,0.55,-0.43,1,2
16520.375,0.366,0.723,0.564,0.49,0.52,-0.34,1,2
16520.39,0.368,0.724,0.568,0.4,0.06,-0.09,1,2
16520.39,0.368,0.725,0.566,0.46,-0.34,0.27,1,2
16520.406,0.37,0.727,0.565,0.24,-0.79,0.76,1,2
16520.421,0.375,0.722,0.563,0.0,-1.31,0.85,1,2
16520.421,0.375,0.716,0.56,-0.09,-1.53,0.89,1,2
16520.437,0.375,0.716,0.56,-0.27,-1.25,0.55,1,2
16520.453,0.376,0.711,0.558,-0.12,-1.13,0.0,1,2
16520.453,0.378,0.71,0.561,0.06,-0.79,-0.61,1,2
16520.468,0.371,0.714,0.562,0.61,-0.03,-1.13,1,2
16520.468,0.369,0.721,0.562,0.98,0.4,-1.22,1,2
16520.484,0.366,0.721,0.564,1.37,0.55,-1.1,1,2
16520.5,0.367,0.722,0.565,1.89,0.15,-0.73,1,2
16520.5,0.367,0.724,0.568,2.38,-0.12,-0.34,1,2
16520.515,0.365,0.723,0.567,2.93,-0.55,-0.06,1,2
16520.531,0.368,0.725,0.562,3.27,-1.25,0.15,1,2
16520.546,0.368,0.728,0.555,3.3,-1.74,0.18,1,2
16520.546,0.367,0.729,0.55,3.02,-1.86,0.31,1,2
16520.562,0.37,0.73,0.547,2.04,-1.83,0.34,1,2
16520.562,0.371,0.732,0.545,0.58,-1.71,0.37,1,2
16520.578,0.372,0.73,0.547,-0.52,-1.28,0.61,1,2
16520.578,0.373,0.722,0.553,-1.37,-0.82,0.61,1,2
16520.593,0.373,0.718,0.559,-1.98,-0.7,0.4,1,2
16520.609,0.374,0.715,0.565,-2.29,-0.64,0.12,1,2
16520.609,0.375,0.709,0.57,-1.83,-0.58,-0.34,1,2
16520.625,0.375,0.708,0.572,-0.61,-0.7,-0.67,1,2
16520.64,0.376,0.71,0.569,0.61,-0.85,-1.1,1,2
16520.64,0.375,0.713,0.566,1.59,-0.85,-1.4,1,2
16520.656,0.375,0.716,0.564,2.69,-0.92,-1.74,1,2
16520.671,0.374,0.719,0.557,3.78,-0.85,-1.92,1,2
16520.671,0.372,0.721,0.554,4.64,-0.52,-2.01,1,2
16520.687,0.371,0.722,0.552,4.91,-0.18,-2.08,1,2
16520.703,0.365,0.731,0.55,4.67,0.0,-2.17,1,2
16520.703,0.365,0.737,0.546,3.75,-0.03,-2.23,1,2
16520.718,0.362,0.738,0.547,3.02,0.0,-1.62,1,2
16520.718,0.363,0.739,0.547,2.26,-0.06,-0.92,1,2
16520.734,0.363,0.739,0.548,1.22,-0.12,-0.49,1,2
16520.75,0.363,0.734,0.55,0.09,0.09,-0.15,1,2
16520.765,0.363,0.732,0.553,-1.07,-0.06,0.34,1,2
16520.765,0.368,0.73,0.553,-2.14,-0.27,0.58,1,2
16520.781,0.367,0.728,0.556,-2.9,-0.43,0.79,1,2
16520.781,0.37,0.724,0.562,-2.96,-0.31,0.95,1,2
16520.796,0.37,0.718,0.564,-2.47,-0.37,0.76,1,2
16520.812,0.371,0.71,0.565,-1.95,-0.58,0.43,1,2
16520.812,0.374,0.706,0.566,-0.89,-0.55,-0.27,1,2
16520.828,0.374,0.71,0.563,0.46,-0.43,-1.01,1,2
16520.843,0.372,0.713,0.561,1.37,-0.12,-1.92,1,2
16520.843,0.368,0.719,0.561,2.32,0.21,-2.59,1,2
16520.859,0.365,0.725,0.558,3.02,0.34,-2.84,1,2
16520.859,0.362,0.73,0.556,3.42,0.31,-2.66,1,2
16520.875,0.357,0.735,0.557,3.42,0.0,-2.14,1,2
16520.89,0.356,0.74,0.555,2.93,-0.7,-1.5,1,2
16520.89,0.357,0.741,0.554,2.14,-1.34,-0.76,1,2
16520.906,0.363,0.74,0.55,1.22,-1.98,-0.18,1,2
16520.921,0.369,0.736,0.549,0.34,-2.26,0.34,1,2
16520.921,0.371,0.728,0.547,-0.4,-1.95,0.27,1,2
16520.937,0.374,0.722,0.55,-0.98,-1.4,0.06,1,2
16520.953,0.374,0.719,0.549,-1.04,-0.7,-0.34,1,2
16520.953,0.373,0.719,0.553,-1.04,-0.06,-1.01,1,2
16520.968,0.371,0.721,0.557,-0.89,0.27,-1.37,1,2
16520.984,0.368,0.725,0.559,-0.73,0.4,-1.74,1,2
16520.984,0.362,0.726,0.557,-0.43,0.37,-1.83,1,2
16521.0,0.358,0.728,0.56,-0.06,0.34,-1.53,1,2
16521.0,0.359,0.733,0.563,0.24,0.0,-1.07,1,2
16521.015,0.356,0.733,0.56,0.49,-0.55,-0.76,1,2
16521.031,0.357,0.732,0.557,0.67,-1.22,-0.4,1,2
16521.031,0.362,0.731,0.554,0.58,-1.65,-0.03,1,2
16521.046,0.365,0.73,0.552,0.49,-1.71,0.15,1,2
16521.062,0.364,0.727,0.549,0.03,-1.59,0.03,1,2
16521.062,0.367,0.727,0.549,-0.43,-1.68,-0.24,1,2
16521.078,0.368,0.726,0.549,-1.01,-1.5,-0.43,1,2
16521.078,0.368,0.726,0.551,-1.53,-1.04,-0.79,1,2
16521.093,0.367,0.723,0.554,-1.83,-0.4,-1.25,1,2
16521.109,0.365,0.722,0.559,-1.68,0.03,-1.37,1,2
16521.109,0.366,0.718,0.563,-1.16,0.24,-1.4,1,2
16521.125,0.364,0.717,0.565,-0.43,0.37,-1.65,1,2
16521.14,0.362,0.721,0.566,0.27,0.18,-1.74,1,2
16521.14,0.362,0.728,0.566,1.07,0.03,-1.71,1,2
16521.156,0.361,0.731,0.561,1.86,-0.21,-1.43,1,2
16521.171,0.36,0.733,0.557,2.38,-0.34,-1.04,1,2
16521.187,0.363,0.734,0.553,2.5,-0.31,-0.64,1,2
16521.187,0.365,0.731,0.549,2.23,-0.18,-0.43,1,2
16521.203,0.366,0.729,0.546,1.89,-0.03,-0.4,1,2
16521.203,0.368,0.73,0.546,1.43,0.27,-0.37,1,2
16521.218,0.365,0.728,0.55,0.95,0.73,-0.64,1,2
16521.218,0.361,0.728,0.554,0.67,1.04,-0.73,1,2
16521.234,0.361,0.73,0.555,0.46,1.25,-0.64,1,2
16521.25,0.359,0.727,0.559,0.61,1.25,-0.67,1,2
16521.25,0.356,0.726,0.559,0.79,1.19,-0.52,1,2
16521.265,0.355,0.728,0.559,0.58,0.73,-0.46,1,2
16521.281,0.355,0.727,0.558,-1.01,-0.92,-0.67,1,2
16521.281,0.354,0.731,0.56,-1.31,-1.56,-0.58,1,2
16521.296,0.353,0.735,0.564,-0.95,-2.01,-0.21,1,2
16521.296,0.356,0.732,0.558,-0.49,-2.72,0.15,1,2
16521.312,0.36,0.725,0.556,-0.43,-3.23,-0.09,1,2
16521.328,0.362,0.72,0.55,-0.18,-3.36,-0.55,1,2
16521.328,0.369,0.723,0.547,-0.06,-2.81,-0.85,1,2
16521.343,0.369,0.73,0.55,-0.03,-1.83,-1.19,1,2
16521.359,0.365,0.73,0.553,0.12,-1.1,-1.46,1,2
16521.359,0.365,0.73,0.554,0.4,-0.67,-1.56,1,2
16521.375,0.365,0.731,0.553,0.55,-0.43,-1.5,1,2
16521.39,0.365,0.732,0.552,0.06,0.06,-1.13,1,2
16521.39,0.365,0.734,0.553,-0.73,0.61,-1.13,1,2
16521.406,0.363,0.729,0.555,-1.1,1.25,-0.89,1,2
16521.421,0.363,0.726,0.559,-1.16,1.71,-0.55,1,2
16521.421,0.36,0.727,0.564,-1.07,1.77,-0.27,1,2
16521.437,0.359,0.724,0.564,-0.85,1.43,-0.31,1,2
16521.453,0.356,0.72,0.563,-0.15,1.13,-0.49,1,2
16521.453,0.355,0.722,0.562,0.82,0.82,-0.79,1,2
16521.468,0.355,0.726,0.558,1.71,0.64,-1.04,1,2
16521.468,0.35,0.728,0.557,1.86,0.34,-1.4,1,2
16521.484,0.352,0.731,0.558,2.04,-0.06,-1.77,1,2
16521.5,0.351,0.735,0.556,2.08,-0.82,-1.89,1,2
16521.515,0.354,0.738,0.555,1.95,-1.46,-1.95,1,2
16521.515,0.356,0.744,0.55,1.4,-1.95,-1.95,1,2
16521.531,0.36,0.744,0.544,0.4,-2.35,-1.95,1,2
16521.531,0.362,0.74,0.542,-1.16,-2.59,-2.01,1,2
16521.546,0.363,0.738,0.54,-2.9,-2.44,-2.08,1,2
16521.562,0.364,0.736,0.543,-4.33,-1.65,-2.29,1,2
16521.562,0.362,0.728,0.551,-5.4,-0.52,-2.23,1,2
16521.578,0.356,0.725,0.559,-5.68,0.64,-1.68,1,2
16521.593,0.354,0.722,0.569,-5.37,1.43,-1.28,1,2
16521.593,0.348,0.719,0.578,-4.39,1.95,-1.1,1,2
16521.609,0.349,0.721,0.587,-2.72,1.77,-0.7,1,2
16521.609,0.344,0.724,0.59,-0.12,1.37,-0.12,1,2
16521.625,0.337,0.723,0.59,2.26,0.43,0.79,1,2
16521.64,0.342,0.726,0.583,4.15,-1.04,1.86,1,2
16521.64,0.347,0.733,0.57,5.25,-2.38,2.5,1,2
16521.656,0.354,0.736,0.558,5.92,-3.36,2.93,1,2
16521.671,0.357,0.739,0.544,5.74,-3.72,2.99,1,2
16521.671,0.363,0.74,0.538,4.7,-3.63,2.84,1,2
16521.687,0.366,0.736,0.536,3.45,-3.23,2.38,1,2
16521.687,0.368,0.732,0.533,1.89,-2.72,1.71,1,2
16521.703,0.369,0.728,0.538,0.31,-2.26,0.76,1,2
16521.718,0.366,0.726,0.54,-1.1,-1.83,-0.24,1,2
16521.718,0.366,0.726,0.546,-2.26,-1.68,-1.25,1,2
16521.734,0.363,0.729,0.552,-2.9,-1.4,-2.29,1,2
16521.75,0.36,0.73,0.555,-3.42,-1.16,-3.17,1,2
16521.75,0.36,0.726,0.557,-3.39,-0.73,-3.45,1,2
16521.765,0.355,0.723,0.559,-3.05,-0.27,-3.66,1,2
16521.781,0.354,0.723,0.561,-3.11,0.09,-3.63,1,2
16521.781,0.352,0.724,0.566,-2.99,0.43,-3.36,1,2
16521.796,0.349,0.726,0.572,-2.53,0.76,-2.84,1,2
16521.812,0.349,0.732,0.574,-1.43,0.92,-1.83,1,2
16521.812,0.347,0.735,0.576,0.06,0.82,-0.76,1,2
16521.828,0.347,0.732,0.571,1.53,0.61,0.43,1,2
16521.828,0.348,0.731,0.568,2.59,0.34,1.28,1,2
16521.843,0.351,0.728,0.563,3.48,0.0,1.98,1,2
16521.859,0.353,0.729,0.561,4.18,-0.03,2.5,1,2
16521.859,0.355,0.73,0.559,4.76,-0.06,2.78,1,2
16521.875,0.357,0.734,0.557,5.07,-0.24,2.62,1,2
16521.89,0.353,0.735,0.554,4.88,-0.73,2.47,1,2
16521.89,0.355,0.735,0.551,4.15,-1.46,2.04,1,2
16521.906,0.361,0.733,0.546,3.17,-2.14,1.59,1,2
16521.921,0.365,0.731,0.542,2.11,-2.38,0.95,1,2
16521.921,0.367,0.731,0.541,0.89,-2.47,0.27,1,2
16521.937,0.365,0.733,0.541,-0.09,-2.41,-0.49,1,2
16521.953,0.364,0.734,0.543,-0.98,-2.41,-1.34,1,2
16521.953,0.365,0.735,0.544,-1.71,-2.17,-2.35,1,2
16521.968,0.361,0.731,0.545,-2.14,-1.53,-3.11,1,2
16521.968,0.352,0.726,0.549,-2.08,-0.89,-3.23,1,2
16521.984,0.353,0.727,0.555,-2.01,-0.24,-3.36,1,2
16522.0,0.346,0.728,0.562,-1.92,0.21,-3.23,1,2
16522.0,0.342,0.734,0.567,-1.71,0.18,-3.02,1,2
16522.015,0.34,0.736,0.57,-0.95,-0.12,-2.38,1,2
16522.031,0.337,0.736,0.572,-0.03,-0.52,-1.37,1,2
16522.031,0.34,0.735,0.57,0.79,-1.13,-0.27,1,2
16522.046,0.345,0.739,0.567,1.37,-1.62,0.79,1,2
16522.046,0.349,0.735,0.565,1.8,-1.95,1.74,1,2
16522.062,0.353,0.733,0.56,2.44,-2.14,2.47,1,2
16522.078,0.359,0.728,0.559,2.99,-2.23,3.02,1,2
16522.078,0.364,0.723,0.557,3.51,-2.14,3.02,1,2
16522.093,0.369,0.723,0.552,4.0,-2.04,2.47,1,2
16522.109,0.371,0.724,0.552,4.36,-1.86,1.56,1,2
16522.125,0.371,0.728,0.546,4.43,-1.53,0.37,1,2
16522.125,0.368,0.73,0.541,4.27,-1.19,-0.76,1,2
16522.14,0.363,0.735,0.539,3.63,-0.98,-1.56,1,2
16522.14,0.359,0.74,0.535,2.75,-0.89,-2.04,1,2
16522.156,0.355,0.746,0.538,1.53,-0.58,-2.11,1,2
16522.171,0.352,0.748,0.538,0.18,-0.34,-2.2,1,2
16522.171,0.348,0.75,0.541,-0.98,-0.24,-2.04,1,2
16522.187,0.343,0.746,0.546,-2.08,-0.34,-1.65,1,2
16522.203,0.343,0.74,0.553,-2.87,-0.49,-0.85,1,2
16522.203,0.343,0.739,0.56,-3.42,-0.79,-0.09,1,2
16522.218,0.344,0.737,0.568,-3.39,-1.19,0.58,1,2
16522.218,0.347,0.73,0.574,-2.62,-1.5,1.22,1,2
16522.234,0.351,0.725,0.572,-1.04,-1.83,1.83,1,2
16522.25,0.356,0.72,0.57,0.61,-2.26,1.83,1,2
16522.25,0.361,0.717,0.567,3.81,-2.26,1.37,1,2
16522.265,0.362,0.719,0.56,5.01,-2.23,0.85,1,2
16522.281,0.365,0.727,0.552,5.46,-1.95,0.37,1,2
16522.281,0.365,0.733,0.546,5.34,-1.8,0.0,1,2
16522.296,0.363,0.742,0.534,4.58,-1.53,-0.31,1,2
16522.312,0.361,0.745,0.532,3.75,-1.1,-0.52,1,2
16522.312,0.358,0.748,0.53,2.69,-0.55,-0.73,1,2
16522.328,0.355,0.746,0.531,1.34,-0.18,-0.92,1,2
16522.343,0.351,0.745,0.536,0.03,0.12,-0.82,1,2
16522.343,0.351,0.747,0.542,-1.13,0.15,-0.37,1,2
16522.359,0.35,0.745,0.55,-2.11,-0.21,-0.06,1,2
16522.359,0.35,0.738,0.555,-2.41,-0.55,0.24,1,2
16522.375,0.356,0.737,0.557,-2.44,-1.07,0.61,1,2
16522.39,0.357,0.736,0.557,-2.32,-1.43,0.52,1,2
16522.39,0.355,0.726,0.555,-1.68,-1.74,0.52,1,2
16522.406,0.36,0.722,0.553,-0.55,-1.77,0.52,1,2
16522.421,0.364,0.728,0.554,0.06,-1.31,0.06,1,2
16522.421,0.36,0.728,0.557,0.46,-0.76,-0.49,1,2
16522.437,0.358,0.73,0.555,1.56,-0.43,-0.58,1,2
16522.437,0.356,0.732,0.551,2.72,-0.21,-0.67,1,2
16522.453,0.354,0.736,0.551,2.96,-0.06,-0.76,1,2
16522.468,0.351,0.738,0.546,2.62,-0.06,-0.76,1,2
16522.484,0.349,0.743,0.541,1.83,-0.31,-0.52,1,2
16522.484,0.35,0.747,0.543,0.89,-0.55,-0.03,1,2
16522.5,0.352,0.749,0.542,0.0,-0.58,0.34,1,2
16522.5,0.353,0.746,0.546,-0.7,-0.89,0.95,1,2
16522.515,0.355,0.742,0.549,-1.34,-1.28,1.5,1,2
16522.531,0.357,0.737,0.551,-1.59,-1.77,1.56,1,2
16522.531,0.361,0.732,0.552,-1.4,-2.26,1.5,1,2
16522.546,0.366,0.729,0.55,-0.95,-2.38,1.13,1,2
16522.562,0.367,0.727,0.547,-0.31,-1.98,0.55,1,2
16522.578,0.367,0.726,0.545,0.27,-1.56,-0.15,1,2
16522.578,0.365,0.728,0.544,0.7,-0.98,-0.76,1,2
16522.578,0.358,0.733,0.545,0.89,-0.49,-1.31,1,2
16522.593,0.355,0.737,0.548,0.55,-0.15,-1.65,1,2
16522.609,0.352,0.741,0.55,0.18,-0.15,-1.59,1,2
16522.609,0.349,0.744,0.548,-0.37,-0.34,-1.31,1,2
16522.625,0.348,0.744,0.551,-0.85,-0.61,-0.76,1,2
16522.64,0.348,0.741,0.551,-1.31,-0.89,-0.12,1,2
16522.64,0.352,0.741,0.554,-1.65,-1.19,0.49,1,2
16522.656,0.354,0.738,0.554,-1.65,-1.46,0.82,1,2
16522.671,0.359,0.732,0.553,-1.22,-1.4,1.1,1,2
16522.671,0.361,0.728,0.553,-0.52,-1.22,1.01,1,2
16522.687,0.361,0.724,0.553,0.18,-0.92,0.73,1,2
16522.703,0.364,0.723,0.552,0.73,-0.61,0.34,1,2
16522.703,0.364,0.725,0.551,1.43,-0.27,-0.21,1,2
16522.718,0.362,0.729,0.551,2.38,-0.03,-0.76,1,2
16522.718,0.358,0.733,0.549,3.05,0.18,-1.01,1,2
16522.734,0.354,0.74,0.548,3.2,0.18,-1.1,1,2
16522.75,0.352,0.745,0.545,2.9,-0.06,-1.16,1,2
16522.75,0.35,0.751,0.542,2.04,-0.37,-0.67,1,2
16522.765,0.35,0.754,0.541,1.16,-0.85,-0.06,1,2
16522.781,0.351,0.752,0.539,0.21,-1.34,0.49,1,2
16522.781,0.352,0.746,0.541,-1.01,-1.83,0.89,1,2
16522.796,0.354,0.743,0.541,-1.92,-2.23,1.13,1,2
16522.812,0.357,0.738,0.542,-2.93,-2.29,1.04,1,2
16522.812,0.362,0.732,0.544,-3.54,-1.95,0.76,1,2
16522.828,0.363,0.728,0.547,-3.45,-1.4,0.31,1,2
16522.843,0.363,0.725,0.551,-3.23,-1.07,-0.34,1,2
16522.843,0.363,0.723,0.556,-2.75,-0.73,-0.89,1,2
16522.859,0.361,0.724,0.555,-2.01,-0.27,-1.37,1,2
16522.875,0.359,0.727,0.557,-1.13,-0.15,-1.71,1,2
16522.875,0.357,0.73,0.557,-0.34,0.06,-1.83,1,2
16522.89,0.354,0.734,0.556,0.34,0.15,-1.62,1,2
16522.89,0.355,0.735,0.553,1.01,0.24,-1.4,1,2
16522.906,0.354,0.736,0.551,1.46,0.31,-1.04,1,2
16522.921,0.354,0.737,0.549,1.53,0.37,-0.79,1,2
16522.921,0.352,0.739,0.545,1.31,0.52,-0.58,1,2
16522.937,0.354,0.743,0.545,0.95,0.7,-0.43,1,2
16522.953,0.354,0.744,0.547,0.73,1.04,-0.15,1,2
16522.953,0.351,0.742,0.548,0.55,0.98,0.31,1,2
16522.968,0.349,0.739,0.553,0.34,0.67,0.61,1,2
16522.968,0.353,0.739,0.554,-0.12,0.24,0.89,1,2
16522.984,0.355,0.736,0.555,-0.46,-0.37,0.67,1,2
16523.0,0.354,0.731,0.558,-0.24,-0.85,0.46,1,2
16523.0,0.354,0.726,0.557,0.27,-1.37,0.18,1,2
16523.015,0.356,0.728,0.555,0.89,-1.83,-0.31,1,2
16523.031,0.357,0.73,0.553,1.13,-2.01,-1.01,1,2
16523.031,0.356,0.735,0.547,1.56,-1.83,-1.4,1,2
16523.046,0.353,0.739,0.543,1.86,-1.68,-1.56,1,2
16523.062,0.349,0.747,0.544,1.4,-1.68,-1.4,1,2
16523.062,0.347,0.75,0.543,0.49,-1.83,-1.04,1,2
16523.078,0.35,0.749,0.544,-0.34,-1.71,-0.31,1,2
16523.078,0.351,0.747,0.546,-0.82,-1.53,0.49,1,2
16523.093,0.354,0.739,0.548,-1.19,-1.46,1.16,1,2
16523.109,0.356,0.73,0.552,-1.46,-1.28,1.43,1,2
16523.109,0.359,0.724,0.553,-1.25,-1.25,1.31,1,2
16523.125,0.362,0.722,0.556,-0.92,-1.07,0.92,1,2
16523.14,0.362,0.724,0.559,-0.24,-0.76,0.34,1,2
16523.14,0.361,0.727,0.558,0.76,-0.61,-0.09,1,2
16523.156,0.358,0.728,0.554,1.86,-0.52,-0.55,1,2
16523.171,0.359,0.732,0.551,2.56,-0.58,-1.07,1,2
16523.171,0.36,0.734,0.546,2.96,-0.55,-1.46,1,2
16523.187,0.358,0.737,0.537,3.05,-0.37,-1.89,1,2
16523.203,0.355,0.744,0.535,2.62,0.09,-2.17,1,2
16523.203,0.352,0.751,0.536,1.71,0.55,-2.17,1,2
16523.218,0.348,0.756,0.538,0.37,0.67,-1.86,1,2
16523.234,0.345,0.757,0.541,-0.67,0.46,-1.31,1,2
16523.234,0.345,0.751,0.546,-2.01,-0.06,0.15,1,2
16523.25,0.346,0.748,0.549,-2.26,-0.15,0.58,1,2
16523.25,0.347,0.739,0.556,-2.14,-0.31,1.07,1,2
16523.265,0.348,0.729,0.557,-1.34,-0.27,1.37,1,2
16523.281,0.353,0.726,0.565,-0.34,-0.27,1.28,1,2
16523.281,0.354,0.727,0.568,0.73,-0.64,1.07,1,2
16523.296,0.353,0.728,0.564,2.14,-1.37,0.95,1,2
16523.312,0.354,0.73,0.557,3.23,-2.29,0.7,1,2
16523.312,0.354,0.737,0.549,3.51,-3.02,0.43,1,2
16523.328,0.354,0.741,0.539,2.96,-3.36,0.15,1,2
16523.328,0.356,0.748,0.528,1.77,-3.6,0.09,1,2
16523.343,0.361,0.746,0.542,0.95,-3.57,-0.24,1,2
16523.359,0.349,0.748,0.525,0.73,-3.42,-0.49,1,2
16523.359,0.357,0.752,0.523,-1.4,-3.17,-0.06,1,2
16523.375,0.36,0.747,0.526,-3.69,-2.59,-0.67,1,2
16523.39,0.357,0.74,0.533,-4.43,-1.83,-0.98,1,2
16523.406,0.357,0.743,0.54,-5.07,-0.64,-0.49,1,2
16523.406,0.356,0.738,0.547,-5.8,0.0,-0.46,1,2
16523.421,0.357,0.729,0.556,-6.01,0.31,-0.34,1,2
16523.421,0.358,0.725,0.566,-5.58,0.61,-0.37,1,2
16523.437,0.358,0.72,0.567,-4.21,0.98,-0.34,1,2
16523.453,0.358,0.717,0.571,-2.47,1.22,-0.09,1,2
16523.453,0.36,0.717,0.574,-0.61,1.4,-0.27,1,2
16523.468,0.357,0.721,0.57,1.25,1.28,-0.34,1,2
16523.468,0.357,0.726,0.564,3.08,0.98,-0.4,1,2
16523.484,0.354,0.732,0.561,4.67,0.79,-0.52,1,2
16523.5,0.352,0.738,0.556,5.83,0.76,-0.43,1,2
16523.5,0.35,0.745,0.545,6.2,0.49,-0.37,1,2
16523.515,0.35,0.749,0.536,5.34,-0.03,-0.34,1,2
16523.531,0.351,0.754,0.53,3.78,-0.55,-0.49,1,2
16523.531,0.348,0.757,0.525,1.92,-0.79,-0.31,1,2
16523.546,0.35,0.757,0.53,-0.31,-0.92,-0.09,1,2
16523.562,0.349,0.751,0.536,-2.47,-1.04,-0.21,1,2
16523.562,0.35,0.743,0.542,-4.3,-1.46,-0.31,1,2
16523.578,0.352,0.735,0.55,-5.58,-1.68,-0.34,1,2
16523.578,0.35,0.732,0.557,-6.16,-1.77,-0.58,1,2
16523.593,0.351,0.729,0.562,-5.95,-1.95,-0.76,1,2
16523.609,0.354,0.727,0.566,-5.28,-2.23,-0.95,1,2
16523.625,0.354,0.724,0.566,-4.21,-2.47,-0.85,1,2
16523.625,0.357,0.723,0.564,-2.78,-2.35,-0.98,1,2
16523.64,0.357,0.723,0.562,-1.25,-1.86,-1.22,1,2
16523.64,0.356,0.723,0.557,0.4,-1.25,-1.25,1,2
16523.656,0.357,0.729,0.553,1.53,-0.52,-1.25,1,2
16523.671,0.356,0.735,0.551,1.92,0.06,-1.25,1,2
16523.671,0.355,0.738,0.549,2.29,0.89,-0.95,1,2
16523.687,0.354,0.74,0.55,2.53,1.59,-0.7,1,2
16523.703,0.35,0.741,0.55,2.41,1.74,-0.46,1,2
16523.703,0.349,0.74,0.552,2.04,1.59,-0.24,1,2
16523.718,0.348,0.742,0.551,1.68,1.16,0.06,1,2
16523.718,0.35,0.741,0.549,1.25,0.82,0.24,1,2
16523.734,0.351,0.74,0.549,1.01,0.89,0.24,1,2
16523.75,0.351,0.737,0.546,0.95,0.73,0.21,1,2
16523.75,0.352,0.737,0.548,0.79,0.73,0.18,1,2
16523.765,0.351,0.739,0.549,0.49,0.73,-0.15,1,2
16523.781,0.348,0.739,0.551,0.18,0.34,-0.31,1,2
16523.781,0.348,0.74,0.552,-0.27,-0.12,-0.55,1,2
16523.796,0.346,0.74,0.553,-0.76,-0.4,-0.67,1,2
16523.796,0.344,0.738,0.555,-1.13,-0.64,-0.7,1,2
16523.812,0.345,0.735,0.558,-1.19,-0.92,-0.46,1,2
16523.828,0.345,0.733,0.558,-1.4,-1.1,-0.43,1,2
16523.828,0.345,0.735,0.559,-1.56,-1.34,-0.34,1,2
16523.843,0.347,0.732,0.561,-1.4,-1.46,-0.37,1,2
16523.859,0.348,0.733,0.563,-0.76,-1.46,-0.15,1,2
16523.859,0.349,0.734,0.559,-0.06,-1.34,0.15,1,2
16523.875,0.351,0.732,0.558,0.49,-1.31,0.37,1,2
16523.89,0.354,0.734,0.555,1.04,-1.37,0.55,1,2
16523.89,0.356,0.735,0.552,1.62,-1.19,0.7,1,2
16523.906,0.357,0.734,0.548,2.08,-0.79,0.67,1,2
16523.921,0.358,0.734,0.545,2.35,-0.4,0.49,1,2
16523.921,0.356,0.734,0.542,2.38,0.12,0.15,1,2
16523.937,0.354,0.738,0.544,2.17,0.61,-0.15,1,2
16523.937,0.353,0.74,0.544,1.68,0.79,-0.46,1,2
16523.953,0.351,0.741,0.544,1.16,0.85,-0.76,1,2
16523.968,0.349,0.741,0.545,0.49,0.95,-0.85,1,2
16523.968,0.347,0.744,0.547,-0.34,1.01,-0.95,1,2
16523.984,0.345,0.743,0.55,-0.95,0.76,-0.82,1,2
16524.0,0.342,0.74,0.55,-1.59,0.46,-0.61,1,2
16524.0,0.346,0.741,0.552,-2.35,0.06,-0.58,1,2
16524.015,0.348,0.74,0.557,-2.96,-0.24,-0.64,1,2
16524.031,0.349,0.734,0.561,-3.02,-0.21,-0.55,1,2
16524.031,0.35,0.728,0.563,-2.26,-0.15,-0.46,1,2
16524.046,0.348,0.725,0.564,-1.16,-0.06,-0.61,1,2
16524.062,0.35,0.725,0.564,-0.12,0.0,-0.73,1,2
16524.062,0.35,0.73,0.561,1.22,0.12,-0.76,1,2
16524.078,0.351,0.735,0.556,2.41,0.18,-0.95,1,2
16524.078,0.35,0.741,0.549,3.05,0.58,-1.01,1,2
16524.093,0.347,0.744,0.546,3.02,0.79,-1.04,1,2
16524.109,0.346,0.745,0.544,2.47,1.16,-0.7,1,2
16524.109,0.343,0.746,0.545,1.53,1.56,-0.37,1,2
16524.125,0.341,0.748,0.549,0.49,1.56,0.21,1,2
16524.14,0.339,0.747,0.552,-0.43,1.31,0.79,1,2
16524.156,0.343,0.743,0.553,-1.34,0.95,1.19,1,2
16524.156,0.343,0.737,0.557,-1.98,0.34,1.22,1,2
16524.171,0.345,0.732,0.56,-2.17,-0.18,0.85,1,2
16524.171,0.347,0.729,0.562,-1.86,-0.82,0.64,1,2
16524.187,0.346,0.728,0.563,-1.28,-1.34,0.18,1,2
16524.187,0.347,0.729,0.562,-0.52,-1.89,-0.37,1,2
16524.203,0.346,0.732,0.557,0.18,-2.17,-0.85,1,2
16524.218,0.346,0.735,0.551,0.73,-2.38,-1.16,1,2
16524.234,0.348,0.738,0.543,-0.18,-1.62,-1.62,1,2
16524.234,0.347,0.741,0.542,-0.98,-0.95,-1.59,1,2
16524.25,0.347,0.745,0.541,-1.65,-0.27,-1.43,1,2
16524.25,0.344,0.744,0.55,-2.53,0.27,-1.1,1,2
16524.265,0.344,0.74,0.554,-3.6,0.55,-0.73,1,2
16524.281,0.346,0.735,0.556,-4.24,0.55,-0.37,1,2
16524.281,0.347,0.728,0.565,-4.21,0.67,-0.12,1,2
16524.296,0.344,0.724,0.57,-3.42,1.16,0.06,1,2
16524.312,0.348,0.721,0.572,-2.01,1.37,0.12,1,2
16524.312,0.349,0.719,0.571,-0.49,1.43,-0.09,1,2
16524.328,0.348,0.722,0.57,1.34,1.53,-0.46,1,2
16524.328,0.347,0.728,0.564,3.08,1.65,-0.92,1,2
16524.343,0.345,0.736,0.555,4.15,1.65,-1.25,1,2
16524.359,0.342,0.74,0.548,4.55,1.77,-1.43,1,2
16524.359,0.34,0.749,0.542,4.21,1.77,-1.46,1,2
16524.375,0.339,0.755,0.539,2.9,1.43,-1.43,1,2
16524.39,0.337,0.758,0.541,0.95,1.37,-1.22,1,2
16524.39,0.332,0.756,0.542,-1.01,1.13,-0.79,1,2
16524.406,0.332,0.752,0.55,-3.08,0.73,-0.24,1,2
16524.421,0.335,0.746,0.556,-4.7,0.12,0.34,1,2
16524.421,0.339,0.739,0.563,-5.74,-0.64,0.58,1,2
16524.437,0.341,0.73,0.569,-6.38,-1.07,0.7,1,2
16524.453,0.342,0.722,0.575,-5.92,-1.37,0.52,1,2
16524.453,0.345,0.716,0.579,-4.82,-1.56,0.4,1,2
16524.468,0.343,0.716,0.581,-3.27,-1.68,0.15,1,2
16524.468,0.34,0.719,0.58,-1.4,-1.92,-0.18,1,2
16524.484,0.341,0.722,0.576,0.92,-2.04,-0.27,1,2
16524.5,0.339,0.726,0.57,2.81,-2.11,-0.4,1,2
16524.5,0.342,0.732,0.562,3.78,-1.98,-0.61,1,2
16524.515,0.342,0.74,0.553,4.24,-1.86,-0.73,1,2
16524.531,0.342,0.744,0.544,3.88,-1.43,-0.73,1,2
16524.531,0.343,0.749,0.541,2.87,-0.98,-0.52,1,2
16524.546,0.344,0.75,0.54,1.56,-0.55,-0.18,1,2
16524.546,0.346,0.747,0.542,-0.27,-0.15,0.09,1,2
16524.562,0.346,0.743,0.547,-2.2,0.15,-0.03,1,2
16524.578,0.347,0.737,0.555,-3.45,0.49,-0.15,1,2
16524.593,0.344,0.732,0.562,-3.72,0.76,-0.12,1,2
16524.593,0.342,0.729,0.57,-3.51,0.89,-0.34,1,2
16524.609,0.339,0.725,0.576,-2.72,0.64,-0.37,1,2
16524.609,0.338,0.72,0.578,-1.56,0.12,-0.46,1,2
16524.625,0.335,0.725,0.579,-0.4,-0.52,-0.58,1,2
16524.64,0.334,0.731,0.576,0.89,-1.28,-0.55,1,2
16524.64,0.335,0.735,0.568,2.17,-2.14,-0.46,1,2
16524.656,0.336,0.739,0.559,2.81,-2.66,-0.15,1,2
16524.671,0.34,0.744,0.553,2.47,-2.75,-0.15,1,2
16524.671,0.337,0.746,0.547,1.68,-2.69,0.06,1,2
16524.687,0.336,0.743,0.546,0.73,-2.56,0.31,1,2
16524.687,0.338,0.738,0.549,-0.4,-2.2,0.46,1,2
16524.703,0.339,0.738,0.555,-1.59,-1.89,0.49,1,2
16524.718,0.339,0.737,0.561,-2.56,-1.83,0.52,1,2
16524.718,0.339,0.733,0.566,-2.59,-1.86,0.76,1,2
16524.734,0.342,0.729,0.57,-2.35,-2.2,0.76,1,2
16524.75,0.347,0.726,0.57,-1.92,-2.41,0.67,1,2
16524.75,0.349,0.724,0.569,-1.07,-2.47,0.55,1,2
16524.765,0.349,0.723,0.563,0.12,-2.23,0.31,1,2
16524.781,0.351,0.724,0.559,1.28,-1.71,0.12,1,2
16524.781,0.352,0.728,0.558,1.98,-1.1,-0.27,1,2
16524.796,0.349,0.734,0.554,2.41,-0.64,-0.7,1,2
16524.812,0.348,0.736,0.55,2.56,-0.12,-1.07,1,2
16524.812,0.344,0.743,0.547,2.35,0.43,-1.04,1,2
16524.828,0.34,0.746,0.546,1.4,0.64,-1.01,1,2
16524.843,0.338,0.747,0.55,0.21,0.76,-1.01,1,2
16524.843,0.334,0.744,0.554,-0.64,0.82,-0.61,1,2
16524.859,0.333,0.741,0.561,-1.37,0.73,-0.06,1,2
16524.859,0.331,0.737,0.569,-1.77,0.34,0.34,1,2
16524.875,0.331,0.731,0.575,-1.83,-0.52,0.61,1,2
16524.89,0.333,0.731,0.575,-1.53,-1.62,0.89,1,2
16524.89,0.337,0.732,0.574,-0.95,-2.38,1.07,1,2
16524.906,0.342,0.729,0.57,-0.18,-2.99,1.19,1,2
16524.906,0.344,0.726,0.566,0.46,-3.14,1.16,1,2
16524.921,0.346,0.726,0.563,1.25,-3.17,1.19,1,2
16524.937,0.348,0.731,0.558,1.62,-2.96,0.95,1,2
16524.937,0.348,0.734,0.558,1.74,-2.87,0.49,1,2
16524.953,0.35,0.735,0.555,1.92,-2.56,0.18,1,2
16524.968,0.35,0.735,0.55,2.14,-2.17,-0.06,1,2
16524.984,0.346,0.735,0.548,2.29,-1.83,-0.34,1,2
16524.984,0.345,0.739,0.546,1.62,-1.46,-0.52,1,2
16525.0,0.341,0.744,0.549,0.61,-1.01,-0.43,1,2
16525.0,0.341,0.747,0.552,-0.03,-0.7,-0.18,1,2
16525.015,0.339,0.746,0.555,-0.46,-0.67,0.21,1,2
16525.031,0.339,0.739,0.559,-1.01,-0.95,0.7,1,2
16525.031,0.343,0.734,0.561,-1.68,-1.4,0.95,1,2
16525.046,0.345,0.731,0.562,-1.74,-1.5,0.85,1,2
16525.062,0.349,0.723,0.565,-1.04,-1.25,0.92,1,2
16525.062,0.353,0.718,0.565,-0.12,-0.95,0.52,1,2
16525.078,0.352,0.72,0.565,0.67,-0.92,-0.09,1,2
16525.078,0.351,0.725,0.564,1.5,-0.7,-0.82,1,2
16525.093,0.347,0.732,0.562,2.53,-0.52,-1.13,1,2
16525.109,0.342,0.739,0.559,3.3,-0.49,-1.07,1,2
16525.109,0.339,0.743,0.555,3.02,-0.79,-0.95,1,2
16525.125,0.339,0.747,0.551,2.01,-1.25,-0.85,1,2
16525.14,0.339,0.748,0.545,1.13,-1.5,-0.4,1,2
16525.14,0.341,0.749,0.545,0.09,-1.37,0.21,1,2
16525.156,0.341,0.747,0.549,-0.95,-1.34,0.55,1,2
16525.171,0.342,0.741,0.553,-1.56,-1.25,0.89,1,2
16525.171,0.344,0.734,0.559,-1.89,-1.4,0.95,1,2
16525.187,0.344,0.729,0.564,-1.5,-1.37,0.92,1,2
16525.203,0.347,0.724,0.568,-0.55,-1.28,0.79,1,2
16525.203,0.345,0.722,0.569,1.31,-1.74,0.49,1,2
16525.218,0.344,0.728,0.567,1.65,-2.2,0.15,1,2
16525.218,0.346,0.735,0.56,1.77,-2.59,0.12,1,2
16525.234,0.347,0.741,0.554,1.46,-2.62,0.24,1,2
16525.25,0.352,0.736,0.544,0.89,-2.11,0.27,1,2
16525.25,0.352,0.735,0.541,-0.06,-1.46,0.06,1,2
16525.265,0.35,0.736,0.548,-0.95,-0.89,-0.12,1,2
16525.281,0.346,0.737,0.556,-1.31,-0.61,-0.31,1,2
16525.281,0.343,0.738,0.562,-1.07,-0.37,-0.12,1,2
16525.296,0.343,0.734,0.564,-0.55,-0.37,0.0,1,2
16525.312,0.343,0.73,0.565,0.15,-0.7,-0.03,1,2
16525.312,0.344,0.726,0.563,0.92,-1.25,-0.09,1,2
16525.328,0.347,0.73,0.56,1.53,-1.28,-0.27,1,2
16525.343,0.348,0.736,0.555,1.98,-1.1,-0.27,1,2
16525.343,0.345,0.74,0.552,1.89,-0.89,-0.31,1,2
16525.359,0.344,0.741,0.549,1.37,-0.92,-0.34,1,2
16525.359,0.348,0.746,0.548,0.52,-0.89,-0.34,1,2
16525.375,0.347,0.742,0.55,-0.18,-0.76,-0.12,1,2
16525.39,0.347,0.738,0.553,-0.61,-0.58,0.06,1,2
16525.39,0.347,0.732,0.557,-0.95,-0.64,0.03,1,2
16525.406,0.347,0.73,0.561,-1.04,-0.67,-0.09,1,2
16525.421,0.347,0.731,0.563,-0.85,-0.85,-0.09,1,2
16525.421,0.347,0.732,0.563,0.0,-1.04,-0.21,1,2
16525.437,0.348,0.732,0.559,0.61,-1.04,-0.37,1,2
16525.437,0.347,0.734,0.556,0.89,-1.28,-0.46,1,2
16525.453,0.347,0.736,0.552,1.04,-1.43,-0.7,1,2
16525.468,0.348,0.74,0.549,0.82,-1.19,-0.79,1,2
16525.468,0.344,0.74,0.548,0.34,-0.82,-0.79,1,2
16525.484,0.342,0.739,0.552,-0.06,-0.43,-0.73,1,2
16525.5,0.343,0.739,0.556,-0.18,-0.24,-0.43,1,2
16525.515,0.341,0.739,0.557,-0.31,-0.34,-0.31,1,2
16525.515,0.341,0.739,0.56,-0.43,-0.7,-0.24,1,2
16525.531,0.341,0.74,0.56,-0.37,-0.98,0.18,1,2
16525.531,0.342,0.738,0.558,-0.24,-1.34,0.31,1,2
16525.546,0.343,0.737,0.555,-0.37,-1.65,0.49,1,2
16525.562,0.346,0.736,0.553,-0.76,-1.71,0.43,1,2
16525.562,0.349,0.735,0.554,-0.79,-1.56,0.43,1,2
16525.578,0.35,0.733,0.555,-0.79,-1.22,0.34,1,2
16525.578,0.35,0.731,0.555,-0.73,-0.92,0.06,1,2
16525.593,0.35,0.729,0.558,-0.46,-0.7,-0.12,1,2
16525.609,0.348,0.731,0.558,-0.12,-0.49,-0.34,1,2
16525.609,0.346,0.734,0.558,0.09,-0.49,-0.58,1,2
16525.625,0.346,0.736,0.555,0.03,-0.52,-0.7,1,2
16525.64,0.345,0.738,0.552,0.0,-0.49,-0.67,1,2
16525.64,0.344,0.738,0.556,-0.06,-0.37,-0.52,1,2
16525.656,0.343,0.739,0.556,-0.27,-0.34,-0.37,1,2
16525.671,0.343,0.737,0.56,-0.34,-0.4,-0.24,1,2
16525.671,0.342,0.734,0.561,-0.46,-0.37,-0.18,1,2
16525.687,0.345,0.731,0.56,-0.18,-0.64,-0.06,1,2
16525.703,0.347,0.73,0.563,0.18,-0.85,-0.12,1,2
16525.703,0.346,0.731,0.561,0.76,-0.82,-0.27,1,2
16525.718,0.346,0.734,0.557,1.1,-1.04,-0.43,1,2
16525.734,0.348,0.74,0.554,1.16,-1.19,-0.55,1,2
16525.734,0.347,0.741,0.549,0.89,-1.04,-0.67,1,2
16525.75,0.348,0.739,0.547,0.49,-0.73,-0.7,1,2
16525.75,0.345,0.739,0.548,-0.09,-0.34,-0.58,1,2
16525.765,0.344,0.74,0.552,-0.92,-0.09,-0.46,1,2
16525.781,0.342,0.742,0.556,-1.46,-0.15,-0.49,1,2
16525.781,0.342,0.74,0.559,-1.53,-0.27,-0.27,1,2
16525.796,0.341,0.736,0.562,-1.1,-0.52,0.0,1,2
16525.812,0.343,0.731,0.561,-0.58,-0.61,0.21,1,2
16525.812,0.344,0.725,0.563,-0.03,-0.89,0.09,1,2
16525.828,0.344,0.729,0.565,0.37,-1.19,-0.12,1,2
16525.828,0.347,0.733,0.564,0.95,-1.19,-0.43,1,2
16525.843,0.344,0.735,0.561,1.65,-1.34,-0.43,1,2
16525.859,0.342,0.741,0.554,1.86,-1.71,-0.31,1,2
16525.859,0.343,0.745,0.548,1.22,-1.95,-0.4,1,2
16525.875,0.345,0.744,0.544,0.21,-1.71,-0.4,1,2
16525.89,0.347,0.742,0.547,-0.55,-1.22,-0.12,1,2
16525.89,0.346,0.741,0.55,-1.1,-0.76,-0.06,1,2
16525.906,0.346,0.736,0.553,-1.8,-0.76,-0.15,1,2
16525.921,0.346,0.731,0.559,-2.2,-0.89,-0.34,1,2
16525.921,0.348,0.73,0.563,-1.98,-0.85,-0.61,1,2
16525.937,0.347,0.728,0.563,-1.22,-0.76,-0.92,1,2
16525.953,0.344,0.726,0.562,-0.46,-0.55,-0.89,1,2
16525.953,0.342,0.729,0.563,0.27,-0.43,-0.82,1,2
16525.968,0.339,0.732,0.562,0.73,-0.43,-0.7,1,2
16525.968,0.339,0.738,0.56,0.95,-0.46,-0.58,1,2
16525.984,0.34,0.742,0.558,0.98,-0.52,-0.27,1,2
16526.0,0.344,0.742,0.557,0.82,-0.67,-0.06,1,2
16526.0,0.347,0.737,0.556,0.73,-0.79,0.12,1,2
16526.015,0.347,0.732,0.555,0.7,-0.73,0.09,1,2
16526.031,0.348,0.732,0.556,0.58,-0.58,-0.06,1,2
16526.031,0.348,0.735,0.555,0.49,-0.55,-0.43,1,2
16526.046,0.346,0.736,0.554,0.34,-0.4,-0.73,1,2
16526.046,0.342,0.74,0.554,0.0,-0.34,-0.85,1,2
16526.062,0.338,0.745,0.554,-0.15,-0.43,-0.64,1,2
16526.078,0.34,0.744,0.555,-0.52,-0.64,-0.46,1,2
16526.078,0.341,0.74,0.554,-1.04,-0.7,-0.34,1,2
16526.093,0.341,0.738,0.557,-1.31,-0.76,0.0,1,2
16526.109,0.341,0.737,0.562,-1.4,-0.89,0.27,1,2
16526.109,0.341,0.734,0.564,-1.34,-1.07,0.34,1,2
16526.125,0.34,0.732,0.568,-0.92,-1.37,0.52,1,2
16526.14,0.34,0.731,0.572,-0.24,-1.71,0.7,1,2
16526.14,0.339,0.728,0.571,0.7,-2.11,0.64,1,2
16526.156,0.338,0.726,0.568,1.83,-2.5,0.7,1,2
16526.171,0.341,0.73,0.565,2.69,-2.93,0.79,1,2
16526.171,0.344,0.738,0.558,3.23,-3.17,0.7,1,2
16526.187,0.347,0.743,0.55,3.11,-3.54,0.67,1,2
16526.187,0.352,0.744,0.543,1.74,-3.08,0.46,1,2
16526.203,0.353,0.74,0.54,0.89,-2.29,0.09,1,2
16526.218,0.355,0.737,0.539,0.12,-1.34,-0.12,1,2
16526.218,0.352,0.736,0.545,-0.49,-0.95,-0.4,1,2
16526.234,0.35,0.736,0.55,-0.92,-0.52,-0.7,1,2
16526.25,0.347,0.735,0.556,-0.89,-0.06,-0.85,1,2
16526.265,0.344,0.734,0.556,-0.64,0.27,-0.95,1,2
16526.265,0.344,0.733,0.555,-0.52,0.46,-0.92,1,2
16526.281,0.343,0.735,0.553,-0.61,0.52,-0.98,1,2
16526.281,0.342,0.738,0.552,-0.79,0.58,-0.98,1,2
16526.296,0.343,0.739,0.552,-0.98,0.89,-0.82,1,2
16526.312,0.344,0.738,0.554,-1.13,1.28,-0.58,1,2
16526.312,0.341,0.738,0.557,-1.25,1.5,-0.43,1,2
16526.328,0.341,0.735,0.561,-1.37,1.25,-0.31,1,2
16526.328,0.339,0.732,0.566,-1.25,1.07,-0.43,1,2
16526.343,0.341,0.733,0.567,-0.7,0.76,-0.37,1,2
16526.359,0.34,0.736,0.568,-0.09,0.34,-0.37,1,2
16526.359,0.341,0.734,0.565,0.46,-0.24,-0.18,1,2
16526.375,0.342,0.735,0.563,0.79,-0.85,-0.18,1,2
16526.39,0.342,0.739,0.558,0.95,-1.19,-0.18,1,2
16526.39,0.344,0.742,0.552,0.89,-1.53,-0.03,1,2
16526.406,0.342,0.745,0.552,0.52,-1.86,0.0,1,2
16526.421,0.343,0.745,0.549,-0.15,-2.14,0.03,1,2
16526.421,0.341,0.743,0.55,-0.89,-2.17,0.12,1,2
16526.437,0.341,0.741,0.553,-1.56,-2.29,0.24,1,2
16526.437,0.341,0.739,0.556,-2.14,-2.44,0.21,1,2
16526.453,0.339,0.735,0.559,-2.38,-2.56,0.34,1,2
16526.468,0.338,0.733,0.56,-2.14,-2.72,0.43,1,2
16526.484,0.34,0.73,0.562,-1.95,-3.08,0.43,1,2
16526.484,0.344,0.732,0.564,-1.74,-3.23,0.4,1,2
16526.5,0.346,0.732,0.563,-1.4,-3.27,0.24,1,2
16526.5,0.349,0.731,0.558,-1.04,-3.11,0.27,1,2
16526.515,0.348,0.731,0.555,-1.1,-2.99,0.18,1,2
16526.531,0.351,0.731,0.554,-1.19,-2.66,0.09,1,2
16526.531,0.353,0.73,0.553,-1.22,-1.92,-0.06,1,2
16526.546,0.355,0.729,0.556,-1.01,-0.98,-0.09,1,2
16526.562,0.354,0.731,0.558,-0.61,-0.18,-0.21,1,2
16526.562,0.352,0.729,0.561,-0.09,0.31,-0.58,1,2
16526.578,0.351,0.725,0.561,0.27,0.61,-0.92,1,2
16526.578,0.347,0.729,0.56,0.76,0.89,-1.04,1,2
16526.593,0.346,0.734,0.561,1.13,0.98,-1.13,1,2
16526.609,0.343,0.739,0.56,1.1,0.98,-1.16,1,2
16526.609,0.341,0.74,0.56,1.1,0.79,-0.95,1,2
16526.625,0.338,0.743,0.555,0.79,0.43,-0.64,1,2
16526.64,0.337,0.742,0.558,0.43,0.12,-0.24,1,2
16526.64,0.337,0.74,0.558,-0.06,-0.31,0.12,1,2
16526.656,0.338,0.738,0.558,-0.27,-0.76,0.31,1,2
16526.671,0.34,0.735,0.558,-0.31,-0.92,0.4,1,2
16526.671,0.344,0.732,0.56,-0.24,-1.01,0.37,1,2
16526.687,0.343,0.729,0.561,0.0,-1.13,0.18,1,2
16526.703,0.343,0.732,0.562,0.21,-1.13,-0.06,1,2
16526.703,0.342,0.738,0.564,0.34,-1.16,-0.21,1,2
16526.718,0.337,0.737,0.562,0.67,-1.37,-0.21,1,2
16526.718,0.337,0.735,0.56,0.82,-1.98,0.12,1,2
16526.734,0.342,0.741,0.559,0.55,-2.59,0.27,1,2
16526.75,0.342,0.744,0.557,0.03,-2.81,0.4,1,2
16526.75,0.345,0.738,0.554,-0.15,-2.96,0.49,1,2
16526.765,0.348,0.73,0.552,0.0,-2.81,0.49,1,2
16526.781,0.354,0.73,0.55,-0.37,-2.41,0.18,1,2
16526.796,0.355,0.732,0.55,-0.89,-1.83,-0.43,1,2
16526.796,0.353,0.73,0.55,-1.13,-1.1,-0.95,1,2
16526.796,0.352,0.732,0.554,-1.1,-0.31,-1.25,1,2
16526.812,0.348,0.734,0.559,-1.07,0.24,-1.34,1,2
16526.828,0.343,0.732,0.561,-1.04,0.7,-1.25,1,2
16526.843,0.338,0.733,0.565,-0.73,0.67,-1.07,1,2
16526.843,0.337,0.735,0.567,-0.15,0.61,-0.55,1,2
16526.859,0.335,0.731,0.566,0.34,0.18,-0.15,1,2
16526.859,0.338,0.731,0.568,0.85,-0.06,0.12,1,2
16526.875,0.343,0.731,0.566,1.56,-0.43,0.43,1,2
16526.89,0.349,0.728,0.562,2.41,-0.7,0.24,1,2
16526.89,0.352,0.728,0.557,3.11,-0.73,-0.15,1,2
16526.906,0.353,0.73,0.552,3.45,-0.52,-0.82,1,2
16526.921,0.353,0.735,0.549,3.36,-0.18,-1.5,1,2
16526.921,0.348,0.736,0.551,3.14,0.31,-2.01,1,2
16526.937,0.34,0.735,0.558,2.5,0.31,-2.32,1,2
16526.937,0.336,0.733,0.565,1.98,-0.34,-2.41,1,2
16526.953,0.33,0.733,0.57,1.56,-1.65,-2.41,1,2
16526.968,0.332,0.737,0.571,0.85,-3.33,-2.29,1,2
16526.968,0.331,0.745,0.57,-0.15,-5.65,-2.62,1,2
16526.984,0.326,0.757,0.564,-1.56,-8.21,-3.23,1,2
16527.0,0.328,0.753,0.554,-1.62,-9.46,-2.44,1,2
16527.015,0.333,0.753,0.544,-1.28,-9.19,-1.31,1,2
16527.015,0.342,0.752,0.539,-1.19,-8.39,-0.21,1,2
16527.031,0.351,0.745,0.535,-1.31,-7.17,0.37,1,2
16527.031,0.355,0.738,0.537,-1.8,-5.43,0.76,1,2
16527.046,0.368,0.728,0.542,-2.2,-3.63,0.7,1,2
16527.062,0.372,0.714,0.548,-1.65,-1.5,-0.06,1,2
16527.062,0.372,0.71,0.551,-0.85,0.15,-1.56,1,2
16527.078,0.369,0.709,0.552,0.12,1.77,-3.33,1,2
16527.093,0.362,0.714,0.552,1.04,3.05,-5.28,1,2
16527.093,0.354,0.723,0.552,1.62,4.21,-6.78,1,2
16527.109,0.342,0.731,0.553,2.26,5.22,-7.78,1,2
16527.109,0.332,0.742,0.557,2.59,5.89,-7.69,1,2
16527.125,0.325,0.751,0.561,2.53,5.55,-7.23,1,2
16527.14,0.316,0.761,0.559,2.35,4.79,-6.41,1,2
16527.14,0.312,0.766,0.558,1.71,3.72,-4.94,1,2
16527.156,0.31,0.771,0.554,0.73,2.53,-3.2,1,2
16527.171,0.313,0.768,0.552,-0.46,1.59,-1.56,1,2
16527.171,0.316,0.761,0.55,-2.9,0.21,1.25,1,2
16527.187,0.321,0.758,0.55,-4.24,-0.43,2.23,1,2
16527.187,0.324,0.754,0.554,-5.19,-0.85,2.78,1,2
16527.203,0.33,0.749,0.554,-5.55,-0.98,3.36,1,2
16527.218,0.333,0.74,0.562,-5.37,-1.07,3.81,1,2
16527.218,0.334,0.734,0.565,-5.07,-1.07,3.97,1,2
16527.234,0.337,0.73,0.568,-4.46,-1.31,3.72,1,2
16527.25,0.339,0.726,0.57,-4.15,-1.62,3.27,1,2
16527.25,0.338,0.725,0.572,-3.48,-2.04,2.87,1,2
16527.265,0.341,0.726,0.569,-2.75,-2.38,2.5,1,2
16527.281,0.342,0.727,0.567,-2.26,-2.59,2.04,1,2
16527.281,0.344,0.729,0.567,-1.95,-2.81,1.74,1,2
16527.296,0.345,0.731,0.562,-1.43,-2.93,1.43,1,2
16527.312,0.347,0.73,0.56,-1.16,-2.78,1.19,1,2
16527.312,0.346,0.731,0.556,-1.1,-2.66,0.7,1,2
16527.328,0.348,0.73,0.552,-1.28,-2.38,0.24,1,2
16527.328,0.351,0.73,0.552,-1.89,-1.86,-0.27,1,2
16527.343,0.351,0.733,0.555,-2.69,-1.28,-0.82,1,2
16527.359,0.349,0.73,0.551,-3.08,-0.7,-1.16,1,2
16527.359,0.347,0.728,0.555,-3.27,0.03,-1.43,1,2
16527.375,0.346,0.727,0.561,-3.33,0.7,-1.83,1,2
16527.39,0.344,0.729,0.561,-3.17,1.31,-2.17,1,2
16527.39,0.34,0.728,0.567,-2.99,1.8,-2.35,1,2
16527.406,0.337,0.727,0.568,-2.35,2.2,-2.53,1,2
16527.421,0.337,0.725,0.571,-1.62,2.5,-2.72,1,2
16527.421,0.336,0.725,0.571,-0.76,2.75,-2.9,1,2
16527.437,0.335,0.727,0.574,0.15,3.14,-2.99,1,2
16527.437,0.332,0.724,0.574,1.16,3.33,-3.05,1,2
16527.453,0.329,0.729,0.572,1.77,3.39,-2.99,1,2
16527.468,0.327,0.741,0.571,1.53,3.02,-3.02,1,2
16527.468,0.325,0.747,0.568,0.98,2.5,-2.56,1,2
16527.484,0.323,0.749,0.566,0.58,2.01,-1.8,1,2
16527.5,0.325,0.747,0.566,0.24,1.53,-0.89,1,2
16527.5,0.325,0.744,0.566,-0.31,1.22,0.09,1,2
16527.515,0.33,0.738,0.569,-0.67,1.04,0.95,1,2
16527.531,0.331,0.736,0.568,-0.61,1.01,1.43,1,2
16527.546,0.334,0.733,0.572,-0.31,0.85,1.71,1,2
16527.546,0.335,0.729,0.572,0.18,0.58,1.68,1,2
16527.546,0.337,0.725,0.571,0.82,0.67,1.43,1,2
16527.562,0.337,0.725,0.565,1.59,0.67,0.95,1,2
16527.578,0.338,0.727,0.565,1.89,0.82,0.34,1,2
16527.593,0.334,0.733,0.563,1.86,1.04,-0.24,1,2
16527.593,0.332,0.738,0.564,1.53,0.98,-0.46,1,2
16527.609,0.328,0.744,0.562,0.7,0.67,-0.55,1,2
16527.609,0.325,0.746,0.562,-0.37,0.03,-0.18,1,2
16527.625,0.325,0.745,0.566,-1.34,-0.34,0.24,1,2
16527.64,0.323,0.739,0.567,-2.11,-0.7,0.79,1,2
16527.64,0.327,0.738,0.569,-2.72,-1.19,1.22,1,2
16527.656,0.328,0.736,0.573,-3.36,-1.53,1.43,1,2
16527.671,0.328,0.733,0.576,-3.57,-2.08,1.62,1,2
16527.671,0.33,0.73,0.578,-3.17,-2.53,1.74,1,2
16527.687,0.332,0.729,0.579,-2.44,-2.99,1.74,1,2
16527.687,0.332,0.726,0.576,-1.5,-3.45,1.83,1,2
16527.703,0.335,0.727,0.571,-1.04,-3.72,1.62,1,2
16527.718,0.338,0.728,0.57,-1.04,-3.91,1.31,1,2
16527.718,0.339,0.727,0.565,-1.01,-4.09,0.73,1,2
16527.734,0.341,0.726,0.564,-0.95,-4.21,0.43,1,2
16527.75,0.343,0.73,0.563,-0.89,-3.66,0.03,1,2
16527.765,0.343,0.732,0.563,-0.89,-2.84,-0.27,1,2
16527.765,0.339,0.731,0.564,-0.79,-2.23,-0.31,1,2
16527.781,0.337,0.729,0.565,-0.85,-1.86,-0.31,1,2
16527.781,0.335,0.732,0.568,-1.19,-1.74,-0.24,1,2
16527.796,0.334,0.735,0.571,-1.83,-1.8,-0.15,1,2
16527.812,0.332,0.737,0.571,-2.32,-1.92,0.06,1,2
16527.812,0.334,0.732,0.573,-2.41,-2.23,0.46,1,2
16527.828,0.333,0.729,0.575,-2.35,-2.29,0.82,1,2
16527.843,0.334,0.728,0.578,-2.26,-2.29,1.07,1,2
16527.843,0.336,0.724,0.58,-1.5,-2.41,1.22,1,2
16527.859,0.336,0.719,0.582,-0.27,-2.59,1.22,1,2
16527.859,0.335,0.717,0.581,0.79,-2.5,1.07,1,2
16527.875,0.335,0.718,0.579,1.62,-2.87,0.61,1,2
16527.89,0.337,0.724,0.577,2.11,-3.27,0.4,1,2
16527.89,0.337,0.728,0.574,2.11,-3.81,0.03,1,2
16527.906,0.337,0.73,0.572,1.98,-4.55,-0.27,1,2
16527.921,0.341,0.738,0.565,2.17,-4.97,0.0,1,2
16527.921,0.343,0.742,0.559,2.08,-5.01,0.24,1,2
16527.937,0.344,0.74,0.553,1.62,-4.73,0.58,1,2
16527.937,0.345,0.74,0.552,0.79,-4.33,0.95,1,2
16527.953,0.344,0.736,0.55,-0.49,-3.6,0.98,1,2
16527.968,0.345,0.732,0.551,-1.65,-2.66,0.89,1,2
16527.968,0.344,0.734,0.556,-2.44,-1.77,0.82,1,2
16527.984,0.344,0.727,0.562,-2.69,-1.04,0.73,1,2
16528.0,0.344,0.717,0.573,-2.69,-0.52,0.76,1,2
16528.0,0.343,0.708,0.581,-2.17,-0.67,0.34,1,2
16528.015,0.358,0.699,0.582,-0.92,-1.65,-0.21,1,2
16528.031,0.382,0.701,0.568,0.43,-2.35,-1.74,1,2
16528.031,0.384,0.706,0.578,0.61,-2.93,-4.67,1,2
16528.046,0.377,0.708,0.539,-0.09,-5.16,-8.58,1,2
16528.062,0.373,0.732,0.525,-3.2,-5.1,-11.38,1,2
16528.062,0.362,0.738,0.578,-8.82,-4.7,-12.7,1,2
16528.078,0.364,0.75,0.557,-15.23,-8.27,-15.17,1,2
16528.078,0.377,0.703,0.515,-11.51,-6.47,-18.37,1,2
16528.093,0.361,0.734,0.562,-15.5,-4.18,-21.27,1,2
16528.109,0.344,0.731,0.574,-16.57,-3.6,-23.35,1,2
16528.109,0.313,0.741,0.591,-16.63,-3.3,-24.48,1,2
16528.125,0.291,0.767,0.638,-15.87,-4.76,-24.23,1,2
16528.14,0.287,0.787,0.662,-11.78,-8.39,-22.4,1,2
16528.14,0.301,0.796,0.662,-6.23,-13.4,-19.07,1,2
16528.156,0.359,0.776,0.649,-0.55,-25.15,-15.08,1,2
16528.171,0.44,0.774,0.64,6.96,-25.94,-18.25,1,2
16528.171,0.513,0.779,0.675,23.87,-23.22,-22.0,1,2
16528.187,0.534,0.776,0.75,54.38,-18.07,-23.96,1,2
16528.203,0.491,0.929,0.97,95.61,-12.42,-24.51,1,2
16528.203,0.678,1.288,1.108,125.4,1.53,-16.36,1,2
16528.218,0.867,1.841,1.477,136.45,25.57,18.86,1,2
16528.218,0.548,2.476,1.586,145.24,52.25,43.58,1,2
16528.234,0.536,2.657,1.802,99.09,42.85,46.27,1,2
16528.25,0.276,2.626,1.958,44.34,13.25,71.72,1,2
16528.25,0.021,2.64,2.005,1.37,-36.84,104.89,1,2
16528.265,-0.074,2.386,1.886,-19.78,-101.66,139.68,1,2
16528.281,-0.073,2.085,1.65,-22.77,-162.91,171.94,1,2
16528.281,-0.113,1.814,1.339,-8.7,-209.48,193.88,1,2
16528.296,-0.195,1.516,1.041,18.62,-241.28,207.07,1,2
16528.312,-0.294,1.182,0.752,55.7,-259.47,217.02,1,2
16528.312,-0.405,0.868,0.454,93.66,-265.21,222.72,1,2
16528.328,-0.562,0.608,0.183,124.27,-258.89,222.66,1,2
16528.343,-0.73,0.349,-0.038,145.33,-242.62,219.49,1,2
16528.343,-0.768,0.121,-0.294,151.65,-228.31,215.28,1,2
16528.359,-0.681,-0.004,-0.512,138.31,-219.09,207.19,1,2
16528.359,-0.532,-0.112,-0.642,110.72,-208.08,195.23,1,2
16528.375,-0.355,-0.197,-0.724,75.75,-194.62,178.29,1,2
16528.39,-0.239,-0.25,-0.789,42.42,-176.24,155.16,1,2
16528.39,-0.182,-0.28,-0.799,17.98,-152.81,126.07,1,2
16528.406,-0.063,-0.284,-0.756,8.55,-128.18,93.23,1,2
16528.421,0.124,-0.276,-0.711,13.28,-102.42,61.89,1,2
16528.421,0.369,-0.191,-0.67,25.12,-75.81,36.77,1,2
16528.437,0.631,0.006,-0.601,44.07,-47.91,15.5,1,2
16528.437,0.866,0.224,-0.531,66.32,-17.61,-0.15,1,2
16528.453,1.062,0.437,-0.437,83.16,16.3,-4.7,1,2
16528.468,1.154,0.674,-0.312,91.16,56.98,1.37,1,2
16528.468,1.089,0.819,-0.168,89.18,98.09,18.49,1,2
16528.484,0.931,0.861,-0.031,80.2,127.57,42.73,1,2
16528.5,0.759,0.843,0.077,65.25,139.32,73.27,1,2
16528.515,0.615,0.77,0.152,45.08,136.91,107.39,1,2
16528.515,0.462,0.637,0.195,22.16,125.71,139.77,1,2
16528.531,0.294,0.425,0.207,-3.78,108.86,167.18,1,2
16528.546,0.198,0.157,0.228,-29.6,86.06,190.59,1,2
16528.546,0.186,-0.086,0.213,-46.94,59.66,203.1,1,2
16528.562,0.241,-0.296,0.157,-56.89,35.71,200.72,1,2
16528.562,0.196,-0.494,0.069,-65.0,13.49,185.34,1,2
16528.578,0.235,-0.653,0.012,-74.65,-8.48,168.46,1,2
16528.593,0.327,-0.71,-0.06,-78.28,-28.87,145.33,1,2
16528.593,0.337,-0.77,-0.183,-77.12,-44.74,113.65,1,2
16528.609,0.324,-0.848,-0.282,-80.29,-58.05,82.61,1,2
16528.609,0.373,-0.848,-0.355,-81.79,-66.5,49.59,1,2
16528.625,0.406,-0.802,-0.433,-76.02,-65.49,9.92,1,2
16528.64,0.43,-0.75,-0.461,-65.22,-53.35,-34.61,1,2
16528.656,0.466,-0.687,-0.452,-50.26,-30.43,-81.48,1,2
16528.656,0.51,-0.605,-0.427,-32.47,2.78,-125.28,1,2
16528.671,0.592,-0.517,-0.387,-12.21,42.97,-160.1,1,2
16528.671,0.703,-0.4,-0.34,9.03,87.65,-183.42,1,2
16528.687,0.784,-0.259,-0.274,27.04,135.53,-195.81,1,2
16528.703,0.781,-0.115,-0.174,40.13,182.29,-200.29,1,2
16528.703,0.768,0.064,-0.016,48.31,222.36,-201.09,1,2
16528.718,0.768,0.303,0.183,49.1,253.27,-200.05,1,2
16528.718,0.667,0.549,0.426,42.54,272.59,-196.2,1,2
16528.734,0.566,0.796,0.695,28.11,274.76,-183.87,1,2
16528.75,0.527,1.064,0.95,8.88,257.45,-164.37,1,2
16528.75,0.509,1.247,1.099,-13.25,224.77,-143.71,1,2
16528.765,0.511,1.301,1.166,-46.14,179.2,-122.41,1,2
16528.781,0.616,1.286,1.19,-86.95,128.79,-100.1,1,2
16528.781,0.755,1.186,1.155,-121.71,87.22,-80.51,1,2
16528.796,0.871,1.033,1.082,-144.51,59.66,-65.49,1,2
16528.812,0.96,0.865,0.989,-156.9,45.32,-55.09,1,2
16528.812,1.048,0.681,0.904,-158.54,41.2,-48.8,1,2
16528.828,1.117,0.523,0.83,-147.83,45.08,-49.04,1,2
16528.843,1.138,0.405,0.77,-127.63,54.63,-56.76,1,2
16528.843,1.132,0.314,0.714,-103.89,67.45,-69.09,1,2
16528.859,1.105,0.27,0.686,-75.47,82.49,-82.55,1,2
16528.859,1.038,0.297,0.717,-42.85,98.21,-94.49,1,2
16528.875,0.94,0.374,0.77,-7.42,109.99,-99.46,1,2
16528.89,0.875,0.474,0.801,24.26,117.01,-95.22,1,2
16528.89,0.818,0.61,0.843,45.05,120.06,-87.1,1,2
16528.906,0.771,0.702,0.875,54.14,119.54,-80.08,1,2
16528.921,0.726,0.751,0.894,52.61,115.76,-74.77,1,2
16528.921,0.685,0.784,0.901,42.51,109.56,-70.38,1,2
16528.937,0.654,0.797,0.892,27.86,102.33,-67.14,1,2
16528.953,0.619,0.801,0.881,10.77,94.64,-65.31,1,2
16528.953,0.579,0.811,0.879,-7.23,87.68,-63.57,1,2
16528.968,0.529,0.825,0.888,-23.26,80.48,-61.83,1,2
16528.968,0.477,0.815,0.903,-34.21,70.62,-58.11,1,2
16528.984,0.443,0.789,0.92,-38.51,57.77,-50.57,1,2
16529.0,0.436,0.768,0.926,-35.22,42.48,-40.13,1,2
16529.0,0.45,0.746,0.91,-25.7,26.43,-29.97,1,2
16529.015,0.485,0.714,0.879,-13.82,11.9,-21.97,1,2
16529.031,0.518,0.695,0.843,-2.47,0.85,-17.52,1,2
16529.031,0.552,0.676,0.8,7.26,-6.93,-16.27,1,2
16529.046,0.569,0.659,0.758,15.35,-10.74,-15.99,1,2
16529.062,0.581,0.651,0.722,21.36,-11.84,-15.44,1,2
16529.062,0.592,0.64,0.689,24.78,-11.78,-14.71,1,2
16529.078,0.598,0.631,0.668,25.27,-10.71,-14.1,1,2
16529.093,0.601,0.623,0.655,23.93,-9.19,-13.58,1,2
16529.093,0.593,0.616,0.648,21.52,-7.51,-12.79,1,2
16529.109,0.592,0.604,0.641,18.8,-7.05,-11.66,1,2
16529.109,0.593,0.593,0.64,16.33,-8.27,-11.08,1,2
16529.125,0.59,0.602,0.639,14.31,-10.86,-11.14,1,2
16529.14,0.579,0.627,0.632,12.82,-14.01,-11.93,1,2
16529.14,0.563,0.658,0.628,7.63,-18.68,-11.93,1,2
16529.156,0.547,0.692,0.623,3.2,-19.01,-11.6,1,2
16529.171,0.529,0.731,0.618,-2.04,-18.1,-10.93,1,2
16529.171,0.471,0.794,0.627,-7.23,-16.08,-9.13,1,2
16529.187,0.433,0.801,0.639,-11.51,-13.76,-5.77,1,2
16529.187,0.388,0.8,0.652,-14.44,-12.05,-1.43,1,2
16529.203,0.338,0.797,0.673,-15.38,-11.23,2.99,1,2
16529.218,0.301,0.771,0.685,-14.77,-11.69,8.03,1,2
16529.234,0.273,0.73,0.692,-13.67,-13.76,12.97,1,2
16529.234,0.252,0.679,0.684,-11.93,-17.88,17.06,1,2
16529.25,0.248,0.625,0.668,-9.13,-23.35,20.08,1,2
16529.25,0.258,0.565,0.641,-5.25,-29.33,21.55,1,2
16529.265,0.274,0.493,0.597,-0.76,-35.13,21.3,1,2
16529.281,0.29,0.438,0.548,4.18,-39.46,18.83,1,2
16529.281,0.307,0.408,0.506,9.03,-40.96,14.34,1,2
16529.296,0.335,0.395,0.477,12.45,-38.79,9.34,1,2
16529.312,0.35,0.405,0.463,13.21,-33.97,4.18,1,2
16529.312,0.364,0.414,0.464,12.88,-28.08,-0.67,1,2
16529.328,0.388,0.429,0.474,11.75,-22.31,-4.79,1,2
16529.328,0.405,0.452,0.482,10.71,-17.09,-8.51,1,2
16529.343,0.419,0.476,0.506,9.58,-12.97,-12.18,1,2
16529.359,0.44,0.504,0.526,7.48,-10.32,-15.2,1,2
16529.375,0.446,0.527,0.541,4.7,-8.03,-17.49,1,2
16529.375,0.445,0.538,0.569,1.13,-5.65,-18.19,1,2
16529.39,0.442,0.553,0.604,-3.33,-3.27,-17.85,1,2
16529.39,0.442,0.563,0.639,-9.16,-0.7,-16.85,1,2
16529.406,0.44,0.559,0.67,-16.39,1.83,-16.27,1,2
16529.421,0.427,0.56,0.701,-23.77,3.48,-16.91,1,2
16529.437,0.411,0.56,0.729,-30.46,3.66,-19.1,1,2
16529.437,0.39,0.576,0.754,-35.4,1.89,-22.0,1,2
16529.453,0.367,0.598,0.773,-38.0,-1.74,-23.71,1,2
16529.453,0.356,0.619,0.791,-38.06,-6.41,-23.29,1,2
16529.468,0.352,0.63,0.805,-35.8,-11.41,-21.45,1,2
16529.468,0.343,0.632,0.807,-31.01,-17.33,-19.38,1,2
16529.484,0.348,0.632,0.796,-23.87,-24.14,-17.58,1,2
16529.5,0.362,0.631,0.774,-16.42,-30.92,-16.42,1,2
16529.515,0.379,0.628,0.737,-10.01,-37.39,-16.3,1,2
16529.515,0.386,0.616,0.693,-5.65,-42.97,-16.51,1,2
16529.531,0.413,0.628,0.646,-3.17,-46.75,-17.24,1,2
16529.531,0.412,0.635,0.593,-2.14,-47.85,-19.23,1,2
16529.546,0.42,0.626,0.548,-3.6,-47.18,-20.72,1,2
16529.562,0.418,0.645,0.517,-6.2,-44.59,-21.49,1,2
16529.562,0.406,0.65,0.493,-8.09,-41.2,-22.25,1,2
16529.578,0.393,0.649,0.471,-9.0,-37.9,-22.4,1,2
16529.593,0.378,0.657,0.471,-8.45,-34.3,-21.45,1,2
16529.593,0.378,0.661,0.472,-7.63,-30.64,-20.36,1,2
16529.609,0.375,0.664,0.474,-6.44,-24.84,-19.81,1,2
16529.609,0.356,0.683,0.494,-6.13,-17.67,-20.26,1,2
16529.625,0.332,0.699,0.51,-6.1,-11.63,-21.09,1,2
16529.64,0.303,0.721,0.524,-6.01,-6.71,-21.49,1,2
16529.64,0.276,0.748,0.533,-5.89,-2.47,-21.76,1,2
16529.656,0.248,0.754,0.544,-5.77,1.34,-22.31,1,2
16529.671,0.222,0.753,0.556,-5.43,4.55,-22.55,1,2
16529.671,0.194,0.758,0.567,-2.69,7.2,-21.94,1,2
16529.687,0.161,0.753,0.573,3.05,9.03,-19.71,1,2
16529.703,0.161,0.746,0.574,9.95,10.1,-15.72,1,2
16529.703,0.175,0.73,0.578,15.78,11.14,-12.42,1,2
16529.718,0.207,0.724,0.611,21.7,14.8,-12.73,1,2
16529.718,0.283,0.854,0.697,26.58,24.38,-17.67,1,2
16529.734,0.304,1.095,0.827,20.69,39.86,-25.73,1,2
16529.75,0.249,1.261,0.943,3.02,52.4,-38.18,1,2
16529.75,0.115,1.14,1.006,-7.81,49.53,-39.74,1,2
16529.765,0.018,0.879,0.996,-2.66,30.43,-18.07,1,2
16529.781,0.082,0.743,0.925,14.01,3.81,15.38,1,2
16529.781,0.212,0.653,0.778,29.51,-20.2,36.56,1,2
16529.796,0.304,0.525,0.649,31.59,-35.31,36.38,1,2
16529.812,0.367,0.467,0.563,22.0,-41.44,24.32,1,2
16529.812,0.416,0.454,0.521,11.02,-39.09,9.98,1,2
16529.828,0.438,0.466,0.522,4.91,-31.56,-0.18,1,2
16529.843,0.458,0.556,0.542,5.07,-22.46,-6.01,1,2
16529.843,0.482,0.663,0.569,8.45,-13.31,-11.44,1,2
16529.859,0.474,0.721,0.584,12.24,-5.22,-16.94,1,2
16529.859,0.448,0.744,0.592,15.05,-0.21,-20.45,1,2
16529.875,0.422,0.759,0.584,17.7,1.4,-20.69,1,2
16529.89,0.399,0.759,0.562,18.13,1.25,-19.26,1,2
16529.89,0.388,0.738,0.539,14.5,0.7,-18.13,1,2
16529.906,0.387,0.715,0.529,7.63,0.92,-17.58,1,2
16529.921,0.391,0.701,0.536,0.73,2.62,-17.73,1,2
16529.921,0.392,0.688,0.543,-3.81,5.77,-18.19,1,2
16529.937,0.389,0.684,0.554,-6.99,9.37,-18.56,1,2
16529.953,0.38,0.673,0.567,-8.94,12.94,-19.35,1,2
16529.953,0.366,0.673,0.584,-10.07,16.05,-19.78,1,2
16529.968,0.345,0.695,0.601,-11.14,17.98,-19.75,1,2
16529.968,0.326,0.716,0.622,-12.82,17.73,-19.01,1,2
16529.984,0.304,0.741,0.649,-13.92,15.44,-17.06,1,2
16530.0,0.278,0.755,0.673,-13.89,10.83,-13.73,1,2
16530.0,0.278,0.754,0.687,-13.37,4.18,-9.06,1,2
16530.015,0.284,0.745,0.681,-12.82,-2.72,-4.85,1,2
16530.031,0.302,0.717,0.666,-11.99,-8.45,-1.98,1,2
16530.046,0.327,0.679,0.647,-10.56,-11.84,-0.21,1,2
16530.046,0.341,0.653,0.632,-8.61,-12.3,0.58,1,2
16530.062,0.352,0.642,0.627,-6.9,-11.44,0.46,1,2
16530.062,0.355,0.648,0.624,-5.92,-10.16,-1.01,1,2
16530.078,0.354,0.654,0.625,-5.04,-9.34,-2.66,1,2
16530.093,0.354,0.669,0.63,-4.12,-8.94,-3.88,1,2
16530.093,0.351,0.679,0.633,-3.39,-9.03,-5.04,1,2
16530.109,0.341,0.684,0.638,-2.41,-9.8,-5.04,1,2
16530.109,0.337,0.697,0.635,-1.65,-11.26,-4.06,1,2
16530.125,0.349,0.707,0.629,-3.42,-13.82,-2.99,1,2
16530.14,0.349,0.699,0.619,-4.15,-14.01,-2.72,1,2
16530.14,0.353,0.685,0.608,-5.62,-13.73,-2.69,1,2
16530.156,0.36,0.679,0.602,-6.99,-12.85,-3.08,1,2
16530.171,0.359,0.674,0.609,-8.24,-11.84,-3.6,1,2
16530.171,0.357,0.677,0.615,-9.06,-11.35,-4.03,1,2
16530.187,0.352,0.682,0.623,-9.67,-11.32,-4.06,1,2
16530.203,0.352,0.685,0.622,-9.8,-11.93,-3.88,1,2
16530.203,0.35,0.689,0.625,-9.95,-12.54,-3.2,1,2
16530.218,0.354,0.694,0.614,-10.35,-13.0,-2.23,1,2
16530.218,0.361,0.693,0.604,-11.35,-12.7,-1.31,1,2
16530.234,0.368,0.688,0.603,-12.42,-11.66,-0.27,1,2
16530.25,0.375,0.686,0.596,-12.54,-9.77,0.89,1,2
16530.25,0.373,0.677,0.599,-12.82,-6.84,1.8,1,2
16530.265,0.375,0.668,0.605,-13.7,-4.39,2.2,1,2
16530.281,0.367,0.664,0.614,-14.62,-2.47,2.26,1,2
16530.281,0.365,0.661,0.63,-15.56,-1.68,2.11,1,2
16530.296,0.358,0.659,0.647,-16.3,-1.53,1.74,1,2
16530.312,0.356,0.657,0.656,-16.57,-2.32,1.4,1,2
16530.312,0.36,0.653,0.655,-16.36,-3.66,1.19,1,2
16530.328,0.364,0.647,0.657,-15.41,-4.73,1.16,1,2
16530.343,0.368,0.641,0.655,-13.64,-4.73,1.46,1,2
16530.343,0.379,0.636,0.653,-11.51,-4.18,1.59,1,2
16530.359,0.382,0.631,0.652,-9.13,-2.99,1.13,1,2
16530.359,0.384,0.629,0.651,-6.62,-1.56,0.43,1,2
16530.375,0.382,0.63,0.648,-4.12,0.06,-0.49,1,2
16530.39,0.378,0.63,0.647,-1.77,1.53,-1.59,1,2
16530.406,0.378,0.632,0.649,0.06,2.35,-2.72,1,2
16530.406,0.375,0.646,0.649,0.89,3.11,-3.45,1,2
16530.421,0.367,0.64,0.648,2.08,3.36,-4.39,1,2
16530.421,0.37,0.646,0.653,2.53,3.05,-4.73,1,2
16530.437,0.364,0.653,0.647,2.99,2.9,-5.31,1,2
16530.453,0.363,0.652,0.649,3.14,2.59,-5.68,1,2
16530.453,0.362,0.658,0.647,3.33,2.59,-5.62,1,2
16530.468,0.358,0.657,0.644,3.72,2.78,-5.4,1,2
16530.468,0.362,0.659,0.643,3.48,2.87,-4.94,1,2
16530.484,0.365,0.654,0.64,3.14,2.75,-5.28,1,2
16530.5,0.366,0.646,0.643,3.14,2.93,-5.71,1,2
16530.5,0.368,0.653,0.644,2.75,3.14,-6.44,1,2
16530.515,0.37,0.642,0.642,3.33,3.23,-7.84,1,2
16530.531,0.362,0.651,0.64,3.51,3.6,-9.03,1,2
16530.531,0.354,0.643,0.638,3.63,3.57,-10.44,1,2
16530.546,0.348,0.657,0.644,3.42,3.88,-10.93,1,2
16530.562,0.338,0.669,0.644,3.05,3.39,-11.35,1,2
16530.562,0.328,0.678,0.65,2.53,2.53,-10.74,1,2
16530.578,0.327,0.688,0.653,2.78,1.56,-8.85,1,2
16530.593,0.327,0.696,0.648,3.69,1.1,-6.2,1,2
16530.593,0.324,0.692,0.642,4.03,0.95,-3.72,1,2
16530.609,0.323,0.684,0.639,3.36,0.61,-1.89,1,2
16530.609,0.325,0.677,0.639,2.23,-0.09,-0.67,1,2
16530.625,0.327,0.678,0.641,0.89,-0.92,0.55,1,2
16530.64,0.331,0.681,0.64,-0.03,-1.65,1.59,1,2
16530.64,0.331,0.677,0.648,-1.19,-2.47,2.2,1,2
16530.656,0.342,0.669,0.648,-1.98,-3.69,2.44,1,2
16530.671,0.342,0.662,0.645,-1.25,-4.18,2.87,1,2
16530.671,0.349,0.665,0.646,-0.82,-4.67,2.84,1,2
16530.687,0.347,0.653,0.645,-0.61,-4.94,2.17,1,2
16530.687,0.354,0.655,0.644,-0.64,-5.19,1.28,1,2
16530.703,0.353,0.652,0.639,-0.7,-5.28,0.0,1,2
16530.718,0.359,0.654,0.641,-1.16,-5.04,-1.13,1,2
16530.718,0.36,0.662,0.637,-1.37,-4.43,-1.83,1,2
16530.734,0.358,0.658,0.633,-0.92,-3.78,-2.04,1,2
16530.75,0.366,0.667,0.633,-0.24,-2.72,-1.37,1,2
16530.765,0.366,0.675,0.631,0.24,-1.25,-1.13,1,2
16530.765,0.363,0.661,0.631,0.24,-0.27,-1.25,1,2
16530.781,0.363,0.662,0.625,0.0,0.24,-1.86,1,2
16530.781,0.36,0.658,0.624,-0.61,0.85,-2.66,1,2
16530.796,0.359,0.662,0.628,-1.37,1.5,-3.57,1,2
16530.812,0.349,0.666,0.63,-2.53,2.11,-5.04,1,2
16530.812,0.342,0.663,0.633,-4.15,2.35,-6.59,1,2
16530.828,0.334,0.67,0.637,-4.82,2.29,-6.47,1,2
16530.843,0.335,0.681,0.642,-5.46,2.17,-5.86,1,2
16530.843,0.327,0.681,0.642,-5.95,2.14,-4.67,1,2
16530.859,0.329,0.679,0.644,-6.44,1.83,-3.48,1,2
16530.859,0.327,0.676,0.648,-6.38,1.8,-1.68,1,2
16530.875,0.328,0.671,0.651,-6.29,1.77,-0.18,1,2
16530.89,0.328,0.662,0.657,-6.29,1.59,0.95,1,2
16530.89,0.326,0.657,0.661,-6.07,1.16,1.46,1,2
16530.906,0.322,0.653,0.666,-5.46,0.31,1.77,1,2
16530.921,0.331,0.648,0.671,-5.46,-1.37,0.61,1,2
16530.921,0.324,0.649,0.678,-5.46,-3.36,0.7,1,2
16530.937,0.328,0.658,0.69,-4.49,-5.71,0.95,1,2
16530.937,0.328,0.655,0.687,-2.59,-8.45,2.08,1,2
16530.953,0.337,0.661,0.681,-0.61,-10.44,3.27,1,2
16530.968,0.344,0.661,0.659,1.68,-10.99,4.12,1,2
16530.984,0.349,0.653,0.658,3.57,-10.32,5.25,1,2
16530.984,0.357,0.648,0.646,5.95,-9.16,6.41,1,2
16531.0,0.362,0.651,0.642,6.84,-7.78,6.47,1,2
16531.0,0.367,0.642,0.634,7.08,-6.68,5.71,1,2
16531.015,0.375,0.638,0.628,7.11,-5.31,4.55,1,2
16531.031,0.383,0.641,0.631,7.48,-3.63,2.84,1,2
16531.031,0.379,0.645,0.629,8.27,-1.86,1.01,1,2
16531.046,0.38,0.651,0.624,8.39,-0.18,-0.46,1,2
16531.046,0.375,0.663,0.621,7.9,1.19,-1.86,1,2
16531.062,0.363,0.665,0.623,6.9,2.23,-3.02,1,2
16531.078,0.355,0.665,0.627,5.31,3.02,-3.6,1,2
16531.078,0.349,0.674,0.634,3.57,3.45,-3.3,1,2
16531.093,0.344,0.68,0.641,2.41,3.48,-2.38,1,2
16531.109,0.339,0.68,0.645,2.14,3.08,-0.98,1,2
16531.109,0.336,0.675,0.652,2.9,0.31,0.98,1,2
16531.125,0.335,0.674,0.651,3.51,-1.13,1.46,1,2
16531.14,0.334,0.677,0.644,4.09,-2.17,1.95,1,2
16531.14,0.34,0.674,0.623,3.51,-2.38,2.01,1,2
16531.156,0.342,0.674,0.619,1.34,-1.8,2.01,1,2
16531.171,0.344,0.669,0.62,-1.37,-0.73,2.04,1,2
16531.171,0.349,0.665,0.621,-3.66,0.34,2.23,1,2
16531.187,0.352,0.661,0.634,-5.07,1.1,2.14,1,2
16531.203,0.356,0.663,0.642,-5.89,1.43,2.01,1,2
16531.203,0.358,0.665,0.648,-5.74,1.71,1.86,1,2
16531.218,0.359,0.657,0.652,-4.43,1.62,1.5,1,2
16531.218,0.357,0.653,0.653,-2.99,1.16,1.04,1,2
16531.234,0.362,0.655,0.655,-2.11,0.03,0.37,1,2
16531.25,0.364,0.654,0.653,-0.85,-0.79,-0.58,1,2
16531.25,0.363,0.65,0.644,0.73,-1.1,-1.68,1,2
16531.265,0.368,0.65,0.639,2.01,-0.64,-2.99,1,2
16531.281,0.367,0.657,0.629,3.2,0.21,-3.75,1,2
16531.281,0.364,0.664,0.625,3.78,1.56,-3.91,1,2
16531.296,0.361,0.673,0.626,3.63,2.81,-3.97,1,2
16531.312,0.351,0.67,0.624,2.66,3.54,-4.39,1,2
16531.312,0.345,0.67,0.627,0.98,3.91,-4.49,1,2
16531.328,0.337,0.674,0.632,-0.89,4.06,-4.39,1,2
16531.328,0.332,0.677,0.641,-2.75,3.97,-4.09,1,2
16531.343,0.321,0.676,0.647,-4.0,3.78,-3.3,1,2
16531.359,0.316,0.675,0.66,-4.33,2.84,-1.53,1,2
16531.359,0.312,0.675,0.672,-4.06,1.62,0.43,1,2
16531.375,0.307,0.673,0.681,-3.08,-0.34,2.41,1,2
16531.39,0.31,0.674,0.686,-1.5,-2.81,4.58,1,2
16531.39,0.315,0.67,0.682,0.79,-5.58,6.35,1,2
16531.406,0.321,0.662,0.674,3.11,-8.06,8.03,1,2
16531.421,0.334,0.662,0.659,4.7,-9.7,9.0,1,2
16531.421,0.348,0.66,0.645,5.8,-10.5,9.4,1,2
16531.437,0.362,0.651,0.628,6.87,-10.47,9.0,1,2
16531.437,0.377,0.656,0.618,6.81,-9.49,8.06,1,2
16531.453,0.376,0.651,0.61,5.77,-7.97,5.58,1,2
16531.468,0.396,0.652,0.614,2.9,-6.35,1.04,1,2
16531.468,0.379,0.662,0.615,0.0,-4.91,-1.71,1,2
16531.484,0.378,0.65,0.619,-0.92,-4.36,-2.75,1,2
16531.5,0.391,0.647,0.611,-0.43,-3.57,-2.69,1,2
16531.5,0.399,0.674,0.615,-1.89,-1.53,-3.66,1,2
16531.515,0.382,0.666,0.616,-3.23,1.16,-5.52,1,2
16531.531,0.372,0.648,0.618,-2.96,3.05,-6.71,1,2
16531.531,0.368,0.651,0.625,-2.38,4.09,-7.29,1,2
16531.546,0.362,0.666,0.634,-3.33,5.31,-8.24,1,2
16531.562,0.348,0.668,0.639,-3.51,6.41,-8.64,1,2
16531.562,0.336,0.666,0.644,-2.38,6.62,-7.97,1,2
16531.578,0.332,0.672,0.651,-0.98,6.47,-6.29,1,2
16531.578,0.328,0.68,0.659,-0.15,5.89,-4.49,1,2
16531.593,0.319,0.681,0.664,0.27,4.94,-2.62,1,2
16531.609,0.314,0.686,0.669,1.1,3.2,-0.21,1,2
16531.609,0.311,0.683,0.67,2.08,0.58,2.41,1,2
16531.625,0.317,0.677,0.669,2.81,-2.32,4.67,1,2
16531.64,0.323,0.674,0.661,3.23,-4.91,6.07,1,2
16531.656,0.333,0.668,0.647,3.63,-6.62,6.71,1,2
16531.656,0.338,0.661,0.635,3.75,-7.35,6.47,1,2
16531.671,0.342,0.656,0.625,3.33,-7.02,5.65,1,2
16531.671,0.35,0.658,0.621,2.26,-6.16,4.39,1,2
16531.687,0.354,0.663,0.621,0.79,-5.22,2.87,1,2
16531.703,0.358,0.669,0.621,-0.4,-4.46,1.65,1,2
16531.703,0.363,0.671,0.624,-1.56,-3.91,0.82,1,2
16531.718,0.368,0.672,0.624,-2.44,-3.3,0.24,1,2
16531.734,0.372,0.668,0.625,-3.2,-2.78,-0.27,1,2
16531.734,0.374,0.659,0.626,-3.85,-2.08,-0.98,1,2
16531.75,0.378,0.652,0.626,-4.21,-1.34,-1.89,1,2
16531.75,0.379,0.651,0.629,-5.04,-0.67,-3.75,1,2
16531.765,0.377,0.648,0.633,-5.1,0.03,-4.85,1,2
16531.781,0.375,0.662,0.633,-3.94,1.5,-4.88,1,2
16531.781,0.371,0.667,0.633,-2.66,3.14,-4.73,1,2
16531.796,0.357,0.658,0.637,-2.2,4.52,-5.07,1,2
16531.812,0.345,0.655,0.639,-2.14,5.28,-5.19,1,2
16531.812,0.338,0.661,0.643,-2.47,5.46,-4.67,1,2
16531.828,0.327,0.668,0.651,-2.84,5.37,-4.03,1,2
16531.843,0.317,0.672,0.662,-2.47,4.85,-2.81,1,2
16531.843,0.308,0.678,0.671,-1.65,3.63,-1.13,1,2
16531.859,0.304,0.679,0.675,-0.73,1.59,0.73,1,2
16531.859,0.304,0.677,0.674,-0.03,-0.95,2.66,1,2
16531.875,0.312,0.675,0.668,0.82,-3.39,4.76,1,2
16531.89,0.326,0.67,0.659,1.77,-5.25,6.41,1,2
16531.89,0.342,0.665,0.647,2.2,-6.56,7.17,1,2
16531.906,0.358,0.66,0.635,2.41,-7.05,7.11,1,2
16531.921,0.375,0.651,0.627,2.32,-6.38,5.86,1,2
16531.921,0.386,0.646,0.618,1.89,-4.82,3.75,1,2
16531.937,0.389,0.643,0.613,0.82,-2.93,0.95,1,2
16531.953,0.386,0.64,0.614,-0.46,-0.61,-2.04,1,2
16531.953,0.381,0.647,0.621,-1.68,1.53,-4.18,1,2
16531.968,0.371,0.656,0.631,-2.59,3.23,-5.58,1,2
16531.968,0.36,0.66,0.644,-3.23,4.36,-6.38,1,2
16531.984,0.348,0.66,0.653,-3.42,4.55,-6.29,1,2
16532.0,0.344,0.663,0.662,-3.23,3.97,-5.55,1,2
16532.0,0.338,0.662,0.667,-2.47,2.93,-4.73,1,2
16532.015,0.334,0.664,0.668,-1.19,1.77,-3.69,1,2
16532.031,0.333,0.665,0.662,0.43,0.61,-3.02,1,2
16532.031,0.333,0.663,0.657,2.08,-0.15,-2.26,1,2
16532.046,0.333,0.667,0.65,3.57,-0.61,-1.28,1,2
16532.062,0.33,0.671,0.647,4.61,-0.79,-0.27,1,2
16532.062,0.334,0.674,0.644,5.22,-1.1,0.43,1,2
16532.078,0.334,0.677,0.641,5.31,-1.59,1.1,1,2
16532.093,0.333,0.677,0.637,5.07,-2.14,1.65,1,2
16532.093,0.332,0.679,0.635,3.39,-2.75,2.41,1,2
16532.109,0.333,0.677,0.631,1.86,-2.84,2.75,1,2
16532.109,0.33,0.672,0.632,0.31,-2.96,3.08,1,2
16532.125,0.333,0.674,0.637,-1.16,-3.2,3.2,1,2
16532.14,0.339,0.666,0.645,-2.17,-3.6,3.66,1,2
16532.14,0.349,0.662,0.648,-2.35,-4.06,4.0,1,2
16532.156,0.356,0.658,0.649,-2.26,-4.18,3.72,1,2
16532.171,0.361,0.649,0.649,-1.59,-4.24,3.3,1,2
16532.171,0.371,0.646,0.646,-0.67,-4.12,2.62,1,2
16532.187,0.376,0.645,0.64,0.49,-3.33,1.53,1,2
16532.187,0.378,0.646,0.636,1.74,-2.17,0.31,1,2
16532.203,0.378,0.65,0.63,2.75,-0.82,-0.89,1,2
16532.218,0.377,0.658,0.625,3.51,0.7,-1.95,1,2
16532.218,0.371,0.664,0.623,3.6,2.08,-2.84,1,2
16532.234,0.365,0.665,0.623,3.42,3.3,-3.33,1,2
16532.25,0.359,0.672,0.624,2.84,4.27,-3.6,1,2
16532.25,0.349,0.677,0.629,2.14,5.07,-3.88,1,2
16532.265,0.338,0.674,0.633,1.1,5.4,-3.94,1,2
16532.281,0.335,0.673,0.637,0.46,5.34,-3.54,1,2
16532.281,0.329,0.669,0.639,0.37,5.46,-3.27,1,2
16532.296,0.323,0.667,0.643,0.21,5.34,-2.81,1,2
16532.312,0.32,0.674,0.651,0.34,5.22,-2.14,1,2
16532.312,0.316,0.68,0.659,0.92,4.82,-1.34,1,2
16532.328,0.315,0.673,0.667,1.83,3.88,-0.27,1,2
16532.328,0.313,0.671,0.668,3.08,2.47,1.22,1,2
16532.343,0.315,0.669,0.668,4.18,0.7,2.87,1,2
16532.359,0.322,0.669,0.665,4.91,-1.19,4.12,1,2
16532.359,0.33,0.67,0.66,5.49,-3.14,4.88,1,2
16532.375,0.336,0.67,0.652,5.71,-4.64,5.49,1,2
16532.39,0.35,0.673,0.642,6.01,-5.62,5.98,1,2
16532.406,0.357,0.671,0.633,6.2,-6.26,6.01,1,2
16532.406,0.366,0.67,0.626,6.01,-6.26,5.52,1,2
16532.421,0.376,0.666,0.616,5.49,-5.77,4.61,1,2
16532.421,0.38,0.665,0.608,4.94,-4.55,3.23,1,2
16532.437,0.38,0.665,0.605,4.0,-2.93,1.5,1,2
16532.453,0.377,0.663,0.603,3.05,-1.25,-0.55,1,2
16532.453,0.368,0.668,0.607,1.68,0.27,-2.29,1,2
16532.468,0.36,0.672,0.612,0.27,1.89,-3.66,1,2
16532.484,0.348,0.677,0.618,-0.64,3.14,-4.36,1,2
16532.484,0.338,0.682,0.628,-1.65,3.72,-4.49,1,2
16532.5,0.328,0.679,0.637,-2.35,3.85,-3.97,1,2
16532.5,0.321,0.681,0.644,-2.59,3.3,-3.11,1,2
16532.515,0.318,0.681,0.651,-2.69,2.23,-2.01,1,2
16532.531,0.321,0.681,0.657,-2.38,0.95,-0.61,1,2
16532.531,0.324,0.676,0.656,-1.43,-0.58,0.85,1,2
16532.546,0.327,0.668,0.657,-0.43,-1.77,2.04,1,2
16532.562,0.336,0.668,0.653,0.79,-2.62,3.02,1,2
16532.562,0.34,0.668,0.651,2.11,-3.2,3.63,1,2
16532.578,0.347,0.666,0.644,3.23,-3.75,4.12,1,2
16532.593,0.352,0.667,0.638,4.21,-3.88,4.27,1,2
16532.593,0.356,0.67,0.633,4.7,-3.88,4.27,1,2
16532.609,0.358,0.672,0.627,4.82,-3.75,4.0,1,2
16532.609,0.359,0.671,0.623,4.73,-3.48,3.3,1,2
16532.625,0.358,0.672,0.621,4.18,-3.2,2.69,1,2
16532.64,0.357,0.675,0.619,3.45,-3.05,2.04,1,2
16532.64,0.356,0.677,0.618,2.66,-2.93,1.43,1,2
16532.656,0.354,0.68,0.619,1.59,-2.66,0.85,1,2
16532.671,0.353,0.681,0.619,0.61,-2.41,0.52,1,2
16532.671,0.352,0.677,0.619,-0.4,-2.17,0.12,1,2
16532.687,0.352,0.677,0.62,-1.25,-1.98,-0.12,1,2
16532.703,0.354,0.674,0.624,-1.83,-1.71,-0.37,1,2
16532.703,0.355,0.673,0.628,-2.11,-1.4,-0.58,1,2
16532.718,0.357,0.668,0.628,-1.98,-0.95,-0.82,1,2
16532.718,0.357,0.665,0.63,-1.68,-0.46,-1.25,1,2
16532.734,0.356,0.667,0.633,-1.19,0.09,-1.34,1,2
16532.75,0.354,0.671,0.636,-0.79,0.37,-1.34,1,2
16532.75,0.349,0.671,0.64,-0.12,0.46,-1.25,1,2
16532.765,0.345,0.674,0.64,0.4,0.15,-0.82,1,2
16532.781,0.346,0.676,0.638,1.07,-0.46,-0.24,1,2
16532.781,0.347,0.676,0.635,1.43,-1.07,0.43,1,2
16532.796,0.347,0.677,0.631,1.5,-1.46,0.76,1,2
16532.812,0.347,0.676,0.629,1.53,-1.71,1.16,1,2
16532.812,0.349,0.677,0.626,1.25,-1.83,1.62,1,2
16532.828,0.35,0.678,0.628,0.95,-1.89,1.74,1,2
16532.843,0.348,0.675,0.629,0.37,-1.74,1.8,1,2
16532.843,0.348,0.671,0.631,-0.18,-2.14,1.83,1,2
16532.859,0.35,0.672,0.631,-0.55,-2.41,1.95,1,2
16532.859,0.35,0.671,0.632,-0.61,-2.56,1.92,1,2
16532.875,0.354,0.67,0.632,-0.43,-2.84,1.71,1,2
16532.89,0.354,0.671,0.629,-0.06,-2.81,1.31,1,2
16532.89,0.354,0.667,0.627,0.24,-2.87,1.01,1,2
16532.906,0.357,0.673,0.624,0.18,-2.9,0.67,1,2
16532.921,0.358,0.675,0.622,0.06,-2.32,0.09,1,2
16532.937,0.361,0.674,0.619,-0.12,-1.68,-0.09,1,2
16532.937,0.362,0.674,0.62,-0.46,-1.19,-0.21,1,2
16532.937,0.36,0.674,0.621,-0.92,-0.64,-0.34,1,2
16532.953,0.359,0.673,0.625,-1.46,-0.12,-0.49,1,2
16532.968,0.36,0.669,0.626,-1.74,0.03,-0.61,1,2
16532.968,0.361,0.669,0.629,-1.71,0.21,-0.61,1,2
16532.984,0.359,0.667,0.634,-1.77,0.46,-0.79,1,2
16533.0,0.356,0.665,0.635,-1.43,0.58,-0.85,1,2
16533.015,0.354,0.666,0.637,-1.1,0.82,-0.85,1,2
16533.015,0.355,0.667,0.639,-0.52,0.95,-0.76,1,2
16533.031,0.353,0.668,0.637,0.31,0.85,-0.61,1,2
16533.031,0.35,0.67,0.636,1.13,0.64,-0.52,1,2
16533.046,0.347,0.67,0.636,1.74,0.31,-0.46,1,2
16533.062,0.349,0.673,0.632,2.17,-0.03,-0.24,1,2
16533.062,0.347,0.677,0.629,2.56,-0.12,-0.09,1,2
16533.078,0.346,0.676,0.629,2.32,-0.61,0.24,1,2
16533.093,0.343,0.678,0.628,2.01,-1.16,0.4,1,2
16533.093,0.342,0.681,0.624,1.37,-1.62,0.52,1,2
16533.109,0.345,0.684,0.623,0.55,-2.04,0.7,1,2
16533.109,0.347,0.684,0.624,-0.34,-2.44,0.98,1,2
16533.125,0.351,0.683,0.621,-1.34,-2.96,1.07,1,2
16533.14,0.357,0.677,0.621,-2.2,-3.11,1.1,1,2
16533.14,0.359,0.673,0.623,-2.87,-2.99,0.92,1,2
16533.156,0.362,0.668,0.626,-3.45,-2.78,0.67,1,2
16533.171,0.367,0.666,0.627,-3.72,-2.44,0.4,1,2
16533.171,0.366,0.663,0.632,-3.69,-1.89,-0.03,1,2
16533.187,0.363,0.662,0.636,-3.45,-1.46,-0.49,1,2
16533.203,0.358,0.662,0.639,-2.81,-1.31,-0.76,1,2
16533.203,0.358,0.662,0.641,-1.92,-1.31,-0.76,1,2
16533.218,0.356,0.662,0.64,-0.95,-1.19,-0.89,1,2
16533.234,0.355,0.664,0.64,-0.09,-1.25,-0.79,1,2
16533.234,0.352,0.666,0.637,0.61,-1.34,-0.76,1,2
16533.25,0.352,0.669,0.633,1.28,-1.19,-0.58,1,2
16533.25,0.351,0.673,0.629,1.5,-1.07,-0.43,1,2
16533.265,0.349,0.673,0.628,1.5,-0.89,-0.24,1,2
16533.281,0.349,0.675,0.625,1.22,-0.85,0.03,1,2
16533.281,0.351,0.677,0.627,0.76,-0.82,0.21,1,2
16533.296,0.353,0.674,0.627,0.43,-0.92,0.37,1,2
16533.312,0.352,0.674,0.629,0.0,-0.92,0.52,1,2
16533.312,0.353,0.672,0.631,-0.12,-0.89,0.55,1,2
16533.328,0.354,0.67,0.631,-0.15,-0.92,0.49,1,2
16533.343,0.353,0.669,0.634,-0.24,-1.22,0.27,1,2
16533.343,0.355,0.67,0.634,-0.15,-1.5,0.34,1,2
16533.359,0.357,0.671,0.633,0.0,-1.5,0.31,1,2
16533.359,0.358,0.67,0.632,0.06,-1.62,0.21,1,2
16533.375,0.358,0.668,0.63,0.03,-1.95,0.03,1,2
16533.39,0.359,0.67,0.627,-0.15,-2.04,-0.12,1,2
16533.39,0.358,0.67,0.626,-0.31,-1.86,-0.24,1,2
16533.406,0.359,0.672,0.625,-0.55,-1.74,-0.27,1,2
16533.421,0.359,0.672,0.628,-0.89,-1.74,-0.27,1,2
16533.421,0.357,0.671,0.629,-1.04,-1.59,-0.37,1,2
16533.437,0.356,0.672,0.628,-1.19,-1.53,-0.37,1,2
16533.453,0.355,0.673,0.63,-1.31,-1.43,-0.37,1,2
16533.453,0.353,0.673,0.632,-1.53,-1.28,-0.27,1,2
16533.468,0.351,0.67,0.633,-1.5,-1.19,-0.09,1,2
16533.468,0.355,0.669,0.634,-1.5,-1.22,0.12,1,2
16533.484,0.355,0.668,0.635,-1.4,-1.1,0.27,1,2
16533.5,0.357,0.667,0.635,-1.07,-0.95,0.21,1,2
16533.5,0.355,0.665,0.636,-0.55,-0.98,0.09,1,2
16533.515,0.356,0.666,0.637,-0.06,-0.85,0.15,1,2
16533.531,0.357,0.666,0.636,0.46,-0.76,0.06,1,2
16533.531,0.355,0.665,0.631,0.95,-0.89,0.0,1,2
16533.546,0.356,0.668,0.629,1.31,-0.73,-0.06,1,2
16533.562,0.357,0.671,0.628,1.43,-0.58,-0.21,1,2
16533.562,0.358,0.675,0.625,1.4,-0.37,-0.37,1,2
16533.578,0.356,0.676,0.626,1.16,-0.37,-0.34,1,2
16533.593,0.354,0.676,0.625,0.76,-0.37,-0.31,1,2
16533.593,0.356,0.679,0.625,0.15,-0.37,-0.06,1,2
16533.609,0.352,0.676,0.629,-0.37,-0.52,0.0,1,2
16533.609,0.352,0.675,0.631,-0.61,-0.92,0.27,1,2
16533.625,0.352,0.673,0.632,-0.92,-1.22,0.52,1,2
16533.64,0.352,0.67,0.633,-1.13,-1.65,0.73,1,2
16533.64,0.353,0.667,0.632,-1.19,-2.04,0.82,1,2
16533.656,0.354,0.664,0.635,-1.31,-2.14,0.89,1,2
16533.671,0.356,0.665,0.638,-1.37,-2.17,0.92,1,2
16533.671,0.356,0.665,0.639,-1.13,-2.17,0.89,1,2
16533.687,0.357,0.661,0.638,-0.55,-2.41,0.85,1,2
16533.687,0.357,0.662,0.638,-0.06,-2.66,0.64,1,2
16533.703,0.359,0.664,0.634,0.34,-2.96,0.43,1,2
16533.718,0.361,0.666,0.629,0.82,-2.99,0.27,1,2
16533.718,0.358,0.664,0.629,0.49,-2.72,-1.04,1,2
16533.734,0.362,0.662,0.63,0.24,-2.93,-1.74,1,2
16533.75,0.361,0.68,0.628,1.16,-2.35,-0.98,1,2
16533.765,0.367,0.685,0.619,1.98,-1.43,-0.15,1,2
16533.765,0.36,0.674,0.618,2.23,-0.82,0.06,1,2
16533.781,0.361,0.67,0.618,1.4,-0.64,-0.06,1,2
16533.781,0.364,0.671,0.616,0.18,-0.4,-0.24,1,2
16533.796,0.363,0.671,0.62,-1.01,-0.06,-0.46,1,2
16533.812,0.361,0.673,0.627,-1.65,0.58,-0.46,1,2
16533.812,0.358,0.669,0.635,-1.98,1.04,-0.34,1,2
16533.828,0.353,0.663,0.64,-1.98,0.58,-0.24,1,2
16533.843,0.353,0.661,0.643,-1.74,0.09,-0.18,1,2
16533.843,0.355,0.662,0.644,-1.04,-0.49,0.0,1,2
16533.859,0.354,0.665,0.643,-0.24,-0.76,0.15,1,2
16533.859,0.355,0.663,0.638,0.89,-0.82,0.4,1,2
16533.875,0.357,0.665,0.639,1.59,-1.04,0.52,1,2
16533.89,0.355,0.668,0.634,2.32,-1.19,0.55,1,2
16533.89,0.359,0.673,0.628,2.66,-1.22,0.55,1,2
16533.906,0.356,0.676,0.626,2.69,-1.28,0.52,1,2
16533.921,0.355,0.677,0.623,2.44,-1.56,0.52,1,2
16533.921,0.359,0.678,0.618,1.83,-1.8,0.61,1,2
16533.937,0.363,0.678,0.617,0.89,-1.8,0.55,1,2
16533.953,0.365,0.675,0.619,-0.18,-1.59,0.4,1,2
16533.953,0.365,0.673,0.619,-1.04,-1.19,0.37,1,2
16533.968,0.362,0.669,0.624,-1.71,-0.79,0.09,1,2
16533.984,0.361,0.668,0.63,-2.38,-0.55,-0.24,1,2
16533.984,0.36,0.666,0.633,-2.41,-0.46,-0.21,1,2
16534.0,0.356,0.663,0.638,-2.08,-0.43,-0.15,1,2
16534.0,0.355,0.663,0.641,-1.53,-0.73,-0.12,1,2
16534.015,0.356,0.664,0.645,-0.82,-1.25,0.06,1,2
16534.031,0.356,0.663,0.642,0.27,-1.62,0.21,1,2
16534.031,0.359,0.665,0.637,1.25,-1.65,0.37,1,2
16534.046,0.362,0.665,0.631,2.23,-1.62,0.34,1,2
16534.062,0.364,0.667,0.626,2.59,-1.19,0.21,1,2
16534.062,0.364,0.67,0.624,2.66,-0.49,-0.15,1,2
16534.078,0.362,0.673,0.623,2.35,-0.31,-0.4,1,2
16534.093,0.359,0.676,0.622,1.8,-0.37,-0.49,1,2
16534.093,0.357,0.677,0.622,1.5,-0.55,-0.24,1,2
16534.109,0.355,0.679,0.623,0.92,-0.82,-0.06,1,2
16534.109,0.355,0.678,0.626,0.24,-1.04,-0.06,1,2
16534.125,0.356,0.676,0.627,-0.4,-1.37,0.21,1,2
16534.14,0.358,0.674,0.628,-0.76,-1.74,0.43,1,2
16534.14,0.36,0.669,0.628,-0.85,-1.98,0.58,1,2
16534.156,0.362,0.666,0.628,-1.16,-1.89,0.52,1,2
16534.171,0.366,0.667,0.63,-1.46,-1.68,0.34,1,2
16534.171,0.363,0.664,0.629,-1.28,-1.28,-0.06,1,2
16534.187,0.361,0.66,0.63,-0.95,-1.04,-0.4,1,2
16534.203,0.362,0.663,0.632,-0.7,-1.04,-0.58,1,2
16534.203,0.359,0.668,0.633,-0.61,-0.92,-0.85,1,2
16534.218,0.357,0.673,0.633,-0.49,-0.95,-0.79,1,2
16534.218,0.356,0.673,0.631,-0.03,-1.04,-0.46,1,2
16534.234,0.355,0.671,0.63,0.37,-1.37,-0.34,1,2
16534.25,0.357,0.674,0.627,0.49,-1.59,-0.18,1,2
16534.25,0.357,0.673,0.625,0.64,-1.46,0.0,1,2
16534.265,0.358,0.67,0.623,0.7,-1.31,0.0,1,2
16534.281,0.361,0.67,0.625,0.24,-1.37,-0.31,1,2
16534.296,0.36,0.675,0.624,0.49,-1.13,-0.09,1,2
16534.296,0.363,0.679,0.621,0.52,-0.58,0.09,1,2
16534.296,0.36,0.677,0.625,0.27,-0.18,0.21,1,2
16534.312,0.358,0.672,0.624,-0.31,-0.27,0.18,1,2
16534.328,0.359,0.667,0.625,-1.13,-0.34,0.0,1,2
16534.343,0.359,0.664,0.629,-1.8,-0.46,-0.34,1,2
16534.343,0.359,0.668,0.632,-2.11,-0.4,-0.37,1,2
16534.359,0.358,0.666,0.637,-2.14,-0.21,-0.34,1,2
16534.359,0.356,0.662,0.641,-1.59,-0.4,-0.34,1,2
16534.375,0.356,0.661,0.644,-1.01,-0.89,-0.27,1,2
16534.39,0.356,0.664,0.641,-0.21,-1.28,-0.27,1,2
16534.39,0.36,0.667,0.636,0.89,-1.68,-0.12,1,2
16534.406,0.362,0.672,0.628,1.62,-1.74,-0.09,1,2
16534.421,0.363,0.672,0.622,1.74,-1.5,-0.31,1,2
16534.421,0.362,0.675,0.62,1.62,-1.19,-0.24,1,2
16534.437,0.363,0.68,0.617,1.1,-0.95,-0.37,1,2
16534.453,0.36,0.679,0.619,0.15,-0.85,-0.4,1,2
16534.453,0.357,0.678,0.621,-0.64,-0.76,-0.24,1,2
16534.468,0.356,0.676,0.625,-1.4,-0.76,-0.09,1,2
16534.468,0.358,0.673,0.628,-1.98,-0.95,0.06,1,2
16534.484,0.356,0.668,0.633,-2.23,-1.16,0.27,1,2
16534.5,0.358,0.664,0.637,-2.29,-1.28,0.37,1,2
16534.515,0.359,0.665,0.637,-2.08,-1.34,0.31,1,2
16534.515,0.359,0.66,0.639,-1.37,-1.25,0.06,1,2
16534.531,0.358,0.656,0.639,-0.31,-1.22,-0.09,1,2
16534.531,0.364,0.657,0.637,0.52,-1.22,-0.4,1,2
16534.546,0.364,0.662,0.631,1.1,-1.07,-0.85,1,2
16534.562,0.362,0.667,0.627,1.59,-0.61,-1.22,1,2
16534.562,0.361,0.673,0.626,1.71,-0.4,-1.19,1,2
16534.578,0.357,0.677,0.625,1.4,-0.37,-1.31,1,2
16534.593,0.354,0.679,0.625,0.61,-0.52,-1.31,1,2
16534.593,0.355,0.677,0.626,-0.15,-0.98,-0.82,1,2
16534.609,0.356,0.679,0.626,-0.64,-1.16,-0.4,1,2
16534.609,0.359,0.677,0.626,-1.07,-1.19,0.15,1,2
16534.625,0.359,0.67,0.628,-1.28,-1.19,0.43,1,2
16534.64,0.362,0.667,0.629,-1.4,-1.1,0.4,1,2
16534.64,0.363,0.665,0.63,-1.34,-0.98,0.09,1,2
16534.656,0.361,0.662,0.633,-0.98,-0.61,-0.21,1,2
16534.671,0.359,0.663,0.635,-0.61,-0.34,-0.27,1,2
16534.671,0.355,0.668,0.634,-0.27,-0.37,-0.34,1,2
16534.687,0.354,0.668,0.635,-0.09,-0.58,-0.31,1,2
16534.703,0.355,0.67,0.635,0.09,-0.82,-0.24,1,2
16534.703,0.356,0.67,0.633,0.15,-1.16,0.0,1,2
16534.718,0.357,0.669,0.633,0.24,-1.34,0.15,1,2
16534.718,0.357,0.668,0.632,0.31,-1.43,0.24,1,2
16534.734,0.36,0.669,0.628,0.15,-1.5,0.31,1,2
16534.75,0.362,0.672,0.627,-0.03,-1.25,0.12,1,2
16534.75,0.361,0.67,0.627,-0.12,-1.16,-0.03,1,2
16534.765,0.362,0.668,0.626,-0.46,-1.07,-0.21,1,2
16534.781,0.361,0.671,0.629,-0.82,-0.92,-0.34,1,2
16534.781,0.36,0.67,0.629,-1.1,-0.89,-0.49,1,2
16534.796,0.358,0.669,0.631,-0.98,-0.85,-0.46,1,2
16534.812,0.358,0.669,0.632,-0.85,-0.85,-0.49,1,2
16534.812,0.358,0.67,0.63,-0.82,-0.85,-0.4,1,2
16534.828,0.358,0.667,0.631,-0.7,-0.82,-0.37,1,2
16534.843,0.357,0.666,0.633,-0.7,-0.89,-0.31,1,2
16534.843,0.359,0.666,0.636,-0.43,-0.89,-0.15,1,2
16534.859,0.356,0.665,0.634,-0.06,-0.73,-0.27,1,2
16534.859,0.357,0.666,0.635,0.24,-0.79,0.0,1,2
16534.875,0.358,0.668,0.636,0.7,-1.16,0.09,1,2
16534.89,0.359,0.669,0.633,0.98,-1.46,0.06,1,2
16534.89,0.36,0.663,0.63,0.7,-1.83,-0.52,1,2
16534.906,0.363,0.663,0.627,0.58,-1.95,-0.98,1,2
16534.921,0.365,0.674,0.625,0.58,-1.71,-0.76,1,2
16534.921,0.365,0.679,0.623,0.58,-0.89,-0.4,1,2
16534.937,0.361,0.672,0.621,0.34,-0.21,-0.67,1,2
16534.953,0.354,0.669,0.625,-0.46,-0.09,-1.01,1,2
16534.953,0.352,0.673,0.628,-1.16,-0.18,-0.85,1,2
16534.968,0.352,0.673,0.633,-1.56,-0.4,-0.7,1,2
16534.968,0.352,0.672,0.639,-1.5,-0.61,-0.34,1,2
16534.984,0.35,0.669,0.639,-1.01,-0.95,0.12,1,2
16535.0,0.352,0.664,0.641,-0.55,-1.5,0.27,1,2
16535.0,0.359,0.664,0.636,0.03,-1.8,0.37,1,2
16535.015,0.363,0.664,0.631,0.4,-1.83,0.27,1,2
16535.031,0.363,0.669,0.631,0.58,-1.56,0.12,1,2
16535.046,0.362,0.67,0.63,0.58,-1.37,0.09,1,2
16535.046,0.362,0.67,0.627,0.0,-1.4,-0.03,1,2
16535.062,0.365,0.668,0.626,-0.37,-1.04,-0.12,1,2
16535.062,0.366,0.668,0.626,-0.55,-0.7,-0.15,1,2
16535.078,0.364,0.67,0.627,-0.52,-0.52,-0.27,1,2
16535.078,0.358,0.669,0.633,-0.55,-0.61,-0.43,1,2
16535.093,0.355,0.669,0.633,-0.27,-0.79,-0.4,1,2
16535.109,0.356,0.669,0.631,0.09,-0.82,-0.46,1,2
16535.125,0.356,0.666,0.63,0.24,-0.79,-0.37,1,2
16535.125,0.356,0.668,0.63,0.31,-0.64,-0.34,1,2
16535.14,0.354,0.668,0.629,0.31,-0.27,-0.4,1,2
16535.14,0.354,0.671,0.631,0.18,-0.21,-0.31,1,2
16535.156,0.354,0.673,0.632,0.12,-0.34,-0.31,1,2
16535.171,0.353,0.672,0.633,-0.03,-0.64,-0.12,1,2
16535.171,0.353,0.67,0.633,-0.24,-1.07,0.15,1,2
16535.187,0.359,0.67,0.632,-0.46,-1.13,0.21,1,2
16535.187,0.362,0.666,0.634,-0.61,-1.01,0.27,1,2
16535.203,0.361,0.663,0.633,-0.43,-1.04,0.27,1,2
16535.218,0.363,0.663,0.633,-0.06,-0.89,0.09,1,2
16535.218,0.362,0.665,0.635,0.27,-0.79,-0.06,1,2
16535.234,0.361,0.666,0.633,0.64,-1.01,-0.21,1,2
16535.25,0.361,0.669,0.631,0.98,-1.04,-0.15,1,2
16535.25,0.363,0.671,0.63,1.16,-1.04,-0.15,1,2
16535.265,0.36,0.672,0.626,1.22,-1.28,-0.06,1,2
16535.281,0.36,0.674,0.622,0.89,-1.28,-0.12,1,2
16535.281,0.361,0.675,0.622,0.18,-1.07,-0.18,1,2
16535.296,0.359,0.674,0.622,-0.64,-0.61,-0.21,1,2
16535.312,0.355,0.671,0.626,-1.31,-0.31,-0.37,1,2
16535.312,0.353,0.67,0.631,-1.89,-0.34,-0.31,1,2
16535.328,0.351,0.665,0.636,-2.2,-0.61,-0.21,1,2
16535.343,0.352,0.665,0.639,-2.08,-0.89,-0.09,1,2
16535.343,0.353,0.664,0.641,-1.65,-0.98,0.03,1,2
16535.359,0.355,0.662,0.642,-0.73,-1.16,0.24,1,2
16535.359,0.356,0.66,0.639,0.21,-1.37,0.52,1,2
16535.375,0.362,0.666,0.638,0.85,-1.62,0.43,1,2
16535.39,0.364,0.671,0.63,0.95,-1.62,0.09,1,2
16535.39,0.363,0.67,0.622,0.85,-1.37,-0.12,1,2
16535.406,0.365,0.668,0.621,0.61,-0.79,-0.34,1,2
16535.421,0.364,0.67,0.625,0.03,-0.21,-0.46,1,2
16535.421,0.362,0.671,0.629,-0.61,0.06,-0.64,1,2
16535.437,0.36,0.668,0.633,-0.55,0.18,-0.67,1,2
16535.453,0.358,0.666,0.635,-0.27,0.27,-0.64,1,2
16535.453,0.355,0.664,0.637,-0.03,0.06,-0.64,1,2
16535.468,0.355,0.664,0.636,0.09,-0.18,-0.61,1,2
16535.468,0.357,0.669,0.632,0.31,-0.09,-0.46,1,2
16535.484,0.357,0.67,0.632,0.46,-0.21,-0.34,1,2
16535.5,0.356,0.67,0.632,0.55,-0.27,-0.31,1,2
16535.5,0.357,0.669,0.63,0.52,-0.61,-0.43,1,2
16535.515,0.359,0.67,0.626,0.12,-0.67,-0.31,1,2
16535.531,0.358,0.672,0.625,-0.4,-0.46,-0.31,1,2
16535.531,0.357,0.672,0.627,-0.79,-0.31,-0.4,1,2
16535.546,0.358,0.674,0.631,-1.16,-0.34,-0.34,1,2
16535.562,0.354,0.671,0.63,-1.4,-0.37,-0.34,1,2
16535.562,0.354,0.669,0.633,-1.71,-0.4,-0.24,1,2
16535.578,0.354,0.668,0.635,-1.77,-0.43,0.0,1,2
16535.578,0.354,0.667,0.637,-1.71,-0.7,0.12,1,2
16535.593,0.355,0.666,0.637,-1.65,-0.73,0.18,1,2
16535.609,0.359,0.663,0.637,-1.19,-0.67,0.21,1,2
16535.609,0.359,0.664,0.636,-0.79,-0.7,-0.03,1,2
16535.625,0.358,0.663,0.635,-0.37,-0.58,-0.31,1,2
16535.64,0.357,0.664,0.634,-0.24,-0.55,-0.37,1,2
16535.64,0.357,0.666,0.633,-0.15,-0.43,-0.46,1,2
16535.656,0.357,0.669,0.633,-0.24,-0.27,-0.34,1,2
16535.671,0.358,0.67,0.634,-0.43,-0.34,-0.24,1,2
16535.671,0.358,0.669,0.635,-0.61,-0.4,-0.09,1,2
16535.687,0.361,0.666,0.633,-0.76,-0.55,0.06,1,2
16535.687,0.361,0.666,0.632,-0.98,-0.49,0.03,1,2
16535.703,0.36,0.664,0.632,-0.89,-0.24,-0.34,1,2
16535.718,0.36,0.659,0.633,-0.85,0.09,-0.46,1,2
16535.718,0.357,0.66,0.636,-0.82,0.4,-0.58,1,2
16535.734,0.353,0.664,0.64,-0.7,0.58,-0.76,1,2
16535.75,0.35,0.666,0.641,-0.31,0.67,-0.85,1,2
16535.75,0.347,0.666,0.642,0.15,0.27,-0.76,1,2
16535.765,0.348,0.669,0.642,0.61,-0.27,-0.58,1,2
16535.781,0.349,0.671,0.639,0.95,-0.85,-0.27,1,2
16535.796,0.353,0.671,0.634,0.98,-1.19,0.03,1,2
16535.796,0.355,0.669,0.63,0.79,-1.19,0.06,1,2
16535.796,0.359,0.67,0.627,0.34,-1.25,0.15,1,2
16535.812,0.36,0.671,0.627,-0.21,-0.98,0.21,1,2
16535.828,0.359,0.67,0.63,-0.76,-0.82,0.09,1,2
16535.828,0.361,0.665,0.632,-1.07,-0.73,-0.09,1,2
16535.843,0.359,0.666,0.636,-1.28,-0.73,-0.15,1,2
16535.859,0.356,0.665,0.638,-1.43,-0.7,-0.27,1,2
16535.875,0.356,0.665,0.638,-1.34,-0.76,-0.27,1,2
16535.875,0.353,0.662,0.637,-0.79,-0.79,-0.34,1,2
16535.89,0.353,0.663,0.636,-0.37,-0.82,-0.4,1,2
16535.89,0.353,0.668,0.636,-0.34,-0.7,-0.46,1,2
16535.906,0.353,0.667,0.633,-0.18,-0.79,-0.46,1,2
16535.921,0.353,0.667,0.633,0.03,-0.82,-0.31,1,2
16535.921,0.353,0.666,0.633,-0.12,-0.64,-0.34,1,2
16535.937,0.353,0.666,0.631,-0.34,-0.52,-0.37,1,2
16535.953,0.353,0.667,0.634,-0.46,-0.34,-0.18,1,2
16535.953,0.352,0.667,0.635,-0.79,-0.27,-0.18,1,2
16535.968,0.353,0.666,0.639,-1.04,-0.24,-0.12,1,2
16535.968,0.355,0.664,0.639,-1.13,-0.27,0.0,1,2
16535.984,0.354,0.663,0.638,-1.01,-0.4,0.03,1,2
16536.0,0.357,0.661,0.64,-0.76,-0.46,0.06,1,2
16536.0,0.357,0.66,0.641,-0.4,-0.37,-0.06,1,2
16536.015,0.357,0.661,0.638,0.15,-0.46,-0.09,1,2
16536.031,0.358,0.664,0.637,0.55,-0.61,-0.24,1,2
16536.031,0.357,0.666,0.635,0.82,-0.27,-0.43,1,2
16536.046,0.354,0.667,0.635,0.52,-0.24,-0.49,1,2
16536.062,0.354,0.668,0.632,0.09,-0.27,-0.55,1,2
16536.062,0.352,0.672,0.633,-0.37,-0.27,-0.49,1,2
16536.078,0.351,0.671,0.635,-0.7,-0.4,-0.24,1,2
16536.093,0.353,0.668,0.636,-0.98,-0.46,-0.03,1,2
16536.093,0.354,0.664,0.637,-1.28,-0.43,0.09,1,2
16536.109,0.354,0.661,0.641,-1.43,-0.61,0.0,1,2
16536.109,0.356,0.664,0.642,-1.22,-0.82,0.03,1,2
16536.125,0.354,0.662,0.643,-0.89,-0.92,-0.15,1,2
16536.14,0.353,0.659,0.644,-0.37,-0.98,-0.09,1,2
16536.14,0.354,0.662,0.642,0.12,-1.1,-0.03,1,2
16536.156,0.354,0.665,0.641,0.49,-1.25,-0.06,1,2
16536.171,0.353,0.668,0.64,0.67,-1.31,-0.31,1,2
16536.171,0.355,0.668,0.635,1.01,-1.46,-0.21,1,2
16536.187,0.356,0.668,0.63,1.01,-1.37,-0.21,1,2
16536.187,0.354,0.671,0.627,0.7,-1.16,-0.31,1,2
16536.203,0.354,0.67,0.627,0.18,-0.76,-0.4,1,2
16536.218,0.351,0.67,0.629,-0.27,-0.37,-0.4,1,2
16536.218,0.349,0.672,0.634,-0.85,-0.15,-0.12,1,2
16536.234,0.347,0.668,0.641,-1.28,-0.37,0.03,1,2
16536.25,0.35,0.667,0.644,-1.71,-0.98,0.43,1,2
16536.25,0.349,0.662,0.646,-1.74,-1.53,0.49,1,2
16536.265,0.352,0.658,0.645,-1.53,-1.65,0.52,1,2
16536.281,0.357,0.654,0.644,-1.16,-1.65,0.49,1,2
16536.281,0.357,0.651,0.645,-0.73,-1.43,0.27,1,2
16536.296,0.358,0.657,0.648,-0.15,-1.19,0.09,1,2
16536.312,0.358,0.66,0.649,0.61,-1.13,-0.18,1,2
16536.328,0.357,0.661,0.646,1.5,-1.28,-0.31,1,2
16536.328,0.357,0.664,0.64,2.23,-1.4,-0.46,1,2
16536.343,0.359,0.664,0.634,2.35,-1.5,-0.64,1,2
16536.343,0.358,0.667,0.626,2.23,-1.34,-0.7,1,2
16536.359,0.357,0.674,0.624,1.77,-0.89,-0.7,1,2
16536.359,0.355,0.677,0.626,1.04,-0.4,-0.82,1,2
16536.375,0.352,0.677,0.627,0.09,-0.37,-0.67,1,2
16536.39,0.35,0.674,0.629,-0.73,-0.31,-0.52,1,2
16536.406,0.347,0.67,0.634,-1.65,-0.61,-0.34,1,2
16536.406,0.347,0.667,0.638,-2.26,-0.76,0.0,1,2
16536.421,0.349,0.664,0.642,-2.35,-0.82,0.31,1,2
16536.421,0.348,0.659,0.645,-2.11,-1.04,0.43,1,2
16536.437,0.35,0.656,0.649,-1.43,-1.37,0.37,1,2
16536.453,0.354,0.657,0.649,-0.73,-1.46,0.31,1,2
16536.453,0.355,0.657,0.646,0.15,-1.56,0.21,1,2
16536.468,0.356,0.659,0.643,0.82,-1.37,0.18,1,2
16536.468,0.357,0.663,0.64,1.19,-1.43,0.21,1,2
16536.484,0.358,0.665,0.637,1.37,-1.56,0.18,1,2
16536.5,0.36,0.665,0.632,1.4,-1.4,0.06,1,2
16536.5,0.36,0.668,0.631,1.13,-1.28,-0.09,1,2
16536.515,0.361,0.67,0.627,0.61,-1.13,-0.37,1,2
16536.531,0.359,0.668,0.628,-0.09,-0.7,-0.64,1,2
16536.531,0.355,0.667,0.634,-0.64,-0.55,-0.58,1,2
16536.546,0.351,0.668,0.637,-1.16,-0.55,-0.43,1,2
16536.562,0.353,0.669,0.637,-1.37,-0.89,-0.21,1,2
16536.562,0.354,0.664,0.641,-1.13,-1.04,0.03,1,2
16536.578,0.354,0.66,0.642,-0.7,-1.01,0.06,1,2
16536.578,0.355,0.658,0.643,-0.03,-1.04,0.06,1,2
16536.593,0.358,0.658,0.641,0.67,-1.07,-0.21,1,2
16536.609,0.355,0.66,0.637,1.4,-0.95,-0.4,1,2
16536.625,0.353,0.662,0.635,1.89,-0.89,-0.7,1,2
16536.625,0.354,0.665,0.635,1.98,-0.64,-0.89,1,2
16536.64,0.354,0.669,0.634,1.71,-0.61,-0.95,1,2
16536.64,0.356,0.667,0.634,1.46,-0.67,-0.98,1,2
16536.656,0.357,0.661,0.636,1.53,-0.73,-1.04,1,2
16536.671,0.357,0.658,0.639,1.68,-0.85,-1.28,1,2
16536.671,0.36,0.659,0.641,1.8,-0.89,-1.77,1,2
16536.687,0.363,0.662,0.642,2.32,-0.82,-2.04,1,2
16536.703,0.36,0.661,0.639,3.33,-0.58,-2.35,1,2
16536.703,0.356,0.659,0.637,4.43,-0.61,-2.59,1,2
16536.718,0.357,0.666,0.633,4.82,-0.73,-2.87,1,2
16536.718,0.351,0.669,0.634,4.88,-0.98,-3.17,1,2
16536.734,0.351,0.665,0.637,5.13,-1.19,-3.02,1,2
16536.75,0.358,0.67,0.632,5.49,-1.71,-2.9,1,2
16536.75,0.358,0.677,0.627,4.97,-2.23,-3.94,1,2
16536.765,0.354,0.679,0.622,3.6,-2.38,-4.79,1,2
16536.781,0.357,0.679,0.617,2.56,-2.01,-4.91,1,2
16536.781,0.357,0.677,0.618,1.53,-1.13,-5.07,1,2
16536.796,0.348,0.673,0.624,1.04,-0.12,-5.07,1,2
16536.812,0.348,0.67,0.626,0.82,0.49,-4.94,1,2
16536.812,0.341,0.673,0.652,0.79,0.76,-4.88,1,2
16536.828,0.335,0.673,0.637,1.92,-0.27,-4.94,1,2
16536.843,0.334,0.677,0.641,3.17,0.0,-4.12,1,2
16536.843,0.328,0.677,0.648,3.2,-0.67,-4.09,1,2
16536.859,0.327,0.674,0.636,3.75,-1.62,-3.39,1,2
16536.859,0.338,0.677,0.65,3.48,-2.29,-2.47,1,2
16536.875,0.337,0.686,0.622,4.58,-3.42,-2.26,1,2
16536.89,0.344,0.672,0.618,6.01,-2.66,-2.2,1,2
16536.89,0.34,0.678,0.634,4.43,-2.11,-2.59,1,2
16536.906,0.344,0.667,0.618,5.13,-2.5,-2.62,1,2
16536.921,0.349,0.677,0.623,4.91,-2.11,-2.99,1,2
16536.921,0.348,0.691,0.625,4.43,-1.62,-3.45,1,2
16536.937,0.342,0.693,0.622,3.91,-1.8,-3.66,1,2
16536.953,0.339,0.695,0.614,2.99,-2.2,-3.17,1,2
16536.953,0.346,0.693,0.612,2.08,-2.84,-2.84,1,2
16536.968,0.352,0.701,0.607,0.85,-2.81,-2.38,1,2
16536.984,0.355,0.71,0.603,-1.25,-2.5,-1.98,1,2
16536.984,0.354,0.697,0.601,-3.14,-2.01,-1.86,1,2
16537.0,0.356,0.69,0.602,-4.58,-0.85,-1.31,1,2
16537.0,0.353,0.691,0.602,-5.86,0.76,-1.31,1,2
16537.015,0.352,0.685,0.611,-8.36,3.94,-0.76,1,2
16537.031,0.349,0.686,0.624,-8.18,5.19,-0.34,1,2
16537.031,0.342,0.67,0.631,-6.65,6.32,0.31,1,2
16537.046,0.347,0.663,0.643,-4.85,7.26,-0.34,1,2
16537.062,0.338,0.639,0.635,-2.23,8.21,-2.32,1,2
16537.062,0.351,0.648,0.636,-0.34,9.98,-4.3,1,2
16537.078,0.324,0.668,0.634,0.27,11.93,-4.97,1,2
16537.078,0.312,0.67,0.652,2.01,12.3,-2.72,1,2
16537.093,0.318,0.716,0.674,3.42,11.93,1.1,1,2
16537.109,0.299,0.71,0.663,5.16,9.98,2.47,1,2
16537.109,0.308,0.683,0.653,7.11,7.72,4.03,1,2
16537.125,0.313,0.69,0.64,8.18,6.56,4.82,1,2
16537.14,0.309,0.672,0.632,8.55,5.68,4.12,1,2
16537.14,0.322,0.681,0.638,7.29,4.61,4.24,1,2
16537.156,0.327,0.693,0.632,6.71,3.63,4.64,1,2
16537.171,0.337,0.692,0.626,6.99,2.84,5.77,1,2
16537.171,0.344,0.7,0.622,6.96,2.93,7.11,1,2
16537.187,0.347,0.689,0.614,6.9,3.36,7.66,1,2
16537.203,0.356,0.683,0.604,5.92,4.18,7.81,1,2
16537.203,0.359,0.68,0.593,4.52,5.55,6.35,1,2
16537.218,0.358,0.671,0.585,2.66,7.6,4.15,1,2
16537.218,0.353,0.678,0.586,-0.18,10.07,2.01,1,2
16537.234,0.34,0.68,0.592,-2.72,12.6,0.4,1,2
16537.25,0.333,0.685,0.601,-4.85,14.71,-0.12,1,2
16537.25,0.324,0.695,0.618,-6.47,16.24,0.31,1,2
16537.265,0.314,0.698,0.634,-6.9,16.69,1.59,1,2
16537.281,0.301,0.707,0.646,-6.78,16.36,3.54,1,2
16537.281,0.295,0.707,0.653,-6.5,14.56,5.4,1,2
16537.296,0.297,0.703,0.655,-6.81,11.87,6.84,1,2
16537.312,0.295,0.693,0.655,-7.66,8.88,7.63,1,2
16537.312,0.298,0.683,0.654,-8.97,5.74,7.81,1,2
16537.328,0.307,0.683,0.65,-10.56,2.84,8.0,1,2
16537.343,0.309,0.68,0.648,-11.96,0.82,8.21,1,2
16537.343,0.312,0.676,0.651,-12.63,-0.49,8.88,1,2
16537.359,0.316,0.674,0.655,-12.39,-1.04,10.32,1,2
16537.359,0.319,0.674,0.658,-11.14,-0.95,11.99,1,2
16537.375,0.326,0.664,0.657,-9.43,-0.31,13.61,1,2
16537.39,0.33,0.655,0.657,-8.09,0.43,14.1,1,2
16537.39,0.335,0.644,0.66,-7.02,0.98,14.07,1,2
16537.406,0.34,0.637,0.663,-6.29,1.1,13.15,1,2
16537.421,0.343,0.632,0.668,-5.65,0.82,11.84,1,2
16537.421,0.345,0.631,0.672,-4.94,0.34,10.16,1,2
16537.437,0.344,0.63,0.677,-4.18,-0.46,8.45,1,2
16537.453,0.341,0.627,0.686,-3.14,-1.83,6.78,1,2
16537.453,0.339,0.628,0.688,-1.98,-3.85,4.88,1,2
16537.468,0.34,0.626,0.687,-0.46,-5.58,3.54,1,2
16537.468,0.345,0.631,0.684,2.75,-6.01,2.84,1,2
16537.484,0.343,0.636,0.677,6.9,-5.28,2.56,1,2
16537.5,0.347,0.632,0.668,10.16,-3.91,2.17,1,2
16537.5,0.35,0.629,0.663,12.63,-2.72,1.37,1,2
16537.515,0.352,0.634,0.66,14.77,-1.95,0.43,1,2
16537.531,0.355,0.643,0.656,16.97,-1.19,-0.61,1,2
16537.531,0.35,0.652,0.649,18.52,-0.4,-1.77,1,2
16537.546,0.344,0.662,0.642,19.38,0.03,-2.47,1,2
16537.562,0.339,0.67,0.635,19.29,0.37,-3.02,1,2
16537.562,0.335,0.681,0.631,18.56,0.52,-3.05,1,2
16537.578,0.329,0.69,0.631,17.21,0.49,-2.69,1,2
16537.593,0.321,0.695,0.624,15.41,0.37,-1.68,1,2
16537.593,0.321,0.698,0.621,13.7,0.18,0.09,1,2
16537.609,0.326,0.701,0.62,11.99,0.06,2.04,1,2
16537.609,0.33,0.699,0.62,10.1,-0.24,3.36,1,2
16537.625,0.333,0.696,0.618,8.21,-0.76,4.15,1,2
16537.64,0.339,0.695,0.618,6.68,-1.25,4.82,1,2
16537.64,0.347,0.689,0.615,5.31,-1.46,5.1,1,2
16537.656,0.354,0.683,0.614,4.43,-1.01,4.73,1,2
16537.671,0.357,0.673,0.617,4.03,-0.46,3.91,1,2
16537.671,0.361,0.665,0.619,4.12,0.31,2.84,1,2
16537.687,0.361,0.664,0.618,4.64,1.56,1.46,1,2
16537.703,0.356,0.662,0.621,5.4,3.36,0.15,1,2
16537.703,0.347,0.663,0.626,6.47,5.22,-0.58,1,2
16537.718,0.337,0.669,0.635,7.42,6.47,-1.1,1,2
16537.718,0.327,0.673,0.642,8.15,6.68,-0.98,1,2
16537.734,0.326,0.683,0.648,9.22,5.58,-0.27,1,2
16537.75,0.322,0.685,0.652,10.22,4.0,0.09,1,2
16537.75,0.319,0.688,0.65,11.32,2.23,0.98,1,2
16537.765,0.324,0.696,0.644,12.51,0.49,2.17,1,2
16537.781,0.326,0.697,0.636,13.64,-0.79,3.05,1,2
16537.781,0.327,0.692,0.628,14.4,-2.11,3.75,1,2
16537.796,0.334,0.69,0.622,14.89,-3.17,4.36,1,2
16537.812,0.34,0.691,0.616,15.11,-3.63,4.33,1,2
16537.812,0.349,0.693,0.607,15.26,-3.85,3.81,1,2
16537.828,0.357,0.695,0.6,15.35,-3.57,3.08,1,2
16537.843,0.357,0.692,0.595,15.53,-2.93,2.14,1,2
16537.843,0.361,0.691,0.589,15.44,-2.17,1.04,1,2
16537.859,0.358,0.696,0.585,14.77,-1.43,-0.31,1,2
16537.859,0.356,0.702,0.581,13.4,-0.95,-1.37,1,2
16537.875,0.352,0.711,0.577,11.93,-0.43,-1.95,1,2
16537.89,0.344,0.722,0.577,10.16,0.03,-2.23,1,2
16537.906,0.336,0.731,0.576,8.12,0.37,-1.95,1,2
16537.906,0.33,0.738,0.575,5.68,0.55,-0.82,1,2
16537.921,0.326,0.74,0.575,3.05,0.58,0.79,1,2
16537.921,0.324,0.735,0.582,0.46,0.4,2.53,1,2
16537.937,0.323,0.731,0.588,-1.56,0.24,4.18,1,2
16537.953,0.329,0.729,0.588,-2.32,0.09,6.04,1,2
16537.953,0.338,0.722,0.589,-3.08,0.15,7.81,1,2
16537.968,0.344,0.707,0.588,-3.45,0.82,8.76,1,2
16537.984,0.353,0.693,0.588,-3.57,1.71,8.97,1,2
16537.984,0.356,0.687,0.593,-3.33,2.84,8.64,1,2
16538.0,0.354,0.685,0.596,-2.35,4.91,6.84,1,2
16538.0,0.352,0.692,0.601,-1.95,5.49,5.83,1,2
16538.015,0.35,0.698,0.603,-1.43,5.58,5.55,1,2
16538.031,0.346,0.701,0.603,-1.28,5.4,5.68,1,2
16538.031,0.34,0.714,0.605,-2.11,4.67,6.04,1,2
16538.046,0.339,0.712,0.602,-2.78,3.81,6.68,1,2
16538.062,0.345,0.709,0.602,-3.33,2.96,7.32,1,2
16538.062,0.352,0.704,0.608,-4.7,1.65,7.75,1,2
16538.078,0.361,0.695,0.605,-5.89,0.31,7.29,1,2
16538.078,0.37,0.683,0.6,-6.56,-0.61,5.89,1,2
16538.093,0.376,0.671,0.6,-6.74,-0.55,4.18,1,2
16538.109,0.377,0.667,0.6,-6.59,0.43,2.17,1,2
16538.109,0.376,0.668,0.599,-6.26,1.68,-0.09,1,2
16538.125,0.371,0.67,0.598,-6.2,2.59,-2.38,1,2
16538.14,0.365,0.673,0.601,-6.44,3.78,-4.27,1,2
16538.14,0.35,0.685,0.605,-6.44,4.61,-5.77,1,2
16538.156,0.34,0.696,0.608,-6.74,4.76,-6.38,1,2
16538.171,0.333,0.709,0.61,-7.23,4.73,-6.04,1,2
16538.171,0.321,0.711,0.611,-7.81,4.36,-4.79,1,2
16538.187,0.32,0.717,0.616,-8.82,3.69,-2.75,1,2
16538.203,0.314,0.72,0.62,-10.38,2.9,-0.73,1,2
16538.203,0.32,0.712,0.626,-11.9,1.4,1.56,1,2
16538.218,0.324,0.706,0.626,-12.91,-0.21,3.51,1,2
16538.218,0.328,0.692,0.63,-13.82,-1.77,4.88,1,2
16538.234,0.333,0.683,0.635,-14.59,-2.96,5.65,1,2
16538.25,0.339,0.668,0.642,-14.5,-3.51,6.44,1,2
16538.265,0.351,0.661,0.648,-13.03,-3.3,6.93,1,2
16538.265,0.353,0.651,0.652,-10.56,-2.84,6.68,1,2
16538.281,0.348,0.638,0.66,-7.84,-2.62,5.83,1,2
16538.281,0.343,0.638,0.665,-4.97,-3.05,4.91,1,2
16538.296,0.344,0.644,0.666,-2.08,-3.78,4.21,1,2
16538.312,0.347,0.653,0.662,1.16,-4.91,3.72,1,2
16538.312,0.354,0.663,0.652,4.09,-6.07,3.08,1,2
16538.328,0.352,0.669,0.643,5.98,-6.62,2.17,1,2
16538.328,0.35,0.669,0.632,6.74,-7.29,1.5,1,2
16538.343,0.353,0.675,0.623,6.44,-8.21,1.07,1,2
16538.359,0.357,0.682,0.619,5.16,-9.16,0.34,1,2
16538.359,0.363,0.681,0.614,3.05,-10.16,-0.61,1,2
16538.375,0.373,0.676,0.611,1.16,-10.93,-1.95,1,2
16538.39,0.381,0.673,0.604,-0.34,-11.41,-3.39,1,2
16538.39,0.389,0.669,0.597,-1.71,-11.23,-5.13,1,2
16538.406,0.391,0.666,0.592,-3.45,-10.13,-7.42,1,2
16538.421,0.386,0.663,0.593,-5.28,-8.7,-10.1,1,2
16538.421,0.382,0.664,0.595,-6.96,-6.9,-12.15,1,2
16538.437,0.371,0.671,0.603,-8.48,-5.49,-14.04,1,2
16538.453,0.359,0.68,0.616,-9.74,-5.01,-15.59,1,2
16538.453,0.344,0.691,0.633,-10.62,-5.22,-16.17,1,2
16538.468,0.329,0.701,0.651,-10.44,-6.35,-15.53,1,2
16538.468,0.325,0.706,0.652,-9.46,-8.48,-13.4,1,2
16538.484,0.328,0.702,0.642,-8.79,-10.9,-11.11,1,2
16538.5,0.335,0.686,0.634,-9.34,-12.94,-9.8,1,2
16538.5,0.339,0.676,0.631,-11.02,-14.89,-9.49,1,2
16538.515,0.348,0.665,0.618,-12.85,-16.48,-10.19,1,2
16538.531,0.35,0.67,0.598,-14.86,-16.45,-10.71,1,2
16538.531,0.354,0.678,0.612,-17.27,-14.77,-10.28,1,2
16538.546,0.352,0.68,0.617,-19.04,-13.76,-10.13,1,2
16538.562,0.357,0.679,0.621,-19.44,-12.97,-8.91,1,2
16538.562,0.355,0.689,0.627,-19.35,-11.96,-8.12,1,2
16538.578,0.352,0.684,0.635,-19.41,-11.35,-6.71,1,2
16538.593,0.341,0.691,0.646,-18.92,-11.23,-4.88,1,2
16538.593,0.334,0.682,0.668,-17.58,-12.24,-2.44,1,2
16538.609,0.331,0.67,0.672,-15.96,-14.28,0.15,1,2
16538.609,0.34,0.659,0.667,-14.4,-16.36,2.29,1,2
16538.625,0.358,0.644,0.663,-13.03,-17.58,3.05,1,2
16538.64,0.367,0.624,0.658,-13.37,-19.2,1.01,1,2
16538.64,0.373,0.608,0.655,-14.86,-21.79,-3.23,1,2
16538.656,0.385,0.621,0.651,-17.03,-25.21,-8.21,1,2
16538.671,0.392,0.647,0.644,-17.76,-27.31,-11.99,1,2
16538.671,0.393,0.655,0.641,-17.88,-27.8,-14.37,1,2
16538.687,0.398,0.648,0.637,-17.15,-27.22,-15.14,1,2
16538.703,0.403,0.648,0.622,-15.32,-26.03,-14.77,1,2
16538.703,0.394,0.661,0.613,-15.02,-24.32,-15.2,1,2
16538.718,0.385,0.657,0.611,-16.24,-22.22,-15.93,1,2
16538.734,0.373,0.658,0.605,-17.76,-18.56,-15.2,1,2
16538.734,0.366,0.675,0.605,-19.59,-13.82,-12.85,1,2
16538.75,0.353,0.672,0.62,-22.13,-9.61,-11.02,1,2
16538.75,0.337,0.654,0.644,-25.3,-7.66,-9.4,1,2
16538.765,0.331,0.665,0.662,-27.99,-8.88,-7.42,1,2
16538.781,0.333,0.664,0.682,-30.15,-11.9,-6.04,1,2
16538.781,0.333,0.65,0.693,-31.31,-16.24,-4.61,1,2
16538.796,0.34,0.641,0.689,-31.89,-20.81,-2.35,1,2
16538.812,0.363,0.641,0.678,-33.27,-24.81,-1.22,1,2
16538.812,0.384,0.63,0.658,-35.22,-27.62,-2.01,1,2
16538.828,0.393,0.62,0.641,-37.08,-28.2,-3.14,1,2
16538.843,0.424,0.616,0.623,-38.12,-26.55,-2.99,1,2
16538.843,0.433,0.627,0.621,-39.0,-22.74,-4.46,1,2
16538.859,0.43,0.607,0.631,-40.1,-17.98,-4.64,1,2
16538.859,0.416,0.589,0.641,-40.68,-12.67,-3.45,1,2
16538.875,0.428,0.584,0.665,-39.4,-7.57,-1.95,1,2
16538.89,0.399,0.567,0.693,-37.84,-3.23,-2.44,1,2
16538.89,0.376,0.541,0.717,-37.08,-2.53,-4.0,1,2
16538.906,0.353,0.505,0.733,-30.73,-4.97,-9.46,1,2
16538.921,0.394,0.567,0.742,-15.81,-7.45,-14.8,1,2
16538.921,0.368,0.606,0.737,-3.91,-7.23,-16.27,1,2
16538.937,0.37,0.61,0.719,4.12,-8.06,-14.92,1,2
16538.953,0.37,0.625,0.684,9.06,-7.66,-12.33,1,2
16538.953,0.367,0.616,0.66,10.56,-6.62,-10.25,1,2
16538.968,0.368,0.621,0.647,9.16,-5.49,-8.58,1,2
16538.984,0.379,0.642,0.638,6.65,-4.82,-6.9,1,2
16538.984,0.387,0.655,0.639,-0.46,-2.87,-3.85,1,2
16539.0,0.39,0.656,0.646,-1.92,-0.89,-1.89,1,2
16539.0,0.387,0.634,0.65,-1.37,1.31,0.03,1,2
16539.015,0.387,0.621,0.659,0.31,3.63,1.28,1,2
16539.031,0.383,0.624,0.668,3.11,6.35,2.11,1,2
16539.031,0.377,0.619,0.677,5.74,8.15,3.39,1,2
16539.046,0.381,0.611,0.687,6.47,8.58,4.94,1,2
16539.062,0.39,0.597,0.699,4.85,8.61,6.07,1,2
16539.062,0.397,0.572,0.708,2.38,8.24,6.32,1,2
16539.078,0.408,0.548,0.712,0.12,7.78,6.07,1,2
16539.093,0.418,0.526,0.715,-1.37,8.15,5.16,1,2
16539.093,0.429,0.502,0.717,-2.44,9.58,3.39,1,2
16539.109,0.433,0.496,0.713,-2.84,11.75,0.18,1,2
16539.125,0.43,0.488,0.709,-3.33,15.26,-3.97,1,2
16539.125,0.422,0.488,0.711,-3.17,19.53,-8.3,1,2
16539.14,0.399,0.495,0.719,-1.71,23.96,-11.84,1,2
16539.14,0.381,0.515,0.729,1.59,28.53,-13.52,1,2
16539.156,0.361,0.543,0.747,6.96,33.33,-12.94,1,2
16539.171,0.336,0.576,0.763,11.2,36.35,-10.5,1,2
16539.171,0.326,0.588,0.763,15.44,36.87,-7.45,1,2
16539.187,0.32,0.592,0.762,18.31,35.89,-4.73,1,2
16539.203,0.319,0.596,0.748,20.39,33.69,-2.96,1,2
16539.203,0.329,0.599,0.732,22.0,31.25,-1.92,1,2
16539.218,0.342,0.595,0.713,22.46,29.45,-1.92,1,2
16539.218,0.371,0.592,0.683,19.65,28.14,-3.54,1,2
16539.234,0.383,0.575,0.659,12.51,28.17,-7.87,1,2
16539.25,0.405,0.542,0.653,1.1,30.58,-13.18,1,2
16539.265,0.397,0.489,0.681,-11.69,35.68,-20.57,1,2
16539.265,0.393,0.446,0.695,-10.22,43.4,-27.89,1,2
16539.281,0.414,0.502,0.729,2.14,53.47,-31.34,1,2
16539.281,0.401,0.559,0.764,17.4,63.72,-35.65,1,2
16539.296,0.355,0.581,0.785,34.09,71.93,-38.48,1,2
16539.312,0.332,0.611,0.786,49.87,76.11,-38.18,1,2
16539.312,0.29,0.631,0.786,63.97,77.61,-34.58,1,2
16539.328,0.257,0.656,0.776,76.78,76.54,-27.99,1,2
16539.343,0.236,0.699,0.761,84.14,71.2,-20.11,1,2
16539.343,0.223,0.735,0.745,84.9,62.99,-13.28,1,2
16539.359,0.199,0.773,0.715,80.39,53.9,-7.08,1,2
16539.359,0.193,0.801,0.686,68.45,43.61,0.0,1,2
16539.375,0.184,0.808,0.667,50.75,32.65,11.93,1,2
16539.39,0.181,0.803,0.632,31.98,23.47,23.59,1,2
16539.39,0.199,0.766,0.603,10.77,15.63,31.86,1,2
16539.406,0.245,0.74,0.57,-6.07,14.16,32.44,1,2
16539.421,0.243,0.716,0.574,-19.62,15.29,33.54,1,2
16539.437,0.219,0.697,0.587,-27.89,16.97,34.39,1,2
16539.437,0.218,0.673,0.604,-29.82,16.82,36.13,1,2
16539.437,0.179,0.655,0.605,-27.47,17.91,32.9,1,2
16539.453,0.245,0.701,0.609,-23.96,19.56,25.18,1,2
16539.468,0.15,0.725,0.626,-24.57,20.08,24.32,1,2
16539.468,0.135,0.74,0.655,-27.19,17.82,25.24,1,2
16539.484,0.146,0.755,0.672,-27.5,14.44,26.31,1,2
16539.5,0.13,0.733,0.675,-29.39,9.98,25.91,1,2
16539.515,0.139,0.724,0.671,-32.44,7.63,20.72,1,2
16539.515,0.154,0.694,0.682,-36.93,4.27,17.43,1,2
16539.531,0.105,0.65,0.687,-40.83,2.87,14.37,1,2
16539.531,0.147,0.639,0.703,-44.71,0.52,13.15,1,2
16539.546,0.137,0.617,0.701,-47.0,0.61,10.1,1,2
16539.562,0.156,0.584,0.71,-50.2,1.8,4.88,1,2
16539.562,0.147,0.58,0.723,-52.83,4.46,-0.37,1,2
16539.578,0.151,0.568,0.734,-53.29,7.66,-6.96,1,2
16539.578,0.147,0.556,0.749,-53.44,10.56,-10.62,1,2
16539.593,0.159,0.553,0.78,-53.77,11.93,-11.05,1,2
16539.609,0.161,0.553,0.821,-53.47,10.53,-10.01,1,2
16539.609,0.18,0.56,0.843,-51.52,6.47,-10.16,1,2
16539.625,0.192,0.562,0.86,-49.1,1.5,-11.96,1,2
16539.64,0.189,0.56,0.862,-46.11,-3.75,-14.4,1,2
16539.64,0.191,0.548,0.848,-42.24,-8.27,-15.78,1,2
16539.656,0.196,0.54,0.829,-37.57,-10.71,-15.81,1,2
16539.671,0.197,0.534,0.809,-32.65,-10.77,-14.68,1,2
16539.671,0.199,0.524,0.802,-27.5,-8.88,-12.09,1,2
16539.687,0.204,0.516,0.798,-21.88,-5.52,-9.37,1,2
16539.703,0.204,0.513,0.799,-16.39,-1.46,-6.9,1,2
16539.703,0.205,0.515,0.804,-11.17,2.29,-4.79,1,2
16539.718,0.203,0.519,0.822,-6.41,5.04,-4.3,1,2
16539.718,0.192,0.517,0.843,-1.71,6.26,-5.16,1,2
16539.734,0.191,0.511,0.855,2.78,5.37,-5.62,1,2
16539.75,0.198,0.51,0.857,7.11,3.36,-6.56,1,2
16539.75,0.202,0.509,0.854,11.66,1.01,-8.48,1,2
16539.765,0.203,0.509,0.845,16.45,-1.98,-10.83,1,2
16539.781,0.212,0.525,0.832,19.23,-3.51,-12.85,1,2
16539.781,0.203,0.53,0.81,20.97,-4.49,-15.23,1,2
16539.796,0.204,0.536,0.79,22.58,-4.67,-16.88,1,2
16539.812,0.202,0.546,0.765,23.87,-3.72,-18.25,1,2
16539.812,0.198,0.557,0.749,23.77,-1.25,-19.41,1,2
16539.828,0.193,0.574,0.749,23.01,1.65,-20.05,1,2
16539.828,0.183,0.599,0.753,22.61,4.15,-19.23,1,2
16539.843,0.177,0.624,0.755,21.76,5.8,-17.58,1,2
16539.859,0.16,0.646,0.761,20.51,6.16,-15.08,1,2
16539.859,0.156,0.668,0.772,18.25,4.88,-11.54,1,2
16539.875,0.152,0.672,0.771,15.23,2.41,-8.0,1,2
16539.89,0.145,0.661,0.767,11.87,-0.55,-4.39,1,2
16539.89,0.141,0.655,0.761,7.97,-3.75,-0.82,1,2
16539.906,0.153,0.641,0.755,4.06,-6.26,1.92,1,2
16539.921,0.17,0.636,0.754,-0.09,-8.15,3.69,1,2
16539.937,0.155,0.624,0.747,-4.55,-8.51,2.62,1,2
16539.937,0.164,0.592,0.75,-8.85,-9.98,2.01,1,2
16539.937,0.185,0.601,0.755,-10.38,-10.19,2.44,1,2
16539.953,0.189,0.603,0.759,-11.23,-9.34,2.38,1,2
16539.968,0.199,0.578,0.759,-10.68,-7.26,1.62,1,2
16539.984,0.207,0.585,0.764,-10.04,-5.8,0.7,1,2
16539.984,0.206,0.574,0.767,-8.88,-4.52,0.12,1,2
16540.0,0.207,0.563,0.772,-7.42,-3.42,-0.34,1,2
16540.0,0.211,0.567,0.783,-6.32,-2.72,-0.58,1,2
16540.015,0.212,0.566,0.789,-4.88,-2.32,-0.49,1,2
16540.031,0.209,0.567,0.788,-3.36,-2.35,-0.46,1,2
16540.031,0.204,0.561,0.78,-1.86,-1.95,-1.28,1,2
16540.046,0.198,0.56,0.774,-0.95,-1.46,-2.72,1,2
16540.062,0.192,0.567,0.774,-0.64,-0.98,-3.75,1,2
16540.062,0.183,0.579,0.779,-0.52,-0.34,-4.12,1,2
16540.078,0.175,0.588,0.783,-0.34,-0.24,-4.0,1,2
16540.093,0.166,0.596,0.79,-0.15,-0.89,-3.33,1,2
16540.093,0.166,0.6,0.792,-0.15,-2.01,-2.38,1,2
16540.109,0.167,0.596,0.787,0.58,-2.87,-1.28,1,2
16540.125,0.168,0.591,0.782,1.31,-3.63,0.03,1,2
16540.125,0.172,0.586,0.778,1.1,-4.06,0.7,1,2
16540.14,0.171,0.587,0.777,0.27,-4.61,1.13,1,2
16540.14,0.171,0.59,0.781,-1.71,-5.8,0.67,1,2
16540.156,0.176,0.587,0.78,-3.27,-7.14,-0.03,1,2
16540.171,0.176,0.588,0.77,-4.12,-7.81,-0.09,1,2
16540.171,0.186,0.583,0.769,-5.37,-8.03,-0.49,1,2
16540.187,0.183,0.578,0.772,-6.74,-7.69,-0.82,1,2
16540.203,0.191,0.58,0.778,-7.66,-7.93,-0.52,1,2
16540.203,0.198,0.584,0.784,-8.33,-8.36,-0.37,1,2
16540.218,0.2,0.581,0.792,-8.88,-8.79,-0.43,1,2
16540.218,0.198,0.578,0.795,-8.67,-9.46,-0.15,1,2
16540.234,0.201,0.579,0.793,-7.63,-10.35,0.76,1,2
16540.25,0.208,0.574,0.789,-6.68,-11.11,1.95,1,2
16540.25,0.213,0.573,0.784,-5.55,-11.23,3.08,1,2
16540.265,0.217,0.574,0.778,-3.81,-10.74,3.78,1,2
16540.281,0.22,0.564,0.766,-2.04,-9.61,3.69,1,2
16540.281,0.22,0.56,0.759,-1.68,-8.0,2.78,1,2
16540.296,0.22,0.558,0.758,-1.71,-6.35,1.68,1,2
16540.312,0.219,0.56,0.759,-1.89,-4.46,0.37,1,2
16540.312,0.219,0.566,0.761,-2.47,-2.56,-0.98,1,2
16540.328,0.214,0.57,0.765,-2.81,-1.07,-2.08,1,2
16540.343,0.211,0.567,0.771,-3.57,-0.27,-3.05,1,2
16540.343,0.208,0.571,0.774,-4.46,0.21,-3.66,1,2
16540.359,0.203,0.577,0.779,-5.77,0.4,-3.66,1,2
16540.359,0.199,0.575,0.788,-6.99,0.24,-3.11,1,2
16540.375,0.198,0.572,0.796,-7.51,-0.15,-2.32,1,2
16540.39,0.197,0.57,0.802,-7.66,-1.01,-1.68,1,2
16540.39,0.197,0.566,0.806,-7.6,-2.32,-1.19,1,2
16540.406,0.197,0.56,0.804,-7.45,-3.63,-0.98,1,2
16540.421,0.2,0.555,0.798,-7.02,-4.58,-0.76,1,2
16540.437,0.205,0.556,0.791,-6.5,-5.04,-0.7,1,2
16540.437,0.204,0.556,0.789,-5.98,-4.94,-0.55,1,2
16540.453,0.205,0.559,0.79,-5.62,-4.67,-0.49,1,2
16540.453,0.205,0.556,0.792,-5.04,-4.3,-0.43,1,2
16540.468,0.203,0.556,0.791,-4.21,-4.18,-0.31,1,2
16540.468,0.197,0.56,0.799,-3.75,-4.12,-0.18,1,2
16540.484,0.193,0.565,0.806,-3.27,-4.39,0.15,1,2
16540.5,0.188,0.566,0.812,-2.62,-5.49,0.64,1,2
16540.5,0.189,0.561,0.815,-2.38,-7.32,1.37,1,2
16540.515,0.191,0.556,0.814,-2.26,-9.19,1.77,1,2
16540.531,0.198,0.552,0.809,-2.2,-10.83,1.8,1,2
16540.531,0.204,0.552,0.807,-2.14,-12.45,1.65,1,2
16540.546,0.207,0.557,0.799,-2.11,-13.79,1.43,1,2
16540.562,0.216,0.556,0.792,-2.38,-14.34,1.5,1,2
16540.562,0.221,0.554,0.794,-3.27,-14.28,1.83,1,2
16540.578,0.23,0.553,0.781,-4.21,-14.01,2.11,1,2
16540.593,0.241,0.556,0.766,-3.2,-12.63,2.53,1,2
16540.593,0.242,0.551,0.772,-2.32,-10.16,3.33,1,2
16540.609,0.245,0.543,0.776,-2.69,-8.61,3.39,1,2
16540.625,0.245,0.539,0.77,-1.83,-6.56,2.87,1,2
16540.625,0.246,0.528,0.775,-0.09,-4.15,2.44,1,2
16540.64,0.244,0.526,0.776,1.4,-1.92,1.46,1,2
16540.64,0.242,0.532,0.774,2.62,0.03,0.18,1,2
16540.656,0.241,0.538,0.779,4.52,1.86,-0.89,1,2
16540.671,0.242,0.56,0.777,5.77,3.97,-1.71,1,2
16540.671,0.22,0.571,0.787,6.38,5.1,-1.89,1,2
16540.687,0.22,0.569,0.787,6.87,4.46,-0.76,1,2
16540.703,0.217,0.585,0.786,5.92,3.33,0.52,1,2
16540.703,0.214,0.58,0.783,3.88,2.47,1.56,1,2
16540.718,0.211,0.57,0.785,1.19,1.43,2.29,1,2
16540.718,0.214,0.561,0.783,-0.89,0.37,2.75,1,2
16540.734,0.221,0.551,0.778,-2.75,-0.12,2.72,1,2
16540.75,0.223,0.545,0.775,-4.39,0.43,2.01,1,2
16540.75,0.222,0.537,0.777,-5.19,1.53,0.92,1,2
16540.765,0.224,0.534,0.778,-5.1,2.81,0.31,1,2
16540.781,0.225,0.538,0.79,-4.49,3.94,-0.18,1,2
16540.781,0.226,0.544,0.798,-3.33,4.67,-0.55,1,2
16540.796,0.226,0.553,0.808,-1.8,4.82,-0.52,1,2
16540.812,0.222,0.564,0.814,0.09,4.36,-0.15,1,2
16540.812,0.217,0.564,0.814,2.17,3.02,0.7,1,2
16540.828,0.218,0.568,0.808,4.0,1.74,1.83,1,2
16540.843,0.218,0.578,0.805,4.61,0.73,2.59,1,2
16540.843,0.212,0.571,0.795,4.73,-0.34,3.14,1,2
16540.859,0.212,0.555,0.782,4.46,-1.62,3.66,1,2
16540.859,0.219,0.558,0.779,3.2,-2.08,4.15,1,2
16540.875,0.214,0.553,0.776,1.19,-1.89,3.75,1,2
16540.89,0.217,0.551,0.784,-1.31,-1.86,3.48,1,2
16540.89,0.214,0.551,0.793,-2.75,-2.01,2.84,1,2
16540.906,0.214,0.545,0.804,-3.02,-2.29,2.59,1,2
16540.921,0.209,0.546,0.809,-2.75,-2.81,2.47,1,2
16540.937,0.212,0.539,0.805,-1.37,-3.69,2.35,1,2
16540.937,0.216,0.539,0.801,0.06,-3.85,2.53,1,2
16540.937,0.219,0.54,0.801,1.59,-4.27,2.72,1,2
16540.953,0.222,0.55,0.802,4.49,-4.27,2.93,1,2
16540.968,0.225,0.554,0.8,5.4,-4.7,2.84,1,2
16540.968,0.227,0.556,0.793,6.07,-5.34,2.75,1,2
16540.984,0.239,0.557,0.774,6.13,-5.13,3.08,1,2
16541.0,0.244,0.561,0.769,5.49,-4.55,2.96,1,2
16541.015,0.245,0.566,0.77,4.39,-3.66,2.62,1,2
16541.015,0.244,0.565,0.769,3.42,-3.02,1.98,1,2
16541.031,0.245,0.563,0.771,2.32,-2.5,1.77,1,2
16541.031,0.245,0.561,0.765,1.22,-1.8,1.34,1,2
16541.046,0.245,0.558,0.763,0.27,-0.7,0.92,1,2
16541.062,0.246,0.558,0.766,-0.73,0.37,0.31,1,2
16541.062,0.243,0.553,0.767,-1.5,1.59,-0.49,1,2
16541.078,0.239,0.558,0.772,-2.59,2.69,-1.13,1,2
16541.078,0.235,0.563,0.776,-3.3,3.57,-1.68,1,2
16541.093,0.227,0.563,0.786,-3.36,3.94,-1.65,1,2
16541.109,0.225,0.565,0.79,-2.87,4.21,-0.85,1,2
16541.109,0.222,0.562,0.79,-2.5,4.15,0.15,1,2
16541.125,0.221,0.559,0.791,-2.2,3.81,1.07,1,2
16541.14,0.224,0.556,0.789,-1.95,3.51,1.59,1,2
16541.14,0.22,0.552,0.787,-1.59,3.2,1.74,1,2
16541.156,0.221,0.554,0.788,-1.31,3.2,1.59,1,2
16541.171,0.216,0.556,0.789,-1.16,2.99,1.46,1,2
16541.171,0.217,0.56,0.791,-1.28,2.75,1.65,1,2
16541.187,0.216,0.563,0.793,-1.62,2.29,1.92,1,2
16541.203,0.216,0.562,0.792,-2.01,1.5,1.95,1,2
16541.203,0.219,0.562,0.796,-2.81,0.67,1.98,1,2
16541.218,0.221,0.558,0.794,-3.69,-0.46,1.95,1,2
16541.234,0.223,0.551,0.793,-4.03,-1.16,1.89,1,2
16541.234,0.226,0.546,0.791,-4.06,-1.37,1.71,1,2
16541.25,0.227,0.542,0.79,-4.46,-1.56,1.43,1,2
16541.25,0.229,0.541,0.791,-5.07,-1.5,0.85,1,2
16541.265,0.229,0.539,0.788,-5.43,-1.16,0.09,1,2
16541.281,0.229,0.54,0.791,-5.71,-0.85,-0.49,1,2
16541.281,0.229,0.547,0.793,-6.07,-0.64,-0.92,1,2
16541.296,0.225,0.544,0.789,-5.8,-0.92,-1.19,1,2
16541.312,0.228,0.551,0.789,-5.95,-0.89,-1.5,1,2
16541.312,0.229,0.549,0.787,-6.07,-0.46,-1.68,1,2
16541.328,0.235,0.546,0.79,-5.55,0.31,-1.43,1,2
16541.328,0.233,0.552,0.788,-5.16,1.4,-1.16,1,2
16541.343,0.232,0.543,0.79,-4.67,1.98,-1.16,1,2
16541.359,0.236,0.558,0.782,-4.82,2.62,-0.58,1,2
16541.359,0.232,0.561,0.769,-4.85,3.63,0.09,1,2
16541.375,0.238,0.568,0.769,-7.02,4.39,0.7,1,2
16541.39,0.242,0.567,0.758,-10.65,4.88,0.27,1,2
16541.39,0.242,0.559,0.758,-14.65,5.71,-0.43,1,2
16541.406,0.242,0.553,0.762,-18.52,7.11,-0.7,1,2
16541.421,0.237,0.541,0.781,-21.82,8.51,-1.37,1,2
16541.421,0.235,0.524,0.805,-23.99,9.86,-1.59,1,2
16541.437,0.228,0.515,0.802,-24.66,11.14,-1.92,1,2
16541.437,0.229,0.508,0.805,-23.44,12.6,-2.26,1,2
16541.453,0.221,0.497,0.823,-21.58,14.68,-2.75,1,2
16541.468,0.203,0.476,0.84,-21.12,15.29,-4.82,1,2
16541.484,0.181,0.485,0.865,-22.34,13.31,-7.6,1,2
16541.484,0.177,0.509,0.887,-22.58,9.77,-9.43,1,2
16541.5,0.155,0.508,0.889,-21.06,5.68,-9.8,1,2
16541.5,0.159,0.504,0.875,-18.31,1.1,-7.35,1,2
16541.515,0.191,0.506,0.819,-14.74,-0.73,-5.71,1,2
16541.531,0.272,0.432,0.732,-9.13,4.39,-4.58,1,2
16541.531,0.136,0.462,0.833,-8.76,11.84,-6.56,1,2
16541.546,0.14,0.61,0.924,-20.75,6.78,-6.41,1,2
16541.562,0.167,0.527,0.878,-16.08,-0.09,-3.36,1,2
16541.562,0.164,0.519,0.851,-15.81,-3.2,-0.12,1,2
16541.578,0.191,0.506,0.847,-15.23,-4.18,2.84,1,2
16541.593,0.185,0.479,0.841,-13.06,-3.66,4.27,1,2
16541.593,0.188,0.468,0.855,-12.63,-3.81,4.97,1,2
16541.609,0.188,0.463,0.864,-10.99,-4.73,4.33,1,2
16541.625,0.187,0.461,0.872,-7.72,-5.49,3.81,1,2
16541.625,0.188,0.47,0.882,-3.51,-6.84,3.14,1,2
16541.64,0.189,0.467,0.885,0.82,-8.85,2.87,1,2
16541.64,0.192,0.476,0.876,5.1,-10.77,2.72,1,2
16541.656,0.194,0.465,0.868,9.37,-11.96,2.66,1,2
16541.671,0.196,0.459,0.86,11.41,-13.15,2.56,1,2
16541.671,0.161,0.489,0.877,12.67,-14.31,2.78,1,2
16541.687,0.214,0.528,0.824,12.05,-17.43,4.94,1,2
16541.703,0.259,0.4,0.752,19.9,-13.46,6.01,1,2
16541.703,0.21,0.492,0.793,14.22,-7.57,4.12,1,2
16541.718,0.239,0.516,0.811,11.72,-5.4,3.97,1,2
16541.718,0.221,0.509,0.808,10.53,-4.27,3.69,1,2
16541.734,0.231,0.53,0.821,5.89,-4.24,3.57,1,2
16541.75,0.232,0.532,0.82,3.88,-4.33,3.81,1,2
16541.75,0.228,0.522,0.808,2.47,-3.97,4.39,1,2
16541.765,0.223,0.52,0.821,-1.25,-3.88,4.79,1,2
16541.781,0.228,0.506,0.815,-4.06,-4.52,4.36,1,2
16541.796,0.232,0.507,0.808,-4.15,-3.63,5.13,1,2
16541.796,0.235,0.502,0.812,-5.28,-2.62,4.94,1,2
16541.812,0.229,0.485,0.816,-5.92,-1.83,3.78,1,2
16541.812,0.23,0.488,0.826,-6.62,-1.07,2.72,1,2
16541.828,0.227,0.489,0.832,-6.65,-0.98,1.68,1,2
16541.843,0.223,0.487,0.834,-5.89,-1.13,1.28,1,2
16541.843,0.223,0.494,0.837,-5.07,-1.37,1.43,1,2
16541.859,0.221,0.494,0.842,-4.18,-1.43,1.56,1,2
16541.875,0.216,0.492,0.84,-3.11,-1.86,1.98,1,2
16541.875,0.216,0.491,0.841,-2.32,-2.23,2.62,1,2
16541.89,0.217,0.49,0.843,-1.62,-2.41,3.14,1,2
16541.89,0.217,0.486,0.844,-1.1,-2.47,3.6,1,2
16541.906,0.219,0.482,0.842,-0.67,-2.69,4.12,1,2
16541.921,0.222,0.482,0.838,-0.18,-2.96,4.3,1,2
16541.921,0.223,0.48,0.837,0.06,-3.36,4.36,1,2
16541.937,0.228,0.486,0.837,-0.52,-4.27,3.57,1,2
16541.953,0.233,0.488,0.834,-0.43,-4.21,3.11,1,2
16541.953,0.233,0.489,0.828,-0.12,-3.97,3.08,1,2
16541.968,0.237,0.485,0.829,-0.15,-3.48,2.99,1,2
16541.968,0.241,0.483,0.823,0.15,-3.08,2.69,1,2
16541.984,0.243,0.485,0.824,0.24,-2.47,2.56,1,2
16542.0,0.243,0.489,0.82,0.34,-1.65,2.14,1,2
16542.0,0.239,0.483,0.817,0.21,-0.79,1.5,1,2
16542.015,0.24,0.486,0.822,0.21,0.27,1.28,1,2
16542.031,0.234,0.489,0.824,0.4,1.13,0.98,1,2
16542.031,0.23,0.488,0.828,0.27,1.31,0.61,1,2
16542.046,0.226,0.495,0.834,-0.4,1.16,0.31,1,2
16542.062,0.223,0.495,0.833,-0.85,0.67,0.09,1,2
16542.062,0.225,0.488,0.835,-1.56,0.09,0.0,1,2
16542.078,0.224,0.49,0.835,-2.78,-0.64,-0.31,1,2
16542.093,0.229,0.493,0.836,-2.66,-0.79,0.21,1,2
16542.093,0.234,0.487,0.834,-2.26,-0.67,0.67,1,2
16542.109,0.235,0.482,0.831,-1.98,-0.55,0.98,1,2
16542.109,0.236,0.484,0.832,-1.89,-0.15,1.07,1,2
16542.125,0.237,0.482,0.831,-1.31,0.52,1.16,1,2
16542.14,0.233,0.48,0.832,-1.07,0.85,1.19,1,2
16542.14,0.232,0.487,0.834,-0.95,0.95,1.25,1,2
16542.156,0.226,0.48,0.835,-0.92,0.98,0.89,1,2
16542.171,0.224,0.485,0.838,-1.34,0.52,0.79,1,2
16542.171,0.225,0.487,0.839,-1.71,-0.15,0.52,1,2
16542.187,0.228,0.484,0.839,-1.95,-0.73,0.37,1,2
16542.203,0.231,0.486,0.837,-1.56,-0.92,0.64,1,2
16542.203,0.23,0.483,0.835,-0.58,-0.73,0.95,1,2
16542.218,0.229,0.479,0.834,-0.4,-0.67,1.01,1,2
16542.234,0.231,0.481,0.832,-0.79,-0.67,0.64,1,2
16542.234,0.232,0.481,0.832,-1.04,-0.52,0.4,1,2
16542.25,0.231,0.482,0.831,-0.98,-0.27,0.24,1,2
16542.25,0.231,0.485,0.833,-0.79,0.0,0.34,1,2
16542.265,0.229,0.491,0.84,-1.01,0.12,0.46,1,2
16542.281,0.226,0.492,0.844,-1.37,-0.7,0.37,1,2
16542.281,0.227,0.488,0.843,-1.77,-1.71,0.31,1,2
16542.296,0.228,0.484,0.84,-1.83,-2.53,0.7,1,2
16542.312,0.232,0.481,0.841,-1.71,-2.9,0.76,1,2
16542.312,0.234,0.476,0.836,-1.71,-3.02,0.55,1,2
16542.328,0.235,0.472,0.83,-1.46,-2.96,0.34,1,2
16542.328,0.238,0.471,0.827,-0.82,-2.38,0.0,1,2
16542.343,0.238,0.472,0.829,-0.34,-1.31,-0.4,1,2
16542.359,0.235,0.479,0.833,-0.27,-0.7,-0.79,1,2
16542.359,0.234,0.48,0.835,-0.18,-0.31,-0.98,1,2
16542.375,0.234,0.481,0.833,0.15,0.09,-0.95,1,2
16542.39,0.229,0.483,0.833,0.79,0.43,-0.7,1,2
16542.39,0.229,0.487,0.837,0.98,0.31,-0.67,1,2
16542.406,0.235,0.487,0.841,0.85,0.24,-0.34,1,2
16542.421,0.228,0.489,0.844,-0.15,0.4,-0.79,1,2
16542.421,0.219,0.48,0.84,-0.37,-0.21,-0.89,1,2
16542.437,0.223,0.477,0.839,0.12,-1.07,-0.37,1,2
16542.453,0.228,0.482,0.84,-0.27,-1.71,-0.06,1,2
16542.453,0.233,0.483,0.84,-0.43,-1.74,0.03,1,2
16542.468,0.234,0.48,0.837,0.03,-1.53,0.06,1,2
16542.484,0.235,0.48,0.838,1.07,-1.56,0.27,1,2
16542.484,0.239,0.48,0.827,1.59,-1.43,0.09,1,2
16542.5,0.243,0.475,0.819,1.43,-0.4,-0.15,1,2
16542.5,0.245,0.478,0.822,1.07,0.76,-0.52,1,2
16542.515,0.247,0.476,0.82,1.31,2.23,-0.98,1,2
16542.531,0.25,0.467,0.802,1.71,4.55,-1.5,1,2
16542.546,0.257,0.475,0.765,-0.27,8.24,-2.08,1,2
16542.546,0.277,0.487,0.73,-4.64,15.23,-2.32,1,2
16542.562,0.293,0.464,0.71,-7.35,26.34,-2.59,1,2
16542.562,0.248,0.48,0.746,-4.27,38.48,-2.75,1,2
16542.578,0.142,0.516,0.888,-8.42,40.59,-3.08,1,2
16542.578,0.162,0.597,0.945,-30.27,26.46,-5.77,1,2
16542.593,0.211,0.435,0.858,-23.44,19.5,-4.33,1,2
16542.609,0.099,0.492,0.905,-23.62,14.86,-5.22,1,2
16542.609,0.179,0.576,0.941,-31.68,6.04,-3.72,1,2
16542.625,0.144,0.444,0.886,-20.29,1.95,-0.61,1,2
16542.64,0.172,0.453,0.882,-19.96,-1.4,2.26,1,2
16542.656,0.198,0.433,0.875,-17.0,-2.72,3.02,1,2
16542.656,0.191,0.406,0.872,-12.6,-2.47,2.32,1,2
16542.671,0.202,0.414,0.892,-10.04,-2.5,1.89,1,2
16542.671,0.198,0.422,0.905,-5.62,-2.93,1.16,1,2
16542.687,0.195,0.423,0.903,-0.31,-3.91,1.1,1,2
16542.703,0.203,0.422,0.89,4.21,-5.19,0.95,1,2
16542.703,0.21,0.41,0.875,9.61,-5.43,0.49,1,2
16542.718,0.207,0.416,0.878,13.03,-5.31,-0.64,1,2
16542.718,0.204,0.43,0.874,14.89,-5.8,-1.86,1,2
16542.734,0.199,0.451,0.866,15.93,-6.44,-2.62,1,2
16542.75,0.193,0.471,0.863,15.9,-6.93,-2.56,1,2
16542.75,0.187,0.478,0.87,14.71,-7.78,-1.98,1,2
16542.765,0.153,0.503,0.89,11.84,-10.38,-1.4,1,2
16542.781,0.212,0.539,0.859,7.93,-15.26,0.55,1,2
16542.781,0.224,0.414,0.794,16.05,-13.28,2.96,1,2
16542.796,0.2,0.491,0.83,7.9,-10.83,2.29,1,2
16542.812,0.223,0.497,0.843,5.31,-10.77,2.44,1,2
16542.812,0.212,0.475,0.826,4.55,-10.53,2.26,1,2
16542.828,0.22,0.485,0.826,1.77,-9.67,2.47,1,2
16542.843,0.216,0.475,0.83,-0.79,-9.22,1.31,1,2
16542.843,0.223,0.463,0.839,-2.99,-9.31,-0.03,1,2
16542.859,0.224,0.481,0.831,-0.58,-7.9,1.77,1,2
16542.859,0.238,0.475,0.828,0.49,-5.8,3.05,1,2
16542.875,0.233,0.469,0.83,0.03,-3.97,2.44,1,2
16542.89,0.228,0.468,0.834,0.34,-3.2,2.26,1,2
16542.89,0.235,0.47,0.841,0.09,-2.69,2.35,1,2
16542.906,0.232,0.47,0.842,-0.34,-2.08,1.86,1,2
16542.921,0.228,0.467,0.844,-0.85,-2.41,0.82,1,2
16542.921,0.227,0.471,0.85,-1.5,-2.93,0.37,1,2
16542.937,0.227,0.473,0.847,-2.01,-2.9,-0.03,1,2
16542.953,0.226,0.469,0.841,-2.14,-2.59,-0.24,1,2
16542.953,0.229,0.464,0.834,-1.95,-2.14,-0.34,1,2
16542.968,0.23,0.463,0.833,-1.8,-0.95,-0.49,1,2
16542.984,0.226,0.464,0.844,-1.53,0.18,-0.73,1,2
16542.984,0.222,0.466,0.852,-1.01,0.7,-0.82,1,2
16543.0,0.223,0.469,0.852,-0.37,0.55,-1.04,1,2
16543.0,0.221,0.471,0.849,0.27,0.49,-0.79,1,2
16543.015,0.219,0.471,0.848,0.7,0.31,-0.55,1,2
16543.031,0.22,0.474,0.847,0.55,0.06,-0.27,1,2
16543.031,0.223,0.476,0.844,0.09,-0.34,0.15,1,2
16543.046,0.224,0.475,0.843,-0.46,-0.55,0.24,1,2
16543.062,0.222,0.472,0.842,-0.92,-0.76,0.37,1,2
16543.062,0.221,0.472,0.844,-1.53,-1.07,0.58,1,2
16543.078,0.221,0.469,0.847,-2.29,-1.74,0.37,1,2
16543.093,0.223,0.469,0.853,-3.14,-2.23,0.24,1,2
16543.093,0.224,0.459,0.847,-2.56,-2.5,0.0,1,2
16543.109,0.228,0.454,0.847,-1.5,-2.11,0.18,1,2
16543.109,0.224,0.453,0.848,-0.49,-1.62,-0.21,1,2
16543.125,0.222,0.459,0.853,0.85,-1.4,-0.4,1,2
16543.14,0.221,0.475,0.855,1.68,-1.62,-0.64,1,2
16543.14,0.215,0.479,0.851,2.5,-1.86,-0.82,1,2
16543.156,0.215,0.478,0.842,3.11,-2.35,-0.43,1,2
16543.171,0.219,0.481,0.839,3.05,-2.53,0.34,1,2
16543.171,0.217,0.479,0.836,1.86,-2.41,0.76,1,2
16543.187,0.216,0.475,0.837,0.21,-2.5,0.92,1,2
16543.203,0.222,0.473,0.837,-1.56,-3.14,0.76,1,2
16543.203,0.228,0.47,0.84,-3.3,-3.36,0.52,1,2
16543.218,0.226,0.463,0.841,-4.39,-3.3,0.21,1,2
16543.218,0.229,0.46,0.848,-4.82,-2.96,0.27,1,2
16543.234,0.228,0.458,0.851,-4.18,-2.56,0.27,1,2
16543.25,0.23,0.459,0.86,-2.96,-2.35,0.55,1,2
16543.25,0.226,0.458,0.861,-1.74,-2.56,0.58,1,2
16543.265,0.227,0.459,0.861,-0.27,-3.3,0.4,1,2
16543.281,0.232,0.467,0.861,1.19,-3.75,0.27,1,2
16543.296,0.236,0.461,0.847,3.27,-3.91,0.31,1,2
16543.296,0.241,0.462,0.833,4.88,-3.02,0.37,1,2
16543.296,0.242,0.465,0.821,5.16,-1.65,0.34,1,2
16543.312,0.249,0.461,0.808,4.49,0.49,0.49,1,2
16543.328,0.271,0.465,0.769,2.9,4.58,0.85,1,2
16543.343,0.303,0.441,0.734,2.59,13.49,1.34,1,2
16543.343,0.316,0.406,0.72,4.82,26.55,-0.55,1,2
16543.359,0.283,0.406,0.737,10.32,41.87,-5.31,1,2
16543.359,0.157,0.534,0.901,-4.82,44.53,-11.57,1,2
16543.375,0.19,0.562,0.929,-23.41,32.78,-11.23,1,2
16543.39,0.101,0.417,0.941,-17.52,23.93,-10.38,1,2
16543.406,0.08,0.621,0.979,-29.45,9.19,-9.19,1,2
16543.406,0.158,0.531,0.9,-21.36,-1.8,-4.43,1,2
16543.421,0.132,0.464,0.851,-14.1,-4.39,0.82,1,2
16543.421,0.173,0.456,0.854,-13.31,-4.61,5.86,1,2
16543.437,0.176,0.432,0.856,-10.83,-4.0,6.59,1,2
16543.453,0.185,0.419,0.879,-9.8,-4.3,6.38,1,2
16543.453,0.199,0.423,0.9,-8.24,-5.68,5.28,1,2
16543.468,0.2,0.416,0.906,-2.23,-6.68,4.27,1,2
16543.468,0.206,0.418,0.902,5.52,-7.45,3.54,1,2
16543.484,0.204,0.411,0.91,9.64,-9.25,2.41,1,2
16543.5,0.209,0.404,0.903,13.7,-11.51,1.04,1,2
16543.5,0.21,0.418,0.884,18.13,-13.09,-0.03,1,2
16543.515,0.213,0.438,0.868,20.97,-13.64,-0.37,1,2
16543.531,0.199,0.454,0.881,21.7,-13.61,-0.82,1,2
16543.531,0.173,0.516,0.88,19.26,-15.96,-0.34,1,2
16543.546,0.258,0.459,0.82,21.03,-16.94,2.04,1,2
16543.562,0.214,0.426,0.796,22.31,-13.12,1.95,1,2
16543.562,0.219,0.515,0.841,14.31,-11.44,2.26,1,2
16543.578,0.215,0.52,0.847,12.85,-11.78,3.05,1,2
16543.578,0.2,0.516,0.841,11.41,-12.94,4.21,1,2
16543.593,0.208,0.521,0.869,6.01,-15.96,5.37,1,2
16543.609,0.21,0.499,0.848,6.2,-18.89,6.35,1,2
16543.625,0.229,0.491,0.829,6.84,-19.96,8.06,1,2
16543.625,0.233,0.503,0.825,5.07,-19.41,8.45,1,2
16543.64,0.229,0.478,0.817,4.24,-18.52,8.79,1,2
16543.64,0.236,0.474,0.814,3.27,-17.49,9.19,1,2
16543.656,0.248,0.478,0.815,2.32,-16.08,9.34,1,2
16543.671,0.255,0.477,0.817,1.89,-14.47,8.91,1,2
16543.671,0.255,0.474,0.82,1.98,-12.85,8.48,1,2
16543.687,0.261,0.475,0.818,2.44,-11.57,8.42,1,2
16543.687,0.266,0.477,0.82,2.47,-10.62,8.58,1,2
16543.703,0.271,0.484,0.817,2.01,-9.77,8.15,1,2
16543.718,0.269,0.473,0.809,1.31,-8.82,6.93,1,2
16543.734,0.271,0.467,0.803,0.09,-7.57,6.01,1,2
16543.734,0.276,0.47,0.796,-1.25,-5.89,5.04,1,2
16543.75,0.283,0.462,0.791,-2.29,-3.42,4.0,1,2
16543.75,0.29,0.462,0.794,-3.27,-0.67,2.99,1,2
16543.765,0.296,0.473,0.799,-3.94,2.17,1.83,1,2
16543.781,0.3,0.471,0.799,-4.21,5.01,0.4,1,2
16543.781,0.296,0.472,0.801,-4.67,7.42,-1.16,1,2
16543.796,0.295,0.473,0.799,-4.85,9.52,-2.62,1,2
16543.812,0.291,0.478,0.802,-5.07,11.93,-3.81,1,2
16543.812,0.278,0.481,0.816,-5.04,14.47,-4.33,1,2
16543.828,0.26,0.481,0.827,-3.97,16.33,-4.18,1,2
16543.828,0.239,0.485,0.845,-2.96,17.18,-3.36,1,2
16543.843,0.22,0.486,0.86,-2.01,16.54,-2.04,1,2
16543.859,0.207,0.485,0.871,-1.46,14.47,-0.27,1,2
16543.875,0.2,0.481,0.877,-2.04,11.32,1.1,1,2
16543.875,0.2,0.475,0.879,-3.14,7.42,1.46,1,2
16543.89,0.199,0.469,0.88,-4.64,3.2,1.43,1,2
16543.89,0.203,0.466,0.875,-5.37,-0.34,1.28,1,2
16543.906,0.2,0.463,0.872,-5.01,-5.22,2.81,1,2
16543.921,0.213,0.458,0.874,-2.81,-6.47,3.54,1,2
16543.921,0.218,0.468,0.88,-0.24,-7.84,4.64,1,2
16543.937,0.215,0.457,0.898,3.14,-9.83,6.47,1,2
16543.953,0.227,0.454,0.902,7.9,-11.93,8.51,1,2
16543.953,0.244,0.455,0.901,12.94,-13.46,9.64,1,2
16543.968,0.237,0.448,0.902,18.49,-13.95,10.32,1,2
16543.968,0.245,0.449,0.912,24.57,-13.34,11.44,1,2
16543.984,0.235,0.45,0.912,31.68,-12.85,12.18,1,2
16544.0,0.227,0.445,0.907,38.64,-12.85,13.58,1,2
16544.0,0.224,0.466,0.903,44.34,-13.12,14.71,1,2
16544.015,0.234,0.519,0.897,47.67,-12.79,15.11,1,2
16544.031,0.224,0.581,0.88,45.59,-11.32,13.98,1,2
16544.031,0.222,0.631,0.88,36.41,-10.9,12.94,1,2
16544.046,0.219,0.678,0.898,23.16,-11.32,12.21,1,2
16544.062,0.214,0.705,0.902,9.58,-13.31,11.44,1,2
16544.062,0.187,0.721,0.868,-4.43,-7.84,8.36,1,2
16544.078,0.222,0.724,0.97,-30.06,3.39,3.94,1,2
16544.093,0.136,0.615,1.029,-44.31,-3.3,6.23,1,2
16544.093,0.163,0.612,1.065,-41.08,-13.86,10.19,1,2
16544.109,0.205,0.596,1.056,-31.71,-27.56,15.2,1,2
16544.125,0.256,0.546,1.035,-23.35,-41.41,16.91,1,2
16544.125,0.305,0.533,0.993,-17.24,-51.94,15.96,1,2
16544.14,0.336,0.535,0.965,-12.45,-57.95,13.21,1,2
16544.14,0.342,0.532,0.928,-9.46,-61.56,10.44,1,2
16544.156,0.352,0.532,0.897,-10.25,-65.77,8.64,1,2
16544.171,0.393,0.583,0.862,-16.08,-70.04,8.33,1,2
16544.171,0.413,0.536,0.826,-18.65,-69.4,11.69,1,2
16544.187,0.378,0.51,0.811,-20.17,-71.32,14.31,1,2
16544.203,0.412,0.553,0.821,-25.67,-76.2,16.91,1,2
16544.203,0.444,0.549,0.833,-31.01,-78.8,21.67,1,2
16544.218,0.47,0.504,0.823,-32.93,-79.84,27.62,1,2
16544.218,0.487,0.485,0.818,-34.61,-79.84,31.92,1,2
16544.234,0.495,0.469,0.821,-37.26,-81.15,33.91,1,2
16544.25,0.495,0.453,0.835,-39.77,-83.99,35.25,1,2
16544.25,0.48,0.431,0.836,-41.14,-88.29,35.98,1,2
16544.265,0.478,0.415,0.841,-43.73,-95.89,36.32,1,2
16544.281,0.491,0.405,0.834,-46.42,-105.04,37.23,1,2
16544.296,0.519,0.384,0.809,-47.64,-113.28,40.22,1,2
16544.296,0.561,0.365,0.769,-46.39,-118.44,42.7,1,2
16544.312,0.58,0.339,0.724,-44.92,-120.06,42.85,1,2
16544.328,0.612,0.326,0.669,-46.42,-119.57,42.09,1,2
16544.328,0.673,0.33,0.63,-48.8,-115.3,40.74,1,2
16544.328,0.708,0.321,0.59,-47.03,-106.85,38.7,1,2
16544.343,0.726,0.31,0.528,-42.85,-97.14,37.42,1,2
16544.359,0.77,0.313,0.513,-39.16,-84.99,38.06,1,2
16544.375,0.796,0.3,0.493,-37.02,-71.54,41.47,1,2
16544.375,0.893,0.288,0.502,-41.41,-61.04,46.88,1,2
16544.39,0.954,0.238,0.536,-53.01,-54.75,49.56,1,2
16544.406,0.957,0.275,0.6,-71.08,-51.76,46.82,1,2
16544.406,0.949,0.311,0.601,-84.87,-47.61,51.88,1,2
16544.421,1.025,0.247,0.558,-89.94,-38.51,61.65,1,2
16544.421,1.021,0.158,0.551,-82.0,-26.67,63.11,1,2
16544.437,0.979,0.119,0.575,-65.25,-18.01,56.79,1,2
16544.453,0.974,0.125,0.578,-47.91,-14.47,49.35,1,2
16544.453,0.972,0.141,0.555,-32.81,-13.52,43.24,1,2
16544.468,0.934,0.156,0.534,-21.49,-16.72,35.65,1,2
16544.484,0.875,0.195,0.513,-19.41,-25.51,28.99,1,2
16544.484,0.853,0.228,0.477,-27.38,-36.04,25.39,1,2
16544.5,0.827,0.241,0.418,-41.32,-42.12,24.11,1,2
16544.5,0.776,0.216,0.438,-56.15,-42.57,26.43,1,2
16544.515,0.72,0.162,0.536,-61.71,-44.98,31.53,1,2
16544.531,0.629,0.105,0.605,-56.25,-55.24,35.98,1,2
16544.531,0.569,0.066,0.643,-48.22,-74.77,38.0,1,2
16544.546,0.537,0.041,0.62,-39.77,-99.37,37.35,1,2
16544.562,0.543,0.039,0.503,-32.81,-120.94,33.54,1,2
16544.562,0.593,0.032,0.328,-26.92,-129.8,28.9,1,2
16544.578,0.714,0.061,0.192,-25.12,-119.79,26.83,1,2
16544.593,0.792,0.105,0.162,-27.77,-91.62,26.25,1,2
16544.593,0.753,0.109,0.202,-34.7,-58.26,26.4,1,2
16544.609,0.677,0.078,0.292,-43.67,-33.33,27.01,1,2
16544.609,0.63,0.044,0.409,-51.61,-21.76,25.73,1,2
16544.625,0.586,-0.004,0.498,-54.29,-20.69,22.68,1,2
16544.64,0.552,-0.047,0.53,-51.61,-25.64,19.23,1,2
16544.64,0.572,-0.076,0.442,-48.98,-31.07,15.08,1,2
16544.656,0.69,-0.078,0.412,-48.62,-24.93,11.14,1,2
16544.671,0.692,-0.022,0.405,-44.77,-7.63,7.42,1,2
16544.687,0.639,-0.002,0.39,-44.34,6.96,2.17,1,2
16544.687,0.6,0.01,0.418,-50.66,18.86,-1.43,1,2
16544.703,0.586,0.032,0.48,-57.07,27.16,-1.56,1,2
16544.703,0.584,0.045,0.511,-58.26,31.4,-0.92,1,2
16544.718,0.579,0.011,0.55,-58.84,34.94,0.49,1,2
16544.734,0.598,-0.018,0.62,-62.11,39.4,4.33,1,2
16544.734,0.604,-0.026,0.696,-67.81,44.31,10.35,1,2
16544.75,0.568,-0.052,0.764,-74.28,46.6,16.14,1,2
16544.75,0.563,-0.099,0.845,-78.4,44.71,19.23,1,2
16544.765,0.602,-0.135,0.901,-77.06,41.11,19.62,1,2
16544.781,0.648,-0.155,0.917,-73.06,37.84,17.55,1,2
16544.781,0.693,-0.17,0.919,-67.05,35.43,13.18,1,2
16544.796,0.701,-0.159,0.923,-60.34,33.48,7.35,1,2
16544.812,0.708,-0.143,0.926,-54.08,29.33,1.92,1,2
16544.812,0.719,-0.137,0.934,-49.04,23.87,-2.08,1,2
16544.828,0.717,-0.124,0.932,-44.65,18.68,-3.81,1,2
16544.843,0.756,-0.102,0.923,-38.51,12.91,-4.12,1,2
16544.843,0.758,-0.083,0.914,-30.37,7.78,-4.88,1,2
16544.859,0.721,-0.085,0.89,-24.11,1.4,-5.68,1,2
16544.859,0.744,-0.087,0.859,-20.14,-5.89,-5.71,1,2
16544.875,0.746,-0.083,0.804,-15.08,-10.62,-4.64,1,2
16544.89,0.731,-0.066,0.774,-1.89,-12.27,-3.88,1,2
16544.89,0.689,-0.043,0.73,-0.4,-13.73,-4.09,1,2
16544.906,0.676,-0.025,0.669,-2.56,-14.37,-0.46,1,2
16544.921,0.714,-0.012,0.626,-7.9,-11.44,6.53,1,2
16544.921,0.746,-0.013,0.598,-15.69,-6.81,14.25,1,2
16544.937,0.732,-0.037,0.624,-21.79,-1.28,19.71,1,2
16544.953,0.698,-0.067,0.659,-22.89,2.75,19.87,1,2
16544.953,0.718,-0.09,0.689,-19.2,3.66,16.48,1,2
16544.968,0.748,-0.103,0.707,-10.96,4.39,12.18,1,2
16544.984,0.758,-0.1,0.703,-1.28,4.15,5.8,1,2
16544.984,0.746,-0.084,0.709,5.8,2.99,-1.89,1,2
16545.0,0.728,-0.054,0.715,12.12,1.13,-8.21,1,2
16545.0,0.714,-0.037,0.707,18.52,-0.55,-11.72,1,2
16545.015,0.698,-0.013,0.676,22.74,-3.05,-13.58,1,2
16545.031,0.717,0.021,0.63,22.52,-5.19,-11.84,1,2
16545.031,0.772,0.03,0.597,17.85,-4.46,-5.89,1,2
16545.046,0.775,0.033,0.587,9.28,-2.23,2.32,1,2
16545.062,0.769,0.002,0.611,-3.17,1.07,13.86,1,2
16545.062,0.742,-0.017,0.642,-15.26,2.93,23.29,1,2
16545.078,0.746,-0.082,0.692,-20.75,3.85,30.7,1,2
16545.093,0.749,-0.123,0.728,-18.77,2.93,34.42,1,2
16545.093,0.776,-0.16,0.743,-14.68,1.5,36.1,1,2
16545.109,0.815,-0.183,0.745,-11.44,-0.85,34.85,1,2
16545.109,0.818,-0.209,0.737,-10.47,-2.99,31.68,1,2
16545.125,0.824,-0.233,0.721,-10.44,-4.03,27.41,1,2
16545.14,0.815,-0.245,0.703,-8.61,-3.6,21.61,1,2
16545.14,0.796,-0.254,0.686,-6.32,-1.16,16.08,1,2
16545.156,0.791,-0.25,0.658,-3.2,2.69,11.11,1,2
16545.171,0.782,-0.252,0.626,1.16,8.64,6.23,1,2
16545.171,0.765,-0.242,0.631,5.83,15.17,2.84,1,2
16545.187,0.716,-0.214,0.677,9.03,16.42,1.13,1,2
16545.203,0.707,-0.217,0.719,7.08,13.76,3.69,1,2
16545.203,0.687,-0.183,0.762,0.73,7.11,5.92,1,2
16545.218,0.678,-0.206,0.777,-3.6,-1.5,7.57,1,2
16545.218,0.696,-0.23,0.748,-4.97,-10.41,7.66,1,2
16545.234,0.738,-0.221,0.693,-3.69,-16.11,7.23,1,2
16545.25,0.782,-0.21,0.638,-2.47,-16.57,6.2,1,2
16545.25,0.774,-0.204,0.601,-3.85,-13.34,3.27,1,2
16545.265,0.743,-0.207,0.6,-5.58,-8.27,-0.06,1,2
16545.281,0.726,-0.196,0.619,-4.91,-4.76,-3.27,1,2
16545.281,0.707,-0.187,0.632,-2.72,-2.26,-5.77,1,2
16545.296,0.711,-0.168,0.645,-1.1,-0.79,-7.32,1,2
16545.312,0.715,-0.159,0.656,0.67,0.06,-7.84,1,2
16545.312,0.707,-0.151,0.676,2.38,-0.27,-6.5,1,2
16545.328,0.692,-0.125,0.691,2.2,-2.47,-4.27,1,2
16545.343,0.701,-0.121,0.691,0.37,-5.86,-2.35,1,2
16545.343,0.714,-0.119,0.68,-0.31,-9.95,-1.53,1,2
16545.359,0.718,-0.12,0.659,0.55,-12.67,-0.76,1,2
16545.375,0.727,-0.125,0.662,1.8,-12.73,1.19,1,2
16545.375,0.7,-0.096,0.68,5.07,-14.5,1.98,1,2
16545.39,0.682,-0.113,0.715,9.98,-18.25,4.03,1,2
16545.39,0.663,-0.106,0.755,16.27,-25.64,7.17,1,2
16545.406,0.664,-0.108,0.758,23.26,-35.52,10.01,1,2
16545.421,0.681,-0.123,0.72,27.59,-45.14,12.05,1,2
16545.437,0.722,-0.097,0.641,29.48,-51.58,14.31,1,2
16545.437,0.75,-0.095,0.553,28.11,-52.98,15.59,1,2
16545.453,0.787,-0.097,0.48,24.57,-49.13,16.45,1,2
16545.453,0.821,-0.102,0.438,21.27,-40.19,16.72,1,2
16545.468,0.818,-0.098,0.418,17.61,-28.08,17.27,1,2
16545.468,0.787,-0.125,0.445,11.14,-17.55,17.12,1,2
16545.484,0.772,-0.162,0.486,5.4,-10.41,17.12,1,2
16545.5,0.776,-0.186,0.517,2.38,-5.58,16.85,1,2
16545.5,0.769,-0.205,0.559,0.06,-3.97,15.38,1,2
16545.515,0.773,-0.221,0.596,-0.18,-5.52,13.06,1,2
16545.531,0.769,-0.242,0.579,1.25,-7.81,9.31,1,2
16545.531,0.801,-0.22,0.547,2.38,-8.48,4.58,1,2
16545.546,0.811,-0.207,0.521,3.91,-7.6,-1.01,1,2
16545.562,0.821,-0.209,0.513,4.15,-4.43,-4.88,1,2
16545.562,0.82,-0.178,0.518,4.21,0.0,-6.96,1,2
16545.578,0.8,-0.18,0.528,4.43,4.61,-8.0,1,2
16545.593,0.779,-0.176,0.539,4.79,8.97,-8.55,1,2
16545.593,0.748,-0.17,0.568,4.12,11.54,-8.48,1,2
16545.609,0.743,-0.169,0.596,1.95,10.71,-7.87,1,2
16545.609,0.753,-0.177,0.609,2.01,8.79,-6.26,1,2
16545.625,0.765,-0.17,0.601,2.75,7.39,-5.04,1,2
16545.64,0.767,-0.159,0.595,1.59,6.16,-4.76,1,2
16545.64,0.769,-0.154,0.591,-0.24,4.7,-4.64,1,2
16545.656,0.771,-0.152,0.599,-0.98,3.97,-4.12,1,2
16545.671,0.768,-0.152,0.606,-0.52,3.72,-2.87,1,2
16545.671,0.773,-0.147,0.609,0.52,3.54,-1.8,1,2
16545.687,0.769,-0.146,0.599,1.31,3.51,-0.95,1,2
16545.703,0.762,-0.148,0.599,0.18,3.51,0.0,1,2
16545.703,0.774,-0.156,0.595,-0.58,3.45,1.13,1,2
16545.718,0.779,-0.162,0.592,-0.18,4.55,2.11,1,2
16545.734,0.781,-0.168,0.601,1.71,5.98,3.27,1,2
16545.734,0.786,-0.169,0.601,4.76,6.56,3.91,1,2
16545.75,0.788,-0.166,0.62,4.55,6.47,3.23,1,2
16545.75,0.782,-0.171,0.634,4.18,5.74,2.47,1,2
16545.765,0.775,-0.166,0.66,5.13,3.63,1.71,1,2
16545.781,0.777,-0.166,0.668,7.57,0.46,0.34,1,2
16545.781,0.794,-0.166,0.66,9.8,-2.78,-1.13,1,2
16545.796,0.822,-0.16,0.634,11.96,-4.12,-2.56,1,2
16545.812,0.829,-0.159,0.611,13.43,-3.14,-3.63,1,2
16545.812,0.826,-0.157,0.595,13.4,-1.53,-5.1,1,2
16545.828,0.818,-0.148,0.589,10.65,0.98,-6.53,1,2
16545.828,0.798,-0.144,0.582,7.48,3.63,-7.51,1,2
16545.843,0.781,-0.135,0.597,4.91,5.89,-7.54,1,2
16545.859,0.773,-0.131,0.62,3.88,6.81,-6.44,1,2
16545.859,0.776,-0.131,0.634,4.85,5.46,-3.33,1,2
16545.875,0.782,-0.131,0.633,3.88,4.55,-2.47,1,2
16545.89,0.79,-0.135,0.64,3.11,3.36,-2.41,1,2
16545.89,0.788,-0.138,0.645,2.5,2.41,-2.78,1,2
16545.906,0.794,-0.136,0.639,2.17,1.83,-3.57,1,2
16545.921,0.783,-0.133,0.642,2.96,1.83,-5.01,1,2
16545.921,0.763,-0.134,0.645,4.76,1.62,-6.74,1,2
16545.937,0.762,-0.13,0.641,6.23,0.64,-8.0,1,2
16545.953,0.771,-0.126,0.618,6.41,-0.27,-9.25,1,2
16545.953,0.767,-0.12,0.606,5.25,0.0,-10.35,1,2
16545.968,0.759,-0.114,0.6,4.21,0.98,-11.02,1,2
16545.968,0.749,-0.108,0.595,3.57,2.44,-11.23,1,2
16545.984,0.741,-0.104,0.59,2.53,3.69,-11.02,1,2
16546.0,0.74,-0.099,0.592,1.8,5.01,-10.35,1,2
16546.015,0.737,-0.094,0.598,1.07,6.1,-9.34,1,2
16546.015,0.733,-0.095,0.599,0.43,6.53,-8.67,1,2
16546.031,0.746,-0.094,0.602,-0.37,6.23,-7.75,1,2
16546.031,0.764,-0.086,0.607,-1.71,5.83,-6.13,1,2
16546.046,0.775,-0.083,0.61,-3.57,5.71,-4.33,1,2
16546.062,0.772,-0.083,0.606,-5.92,5.8,-2.47,1,2
16546.078,0.767,-0.083,0.614,-8.88,5.68,-0.55,1,2
16546.078,0.754,-0.088,0.628,-10.1,5.37,1.5,1,2
16546.093,0.74,-0.093,0.636,-9.19,4.52,3.85,1,2
16546.109,0.758,-0.095,0.633,-9.58,2.96,5.92,1,2
16546.125,0.767,-0.11,0.625,-9.58,2.99,6.68,1,2
16546.14,0.776,-0.12,0.627,-8.82,4.09,6.5,1,2
16546.156,0.781,-0.126,0.637,-6.93,5.22,5.4,1,2
16546.171,0.784,-0.133,0.642,-4.12,5.86,3.78,1,2
16546.171,0.788,-0.12,0.65,-1.86,6.16,2.04,1,2
16546.187,0.781,-0.115,0.669,-2.75,5.46,0.55,1,2
16546.187,0.77,-0.115,0.687,-4.18,3.36,-0.52,1,2
16546.203,0.765,-0.11,0.693,-3.02,0.34,-1.28,1,2
16546.218,0.772,-0.107,0.68,-0.76,-2.99,-2.38,1,2
16546.234,0.78,-0.103,0.658,1.89,-4.82,-3.45,1,2
16546.234,0.791,-0.091,0.651,4.36,-5.16,-4.36,1,2
16546.25,0.787,-0.088,0.649,5.19,-5.31,-4.82,1,2
16546.25,0.787,-0.083,0.644,5.1,-5.74,-4.03,1,2
16546.265,0.783,-0.076,0.643,5.34,-5.89,-2.53,1,2
16546.281,0.782,-0.082,0.647,4.36,-6.68,-0.58,1,2
16546.296,0.789,-0.085,0.633,2.93,-8.09,1.22,1,2
16546.296,0.796,-0.09,0.623,1.71,-8.67,3.54,1,2
16546.312,0.799,-0.101,0.613,0.61,-8.88,5.31,1,2
16546.312,0.793,-0.122,0.616,-1.19,-8.73,6.68,1,2
16546.312,0.789,-0.137,0.621,-2.01,-8.79,7.81,1,2
16546.328,0.794,-0.143,0.614,-2.17,-8.76,7.6,1,2
16546.328,0.801,-0.158,0.599,-1.43,-7.51,5.89,1,2
16546.328,0.802,-0.159,0.591,-0.06,-5.19,3.27,1,2
16546.343,0.808,-0.155,0.596,0.64,-2.96,0.15,1,2
16546.343,0.81,-0.149,0.606,0.67,-1.25,-2.9,1,2
16546.359,0.809,-0.144,0.619,1.74,0.24,-4.85,1,2
16546.359,0.794,-0.144,0.642,2.9,1.53,-5.62,1,2
16546.375,0.776,-0.141,0.642,3.91,1.74,-6.59,1,2
16546.39,0.767,-0.137,0.643,4.85,1.22,-7.97,1,2
16546.39,0.75,-0.135,0.642,6.62,0.24,-9.58,1,2
16546.406,0.766,-0.121,0.641,7.23,-1.59,-9.98,1,2
16546.421,0.781,-0.112,0.631,7.69,-2.56,-9.13,1,2
16546.421,0.777,-0.103,0.618,6.96,-2.5,-7.42,1,2
16546.437,0.77,-0.099,0.62,4.3,-2.17,-5.31,1,2
16546.453,0.757,-0.108,0.621,1.31,-2.44,-2.9,1,2
16546.453,0.76,-0.124,0.604,-0.03,-2.29,-0.37,1,2
16546.468,0.76,-0.126,0.59,-1.13,-1.53,1.8,1,2
16546.484,0.763,-0.135,0.595,-2.96,-0.7,3.23,1,2
16546.484,0.77,-0.144,0.602,-4.33,0.03,3.57,1,2
16546.5,0.781,-0.147,0.601,-3.78,1.34,2.99,1,2
16546.515,0.775,-0.146,0.605,-3.2,3.42,1.62,1,2
16546.515,0.768,-0.146,0.621,-2.72,5.28,-0.06,1,2
16546.531,0.751,-0.144,0.636,-1.89,6.04,-1.59,1,2
16546.546,0.749,-0.148,0.642,-1.53,5.46,-3.02,1,2
16546.546,0.76,-0.145,0.642,-1.59,4.03,-4.88,1,2
16546.562,0.778,-0.148,0.638,-1.13,2.72,-7.2,1,2
16546.562,0.782,-0.135,0.631,-0.34,2.69,-9.19,1,2
16546.578,0.779,-0.124,0.625,0.61,3.3,-10.71,1,2
16546.593,0.765,-0.112,0.625,1.1,4.43,-11.6,1,2
16546.593,0.746,-0.102,0.645,1.59,4.88,-11.47,1,2
16546.609,0.746,-0.096,0.643,2.53,3.88,-9.92,1,2
16546.609,0.766,-0.09,0.634,2.32,2.93,-7.35,1,2
16546.625,0.774,-0.087,0.624,1.28,2.93,-4.73,1,2
16546.64,0.767,-0.085,0.624,-1.1,2.75,-2.69,1,2
16546.64,0.759,-0.091,0.631,-3.33,2.38,-1.25,1,2
16546.656,0.756,-0.092,0.637,-3.81,2.32,-0.52,1,2
16546.671,0.756,-0.086,0.642,-3.72,2.04,-0.4,1,2
16546.687,0.756,-0.086,0.65,-3.02,1.71,-1.13,1,2
16546.687,0.762,-0.084,0.651,-0.73,1.83,-2.11,1,2
16546.703,0.767,-0.079,0.644,2.29,1.86,-2.69,1,2
16546.703,0.766,-0.074,0.64,2.56,1.37,-2.78,1,2
16546.718,0.762,-0.079,0.646,1.28,0.98,-2.38,1,2
16546.734,0.754,-0.081,0.65,1.22,0.37,-1.43,1,2
16546.734,0.757,-0.077,0.646,1.68,0.24,-0.76,1,2
16546.75,0.754,-0.08,0.639,2.41,1.04,-0.76,1,2
16546.765,0.754,-0.079,0.634,3.02,2.23,-0.98,1,2
16546.765,0.758,-0.074,0.641,3.48,3.51,-0.82,1,2
16546.781,0.76,-0.079,0.654,3.97,4.46,-0.18,1,2
16546.781,0.757,-0.09,0.655,4.52,4.43,1.28,1,2
16546.796,0.765,-0.1,0.657,3.85,3.54,2.9,1,2
16546.812,0.754,-0.112,0.665,2.14,2.47,4.09,1,2
16546.812,0.748,-0.117,0.667,-1.34,1.16,4.58,1,2
16546.828,0.762,-0.111,0.664,-4.33,-0.49,4.49,1,2
16546.828,0.763,-0.11,0.663,-4.67,-1.37,3.36,1,2
16546.843,0.776,-0.105,0.662,-3.2,-1.89,1.31,1,2
16546.859,0.793,-0.098,0.66,0.31,-0.76,-1.43,1,2
16546.859,0.8,-0.093,0.669,1.98,-0.31,-1.62,1,2
16546.875,0.788,-0.098,0.682,3.23,-1.16,-0.82,1,2
16546.89,0.771,-0.096,0.691,2.72,-2.59,0.37,1,2
16546.906,0.762,-0.1,0.686,1.07,-4.49,1.22,1,2
16546.906,0.754,-0.111,0.674,-0.52,-5.62,1.77,1,2
16546.921,0.747,-0.111,0.668,-1.04,-5.89,1.65,1,2
16546.921,0.744,-0.112,0.672,-0.37,-5.98,1.1,1,2
16546.937,0.755,-0.11,0.674,0.21,-5.83,0.76,1,2
16546.953,0.767,-0.11,0.68,0.4,-5.77,0.98,1,2
16546.953,0.767,-0.113,0.69,0.76,-5.65,2.14,1,2
16546.968,0.768,-0.11,0.697,0.76,-6.5,3.36,1,2
16546.984,0.764,-0.11,0.69,0.89,-8.58,3.81,1,2
16546.984,0.766,-0.114,0.675,1.04,-10.93,3.63,1,2
16547.0,0.769,-0.116,0.652,1.71,-12.05,3.05,1,2
16547.0,0.782,-0.113,0.636,2.78,-11.99,2.35,1,2
16547.015,0.783,-0.107,0.634,3.88,-10.07,1.65,1,2
16547.031,0.77,-0.101,0.651,3.88,-7.63,1.01,1,2
16547.046,0.76,-0.099,0.683,2.87,-6.78,0.73,1,2
16547.046,0.761,-0.102,0.713,3.75,-7.35,0.79,1,2
16547.062,0.753,-0.105,0.721,6.16,-8.85,0.52,1,2
16547.062,0.753,-0.117,0.725,7.75,-11.14,-0.18,1,2
16547.078,0.766,-0.12,0.725,10.04,-13.61,-1.83,1,2
16547.093,0.773,-0.123,0.717,13.61,-15.9,-4.09,1,2
16547.093,0.776,-0.12,0.713,17.91,-18.46,-6.68,1,2
16547.109,0.79,-0.114,0.708,23.62,-21.61,-10.16,1,2
16547.109,0.792,-0.099,0.702,31.62,-24.41,-14.95,1,2
16547.125,0.792,-0.099,0.698,41.57,-26.86,-20.23,1,2
16547.14,0.793,-0.08,0.683,51.45,-29.76,-25.27,1,2
16547.14,0.794,-0.065,0.656,59.36,-32.01,-28.05,1,2
16547.156,0.8,-0.027,0.624,61.43,-33.17,-27.74,1,2
16547.171,0.78,-0.009,0.603,55.97,-32.26,-25.33,1,2
16547.171,0.754,-0.005,0.596,46.88,-30.88,-20.63,1,2
16547.187,0.748,-0.007,0.587,39.0,-29.24,-15.14,1,2
16547.203,0.748,-0.009,0.572,33.08,-26.86,-9.7,1,2
16547.203,0.761,-0.025,0.575,27.41,-24.6,-4.67,1,2
16547.218,0.772,-0.031,0.593,21.94,-22.61,-0.67,1,2
16547.234,0.766,-0.037,0.602,18.46,-22.06,-0.43,1,2
16547.234,0.765,-0.061,0.618,19.14,-22.8,-2.78,1,2
16547.25,0.788,-0.045,0.623,24.41,-24.48,-5.77,1,2
16547.25,0.799,-0.026,0.601,30.21,-24.48,-9.0,1,2
16547.265,0.812,-0.003,0.582,33.05,-22.61,-11.08,1,2
16547.281,0.824,0.021,0.569,33.97,-19.81,-10.99,1,2
16547.281,0.823,0.039,0.551,33.51,-15.44,-9.25,1,2
16547.296,0.832,0.034,0.539,33.51,-9.13,-6.93,1,2
16547.312,0.833,0.043,0.507,37.48,-0.73,-5.19,1,2
16547.312,0.803,0.061,0.492,43.98,9.46,-3.36,1,2
16547.328,0.735,0.064,0.544,49.75,17.61,-0.7,1,2
16547.328,0.664,0.08,0.595,50.29,17.73,2.01,1,2
16547.343,0.651,0.094,0.62,41.96,9.22,4.15,1,2
16547.359,0.658,0.092,0.64,29.27,-3.45,6.99,1,2
16547.375,0.705,0.076,0.63,17.91,-15.63,12.48,1,2
16547.375,0.759,0.08,0.622,6.29,-21.79,19.1,1,2
16547.39,0.779,0.06,0.611,-3.57,-23.01,23.68,1,2
16547.39,0.78,0.036,0.6,-9.37,-20.78,26.52,1,2
16547.406,0.744,0.018,0.578,-11.57,-19.29,26.7,1,2
16547.421,0.744,-0.021,0.58,-9.16,-20.81,25.82,1,2
16547.421,0.767,-0.021,0.585,0.79,-22.22,24.11,1,2
16547.437,0.782,0.007,0.559,10.83,-21.03,21.18,1,2
16547.453,0.783,0.04,0.558,14.31,-19.59,17.88,1,2
16547.453,0.783,0.056,0.578,14.22,-18.83,15.69,1,2
16547.468,0.788,0.068,0.574,15.11,-19.65,15.29,1,2
16547.468,0.806,0.093,0.552,15.38,-21.97,17.82,1,2
16547.484,0.816,0.107,0.53,11.96,-24.26,21.7,1,2
16547.5,0.835,0.109,0.517,3.81,-24.66,26.15,1,2
16547.5,0.838,0.096,0.513,-6.93,-22.98,29.57,1,2
16547.515,0.839,0.058,0.553,-15.29,-20.81,32.35,1,2
16547.531,0.837,0.015,0.596,-16.08,-21.39,33.57,1,2
16547.546,0.845,-0.017,0.594,-10.38,-24.93,32.41,1,2
16547.546,0.879,-0.032,0.57,-0.58,-28.72,28.96,1,2
16547.562,0.899,-0.026,0.537,11.29,-28.99,23.96,1,2
16547.562,0.908,-0.014,0.507,19.5,-26.64,18.28,1,2
16547.578,0.89,-0.004,0.513,22.86,-23.59,13.7,1,2
16547.593,0.871,-0.004,0.515,21.7,-23.1,11.2,1,2
16547.593,0.893,0.005,0.508,18.37,-25.67,10.56,1,2
16547.609,0.905,0.007,0.497,17.0,-27.28,10.38,1,2
16547.609,0.907,0.004,0.485,17.37,-27.13,10.53,1,2
16547.625,0.918,0.003,0.475,17.15,-25.79,10.8,1,2
16547.64,0.921,-0.002,0.471,16.36,-23.19,10.99,1,2
16547.64,0.897,-0.013,0.481,15.17,-20.29,11.23,1,2
16547.656,0.886,-0.025,0.495,13.52,-19.81,10.9,1,2
16547.671,0.898,-0.028,0.497,13.12,-21.94,9.09,1,2
16547.671,0.905,-0.026,0.493,15.78,-23.96,6.32,1,2
16547.687,0.923,-0.017,0.476,19.07,-24.78,3.2,1,2
16547.703,0.931,0.004,0.469,21.52,-23.99,0.24,1,2
16547.703,0.901,0.009,0.476,23.8,-21.55,-0.64,1,2
16547.718,0.872,0.003,0.474,24.14,-21.49,1.22,1,2
16547.718,0.876,-0.007,0.463,21.67,-24.6,4.94,1,2
16547.734,0.898,-0.026,0.442,20.08,-28.6,9.37,1,2
16547.75,0.928,-0.042,0.405,18.71,-30.52,13.18,1,2
16547.765,0.957,-0.055,0.378,15.72,-29.54,14.62,1,2
16547.765,0.981,-0.074,0.368,12.82,-26.52,13.06,1,2
16547.781,0.998,-0.081,0.38,11.63,-20.78,9.0,1,2
16547.781,0.971,-0.098,0.406,12.57,-13.4,2.32,1,2
16547.796,0.943,-0.125,0.436,15.93,-6.29,-5.22,1,2
16547.812,0.907,-0.131,0.453,22.71,-0.73,-13.15,1,2
16547.812,0.89,-0.131,0.459,32.23,0.61,-21.7,1,2
16547.828,0.869,-0.109,0.452,42.66,-0.89,-30.64,1,2
16547.843,0.853,-0.078,0.447,57.37,-12.42,-44.59,1,2
16547.843,0.845,-0.02,0.434,58.23,-17.98,-46.42,1,2
16547.859,0.844,0.029,0.392,52.31,-20.05,-43.61,1,2
16547.859,0.874,0.078,0.33,40.56,-16.85,-35.37,1,2
16547.875,0.898,0.15,0.256,26.34,-9.67,-23.26,1,2
16547.89,0.906,0.143,0.243,10.9,-0.21,-10.13,1,2
16547.89,0.91,0.144,0.259,-6.47,9.19,-0.12,1,2
16547.906,0.858,0.084,0.304,-25.06,16.51,5.83,1,2
16547.921,0.843,0.013,0.381,-38.7,18.8,10.74,1,2
16547.921,0.832,0.0,0.454,-38.88,17.49,14.16,1,2
16547.937,0.827,-0.021,0.483,-28.87,12.91,14.56,1,2
16547.937,0.833,-0.032,0.505,-18.25,7.11,13.09,1,2
16547.953,0.851,-0.027,0.494,-6.96,2.35,10.68,1,2
16547.968,0.867,-0.017,0.464,0.98,0.09,7.45,1,2
16547.984,0.884,-0.004,0.454,3.63,0.89,4.06,1,2
16547.984,0.883,0.011,0.439,4.61,2.14,0.58,1,2
16548.0,0.9,0.031,0.429,5.13,1.13,-2.04,1,2
16548.0,0.904,0.067,0.415,6.9,-0.34,-4.06,1,2
16548.015,0.895,0.08,0.397,7.66,-0.73,-3.88,1,2
16548.031,0.899,0.095,0.397,4.58,0.49,-1.95,1,2
16548.031,0.902,0.11,0.425,-1.43,3.66,0.89,1,2
16548.046,0.879,0.089,0.445,-5.19,5.77,4.39,1,2
16548.062,0.865,0.057,0.471,-6.9,5.37,9.61,1,2
16548.062,0.858,0.038,0.476,-7.35,2.47,13.89,1,2
16548.078,0.866,0.024,0.463,-5.98,-2.23,16.21,1,2
16548.093,0.872,0.027,0.46,-3.85,-5.37,16.45,1,2
16548.093,0.887,0.025,0.451,-1.65,-7.08,15.08,1,2
16548.109,0.896,0.012,0.446,0.46,-6.9,13.55,1,2
16548.109,0.896,0.013,0.449,1.56,-6.9,11.81,1,2
16548.125,0.903,0.013,0.451,2.53,-7.78,9.89,1,2
16548.14,0.914,0.01,0.449,4.33,-8.82,8.64,1,2
16548.14,0.928,0.032,0.431,9.03,-8.7,7.2,1,2
16548.156,0.923,0.012,0.421,14.19,-5.92,6.99,1,2
16548.171,0.928,0.028,0.434,16.91,-1.71,7.93,1,2
16548.171,0.928,0.049,0.45,17.21,3.48,7.08,1,2
16548.187,0.883,0.025,0.456,12.42,6.44,4.88,1,2
16548.187,0.877,-0.014,0.482,4.55,3.72,5.1,1,2
16548.203,0.903,0.026,0.49,2.78,-0.73,5.25,1,2
16548.218,0.891,0.018,0.472,5.31,-3.97,5.1,1,2
16548.218,0.906,0.017,0.471,6.99,-6.56,5.92,1,2
16548.234,0.908,0.031,0.457,10.86,-7.11,7.32,1,2
16548.25,0.904,0.015,0.429,14.34,-8.12,8.85,1,2
16548.265,0.927,0.021,0.418,13.0,-9.46,10.65,1,2
16548.265,0.945,0.041,0.41,9.25,-9.8,11.17,1,2
16548.281,0.947,0.034,0.404,7.2,-9.37,10.93,1,2
16548.281,0.94,0.018,0.403,7.6,-9.37,12.3,1,2
16548.296,0.941,0.013,0.398,9.16,-9.8,15.05,1,2
16548.312,0.944,0.015,0.399,8.88,-9.19,17.3,1,2
16548.312,0.938,-0.005,0.402,5.46,-8.76,18.43,1,2
16548.328,0.941,-0.019,0.412,0.85,-8.94,18.83,1,2
16548.328,0.942,-0.011,0.416,-2.93,-9.28,17.64,1,2
16548.343,0.915,-0.032,0.416,-4.94,-9.49,15.63,1,2
16548.359,0.913,-0.037,0.424,-4.18,-10.44,14.95,1,2
16548.375,0.909,-0.025,0.408,1.4,-11.96,15.05,1,2
16548.375,0.916,-0.023,0.383,7.9,-12.82,14.89,1,2
16548.39,0.924,-0.019,0.37,12.05,-11.32,14.86,1,2
16548.39,0.918,-0.01,0.372,13.31,-7.57,14.19,1,2
16548.406,0.902,-0.026,0.373,13.98,-4.49,13.73,1,2
16548.421,0.894,-0.033,0.385,14.98,-2.9,14.28,1,2
16548.421,0.888,-0.039,0.39,16.79,-2.62,15.35,1,2
16548.437,0.883,-0.042,0.381,18.89,-3.63,16.11,1,2
16548.453,0.884,-0.034,0.37,19.9,-4.91,16.51,1,2
16548.453,0.879,-0.02,0.355,19.38,-5.46,16.42,1,2
16548.468,0.88,-0.013,0.345,20.11,-4.61,16.36,1,2
16548.484,0.877,-0.01,0.336,23.9,-0.92,17.73,1,2
16548.484,0.873,-0.012,0.334,27.13,3.42,20.17,1,2
16548.5,0.87,-0.021,0.341,30.88,7.66,23.13,1,2
16548.515,0.866,-0.031,0.348,33.94,10.5,26.58,1,2
16548.515,0.873,-0.033,0.352,32.62,10.65,29.66,1,2
16548.531,0.887,-0.037,0.344,27.83,10.19,32.23,1,2
16548.531,0.895,-0.041,0.342,20.33,9.83,34.67,1,2
16548.546,0.895,-0.048,0.343,10.47,8.82,36.16,1,2
16548.562,0.906,-0.06,0.355,0.06,7.35,37.32,1,2
16548.562,0.914,-0.078,0.369,-8.0,6.74,38.24,1,2
16548.578,0.922,-0.099,0.386,-13.89,6.9,38.51,1,2
16548.593,0.925,-0.128,0.406,-17.15,7.69,38.21,1,2
16548.593,0.925,-0.162,0.42,-17.18,9.06,37.26,1,2
16548.609,0.929,-0.174,0.425,-15.47,9.37,34.33,1,2
16548.609,0.93,-0.193,0.425,-15.2,8.7,29.97,1,2
16548.625,0.937,-0.194,0.434,-15.08,8.09,24.63,1,2
16548.64,0.944,-0.192,0.439,-13.34,7.9,19.53,1,2
16548.656,0.948,-0.185,0.44,-10.32,7.9,15.41,1,2
16548.656,0.941,-0.175,0.448,-8.36,8.39,12.42,1,2
16548.671,0.944,-0.159,0.454,-8.51,7.81,9.83,1,2
16548.671,0.936,-0.147,0.453,-10.22,6.87,7.51,1,2
16548.687,0.928,-0.145,0.46,-12.42,5.68,5.68,1,2
16548.703,0.914,-0.135,0.472,-12.91,4.49,4.39,1,2
16548.703,0.9,-0.127,0.465,-12.67,2.44,3.17,1,2
16548.718,0.896,-0.115,0.465,-13.37,-0.37,1.65,1,2
16548.718,0.886,-0.119,0.461,-13.15,-3.36,0.52,1,2
16548.734,0.897,-0.123,0.454,-12.33,-5.95,-0.09,1,2
16548.75,0.894,-0.12,0.441,-11.75,-7.45,-0.82,1,2
16548.75,0.894,-0.131,0.434,-11.2,-8.79,-1.19,1,2
16548.765,0.894,-0.125,0.431,-10.47,-9.37,-2.2,1,2
16548.781,0.88,-0.125,0.422,-10.19,-9.55,-3.54,1,2
16548.781,0.878,-0.125,0.419,-10.99,-10.35,-4.55,1,2
16548.796,0.876,-0.117,0.416,-11.08,-10.65,-5.89,1,2
16548.812,0.876,-0.121,0.403,-10.32,-10.13,-7.29,1,2
16548.812,0.88,-0.124,0.398,-8.55,-7.81,-7.72,1,2
16548.828,0.885,-0.13,0.399,-7.42,-6.56,-7.78,1,2
16548.828,0.888,-0.125,0.404,-7.29,-5.49,-9.13,1,2
16548.843,0.889,-0.12,0.406,-7.9,-5.07,-10.83,1,2
16548.859,0.88,-0.138,0.401,-8.76,-4.85,-11.96,1,2
16548.859,0.883,-0.141,0.395,-8.58,-5.19,-12.76,1,2
16548.875,0.88,-0.148,0.389,-7.45,-5.8,-13.79,1,2
16548.89,0.879,-0.156,0.39,-7.17,-6.84,-14.74,1,2
16548.89,0.885,-0.153,0.384,-7.84,-8.0,-15.81,1,2
16548.906,0.885,-0.146,0.375,-9.67,-8.67,-17.24,1,2
16548.921,0.889,-0.146,0.373,-11.44,-9.67,-18.46,1,2
16548.921,0.889,-0.14,0.374,-12.02,-10.44,-19.26,1,2
16548.937,0.885,-0.139,0.365,-11.02,-11.08,-19.5,1,2
16548.953,0.881,-0.157,0.357,-9.95,-11.96,-18.95,1,2
16548.953,0.917,-0.124,0.349,-6.87,-11.32,-18.56,1,2
16548.968,0.902,-0.135,0.334,-2.5,-8.06,-20.14,1,2
16548.984,0.911,-0.136,0.337,-0.06,-3.85,-20.63,1,2
16548.984,0.899,-0.098,0.336,2.5,0.4,-22.34,1,2
16549.0,0.868,-0.092,0.338,2.69,3.51,-23.16,1,2
16549.0,0.866,-0.055,0.346,1.71,4.36,-23.35,1,2
16549.015,0.861,-0.039,0.357,1.34,5.52,-21.36,1,2
16549.031,0.866,-0.021,0.374,-1.62,6.01,-16.48,1,2
16549.031,0.867,-0.008,0.394,-6.81,6.01,-9.61,1,2
16549.046,0.863,-0.014,0.412,-14.37,4.49,-1.04,1,2
16549.062,0.87,-0.02,0.425,-22.61,1.07,7.48,1,2
16549.062,0.878,-0.044,0.435,-28.84,-3.02,14.8,1,2
16549.078,0.903,-0.066,0.444,-32.69,-6.59,20.36,1,2
16549.093,0.937,-0.087,0.441,-33.48,-8.36,23.44,1,2
16549.093,0.963,-0.116,0.448,-31.01,-7.35,25.24,1,2
16549.109,0.97,-0.143,0.463,-24.6,-4.94,25.39,1,2
16549.109,0.96,-0.174,0.469,-15.29,-2.9,23.71,1,2
16549.125,0.97,-0.175,0.472,-6.53,-2.9,20.02,1,2
16549.14,0.97,-0.148,0.464,-0.4,-5.25,13.0,1,2
16549.156,0.953,-0.157,0.452,2.11,-9.31,5.46,1,2
16549.156,0.971,-0.152,0.44,3.05,-13.46,-0.09,1,2
16549.171,0.986,-0.144,0.42,3.88,-15.35,-3.6,1,2
16549.171,1.006,-0.134,0.404,1.8,-16.57,-5.92,1,2
16549.187,1.014,-0.116,0.395,-2.66,-16.51,-7.45,1,2
16549.203,1.005,-0.112,0.397,-9.22,-16.54,-7.63,1,2
16549.203,1.004,-0.104,0.403,-16.42,-17.85,-6.9,1,2
16549.218,0.987,-0.109,0.409,-22.61,-20.57,-6.74,1,2
16549.218,0.983,-0.124,0.418,-26.12,-23.77,-5.65,1,2
16549.234,0.979,-0.115,0.412,-24.66,-26.64,-5.01,1,2
16549.25,0.982,-0.128,0.402,-20.51,-28.6,-5.19,1,2
16549.265,0.993,-0.092,0.354,-14.13,-29.42,-6.29,1,2
16549.265,0.996,-0.083,0.289,-12.12,-28.84,-8.18,1,2
16549.281,0.992,-0.087,0.25,-16.94,-25.82,-8.06,1,2
16549.281,1.005,-0.081,0.222,-22.89,-21.42,-6.23,1,2
16549.296,0.984,-0.084,0.2,-27.47,-14.95,-3.88,1,2
16549.312,0.951,-0.102,0.222,-34.64,-7.54,-0.24,1,2
16549.312,0.904,-0.122,0.279,-40.96,-2.2,3.54,1,2
16549.328,0.857,-0.15,0.34,-44.34,-1.1,7.26,1,2
16549.343,0.84,-0.162,0.381,-45.99,-4.88,8.42,1,2
16549.343,0.827,-0.177,0.388,-45.14,-11.87,6.74,1,2
16549.359,0.852,-0.187,0.375,-42.05,-19.29,4.46,1,2
16549.359,0.894,-0.173,0.361,-37.11,-24.32,0.37,1,2
16549.375,0.923,-0.163,0.333,-31.07,-26.15,-4.58,1,2
16549.39,0.943,-0.147,0.306,-27.13,-25.76,-9.55,1,2
16549.39,0.964,-0.134,0.287,-24.23,-23.77,-13.73,1,2
16549.406,0.966,-0.119,0.27,-22.06,-20.42,-15.69,1,2
16549.421,0.962,-0.099,0.264,-20.84,-16.72,-15.35,1,2
16549.421,0.952,-0.073,0.262,-21.33,-13.09,-12.7,1,2
16549.437,0.941,-0.055,0.267,-24.63,-11.05,-8.85,1,2
16549.453,0.938,-0.052,0.278,-28.26,-10.47,-4.18,1,2
16549.453,0.937,-0.048,0.287,-30.98,-11.26,0.12,1,2
16549.468,0.944,-0.06,0.294,-33.2,-13.15,3.6,1,2
16549.468,0.96,-0.083,0.302,-34.61,-14.68,6.56,1,2
16549.484,0.973,-0.1,0.293,-32.78,-15.63,8.67,1,2
16549.5,0.982,-0.104,0.264,-30.12,-15.14,9.31,1,2
16549.5,0.991,-0.103,0.247,-30.46,-13.76,7.69,1,2
16549.515,0.991,-0.112,0.233,-31.28,-12.51,4.82,1,2
16549.531,0.997,-0.119,0.231,-30.73,-10.5,2.35,1,2
16549.531,0.991,-0.114,0.228,-29.24,-7.39,1.19,1,2
16549.546,0.977,-0.097,0.239,-30.27,-4.82,2.01,1,2
16549.562,0.958,-0.106,0.264,-32.07,-3.6,4.94,1,2
16549.562,0.948,-0.137,0.277,-30.85,-3.27,10.5,1,2
16549.578,0.939,-0.143,0.263,-26.43,-2.04,18.4,1,2
16549.593,0.93,-0.138,0.259,-23.59,-0.31,26.7,1,2
16549.593,0.928,-0.163,0.261,-22.31,-0.06,33.54,1,2
16549.609,0.939,-0.174,0.249,-22.55,-0.4,38.76,1,2
16549.609,0.955,-0.159,0.253,-25.67,-0.43,41.66,1,2
16549.625,0.968,-0.162,0.269,-31.01,-0.46,42.05,1,2
16549.64,0.97,-0.18,0.289,-34.03,0.0,40.56,1,2
16549.64,0.966,-0.206,0.291,-32.62,0.89,39.28,1,2
16549.656,0.962,-0.206,0.306,-30.64,0.82,36.93,1,2
16549.671,0.944,-0.215,0.309,-26.76,-0.89,32.04,1,2
16549.671,0.927,-0.231,0.303,-21.45,-3.91,27.16,1,2
16549.687,0.922,-0.233,0.286,-16.21,-7.05,23.38,1,2
16549.703,0.931,-0.224,0.25,-13.58,-9.03,20.45,1,2
16549.703,0.942,-0.228,0.23,-15.38,-9.89,18.19,1,2
16549.718,0.949,-0.23,0.206,-18.46,-9.25,16.75,1,2
16549.718,0.961,-0.236,0.195,-24.29,-7.26,15.75,1,2
16549.734,0.967,-0.261,0.185,-29.24,-4.97,14.34,1,2
16549.75,0.972,-0.27,0.187,-32.47,-1.28,12.88,1,2
16549.75,0.957,-0.281,0.208,-33.78,2.44,10.32,1,2
16549.765,0.945,-0.299,0.233,-33.27,4.52,8.21,1,2
16549.781,0.939,-0.298,0.245,-31.46,5.4,6.26,1,2
16549.796,0.923,-0.287,0.254,-29.51,5.1,4.49,1,2
16549.796,0.912,-0.285,0.271,-28.38,2.72,2.96,1,2
16549.796,0.912,-0.28,0.26,-26.18,-2.38,2.38,1,2
16549.812,0.929,-0.269,0.249,-25.45,-2.41,2.81,1,2
16549.828,0.951,-0.273,0.238,-24.69,-0.12,3.54,1,2
16549.843,0.991,-0.249,0.189,-24.48,3.88,3.51,1,2
16549.843,0.983,-0.243,0.187,-26.18,8.97,2.44,1,2
16549.859,0.956,-0.245,0.211,-27.34,12.67,1.28,1,2
16549.859,0.937,-0.239,0.233,-25.3,14.22,0.7,1,2
16549.875,0.907,-0.223,0.245,-24.45,14.22,1.4,1,2
16549.89,0.877,-0.231,0.269,-26.03,12.24,3.33,1,2
16549.906,0.869,-0.257,0.276,-26.15,9.31,6.81,1,2
16549.906,0.873,-0.258,0.251,-25.21,7.17,11.11,1,2
16549.921,0.887,-0.283,0.239,-26.06,6.2,13.64,1,2
16549.921,0.888,-0.316,0.212,-24.29,6.59,14.53,1,2
16549.937,0.9,-0.313,0.183,-22.34,9.03,14.83,1,2
16549.953,0.924,-0.317,0.184,-22.49,12.21,12.82,1,2
16549.953,0.921,-0.325,0.174,-23.26,16.11,9.13,1,2
16549.968,0.913,-0.325,0.198,-25.97,18.89,4.97,1,2
16549.968,0.878,-0.328,0.225,-27.13,20.08,1.28,1,2
16549.984,0.851,-0.327,0.246,-27.83,18.4,-0.52,1,2
16550.0,0.855,-0.326,0.256,-28.23,14.68,-2.2,1,2
16550.0,0.855,-0.334,0.247,-28.75,11.08,-3.81,1,2
16550.015,0.889,-0.342,0.254,-30.43,7.54,-5.55,1,2
16550.031,0.903,-0.35,0.241,-30.09,5.71,-7.48,1,2
16550.046,0.918,-0.342,0.225,-29.76,5.1,-8.73,1,2
16550.046,0.937,-0.34,0.237,-29.79,4.64,-10.47,1,2
16550.062,0.933,-0.345,0.225,-26.03,4.94,-12.42,1,2
16550.062,0.941,-0.32,0.224,-22.55,5.46,-13.82,1,2
16550.078,0.95,-0.303,0.231,-19.9,5.34,-15.5,1,2
16550.093,0.943,-0.279,0.216,-17.06,4.67,-17.09,1,2
16550.093,0.924,-0.252,0.207,-17.76,4.0,-16.69,1,2
16550.109,0.93,-0.256,0.216,-21.12,2.35,-13.7,1,2
16550.109,0.935,-0.26,0.215,-23.32,0.85,-9.74,1,2
16550.125,0.948,-0.276,0.232,-23.9,0.31,-6.87,1,2
16550.14,0.934,-0.306,0.246,-19.93,0.79,-4.49,1,2
16550.14,0.934,-0.291,0.212,-12.82,1.07,-1.16,1,2
16550.156,0.953,-0.287,0.194,-10.25,0.4,0.18,1,2
16550.171,0.963,-0.313,0.184,-10.47,-0.49,-1.01,1,2
16550.171,0.967,-0.313,0.167,-9.06,-0.37,-2.69,1,2
16550.187,0.96,-0.316,0.178,-8.91,-0.18,-5.31,1,2
16550.203,0.946,-0.332,0.182,-9.25,-0.03,-7.51,1,2
16550.203,0.938,-0.327,0.178,-9.86,0.58,-7.45,1,2
16550.218,0.946,-0.326,0.19,-12.27,0.79,-7.02,1,2
16550.218,0.94,-0.33,0.19,-12.51,0.92,-6.59,1,2
16550.234,0.946,-0.32,0.195,-11.81,1.22,-5.83,1,2
16550.25,0.95,-0.318,0.208,-9.92,1.1,-5.68,1,2
16550.25,0.955,-0.303,0.209,-6.44,0.49,-4.88,1,2
16550.265,0.967,-0.286,0.206,-4.36,-0.52,-3.97,1,2
16550.281,0.977,-0.283,0.205,-3.27,-1.16,-3.66,1,2
16550.281,0.976,-0.282,0.203,-1.92,-0.98,-2.96,1,2
16550.296,0.963,-0.277,0.21,-1.56,-1.07,-2.2,1,2
16550.312,0.95,-0.289,0.223,-1.92,-3.14,-2.01,1,2
16550.312,0.95,-0.311,0.222,-0.61,-6.26,-2.47,1,2
16550.328,0.949,-0.32,0.208,2.32,-8.33,-2.99,1,2
16550.343,0.941,-0.324,0.202,4.52,-9.8,-4.33,1,2
16550.343,0.929,-0.321,0.191,7.02,-10.77,-5.65,1,2
16550.359,0.926,-0.308,0.176,7.84,-10.44,-6.07,1,2
16550.359,0.925,-0.288,0.168,6.59,-9.13,-6.1,1,2
16550.375,0.912,-0.276,0.178,3.78,-7.72,-5.8,1,2
16550.39,0.901,-0.283,0.191,2.08,-7.14,-4.91,1,2
16550.39,0.903,-0.287,0.196,3.33,-5.92,-3.36,1,2
16550.406,0.912,-0.279,0.193,5.4,-4.36,-1.74,1,2
16550.421,0.922,-0.272,0.198,6.38,-2.5,-0.61,1,2
16550.421,0.911,-0.272,0.204,6.26,-0.76,0.0,1,2
16550.437,0.907,-0.28,0.223,5.13,-0.34,0.89,1,2
16550.453,0.925,-0.285,0.237,5.43,-0.89,1.34,1,2
16550.453,0.926,-0.288,0.24,8.06,-0.82,0.82,1,2
16550.468,0.926,-0.282,0.245,9.22,-0.98,0.34,1,2
16550.468,0.936,-0.28,0.246,8.61,-1.62,-0.4,1,2
16550.484,0.93,-0.292,0.24,7.51,-1.74,-1.04,1,2
16550.5,0.933,-0.301,0.247,6.35,-1.86,-1.43,1,2
16550.5,0.931,-0.305,0.253,7.39,-1.89,-1.86,1,2
16550.515,0.923,-0.295,0.247,8.94,-2.14,-2.26,1,2
16550.531,0.924,-0.286,0.251,9.03,-3.45,-2.81,1,2
16550.531,0.926,-0.279,0.257,9.09,-5.25,-3.94,1,2
16550.546,0.925,-0.265,0.266,9.19,-6.99,-4.67,1,2
16550.562,0.923,-0.258,0.267,10.41,-8.76,-4.97,1,2
16550.578,0.916,-0.239,0.254,12.09,-10.19,-4.33,1,2
16550.578,0.92,-0.235,0.239,12.15,-11.17,-3.11,1,2
16550.578,0.924,-0.241,0.223,11.38,-11.29,-1.65,1,2
16550.593,0.926,-0.242,0.209,9.95,-9.67,0.34,1,2
16550.609,0.925,-0.248,0.208,7.39,-7.26,2.35,1,2
16550.609,0.927,-0.263,0.209,4.39,-4.79,4.55,1,2
16550.625,0.927,-0.278,0.216,1.74,-2.47,6.32,1,2
16550.64,0.937,-0.3,0.234,0.4,-0.7,7.14,1,2
16550.64,0.942,-0.314,0.241,2.47,0.92,6.74,1,2
16550.656,0.938,-0.315,0.243,5.13,2.2,5.52,1,2
16550.671,0.938,-0.309,0.246,6.16,2.44,3.48,1,2
16550.671,0.936,-0.304,0.254,5.86,1.56,1.25,1,2
16550.687,0.941,-0.305,0.257,6.07,0.31,-0.49,1,2
16550.703,0.947,-0.298,0.256,7.17,-0.46,-1.83,1,2
16550.703,0.955,-0.292,0.25,7.48,-0.7,-2.78,1,2
16550.718,0.956,-0.286,0.25,7.26,-0.18,-3.57,1,2
16550.718,0.936,-0.272,0.247,6.56,1.07,-3.45,1,2
16550.734,0.925,-0.264,0.253,3.54,1.07,-2.2,1,2
16550.75,0.937,-0.273,0.25,0.4,0.37,-1.25,1,2
16550.75,0.94,-0.286,0.243,-0.52,0.61,-1.34,1,2
16550.765,0.916,-0.285,0.245,0.31,1.31,-1.89,1,2
16550.781,0.911,-0.275,0.242,0.21,0.79,-1.46,1,2
16550.781,0.923,-0.279,0.233,-1.53,0.15,-2.9,1,2
16550.796,0.929,-0.29,0.24,-0.7,0.46,-4.09,1,2
16550.812,0.921,-0.285,0.25,0.4,0.31,-4.61,1,2
16550.812,0.922,-0.268,0.256,0.85,-0.31,-4.76,1,2
16550.828,0.924,-0.234,0.248,0.85,-1.07,-4.3,1,2
16550.843,0.928,-0.233,0.246,-0.15,-2.08,-3.08,1,2
16550.843,0.937,-0.236,0.241,-1.19,-2.78,-1.95,1,2
16550.859,0.939,-0.24,0.242,-1.77,-2.62,-1.13,1,2
16550.859,0.93,-0.254,0.24,-1.25,-2.53,-0.18,1,2
16550.875,0.928,-0.252,0.237,-1.16,-2.69,1.68,1,2
16550.89,0.933,-0.261,0.239,-2.72,-3.36,3.05,1,2
16550.89,0.939,-0.283,0.243,-4.43,-4.36,3.57,1,2
16550.906,0.941,-0.3,0.247,-4.18,-4.97,2.93,1,2
16550.921,0.937,-0.309,0.246,-1.83,-5.28,1.07,1,2
16550.937,0.926,-0.307,0.231,1.56,-5.46,-1.16,1,2
16550.937,0.918,-0.298,0.217,3.05,-5.22,-2.72,1,2
16550.937,0.918,-0.289,0.214,2.35,-5.1,-3.66,1,2
16550.953,0.917,-0.279,0.218,0.79,-4.43,-3.78,1,2
16550.968,0.919,-0.275,0.219,-0.46,-3.57,-3.02,1,2
16550.968,0.921,-0.269,0.219,-1.04,-2.32,-1.98,1,2
16550.984,0.924,-0.267,0.219,-1.98,-1.25,-0.89,1,2
16551.0,0.928,-0.274,0.231,-3.17,-0.67,-0.09,1,2
16551.0,0.937,-0.278,0.232,-2.47,-0.34,0.37,1,2
16551.015,0.941,-0.268,0.227,-0.98,0.27,0.24,1,2
16551.031,0.938,-0.27,0.225,-1.16,0.34,-0.4,1,2
16551.031,0.942,-0.271,0.226,-1.92,0.55,-0.46,1,2
16551.046,0.95,-0.276,0.235,-2.2,0.67,-0.82,1,2
