timestamp,ax,ay,az,gx,gy,gz,orient_label,motion_label
15802.656,0.968,-0.145,-0.233,-7.72,-3.63,-0.37,0,5
15802.671,0.968,-0.145,-0.214,-6.9,-1.5,0.64,0,5
15802.671,0.976,-0.155,-0.196,-5.16,0.52,1.28,0,5
15802.687,0.964,-0.159,-0.176,-3.23,1.95,1.83,0,5
15802.703,0.943,-0.164,-0.166,-1.37,1.83,2.17,0,5
15802.703,0.953,-0.175,-0.161,-0.43,0.49,2.93,0,5
15802.718,0.973,-0.177,-0.151,0.09,-0.15,3.36,0,5
15802.734,0.983,-0.199,-0.144,0.31,0.37,3.45,0,5
15802.734,0.988,-0.212,-0.146,-0.03,0.49,2.96,0,5
15802.75,0.977,-0.214,-0.147,-0.85,-0.15,1.86,0,5
15802.75,0.971,-0.217,-0.147,-2.44,-0.89,0.98,0,5
15802.765,0.972,-0.22,-0.145,-3.75,-1.92,0.46,0,5
15802.781,0.973,-0.224,-0.141,-2.56,-2.66,0.31,0,5
15802.781,0.976,-0.212,-0.146,0.92,-2.41,-0.03,0,5
15802.796,0.983,-0.2,-0.151,4.85,-1.4,-0.03,0,5
15802.812,0.981,-0.202,-0.152,7.63,-0.52,0.7,0,5
15802.828,0.977,-0.208,-0.151,7.97,-0.37,1.13,0,5
15802.843,0.965,-0.204,-0.148,2.84,-0.15,-0.55,0,5
15802.843,0.966,-0.204,-0.147,-1.25,-0.67,-1.19,0,5
15802.859,0.97,-0.214,-0.135,-4.33,-1.04,-1.8,0,5
15802.859,0.971,-0.212,-0.129,-4.85,-1.07,-2.35,0,5
15802.875,0.969,-0.218,-0.13,-2.96,-1.28,-2.78,0,5
15802.89,0.963,-0.212,-0.13,-0.34,-1.37,-2.9,0,5
15802.89,0.962,-0.199,-0.139,2.01,-1.8,-2.81,0,5
15802.906,0.963,-0.191,-0.147,3.51,-2.44,-2.59,0,5
15802.921,0.972,-0.185,-0.157,3.94,-2.32,-2.38,0,5
15802.937,0.977,-0.172,-0.163,3.39,-1.28,-2.59,0,5
15802.937,0.976,-0.169,-0.161,1.65,0.09,-3.02,0,5
15802.953,0.98,-0.177,-0.15,-0.21,0.89,-3.14,0,5
15802.953,0.98,-0.171,-0.148,-1.74,1.04,-2.99,0,5
15802.968,0.968,-0.161,-0.144,-3.91,0.58,-3.23,0,5
15802.968,0.963,-0.161,-0.151,-5.83,-0.73,-3.33,0,5
15802.984,0.965,-0.164,-0.157,-6.07,-2.44,-2.29,0,5
15803.0,0.98,-0.159,-0.171,-1.8,-1.95,-0.61,0,5
15803.015,0.98,-0.158,-0.174,0.0,-0.46,-0.12,0,5
15803.031,0.981,-0.159,-0.18,0.89,0.43,-0.12,0,5
15803.046,0.984,-0.157,-0.179,0.67,0.82,0.03,0,5
15803.046,0.986,-0.156,-0.18,-0.15,1.37,0.15,0,5
15803.062,0.981,-0.158,-0.179,-0.92,1.95,-0.03,0,5
15803.062,0.974,-0.156,-0.178,-1.8,2.44,0.09,0,5
15803.078,0.97,-0.163,-0.175,-2.75,2.66,0.58,0,5
15803.093,0.965,-0.176,-0.17,-2.75,3.14,0.95,0,5
15803.093,0.971,-0.182,-0.164,-1.74,3.75,0.85,0,5
15803.109,0.974,-0.178,-0.162,-0.61,4.3,0.46,0,5
15803.125,0.969,-0.17,-0.153,-0.21,5.13,0.34,0,5
15803.125,0.967,-0.163,-0.145,-0.55,5.4,0.4,0,5
15803.14,0.965,-0.171,-0.137,-1.65,4.79,1.19,0,5
15803.14,0.972,-0.178,-0.134,-2.69,3.57,1.95,0,5
15803.156,0.977,-0.183,-0.134,-2.87,3.05,1.65,0,5
15803.171,0.967,-0.174,-0.136,-2.26,3.97,1.01,0,5
15803.187,0.966,-0.183,-0.13,-2.04,4.27,1.5,0,5
15803.203,0.97,-0.195,-0.131,-1.5,3.6,1.92,0,5
15803.203,0.968,-0.205,-0.133,0.09,2.62,2.2,0,5
15803.218,0.975,-0.206,-0.141,2.44,2.04,1.95,0,5
15803.234,0.976,-0.193,-0.157,4.27,1.95,1.56,0,5
15803.234,0.976,-0.183,-0.178,5.04,2.59,1.28,0,5
15803.25,0.973,-0.177,-0.192,4.82,3.33,1.22,0,5
15803.265,0.971,-0.17,-0.199,3.94,4.39,1.31,0,5
15803.265,0.974,-0.165,-0.206,2.81,5.98,1.8,0,5
15803.281,0.977,-0.159,-0.205,1.13,7.39,1.95,0,5
15803.281,0.979,-0.157,-0.207,-0.58,8.58,1.71,0,5
15803.296,0.972,-0.158,-0.21,-0.61,9.31,1.71,0,5
15803.312,0.968,-0.16,-0.219,1.92,9.4,2.35,0,5
15803.312,0.969,-0.171,-0.228,6.29,9.58,4.21,0,5
15803.328,0.978,-0.18,-0.235,10.16,10.8,6.26,0,5
15803.343,0.977,-0.177,-0.253,11.69,12.24,6.9,0,5
15803.343,0.986,-0.182,-0.273,9.64,12.48,6.1,0,5
15803.359,0.99,-0.183,-0.293,5.71,11.51,5.07,0,5
15803.359,0.984,-0.175,-0.308,1.89,11.51,4.3,0,5
15803.375,0.982,-0.176,-0.313,-0.52,13.43,3.94,0,5
15803.39,0.982,-0.185,-0.311,-0.31,16.63,4.06,0,5
15803.39,0.978,-0.186,-0.306,2.5,20.42,4.36,0,5
15803.406,0.972,-0.185,-0.284,6.44,24.81,4.61,0,5
15803.421,0.966,-0.175,-0.255,10.32,29.24,4.52,0,5
15803.421,0.96,-0.189,-0.203,14.1,33.11,4.46,0,5
15803.437,0.954,-0.195,-0.163,19.1,35.65,4.67,0,5
15803.453,0.942,-0.183,-0.138,24.2,35.68,4.33,0,5
15803.453,0.924,-0.17,-0.126,27.47,32.96,4.46,0,5
15803.468,0.92,-0.15,-0.138,26.8,28.44,5.92,0,5
15803.484,0.926,-0.141,-0.158,21.88,24.35,7.35,0,5
15803.484,0.931,-0.156,-0.172,15.93,21.33,8.0,0,5
15803.5,0.937,-0.174,-0.184,13.06,19.44,8.58,0,5
15803.515,0.938,-0.188,-0.198,18.13,19.68,10.25,0,5
15803.515,0.946,-0.19,-0.219,23.26,22.89,10.16,0,5
15803.531,0.953,-0.179,-0.233,27.07,28.29,9.98,0,5
15803.531,0.946,-0.151,-0.216,26.43,35.58,10.1,0,5
15803.546,0.952,-0.146,-0.193,22.71,41.35,9.58,0,5
15803.562,0.935,-0.141,-0.162,17.94,45.14,9.03,0,5
15803.562,0.915,-0.153,-0.126,14.47,45.9,9.43,0,5
15803.578,0.913,-0.174,-0.114,13.58,44.07,10.99,0,5
15803.593,0.906,-0.18,-0.114,15.17,41.47,12.63,0,5
15803.593,0.891,-0.19,-0.113,18.77,39.49,14.01,0,5
15803.609,0.885,-0.198,-0.113,23.65,38.33,15.26,0,5
15803.625,0.895,-0.197,-0.121,29.02,37.54,16.14,0,5
15803.625,0.902,-0.196,-0.133,33.94,37.32,16.97,0,5
15803.64,0.885,-0.183,-0.137,36.47,37.66,17.46,0,5
15803.64,0.885,-0.191,-0.151,36.47,37.63,18.56,0,5
15803.656,0.893,-0.199,-0.163,35.07,38.73,18.98,0,5
15803.671,0.886,-0.186,-0.16,32.59,41.78,18.89,0,5
15803.687,0.877,-0.178,-0.153,30.03,46.63,18.74,0,5
15803.687,0.867,-0.172,-0.138,27.77,52.28,18.77,0,5
15803.703,0.844,-0.16,-0.11,26.31,58.2,19.38,0,5
15803.703,0.812,-0.159,-0.07,26.12,62.75,20.66,0,5
15803.718,0.785,-0.223,-0.055,29.36,62.69,24.08,0,5
15803.734,0.795,-0.266,-0.052,34.21,58.93,28.14,0,5
15803.734,0.802,-0.261,-0.051,38.36,56.03,28.66,0,5
15803.75,0.807,-0.265,-0.045,39.4,55.97,26.22,0,5
15803.75,0.819,-0.257,-0.027,37.17,58.14,22.43,0,5
15803.765,0.803,-0.237,-0.004,35.95,61.8,18.89,0,5
15803.781,0.777,-0.205,0.025,37.2,64.55,15.72,0,5
15803.781,0.752,-0.158,0.05,40.44,66.26,13.76,0,5
15803.796,0.712,-0.102,0.073,43.98,68.33,13.55,0,5
15803.812,0.677,-0.071,0.1,45.81,70.07,15.2,0,5
15803.828,0.639,-0.064,0.123,46.51,71.17,20.39,0,5
15803.828,0.633,-0.053,0.145,47.18,70.44,29.42,0,5
15803.843,0.631,-0.067,0.16,49.9,69.37,40.38,0,5
15803.859,0.594,-0.177,0.187,60.27,67.69,63.72,0,5
15803.875,0.584,-0.185,0.192,66.35,67.35,68.36,0,5
15803.875,0.561,-0.188,0.198,70.13,67.81,67.32,0,5
15803.89,0.559,-0.178,0.206,70.93,67.96,63.97,0,5
15803.89,0.563,-0.148,0.217,69.58,70.13,60.98,0,5
15803.906,0.544,-0.121,0.244,66.74,75.01,58.99,0,5
15803.921,0.519,-0.136,0.283,64.82,79.35,58.63,0,5
15803.921,0.481,-0.168,0.306,63.17,81.76,61.16,0,5
15803.937,0.44,-0.208,0.341,62.26,82.95,67.14,0,5
15803.953,0.424,-0.249,0.381,64.88,81.7,72.73,0,5
15803.953,0.42,-0.269,0.416,71.41,78.65,76.3,0,5
15803.968,0.438,-0.275,0.431,79.84,73.58,77.3,0,5
15803.984,0.431,-0.27,0.443,86.89,69.19,76.11,0,5
15803.984,0.396,-0.262,0.458,93.08,66.68,72.21,0,5
15804.0,0.358,-0.254,0.484,99.43,65.31,67.45,0,5
15804.015,0.284,-0.244,0.524,106.39,65.31,63.3,0,5
15804.031,0.344,-0.249,0.546,126.68,57.5,57.37,0,5
15804.031,0.372,-0.214,0.512,135.56,53.04,57.83,0,5
15804.046,0.348,-0.196,0.493,141.0,53.59,58.44,0,5
15804.062,0.374,-0.196,0.493,139.87,55.6,57.1,0,5
15804.062,0.42,-0.193,0.508,134.07,59.79,54.14,0,5
15804.078,0.447,-0.202,0.531,127.41,66.9,50.14,0,5
15804.093,0.484,-0.212,0.565,119.63,73.82,44.92,0,5
15804.093,0.491,-0.214,0.6,113.74,80.26,38.0,0,5
15804.109,0.458,-0.223,0.641,111.88,85.88,30.27,0,5
15804.125,0.43,-0.232,0.692,113.8,88.9,22.8,0,5
15804.125,0.433,-0.227,0.741,117.56,87.74,17.27,0,5
15804.14,0.464,-0.205,0.764,121.86,84.05,13.28,0,5
15804.14,0.508,-0.174,0.773,124.88,79.68,10.62,0,5
15804.156,0.534,-0.14,0.786,124.61,76.39,8.82,0,5
15804.171,0.547,-0.133,0.8,121.4,74.53,7.17,0,5
15804.171,0.521,-0.15,0.831,117.25,75.78,4.73,0,5
15804.203,0.553,-0.18,0.905,110.87,78.16,-6.65,0,5
15804.203,0.57,-0.159,0.911,110.08,77.52,-14.53,0,5
15804.218,0.554,-0.137,0.918,109.68,78.46,-22.34,0,5
15804.234,0.543,-0.12,0.94,107.73,79.07,-29.08,0,5
15804.234,0.503,-0.107,0.972,106.23,78.65,-34.64,0,5
15804.25,0.462,-0.096,0.995,106.85,77.55,-39.89,0,5
15804.265,0.444,-0.071,1.018,108.89,75.05,-45.81,0,5
15804.265,0.46,-0.03,1.022,111.91,70.96,-52.25,0,5
15804.281,0.462,0.046,1.013,114.69,68.24,-58.44,0,5
15804.281,0.413,0.113,1.013,115.63,68.64,-62.81,0,5
15804.296,0.341,0.144,1.033,114.38,70.44,-65.83,0,5
15804.312,0.269,0.196,1.078,112.7,71.99,-69.06,0,5
15804.312,0.227,0.237,1.132,112.22,71.72,-72.27,0,5
15804.328,0.255,0.274,1.175,112.98,68.91,-75.84,0,5
15804.343,0.299,0.372,1.192,115.05,65.16,-79.13,0,5
15804.343,0.271,0.461,1.205,118.59,63.26,-80.84,0,5
15804.359,0.219,0.515,1.222,120.58,62.87,-80.36,0,5
15804.375,0.168,0.589,1.253,118.56,60.43,-78.16,0,5
15804.375,0.113,0.65,1.273,115.97,54.75,-76.14,0,5
15804.39,0.078,0.681,1.288,113.68,46.85,-72.42,0,5
15804.39,0.036,0.759,1.308,113.35,40.07,-69.37,0,5
15804.406,0.057,0.793,1.307,112.13,33.57,-65.71,0,5
15804.421,0.11,0.803,1.295,106.85,26.09,-60.15,0,5
15804.421,0.123,0.806,1.274,103.43,19.56,-54.6,0,5
15804.437,0.159,0.788,1.259,100.71,12.42,-49.17,0,5
15804.453,0.169,0.793,1.253,99.0,6.26,-44.65,0,5
15804.468,0.153,0.815,1.237,99.34,0.67,-41.44,0,5
15804.468,0.175,0.844,1.224,97.9,-5.25,-38.39,0,5
15804.484,0.226,0.849,1.201,93.48,-9.83,-34.67,0,5
15804.484,0.286,0.85,1.184,79.68,-12.85,-23.13,0,5
15804.5,0.288,0.847,1.182,71.9,-14.01,-16.21,0,5
15804.515,0.273,0.85,1.193,63.05,-18.19,-11.2,0,5
15804.515,0.3,0.791,1.159,54.57,-23.71,-8.51,0,5
15804.531,0.32,0.738,1.122,48.04,-30.12,-6.56,0,5
15804.531,0.363,0.698,1.074,43.79,-36.23,-4.88,0,5
15804.546,0.407,0.639,1.032,40.74,-37.14,-2.47,0,5
15804.562,0.464,0.565,1.01,36.35,-30.64,-0.09,0,5
15804.578,0.471,0.517,1.006,30.64,-20.29,-1.16,0,5
15804.578,0.456,0.447,1.012,26.64,-11.78,-4.27,0,5
15804.593,0.445,0.381,1.008,26.06,-7.93,-9.16,0,5
15804.593,0.45,0.345,0.961,31.04,-7.97,-15.53,0,5
15804.609,0.462,0.333,0.923,41.38,-7.17,-22.8,0,5
15804.625,0.475,0.357,0.922,49.38,-1.07,-27.19,0,5
15804.625,0.467,0.376,0.936,51.3,7.69,-27.92,0,5
15804.64,0.46,0.39,0.954,48.31,15.53,-27.19,0,5
15804.64,0.455,0.399,0.964,42.79,20.72,-28.6,0,5
15804.656,0.446,0.371,0.962,37.32,22.28,-32.81,0,5
15804.671,0.434,0.362,0.954,33.88,20.17,-39.4,0,5
15804.687,0.418,0.371,0.923,33.48,14.95,-48.13,0,5
15804.687,0.398,0.388,0.867,35.25,7.48,-57.65,0,5
15804.703,0.383,0.431,0.793,38.15,-1.1,-66.1,0,5
15804.703,0.403,0.477,0.724,40.44,-7.11,-71.29,0,5
15804.718,0.441,0.517,0.679,38.79,-5.65,-72.18,0,5
15804.734,0.461,0.545,0.649,32.87,5.37,-70.16,0,5
15804.734,0.457,0.552,0.66,23.96,21.0,-67.02,0,5
15804.75,0.447,0.545,0.682,15.29,35.8,-64.55,0,5
15804.765,0.416,0.537,0.709,9.09,46.63,-62.93,0,5
15804.765,0.396,0.541,0.741,4.46,52.46,-61.28,0,5
15804.781,0.377,0.537,0.763,2.41,54.51,-60.49,0,5
15804.796,0.354,0.521,0.776,3.88,52.43,-60.18,0,5
15804.796,0.332,0.516,0.775,8.36,46.75,-60.58,0,5
15804.812,0.318,0.517,0.744,14.56,39.8,-62.26,0,5
15804.812,0.303,0.56,0.727,19.07,36.19,-64.46,0,5
15804.828,0.273,0.627,0.732,19.78,37.23,-66.38,0,5
15804.843,0.232,0.71,0.739,14.16,40.07,-67.57,0,5
15804.843,0.19,0.791,0.744,3.66,43.43,-68.3,0,5
15804.859,0.15,0.844,0.749,-9.4,45.99,-68.51,0,5
15804.875,0.117,0.86,0.753,-22.34,47.15,-67.38,0,5
15804.875,0.098,0.876,0.757,-32.23,47.33,-65.03,0,5
15804.89,0.081,0.878,0.755,-38.76,46.75,-62.26,0,5
15804.89,0.069,0.851,0.755,-41.14,44.71,-59.05,0,5
15804.906,0.054,0.835,0.766,-39.22,42.57,-54.41,0,5
15804.921,0.053,0.822,0.781,-33.51,41.05,-49.35,0,5
15804.921,0.047,0.793,0.789,-23.53,39.95,-44.8,0,5
15804.937,0.032,0.784,0.8,-10.35,38.18,-40.74,0,5
15804.953,0.005,0.85,0.815,2.14,36.32,-36.93,0,5
15804.953,-0.015,0.881,0.809,9.92,33.08,-32.23,0,5
15804.968,-0.016,0.866,0.801,13.73,28.72,-26.12,0,5
15804.984,-0.009,0.849,0.797,15.99,23.9,-20.51,0,5
15804.984,0.001,0.836,0.786,17.37,18.8,-17.12,0,5
15805.0,0.003,0.822,0.773,17.67,14.92,-15.08,0,5
15805.0,0.006,0.805,0.758,17.52,12.3,-12.51,0,5
15805.015,0.037,0.794,0.742,16.94,10.83,-9.77,0,5
15805.031,0.003,0.783,0.715,16.33,12.21,-10.25,0,5
15805.046,-0.01,0.7,0.73,11.69,12.02,-4.58,0,5
15805.046,0.08,0.786,0.731,11.69,11.14,-3.81,0,5
15805.062,0.028,0.778,0.698,14.74,15.23,-8.18,0,5
15805.062,-0.006,0.706,0.691,9.52,16.08,-7.32,0,5
15805.078,-0.001,0.719,0.713,4.73,14.37,-2.17,0,5
15805.093,0.018,0.729,0.706,7.02,13.03,2.84,0,5
15805.093,0.002,0.723,0.695,9.25,13.15,4.46,0,5
15805.109,0.005,0.701,0.694,8.94,14.34,7.05,0,5
15805.125,0.01,0.703,0.698,9.19,16.63,8.03,0,5
15805.125,-0.0,0.687,0.693,10.22,18.89,8.39,0,5
15805.14,-0.003,0.678,0.681,10.25,20.91,8.51,0,5
15805.14,-0.01,0.692,0.674,9.34,24.17,7.57,0,5
15805.156,-0.02,0.692,0.66,7.14,27.68,5.71,0,5
15805.171,-0.021,0.706,0.65,3.72,32.53,4.43,0,5
15805.187,-0.06,0.729,0.65,0.76,39.12,3.33,0,5
15805.187,-0.083,0.73,0.672,-4.09,44.31,4.39,0,5
15805.203,-0.101,0.738,0.699,-8.0,46.45,7.35,0,5
15805.203,-0.124,0.726,0.714,-9.0,45.41,10.07,0,5
15805.218,-0.12,0.715,0.732,-9.64,43.0,12.76,0,5
15805.234,-0.127,0.71,0.743,-9.06,40.16,14.22,0,5
15805.234,-0.138,0.698,0.747,-8.24,36.77,14.8,0,5
15805.25,-0.139,0.685,0.751,-8.64,33.2,15.56,0,5
15805.25,-0.135,0.674,0.753,-9.0,29.57,15.44,0,5
15805.265,-0.134,0.665,0.749,-9.0,26.12,14.86,0,5
15805.281,-0.138,0.666,0.747,-9.03,22.98,14.13,0,5
15805.281,-0.141,0.664,0.741,-8.55,20.78,13.67,0,5
15805.296,-0.144,0.658,0.735,-7.29,19.32,13.15,0,5
15805.312,-0.147,0.655,0.728,-5.65,18.34,12.67,0,5
15805.312,-0.146,0.652,0.73,-3.63,18.77,12.39,0,5
15805.328,-0.142,0.635,0.73,-1.86,20.02,12.24,0,5
15805.343,-0.137,0.622,0.729,-0.49,21.36,11.08,0,5
15805.343,-0.138,0.616,0.727,0.31,22.71,9.31,0,5
15805.359,-0.14,0.606,0.723,0.61,23.38,7.17,0,5
15805.359,-0.14,0.602,0.714,1.1,23.47,4.88,0,5
15805.375,-0.143,0.602,0.706,1.53,23.13,2.84,0,5
15805.39,-0.147,0.606,0.698,1.4,22.55,0.76,0,5
15805.39,-0.152,0.606,0.687,1.13,22.0,-1.37,0,5
15805.406,-0.165,0.615,0.677,1.04,22.06,-3.08,0,5
15805.421,-0.178,0.632,0.676,1.19,22.49,-4.27,0,5
15805.421,-0.189,0.646,0.676,1.4,22.95,-4.21,0,5
15805.437,-0.2,0.656,0.682,0.64,24.17,-3.14,0,5
15805.453,-0.206,0.652,0.688,-0.82,26.12,-1.56,0,5
15805.453,-0.205,0.637,0.693,-2.14,27.83,-0.64,0,5
15805.468,-0.205,0.628,0.703,-3.78,28.87,-2.5,0,5
15805.484,-0.227,0.632,0.73,-12.51,23.44,-4.21,0,5
15805.484,-0.288,0.662,0.826,-24.05,8.42,-5.01,0,5
15805.5,-0.307,0.653,0.951,-29.82,-10.22,-5.83,0,5
15805.515,-0.262,0.608,0.94,-33.48,-24.35,-6.56,0,5
15805.515,-0.223,0.57,0.926,-30.55,-31.92,-7.26,0,5
15805.531,-0.191,0.521,0.893,-21.3,-33.72,-8.15,0,5
15805.531,-0.165,0.495,0.86,-8.73,-31.04,-9.16,0,5
15805.546,-0.15,0.498,0.827,5.86,-25.64,-10.93,0,5
15805.562,-0.146,0.52,0.796,18.34,-19.38,-12.57,0,5
15805.578,-0.149,0.555,0.78,26.25,-14.37,-13.64,0,5
15805.578,-0.153,0.584,0.779,30.21,-11.78,-13.89,0,5
15805.593,-0.154,0.619,0.766,31.07,-11.02,-13.49,0,5
15805.593,-0.152,0.646,0.735,29.85,-10.38,-13.0,0,5
15805.609,-0.156,0.665,0.722,26.98,-9.28,-12.05,0,5
15805.609,-0.151,0.682,0.718,23.04,-8.39,-10.99,0,5
15805.625,-0.148,0.693,0.702,19.56,-7.11,-10.16,0,5
15805.64,-0.153,0.704,0.696,15.53,-5.25,-9.52,0,5
15805.64,-0.154,0.711,0.701,10.77,-3.54,-8.58,0,5
15805.656,-0.154,0.711,0.705,5.46,-1.62,-6.81,0,5
15805.671,-0.154,0.701,0.716,-0.61,0.09,-4.76,0,5
15805.671,-0.152,0.682,0.729,-6.23,1.01,-3.11,0,5
15805.687,-0.147,0.664,0.739,-10.1,1.31,-2.2,0,5
15805.703,-0.143,0.645,0.746,-11.78,0.95,-2.01,0,5
15805.703,-0.139,0.628,0.749,-11.17,0.61,-2.14,0,5
15805.718,-0.136,0.623,0.75,-8.76,0.34,-2.47,0,5
15805.734,-0.135,0.619,0.749,-5.62,0.61,-2.62,0,5
15805.734,-0.134,0.617,0.752,-3.27,1.16,-2.69,0,5
15805.75,-0.138,0.621,0.757,-1.77,1.8,-2.93,0,5
15805.765,-0.144,0.622,0.764,-0.61,1.71,-2.9,0,5
15805.765,-0.146,0.62,0.762,0.37,0.34,-2.32,0,5
15805.781,-0.144,0.621,0.761,0.76,-1.8,-1.89,0,5
15805.796,-0.139,0.625,0.753,0.85,-3.97,-2.17,0,5
15805.796,-0.137,0.627,0.744,1.71,-5.89,-2.93,0,5
15805.812,-0.126,0.633,0.724,3.75,-6.44,-2.56,0,5
15805.812,-0.135,0.622,0.709,8.61,-4.39,-2.14,0,5
15805.828,-0.132,0.644,0.712,9.06,-4.09,-3.14,0,5
15805.843,-0.13,0.665,0.719,8.48,-3.33,-3.72,0,5
15805.843,-0.145,0.67,0.711,9.13,-1.71,-3.08,0,5
15805.859,-0.146,0.684,0.716,6.78,-0.98,-2.2,0,5
15805.875,-0.152,0.698,0.725,3.11,-0.24,-1.53,0,5
15805.875,-0.158,0.694,0.728,-0.64,-0.31,-0.67,0,5
15805.89,-0.158,0.685,0.733,-4.03,-0.55,0.4,0,5
15805.906,-0.156,0.678,0.735,-5.98,-0.64,1.07,0,5
15805.906,-0.155,0.661,0.731,-6.71,-0.67,1.1,0,5
15805.921,-0.156,0.648,0.728,-6.44,-0.95,0.82,0,5
15805.921,-0.153,0.642,0.724,-5.13,-0.76,0.64,0,5
15805.937,-0.153,0.639,0.718,-3.75,-0.15,0.4,0,5
15805.953,-0.153,0.636,0.715,-2.62,0.52,0.09,0,5
15805.953,-0.153,0.641,0.711,-1.74,1.43,0.06,0,5
15805.968,-0.154,0.641,0.708,-1.62,2.75,0.12,0,5
15805.984,-0.154,0.637,0.714,-2.01,3.57,-0.03,0,5
15805.984,-0.157,0.64,0.71,-1.86,4.0,-0.43,0,5
15806.0,-0.163,0.646,0.709,-1.59,4.7,-0.64,0,5
15806.0,-0.163,0.646,0.716,-1.25,5.28,-0.4,0,5
15806.015,-0.165,0.645,0.723,-1.34,5.34,-0.21,0,5
15806.031,-0.165,0.644,0.725,-1.95,5.13,0.12,0,5
15806.031,-0.162,0.64,0.728,-2.93,4.82,0.06,0,5
15806.046,-0.159,0.636,0.734,-3.78,4.09,-0.27,0,5
15806.062,-0.156,0.628,0.738,-4.18,2.9,-0.31,0,5
15806.078,-0.154,0.627,0.74,-3.94,2.41,-0.52,0,5
15806.093,-0.152,0.624,0.74,-3.39,2.14,-0.73,0,5
15806.093,-0.149,0.619,0.74,-2.78,1.86,-0.85,0,5
15806.109,-0.15,0.618,0.739,-2.08,1.71,-0.92,0,5
15806.125,-0.148,0.623,0.738,-1.56,1.28,-1.28,0,5
15806.125,-0.149,0.624,0.738,-1.56,1.25,-1.89,0,5
15806.14,-0.154,0.625,0.742,-1.95,1.43,-2.41,0,5
15806.14,-0.16,0.632,0.746,-2.41,1.4,-2.26,0,5
15806.156,-0.155,0.63,0.745,-2.75,1.1,-2.04,0,5
15806.171,-0.153,0.625,0.744,-2.87,1.07,-2.14,0,5
15806.171,-0.154,0.629,0.742,-2.11,1.16,-2.41,0,5
15806.187,-0.158,0.63,0.747,-1.37,1.1,-2.66,0,5
15806.203,-0.16,0.631,0.746,-1.31,0.92,-2.66,0,5
15806.203,-0.158,0.631,0.746,-1.8,0.27,-2.66,0,5
15806.218,-0.16,0.629,0.743,-2.26,-0.24,-2.72,0,5
15806.234,-0.156,0.628,0.737,-3.11,-1.31,-2.44,0,5
15806.25,-0.155,0.619,0.736,-3.2,-1.59,-2.41,0,5
15806.25,-0.154,0.616,0.736,-3.02,-2.08,-2.44,0,5
15806.265,-0.15,0.616,0.736,-2.26,-2.5,-2.35,0,5
15806.281,-0.15,0.62,0.735,-1.4,-2.69,-2.29,0,5
15806.281,-0.151,0.624,0.736,-1.16,-2.17,-2.5,0,5
15806.296,-0.154,0.63,0.739,-1.31,-1.22,-2.75,0,5
15806.312,-0.162,0.639,0.746,-1.5,-0.52,-2.72,0,5
15806.328,-0.168,0.641,0.751,-1.68,-0.52,-1.98,0,5
15806.328,-0.166,0.635,0.752,-1.98,-0.79,-1.46,0,5
15806.343,-0.166,0.629,0.753,-2.04,-1.31,-1.53,0,5
15806.343,-0.165,0.624,0.75,-1.53,-1.59,-1.71,0,5
15806.359,-0.166,0.625,0.744,-0.76,-1.71,-1.68,0,5
15806.375,-0.169,0.63,0.738,-0.31,-1.43,-1.65,0,5
15806.375,-0.17,0.624,0.737,-0.49,-1.04,-1.62,0,5
15806.39,-0.168,0.621,0.737,-0.61,-1.19,-1.43,0,5
15806.406,-0.17,0.619,0.734,-0.43,-1.68,-1.31,0,5
15806.421,-0.168,0.613,0.734,-0.21,-1.77,-1.25,0,5
15806.437,-0.167,0.613,0.733,0.4,-1.98,-1.25,0,5
15806.437,-0.165,0.616,0.733,1.56,-2.11,-1.31,0,5
15806.453,-0.168,0.621,0.73,3.57,-1.22,-1.37,0,5
15806.453,-0.169,0.624,0.73,3.45,-1.46,-1.43,0,5
15806.468,-0.168,0.623,0.735,3.81,-1.65,-1.34,0,5
15806.484,-0.167,0.627,0.731,3.51,-1.86,-1.56,0,5
15806.484,-0.167,0.64,0.733,2.93,-1.92,-1.53,0,5
15806.5,-0.164,0.635,0.732,2.41,-2.29,-0.89,0,5
15806.515,-0.159,0.635,0.732,2.08,-2.41,-0.73,0,5
15806.515,-0.159,0.635,0.731,2.26,-2.29,-0.89,0,5
15806.531,-0.157,0.631,0.729,2.47,-2.01,-0.92,0,5
15806.546,-0.159,0.631,0.727,2.5,-1.83,-1.07,0,5
15806.546,-0.162,0.637,0.732,2.44,-1.46,-1.13,0,5
15806.562,-0.166,0.643,0.737,2.01,-1.31,-1.07,0,5
15806.562,-0.163,0.641,0.739,1.19,-1.59,-0.76,0,5
15806.578,-0.162,0.64,0.742,0.15,-1.8,-0.4,0,5
15806.593,-0.163,0.641,0.749,-0.61,-1.74,-0.24,0,5
15806.593,-0.159,0.639,0.752,-0.95,-2.08,-0.18,0,5
15806.609,-0.154,0.63,0.754,-0.52,-2.17,-0.12,0,5
15806.625,-0.151,0.629,0.75,0.34,-2.08,-0.31,0,5
15806.625,-0.152,0.631,0.752,1.16,-1.92,-0.52,0,5
15806.64,-0.155,0.637,0.751,1.68,-1.56,-0.67,0,5
15806.64,-0.153,0.638,0.743,1.74,-1.04,-0.76,0,5
15806.656,-0.156,0.637,0.741,1.59,-0.21,-0.64,0,5
15806.671,-0.164,0.642,0.746,1.01,0.21,-0.7,0,5
15806.671,-0.165,0.643,0.745,0.4,0.0,-0.58,0,5
15806.687,-0.166,0.641,0.744,-0.06,-0.52,-0.43,0,5
15806.703,-0.166,0.642,0.747,-0.73,-0.98,-0.37,0,5
15806.703,-0.165,0.64,0.745,-1.34,-1.19,-0.09,0,5
15806.718,-0.164,0.63,0.742,-1.83,-1.46,0.12,0,5
15806.734,-0.157,0.623,0.742,-1.98,-1.86,0.12,0,5
15806.734,-0.156,0.619,0.738,-1.34,-2.14,-0.06,0,5
15806.75,-0.158,0.62,0.733,-0.31,-1.98,-0.4,0,5
15806.75,-0.16,0.628,0.736,0.43,-1.62,-0.49,0,5
15806.765,-0.164,0.634,0.736,0.64,-1.01,-0.73,0,5
15806.781,-0.166,0.636,0.737,0.49,-0.64,-0.67,0,5
15806.781,-0.167,0.642,0.742,0.06,-0.58,-0.46,0,5
15806.796,-0.166,0.641,0.742,-0.58,-0.89,-0.49,0,5
15806.812,-0.165,0.634,0.739,-0.92,-1.34,-0.34,0,5
15806.812,-0.159,0.629,0.735,-0.7,-1.59,-0.4,0,5
15806.828,-0.158,0.626,0.731,0.06,-1.4,-0.58,0,5
15806.843,-0.163,0.629,0.731,0.49,-0.95,-0.58,0,5
15806.843,-0.167,0.635,0.734,0.12,-0.52,-0.4,0,5
15806.859,-0.166,0.637,0.739,-0.55,-0.61,-0.34,0,5
15806.875,-0.165,0.635,0.743,-1.19,-0.64,-0.15,0,5
15806.875,-0.165,0.633,0.745,-1.68,-0.85,-0.15,0,5
15806.89,-0.163,0.626,0.743,-1.37,-1.22,-0.46,0,5
15806.89,-0.161,0.623,0.739,-0.58,-1.53,-0.52,0,5
15806.906,-0.161,0.624,0.737,0.52,-1.56,-0.52,0,5
15806.921,-0.163,0.627,0.736,1.28,-1.25,-0.55,0,5
15806.921,-0.164,0.63,0.735,1.1,-1.16,-0.58,0,5
15806.937,-0.162,0.629,0.735,0.61,-1.19,-0.52,0,5
15806.953,-0.162,0.633,0.734,0.34,-1.16,-0.64,0,5
15806.968,-0.165,0.637,0.735,-0.18,-0.7,-0.61,0,5
15806.968,-0.165,0.635,0.739,-0.55,-0.24,-0.55,0,5
15806.984,-0.165,0.634,0.742,-0.43,-0.21,-0.49,0,5
15806.984,-0.165,0.633,0.742,-0.27,-0.52,-0.34,0,5
15807.0,-0.164,0.633,0.742,-0.09,-0.61,-0.52,0,5
15807.015,-0.162,0.627,0.739,0.37,-0.76,-0.27,0,5
15807.015,-0.159,0.625,0.735,0.7,-0.82,-0.15,0,5
15807.031,-0.159,0.627,0.732,1.07,-0.76,-0.21,0,5
15807.031,-0.16,0.629,0.731,1.1,-0.49,-0.21,0,5
15807.046,-0.163,0.629,0.734,0.73,-0.55,-0.21,0,5
15807.062,-0.163,0.63,0.738,0.24,-0.73,-0.18,0,5
15807.078,-0.164,0.633,0.738,-0.03,-0.85,-0.4,0,5
15807.078,-0.165,0.635,0.741,-0.21,-1.01,-0.4,0,5
15807.093,-0.162,0.631,0.741,0.34,-0.89,-0.03,0,5
15807.109,-0.163,0.631,0.741,0.67,-0.85,-0.09,0,5
15807.125,-0.163,0.633,0.74,0.92,-0.73,-0.18,0,5
15807.125,-0.164,0.628,0.74,0.82,-0.76,-0.18,0,5
15807.14,-0.161,0.626,0.739,0.55,-0.82,-0.18,0,5
15807.14,-0.162,0.627,0.739,0.52,-0.85,-0.24,0,5
15807.156,-0.162,0.634,0.738,0.73,-0.67,-0.46,0,5
15807.171,-0.167,0.634,0.74,0.98,-0.21,-0.49,0,5
15807.187,-0.169,0.632,0.74,1.22,-0.18,-0.37,0,5
15807.187,-0.166,0.637,0.738,1.5,-0.58,-0.43,0,5
15807.203,-0.16,0.645,0.733,1.77,-1.01,-0.73,0,5
15807.203,-0.174,0.641,0.725,1.37,-1.25,-1.62,0,5
15807.218,-0.171,0.619,0.731,0.06,-1.46,-0.27,0,5
15807.234,-0.154,0.629,0.729,0.76,-1.56,0.76,0,5
15807.234,-0.16,0.636,0.722,2.04,-1.53,-0.73,0,5
15807.25,-0.171,0.639,0.727,1.25,-1.34,-1.43,0,5
15807.265,-0.167,0.632,0.736,-1.37,-1.25,-0.43,0,5
15807.281,-0.165,0.632,0.738,-1.98,-1.28,-0.18,0,5
15807.281,-0.161,0.626,0.741,-1.37,-1.04,0.24,0,5
15807.296,-0.159,0.618,0.743,0.31,-0.58,0.18,0,5
15807.312,-0.162,0.621,0.742,2.32,-0.34,-0.31,0,5
15807.312,-0.162,0.628,0.74,3.57,-0.67,-0.4,0,5
15807.328,-0.163,0.638,0.737,3.72,-0.67,-0.52,0,5
15807.343,-0.165,0.643,0.734,2.56,-0.61,-0.7,0,5
15807.343,-0.163,0.643,0.735,0.98,-0.7,-0.58,0,5
15807.359,-0.164,0.643,0.738,-0.18,-0.67,-0.46,0,5
15807.375,-0.167,0.641,0.739,-0.79,-0.79,-0.12,0,5
15807.375,-0.164,0.636,0.741,-0.7,-1.16,0.12,0,5
15807.39,-0.161,0.634,0.736,0.34,-1.37,0.12,0,5
15807.39,-0.162,0.635,0.733,1.07,-1.25,-0.34,0,5
15807.406,-0.161,0.63,0.73,1.25,-0.95,-0.4,0,5
15807.421,-0.163,0.627,0.729,1.04,-0.79,-0.15,0,5
15807.437,-0.16,0.633,0.728,0.15,-1.62,-0.06,0,5
15807.453,-0.161,0.632,0.732,-0.37,-1.43,-0.18,0,5
15807.453,-0.161,0.633,0.734,-0.92,-0.98,-0.27,0,5
15807.468,-0.168,0.639,0.748,-1.37,-0.79,-0.15,0,5
15807.484,-0.167,0.634,0.749,-1.37,-0.79,0.06,0,5
15807.484,-0.168,0.633,0.747,-0.7,-0.82,-0.09,0,5
15807.5,-0.17,0.631,0.744,0.24,-0.92,-0.31,0,5
15807.515,-0.169,0.627,0.738,1.13,-1.01,-0.24,0,5
15807.515,-0.168,0.625,0.732,1.92,-1.28,0.15,0,5
15807.531,-0.162,0.627,0.725,2.5,-1.74,0.0,0,5
15807.531,-0.162,0.63,0.721,2.29,-1.62,-0.7,0,5
15807.546,-0.167,0.632,0.721,1.53,-1.59,-0.76,0,5
15807.562,-0.166,0.637,0.724,0.95,-1.62,-0.21,0,5
15807.562,-0.168,0.637,0.729,0.61,-1.71,0.18,0,5
15807.578,-0.17,0.636,0.734,0.52,-2.01,0.55,0,5
15807.593,-0.167,0.632,0.733,0.85,-2.14,0.46,0,5
15807.609,-0.165,0.629,0.733,1.5,-2.14,0.37,0,5
15807.609,-0.163,0.634,0.732,2.29,-1.92,0.06,0,5
15807.609,-0.164,0.642,0.734,2.53,-1.56,-0.37,0,5
15807.625,-0.166,0.643,0.736,2.29,-1.25,-0.64,0,5
15807.64,-0.165,0.646,0.738,1.89,-1.25,-0.37,0,5
15807.64,-0.164,0.644,0.739,1.1,-1.43,-0.43,0,5
15807.656,-0.165,0.644,0.736,1.01,-1.71,-0.4,0,5
15807.671,-0.163,0.643,0.734,1.07,-1.98,-0.27,0,5
15807.671,-0.16,0.641,0.734,1.28,-1.95,-0.24,0,5
15807.687,-0.159,0.644,0.73,1.34,-1.71,-0.31,0,5
15807.703,-0.162,0.65,0.728,0.92,-1.46,-0.34,0,5
15807.718,-0.161,0.647,0.732,-0.09,-1.25,-0.21,0,5
15807.718,-0.16,0.644,0.731,-1.22,-1.16,0.0,0,5
15807.734,-0.162,0.641,0.735,-2.04,-0.89,-0.03,0,5
15807.734,-0.163,0.64,0.738,-2.2,-0.82,0.03,0,5
15807.75,-0.162,0.636,0.738,-1.77,-0.67,0.06,0,5
15807.765,-0.164,0.632,0.738,-1.01,-0.24,0.12,0,5
15807.765,-0.165,0.633,0.738,-0.4,-0.18,0.15,0,5
15807.781,-0.165,0.633,0.735,-0.12,-0.34,0.03,0,5
15807.781,-0.167,0.632,0.733,-0.09,-0.64,-0.09,0,5
15807.796,-0.165,0.629,0.728,-0.27,-0.95,0.0,0,5
15807.812,-0.164,0.63,0.724,-0.31,-1.04,0.0,0,5
15807.828,-0.165,0.631,0.726,-0.27,-0.79,0.06,0,5
15807.828,-0.163,0.631,0.728,-0.18,-0.61,0.0,0,5
15807.843,-0.164,0.633,0.73,0.03,-0.76,-0.15,0,5
15807.843,-0.167,0.641,0.731,0.24,-1.07,-0.31,0,5
15807.859,-0.167,0.641,0.731,0.24,-1.19,-0.18,0,5
15807.859,-0.164,0.639,0.729,0.18,-1.31,0.06,0,5
15807.875,-0.161,0.637,0.728,0.09,-1.62,-0.06,0,5
15807.89,-0.16,0.636,0.726,0.18,-1.77,-0.21,0,5
15807.89,-0.161,0.639,0.726,0.37,-1.65,-0.24,0,5
15807.906,-0.161,0.644,0.727,0.18,-1.31,-0.27,0,5
15807.921,-0.162,0.645,0.733,-0.46,-1.07,-0.18,0,5
15807.921,-0.162,0.64,0.738,-0.7,-1.07,-0.31,0,5
15807.937,-0.162,0.64,0.739,-0.89,-1.13,-0.27,0,5
15807.953,-0.162,0.636,0.74,-0.46,-1.1,-0.21,0,5
15807.968,-0.162,0.634,0.737,-0.06,-1.37,-0.09,0,5
15807.984,-0.163,0.633,0.737,0.24,-1.62,-0.21,0,5
15807.984,-0.163,0.633,0.732,0.4,-1.59,-0.18,0,5
15808.0,-0.163,0.632,0.731,0.31,-1.53,-0.12,0,5
15808.0,-0.164,0.631,0.731,0.27,-1.53,-0.18,0,5
15808.015,-0.162,0.636,0.731,0.15,-1.56,-0.15,0,5
15808.031,-0.162,0.639,0.732,0.37,-1.34,-0.34,0,5
15808.031,-0.163,0.637,0.734,0.7,-1.16,-0.34,0,5
15808.046,-0.162,0.637,0.732,0.98,-1.28,-0.18,0,5
15808.062,-0.162,0.64,0.731,1.04,-1.56,-0.31,0,5
15808.062,-0.163,0.642,0.73,0.7,-1.4,-0.31,0,5
15808.078,-0.161,0.639,0.731,0.18,-1.25,-0.27,0,5
15808.093,-0.162,0.637,0.733,-0.34,-1.31,-0.12,0,5
15808.093,-0.164,0.636,0.733,-0.64,-1.22,-0.18,0,5
15808.109,-0.163,0.636,0.738,-0.55,-1.04,-0.24,0,5
15808.125,-0.161,0.63,0.735,0.4,-0.76,-0.24,0,5
15808.14,-0.161,0.635,0.735,0.76,-0.61,-0.27,0,5
15808.14,-0.163,0.64,0.735,0.67,-0.61,-0.4,0,5
15808.156,-0.161,0.636,0.734,0.34,-0.73,-0.27,0,5
15808.171,-0.16,0.635,0.732,-0.06,-0.85,-0.18,0,5
15808.171,-0.159,0.638,0.732,-0.27,-0.92,-0.21,0,5
15808.187,-0.16,0.638,0.733,-0.27,-0.79,-0.24,0,5
15808.203,-0.161,0.638,0.732,-0.46,-0.76,-0.21,0,5
15808.203,-0.16,0.637,0.732,-0.49,-0.95,-0.09,0,5
15808.218,-0.16,0.64,0.735,-0.4,-1.01,-0.24,0,5
15808.234,-0.162,0.643,0.736,-0.58,-0.67,-0.21,0,5
15808.234,-0.163,0.639,0.739,-0.76,-0.52,-0.15,0,5
15808.25,-0.163,0.634,0.737,-0.76,-0.73,-0.06,0,5
15808.25,-0.16,0.633,0.732,-0.52,-1.07,-0.12,0,5
15808.265,-0.16,0.632,0.732,-0.18,-0.95,-0.24,0,5
15808.281,-0.163,0.635,0.732,-0.06,-0.76,-0.34,0,5
15808.296,-0.163,0.631,0.73,0.03,-0.92,-0.18,0,5
15808.312,-0.164,0.631,0.729,0.09,-0.98,-0.31,0,5
15808.312,-0.165,0.636,0.73,0.09,-0.95,-0.52,0,5
15808.328,-0.167,0.639,0.734,-0.06,-0.85,-0.4,0,5
15808.343,-0.165,0.636,0.734,-0.12,-0.89,-0.27,0,5
15808.343,-0.163,0.637,0.734,-0.12,-1.01,-0.27,0,5
15808.359,-0.165,0.642,0.732,-0.09,-0.98,-0.37,0,5
15808.359,-0.16,0.648,0.73,0.0,-1.01,-0.7,0,5
15808.375,-0.167,0.63,0.732,-0.49,-1.22,-0.4,0,5
15808.39,-0.157,0.632,0.736,-0.79,-1.16,0.06,0,5
15808.39,-0.16,0.637,0.733,0.21,-0.7,0.0,0,5
15808.406,-0.166,0.633,0.732,0.52,-0.92,-0.37,0,5
15808.421,-0.163,0.64,0.734,0.09,-1.37,-0.49,0,5
15808.421,-0.164,0.637,0.734,-0.55,-0.98,-0.55,0,5
15808.437,-0.168,0.637,0.734,-0.89,-0.95,-0.46,0,5
15808.453,-0.166,0.64,0.737,-0.73,-1.16,-0.21,0,5
15808.468,-0.162,0.625,0.735,0.12,-1.25,-0.03,0,5
15808.468,-0.162,0.631,0.731,1.53,-1.25,-0.27,0,5
15808.484,-0.161,0.641,0.729,2.59,-0.79,-0.67,0,5
15808.484,-0.168,0.647,0.728,2.38,-0.43,-0.46,0,5
15808.5,-0.168,0.648,0.73,0.89,-0.61,-0.24,0,5
15808.515,-0.167,0.643,0.729,-0.76,-0.98,-0.03,0,5
15808.515,-0.162,0.63,0.732,-1.65,-1.34,0.09,0,5
15808.531,-0.158,0.624,0.733,-1.56,-1.59,0.12,0,5
15808.531,-0.158,0.627,0.734,-0.73,-1.53,-0.34,0,5
15808.546,-0.16,0.631,0.737,0.24,-1.28,-0.61,0,5
15808.562,-0.163,0.635,0.741,0.67,-0.92,-0.7,0,5
15808.562,-0.163,0.638,0.743,0.67,-0.89,-0.58,0,5
15808.578,-0.163,0.641,0.745,0.43,-1.1,-0.46,0,5
15808.593,-0.164,0.639,0.742,0.46,-1.19,-0.12,0,5
15808.593,-0.161,0.635,0.74,0.64,-1.22,-0.21,0,5
15808.609,-0.162,0.638,0.735,0.95,-1.25,-0.37,0,5
15808.625,-0.162,0.64,0.732,1.04,-1.1,-0.34,0,5
15808.625,-0.16,0.638,0.73,0.52,-0.92,-0.12,0,5
15808.64,-0.161,0.638,0.73,-0.4,-0.73,0.06,0,5
15808.64,-0.16,0.634,0.732,-1.28,-0.58,0.09,0,5
15808.656,-0.161,0.632,0.735,-1.43,-0.61,0.34,0,5
15808.671,-0.16,0.63,0.737,-1.16,-0.61,0.34,0,5
15808.671,-0.163,0.634,0.737,-0.55,-0.37,0.06,0,5
15808.687,-0.169,0.636,0.737,0.09,-0.27,-0.06,0,5
15808.703,-0.168,0.634,0.736,0.61,-0.55,0.27,0,5
15808.703,-0.167,0.634,0.731,0.67,-0.85,0.24,0,5
15808.718,-0.166,0.636,0.729,0.52,-1.04,0.03,0,5
15808.734,-0.167,0.634,0.727,0.46,-1.16,0.15,0,5
15808.734,-0.165,0.632,0.724,0.24,-1.4,0.24,0,5
15808.75,-0.163,0.632,0.723,0.12,-1.5,0.09,0,5
15808.765,-0.166,0.636,0.725,0.12,-1.34,-0.15,0,5
15808.765,-0.166,0.641,0.73,0.03,-1.25,-0.24,0,5
15808.781,-0.167,0.638,0.732,-0.12,-1.34,0.18,0,5
15808.781,-0.164,0.635,0.734,-0.18,-1.53,0.4,0,5
15808.796,-0.161,0.63,0.733,0.21,-1.65,0.27,0,5
15808.812,-0.162,0.634,0.735,0.82,-1.59,0.03,0,5
15808.812,-0.161,0.637,0.736,1.13,-1.19,-0.03,0,5
15808.828,-0.162,0.636,0.736,1.28,-1.13,-0.09,0,5
15808.843,-0.161,0.636,0.736,1.04,-1.34,-0.12,0,5
15808.843,-0.162,0.64,0.737,0.73,-1.28,-0.12,0,5
15808.859,-0.162,0.644,0.738,0.58,-1.07,-0.09,0,5
15808.875,-0.161,0.64,0.739,0.61,-1.13,-0.03,0,5
15808.875,-0.159,0.64,0.739,0.79,-1.07,-0.15,0,5
15808.89,-0.162,0.644,0.735,1.01,-1.01,-0.24,0,5
15808.89,-0.162,0.641,0.735,1.04,-1.01,-0.24,0,5
15808.906,-0.161,0.639,0.731,0.7,-1.22,-0.09,0,5
15808.921,-0.159,0.637,0.728,0.31,-1.25,-0.06,0,5
15808.921,-0.161,0.636,0.729,0.03,-1.25,-0.15,0,5
15808.937,-0.16,0.638,0.731,-0.37,-1.1,-0.27,0,5
15808.953,-0.159,0.634,0.731,-0.31,-1.16,-0.18,0,5
15808.953,-0.161,0.634,0.733,0.0,-1.25,-0.18,0,5
15808.968,-0.161,0.639,0.733,0.24,-1.1,-0.27,0,5
15808.984,-0.163,0.638,0.734,0.37,-1.28,-0.15,0,5
15809.0,-0.164,0.638,0.732,0.24,-1.37,-0.24,0,5
15809.0,-0.165,0.638,0.731,0.37,-1.4,-0.12,0,5
15809.015,-0.165,0.635,0.733,0.52,-1.37,-0.09,0,5
15809.031,-0.166,0.633,0.73,0.82,-1.25,-0.18,0,5
15809.031,-0.164,0.634,0.727,1.16,-1.25,-0.31,0,5
15809.046,-0.162,0.636,0.726,1.34,-1.34,-0.49,0,5
15809.062,-0.164,0.641,0.724,1.22,-1.28,-0.52,0,5
15809.062,-0.163,0.643,0.724,0.92,-1.31,-0.49,0,5
15809.078,-0.162,0.644,0.725,0.46,-1.43,-0.37,0,5
15809.093,-0.162,0.645,0.726,0.12,-1.37,-0.34,0,5
15809.109,-0.162,0.642,0.728,-0.06,-1.28,-0.21,0,5
15809.109,-0.16,0.639,0.732,-0.12,-1.34,-0.03,0,5
15809.109,-0.159,0.636,0.731,0.03,-1.34,-0.15,0,5
15809.125,-0.159,0.635,0.733,0.4,-1.37,-0.21,0,5
15809.14,-0.159,0.635,0.734,0.73,-1.31,-0.18,0,5
15809.156,-0.16,0.637,0.736,0.98,-1.37,-0.21,0,5
15809.171,-0.158,0.636,0.734,0.98,-1.74,-0.31,0,5
15809.171,-0.16,0.639,0.734,0.82,-1.71,-0.4,0,5
15809.187,-0.161,0.64,0.735,0.64,-1.56,-0.34,0,5
15809.203,-0.159,0.637,0.734,0.58,-1.46,-0.21,0,5
15809.203,-0.159,0.637,0.733,0.64,-1.5,-0.18,0,5
15809.218,-0.158,0.641,0.734,0.52,-1.4,-0.27,0,5
15809.218,-0.159,0.639,0.734,0.55,-1.22,-0.15,0,5
15809.234,-0.159,0.636,0.734,0.46,-1.43,0.06,0,5
15809.25,-0.159,0.637,0.732,0.49,-1.34,-0.09,0,5
15809.25,-0.159,0.639,0.732,0.4,-1.07,-0.27,0,5
15809.265,-0.16,0.636,0.732,0.43,-0.95,-0.12,0,5
15809.281,-0.157,0.635,0.733,0.58,-0.85,0.03,0,5
15809.281,-0.159,0.636,0.733,0.73,-0.98,0.0,0,5
15809.296,-0.16,0.638,0.732,0.82,-0.85,0.09,0,5
15809.312,-0.163,0.64,0.734,0.7,-0.76,0.09,0,5
15809.328,-0.161,0.641,0.732,0.43,-0.92,0.18,0,5
15809.343,-0.16,0.637,0.731,0.49,-0.95,0.09,0,5
15809.343,-0.159,0.634,0.729,0.79,-1.01,0.12,0,5
15809.359,-0.162,0.638,0.729,1.1,-0.95,-0.06,0,5
15809.375,-0.162,0.639,0.728,1.37,-0.98,-0.21,0,5
15809.375,-0.159,0.641,0.722,1.34,-1.28,-0.09,0,5
15809.39,-0.159,0.645,0.724,0.98,-1.37,0.0,0,5
15809.39,-0.16,0.649,0.725,0.21,-1.01,-0.06,0,5
15809.406,-0.159,0.649,0.728,-0.12,-0.7,0.0,0,5
15809.421,-0.16,0.649,0.733,-0.31,-0.67,0.03,0,5
15809.421,-0.163,0.648,0.733,-0.67,-0.52,0.15,0,5
15809.437,-0.164,0.645,0.735,-0.61,-0.46,0.24,0,5
15809.453,-0.166,0.631,0.732,-0.4,-0.73,0.27,0,5
15809.453,-0.158,0.629,0.73,0.09,-1.07,0.21,0,5
15809.468,-0.157,0.631,0.724,1.07,-1.01,-0.09,0,5
15809.484,-0.159,0.633,0.722,1.68,-1.1,-0.31,0,5
15809.484,-0.157,0.641,0.722,1.68,-1.16,-0.46,0,5
15809.5,-0.161,0.644,0.724,1.37,-0.98,-0.4,0,5
15809.515,-0.162,0.65,0.73,0.64,-0.82,-0.37,0,5
15809.515,-0.162,0.649,0.732,0.09,-0.85,-0.4,0,5
15809.531,-0.161,0.644,0.735,-0.06,-1.1,-0.37,0,5
15809.531,-0.16,0.643,0.734,0.55,-1.22,-0.31,0,5
15809.546,-0.16,0.641,0.728,1.43,-1.31,-0.24,0,5
15809.562,-0.157,0.642,0.726,1.59,-1.13,-0.24,0,5
15809.562,-0.155,0.642,0.728,1.37,-1.07,-0.09,0,5
15809.578,-0.157,0.641,0.726,0.76,-1.13,-0.09,0,5
15809.593,-0.157,0.644,0.726,0.24,-1.1,-0.15,0,5
15809.593,-0.159,0.646,0.73,-0.27,-0.95,-0.21,0,5
15809.609,-0.162,0.644,0.733,-0.34,-0.98,-0.06,0,5
15809.625,-0.158,0.641,0.734,0.0,-1.13,0.09,0,5
15809.625,-0.16,0.639,0.732,0.4,-1.07,0.18,0,5
15809.64,-0.162,0.636,0.729,0.7,-0.85,0.09,0,5
15809.64,-0.16,0.635,0.729,0.92,-0.92,0.03,0,5
15809.656,-0.158,0.64,0.728,0.95,-0.98,0.03,0,5
15809.671,-0.162,0.649,0.728,0.67,-0.79,-0.24,0,5
15809.671,-0.163,0.647,0.727,0.27,-0.85,-0.31,0,5
15809.687,-0.161,0.649,0.728,-0.21,-0.76,-0.18,0,5
15809.703,-0.161,0.654,0.73,-0.52,-0.52,-0.24,0,5
15809.703,-0.163,0.651,0.73,-0.61,-0.37,-0.21,0,5
15809.718,-0.163,0.644,0.73,-0.76,-0.34,0.12,0,5
15809.734,-0.161,0.639,0.729,-0.7,-0.55,0.27,0,5
15809.734,-0.16,0.634,0.727,-0.24,-0.89,0.31,0,5
15809.75,-0.158,0.633,0.725,0.09,-0.82,0.21,0,5
15809.75,-0.159,0.632,0.723,0.27,-0.64,0.06,0,5
15809.765,-0.159,0.636,0.727,0.12,-0.64,0.12,0,5
15809.781,-0.16,0.638,0.73,-0.12,-0.67,0.06,0,5
15809.781,-0.16,0.638,0.733,-0.24,-0.76,0.18,0,5
15809.796,-0.16,0.637,0.736,0.0,-1.01,0.18,0,5
15809.812,-0.162,0.637,0.738,0.46,-1.04,0.09,0,5
15809.812,-0.162,0.638,0.737,1.07,-1.19,-0.06,0,5
15809.828,-0.162,0.639,0.734,1.92,-1.16,-0.09,0,5
15809.843,-0.16,0.643,0.73,2.04,-1.31,-0.18,0,5
15809.859,-0.161,0.642,0.726,1.68,-1.46,-0.27,0,5
15809.875,-0.157,0.638,0.727,1.56,-1.4,-0.15,0,5
15809.875,-0.156,0.637,0.726,1.65,-1.31,-0.21,0,5
15809.89,-0.16,0.644,0.727,1.92,-1.28,-0.37,0,5
15809.89,-0.16,0.643,0.728,2.32,-1.43,-0.27,0,5
15809.906,-0.157,0.643,0.727,2.69,-1.5,-0.12,0,5
15809.921,-0.157,0.648,0.724,2.87,-1.4,-0.37,0,5
15809.921,-0.16,0.65,0.725,2.9,-0.98,-0.58,0,5
15809.937,-0.161,0.657,0.722,2.78,-0.92,-0.61,0,5
15809.953,-0.161,0.662,0.719,2.23,-0.82,-0.61,0,5
15809.953,-0.16,0.662,0.719,1.31,-0.7,-0.55,0,5
15809.968,-0.162,0.665,0.719,0.46,-0.55,-0.46,0,5
15809.984,-0.161,0.666,0.721,-0.31,-0.55,-0.31,0,5
15809.984,-0.16,0.66,0.72,-0.79,-0.67,-0.09,0,5
15810.0,-0.157,0.652,0.72,-1.25,-0.92,0.06,0,5
15810.015,-0.159,0.644,0.72,-1.37,-1.01,-0.03,0,5
15810.031,-0.16,0.641,0.724,-1.43,-0.95,-0.12,0,5
15810.046,-0.158,0.639,0.726,-1.22,-1.07,-0.06,0,5
15810.046,-0.159,0.637,0.728,-1.13,-0.95,-0.03,0,5
15810.062,-0.16,0.637,0.729,-0.7,-0.89,0.15,0,5
15810.062,-0.158,0.637,0.732,-0.24,-0.82,0.12,0,5
15810.078,-0.161,0.64,0.734,0.21,-0.76,-0.09,0,5
15810.093,-0.161,0.641,0.732,0.58,-0.67,-0.12,0,5
15810.093,-0.161,0.641,0.73,0.85,-0.73,0.12,0,5
15810.109,-0.159,0.641,0.729,0.85,-0.95,0.21,0,5
15810.125,-0.16,0.642,0.729,0.82,-0.92,0.0,0,5
15810.125,-0.16,0.641,0.727,0.92,-0.82,0.12,0,5
15810.14,-0.159,0.638,0.728,1.19,-0.89,0.18,0,5
15810.14,-0.159,0.634,0.729,1.34,-1.04,0.31,0,5
15810.156,-0.155,0.635,0.727,1.62,-1.22,0.37,0,5
15810.171,-0.158,0.636,0.726,2.08,-1.37,0.12,0,5
15810.171,-0.159,0.64,0.723,2.35,-1.28,-0.09,0,5
15810.187,-0.158,0.646,0.722,2.5,-1.19,-0.09,0,5
15810.203,-0.157,0.649,0.724,2.5,-1.22,0.03,0,5
15810.203,-0.158,0.648,0.727,2.41,-0.89,0.15,0,5
15810.218,-0.159,0.644,0.736,2.29,-0.95,0.46,0,5
15810.234,-0.158,0.644,0.74,2.38,-0.95,0.34,0,5
15810.234,-0.159,0.644,0.74,2.69,-0.92,0.15,0,5
15810.25,-0.16,0.642,0.739,3.17,-1.01,0.31,0,5
15810.265,-0.162,0.639,0.737,3.63,-1.04,0.43,0,5
15810.265,-0.169,0.636,0.743,4.12,-1.1,0.92,0,5
15810.281,-0.173,0.631,0.756,4.3,-0.58,2.11,0,5
15810.281,-0.183,0.619,0.771,3.97,0.0,3.57,0,5
15810.296,-0.186,0.595,0.784,4.21,-0.58,5.46,0,5
15810.312,-0.18,0.563,0.793,5.46,-1.74,7.2,0,5
15810.312,-0.171,0.53,0.797,7.23,-2.59,8.09,0,5
15810.328,-0.156,0.505,0.785,9.55,-3.17,6.68,0,5
15810.343,-0.117,0.449,0.769,9.25,-4.09,1.83,0,5
15810.343,-0.117,0.384,0.78,1.43,-7.9,-12.02,0,5
15810.359,-0.156,0.362,0.777,-7.26,-12.94,-28.35,0,5
15810.375,-0.177,0.344,0.76,-11.84,-16.57,-37.32,0,5
15810.375,-0.186,0.32,0.741,-12.79,-18.4,-42.42,0,5
15810.39,-0.209,0.32,0.729,-4.3,-20.45,-46.17,0,5
15810.39,-0.21,0.326,0.713,5.31,-21.79,-45.2,0,5
15810.406,-0.19,0.285,0.684,16.63,-22.61,-47.0,0,5
15810.421,-0.147,0.205,0.583,26.76,-22.25,-51.39,0,5
15810.421,-0.133,0.163,0.56,37.81,-20.17,-59.48,0,5
15810.437,-0.137,0.127,0.516,54.75,-15.05,-68.85,0,5
15810.453,-0.158,0.11,0.459,74.56,-6.93,-77.46,0,5
15810.453,-0.181,0.11,0.421,93.36,2.56,-86.4,0,5
15810.468,-0.208,0.097,0.386,110.45,11.44,-95.34,0,5
15810.484,-0.24,0.096,0.341,125.0,20.05,-104.59,0,5
15810.484,-0.275,0.128,0.282,136.05,29.15,-114.32,0,5
15810.5,-0.324,0.156,0.242,140.84,38.39,-122.59,0,5
15810.5,-0.375,0.192,0.224,139.07,46.94,-130.44,0,5
15810.515,-0.444,0.231,0.193,132.11,53.13,-138.31,0,5
15810.531,-0.511,0.25,0.138,117.71,56.25,-143.47,0,5
15810.546,-0.542,0.318,0.176,96.93,59.66,-149.17,0,5
15810.546,-0.585,0.34,0.283,88.44,61.4,-159.31,0,5
15810.562,-0.694,0.336,0.081,86.52,58.02,-169.59,0,5
15810.562,-0.696,0.396,-0.097,54.45,58.2,-174.66,0,5
15810.578,-0.698,0.412,-0.053,4.36,61.28,-180.85,0,5
15810.593,-0.734,0.297,0.066,-28.66,68.45,-187.41,0,5
15810.593,-0.807,0.22,0.097,-35.43,78.07,-191.41,0,5
15810.609,-0.863,0.258,0.067,-29.57,87.59,-192.45,0,5
15810.625,-0.918,0.337,0.037,-23.68,98.91,-193.58,0,5
15810.625,-0.999,0.396,0.044,-22.43,109.87,-195.1,0,5
15810.64,-1.079,0.45,0.072,-23.1,117.1,-196.14,0,5
15810.656,-1.151,0.474,0.087,-23.04,120.64,-195.72,0,5
15810.656,-1.201,0.507,0.102,-24.02,120.03,-193.85,0,5
15810.671,-1.239,0.549,0.102,-29.24,116.86,-191.81,0,5
15810.671,-1.26,0.603,0.084,-46.48,112.8,-189.31,0,5
15810.687,-1.274,0.632,0.061,-77.85,109.68,-187.57,0,5
15810.703,-1.28,0.618,0.063,-119.48,108.62,-185.67,0,5
15810.703,-1.283,0.576,0.085,-162.21,111.51,-184.48,0,5
15810.718,-1.294,0.509,0.115,-197.79,119.36,-181.86,0,5
15810.734,-1.323,0.439,0.17,-221.5,131.81,-178.26,0,5
15810.734,-1.352,0.366,0.242,-230.35,146.03,-174.17,0,5
15810.75,-1.395,0.303,0.312,-225.53,159.95,-169.19,0,5
15810.75,-1.441,0.265,0.385,-210.67,173.35,-164.46,0,5
15810.765,-1.488,0.246,0.469,-190.44,184.51,-160.37,0,5
15810.781,-1.515,0.266,0.549,-168.4,192.94,-156.68,0,5
15810.781,-1.546,0.267,0.67,-148.47,199.01,-152.23,0,5
15810.796,-1.381,-0.108,1.87,-81.09,212.68,-143.41,0,5
15810.812,-1.522,-0.274,2.372,149.17,188.48,-153.02,0,5
15810.812,-1.828,-0.027,1.583,408.0,157.26,-144.23,0,5
15810.828,-1.688,0.771,0.889,531.33,112.49,-111.73,0,5
15810.843,-1.531,1.35,0.447,518.08,63.48,-87.74,0,5
15810.859,-1.456,1.415,0.28,410.63,16.36,-61.53,0,5
15810.859,-1.302,1.249,0.271,285.74,-28.35,-42.42,0,5
15810.875,-1.142,1.055,0.309,184.12,-52.25,-29.91,0,5
15810.875,-0.992,0.888,0.495,108.86,-39.0,-22.77,0,5
15810.89,-0.839,0.972,0.694,66.26,9.8,-15.63,0,5
15810.89,-1.074,1.166,0.665,29.18,47.79,-7.84,0,5
15810.906,-1.296,0.873,0.627,-27.89,41.72,14.53,0,5
15810.921,-1.278,0.553,0.695,-92.41,0.43,42.05,0,5
15810.921,-1.095,0.379,0.759,-140.84,-42.36,58.02,0,5
15810.937,-1.038,0.249,0.688,-169.96,-71.9,50.72,0,5
15810.953,-1.122,0.232,0.505,-194.77,-87.83,36.41,0,5
15810.953,-1.338,0.276,0.385,-216.41,-89.75,36.74,0,5
15810.968,-0.867,0.205,0.407,-217.72,-89.57,56.67,0,5
15810.984,-0.945,0.4,0.33,-207.37,-101.11,42.97,0,5
15810.984,-1.015,0.34,0.321,-181.04,-71.44,60.27,0,5
15811.0,-0.958,0.25,0.366,-171.24,-60.43,71.32,0,5
15811.015,-0.993,0.247,0.542,-152.75,-54.78,71.93,0,5
15811.015,-1.065,0.117,0.557,-110.32,-49.87,73.06,0,5
15811.031,-1.091,0.167,0.527,-80.42,-52.64,75.08,0,5
15811.031,-1.09,0.258,0.528,-64.64,-56.34,75.05,0,5
15811.046,-1.124,0.241,0.536,-59.33,-60.06,75.14,0,5
15811.062,-1.149,0.266,0.559,-60.43,-65.8,77.39,0,5
15811.062,-1.158,0.286,0.557,-62.75,-71.93,82.55,0,5
15811.078,-1.161,0.263,0.566,-66.41,-79.13,87.89,0,5
15811.093,-1.159,0.225,0.556,-65.86,-84.57,92.56,0,5
15811.093,-1.17,0.213,0.571,-63.23,-88.35,95.58,0,5
15811.109,-1.175,0.182,0.626,-54.05,-90.67,97.51,0,5
15811.125,-1.205,0.173,0.667,-36.04,-90.95,99.19,0,5
15811.125,-1.259,0.214,0.652,-17.09,-93.08,101.9,0,5
15811.14,-1.281,0.249,0.607,-5.74,-99.67,107.24,0,5
15811.156,-1.275,0.277,0.576,-4.46,-105.87,114.72,0,5
15811.156,-1.267,0.314,0.545,-11.81,-110.54,120.18,0,5
15811.171,-1.273,0.335,0.535,-24.93,-113.77,122.84,0,5
15811.171,-1.287,0.327,0.544,-39.83,-113.9,126.1,0,5
15811.187,-1.304,0.334,0.556,-54.66,-114.29,129.61,0,5
15811.203,-1.299,0.336,0.581,-67.72,-115.24,131.26,0,5
15811.203,-1.31,0.332,0.617,-77.64,-112.22,132.08,0,5
15811.218,-1.342,0.329,0.636,-84.51,-110.11,132.82,0,5
15811.234,-1.345,0.324,0.653,-89.02,-112.8,133.06,0,5
15811.234,-1.343,0.332,0.678,-90.79,-114.78,133.73,0,5
15811.25,-1.356,0.318,0.691,-89.48,-116.98,134.74,0,5
15811.265,-1.349,0.299,0.706,-87.1,-120.27,135.53,0,5
15811.265,-1.343,0.292,0.705,-83.35,-124.09,135.32,0,5
15811.281,-1.314,0.288,0.679,-78.74,-127.96,133.64,0,5
15811.296,-1.269,0.278,0.654,-74.98,-130.99,131.11,0,5
15811.296,-1.223,0.282,0.653,-70.83,-132.6,129.95,0,5
15811.312,-1.179,0.287,0.661,-67.38,-131.32,131.72,0,5
15811.312,-1.13,0.275,0.687,-65.13,-131.02,133.98,0,5
15811.328,-1.093,0.264,0.696,-63.17,-133.06,134.22,0,5
15811.343,-1.028,0.256,0.676,-64.03,-138.83,132.24,0,5
15811.343,-0.943,0.254,0.673,-67.35,-145.02,128.39,0,5
15811.359,-0.869,0.269,0.67,-72.48,-150.36,122.78,0,5
15811.375,-0.79,0.272,0.647,-85.63,-150.7,113.01,0,5
15811.375,-0.727,0.301,0.657,-89.36,-147.01,107.3,0,5
15811.39,-0.656,0.289,0.684,-84.81,-142.52,104.22,0,5
15811.406,-0.576,0.248,0.72,-75.08,-137.73,103.58,0,5
15811.406,-0.448,0.25,0.753,-62.14,-134.53,101.5,0,5
15811.421,-0.374,0.256,0.755,-49.38,-129.76,97.54,0,5
15811.437,-0.337,0.303,0.764,-40.77,-123.81,90.98,0,5
15811.437,-0.307,0.293,0.79,-35.83,-119.3,85.42,0,5
15811.453,-0.269,0.229,0.81,-33.42,-115.57,84.72,0,5
15811.453,-0.244,0.285,0.866,-36.07,-109.62,85.12,0,5
15811.468,-0.227,0.322,0.92,-44.19,-106.88,79.84,0,5
15811.484,-0.2,0.239,0.943,-53.53,-108.52,73.37,0,5
15811.484,-0.186,0.25,0.996,-64.52,-111.45,69.46,0,5
15811.5,-0.173,0.231,1.037,-72.27,-119.27,64.67,0,5
15811.515,-0.173,0.165,1.058,-74.8,-131.81,60.34,0,5
15811.515,-0.186,0.176,1.067,-74.86,-146.49,57.74,0,5
15811.531,-0.201,0.19,1.056,-75.44,-162.69,54.66,0,5
15811.531,-0.214,0.211,1.051,-80.36,-180.15,50.11,0,5
15811.546,-0.222,0.233,1.007,-87.68,-201.51,43.61,0,5
15811.562,-0.228,0.247,0.93,-94.97,-222.69,36.87,0,5
15811.562,-0.228,0.291,0.872,-103.18,-239.78,31.01,0,5
15811.578,-0.223,0.311,0.81,-110.42,-255.84,25.51,0,5
15811.593,-0.218,0.301,0.718,-114.69,-271.68,21.24,0,5
15811.593,-0.197,0.284,0.63,-113.74,-285.38,20.42,0,5
15811.609,-0.156,0.25,0.551,-105.38,-295.57,23.13,0,5
15811.625,-0.104,0.202,0.463,-89.27,-302.87,27.13,0,5
15811.625,-0.045,0.182,0.372,-68.91,-305.52,30.52,0,5
15811.64,0.021,0.157,0.276,-48.62,-303.29,32.01,0,5
15811.64,0.077,0.112,0.175,-30.0,-298.99,32.17,0,5
15811.656,0.141,0.083,0.075,-14.13,-291.6,31.83,0,5
15811.671,0.202,0.082,-0.023,-2.72,-279.58,30.27,0,5
15811.671,0.268,0.08,-0.124,0.73,-263.92,28.41,0,5
15811.687,0.326,0.061,-0.202,-4.36,-244.94,27.86,0,5
15811.703,0.385,0.035,-0.259,-13.43,-221.72,29.08,0,5
15811.718,0.439,0.012,-0.289,-22.31,-194.16,31.16,0,5
15811.718,0.484,-0.026,-0.296,-28.66,-163.55,33.3,0,5
15811.734,0.519,-0.068,-0.287,-31.56,-131.44,34.3,0,5
15811.734,0.559,-0.106,-0.269,-30.0,-100.25,33.91,0,5
15811.75,0.586,-0.137,-0.24,-23.93,-71.32,31.62,0,5
15811.75,0.602,-0.161,-0.199,-14.07,-45.32,27.22,0,5
15811.765,0.601,-0.178,-0.147,-1.46,-23.41,21.73,0,5
15811.781,0.598,-0.198,-0.101,12.79,-5.92,17.0,0,5
15811.781,0.599,-0.204,-0.059,27.8,7.63,12.97,0,5
15811.796,0.603,-0.204,-0.02,43.79,19.17,9.03,0,5
15811.812,0.603,-0.203,0.006,60.34,29.69,4.52,0,5
15811.812,0.607,-0.193,0.028,75.84,39.74,-0.06,0,5
15811.828,0.611,-0.18,0.055,88.32,50.17,-4.7,0,5
15811.843,0.619,-0.166,0.089,96.77,62.17,-9.25,0,5
15811.843,0.624,-0.15,0.129,100.38,75.56,-14.28,0,5
15811.859,0.62,-0.125,0.173,102.02,88.14,-21.09,0,5
15811.875,0.605,-0.092,0.216,104.74,98.51,-29.21,0,5
15811.875,0.581,-0.052,0.251,109.41,105.72,-37.35,0,5
15811.89,0.57,-0.004,0.284,114.47,111.3,-44.04,0,5
15811.906,0.559,0.061,0.324,115.82,118.78,-47.98,0,5
15811.906,0.538,0.122,0.364,112.7,126.87,-50.66,0,5
15811.921,0.519,0.186,0.419,106.42,135.2,-52.77,0,5
15811.937,0.498,0.266,0.489,94.45,144.81,-53.74,0,5
15811.937,0.46,0.307,0.56,79.68,151.37,-54.41,0,5
15811.953,0.431,0.328,0.625,68.48,152.13,-53.87,0,5
15811.953,0.412,0.366,0.686,62.93,147.74,-52.43,0,5
15811.968,0.402,0.391,0.738,61.92,138.13,-50.84,0,5
15811.984,0.388,0.432,0.775,64.82,126.83,-49.38,0,5
15811.984,0.379,0.487,0.797,68.58,119.17,-47.3,0,5
15812.0,0.387,0.549,0.834,66.71,120.03,-44.16,0,5
15812.015,0.375,0.587,0.889,58.2,125.16,-41.32,0,5
15812.015,0.346,0.584,0.94,50.2,128.61,-39.16,0,5
15812.031,0.331,0.586,0.998,45.84,129.95,-35.16,0,5
15812.031,0.339,0.574,1.052,45.38,128.82,-29.3,0,5
15812.046,0.339,0.578,1.094,49.53,124.36,-23.29,0,5
15812.062,0.337,0.601,1.13,56.43,118.38,-16.91,0,5
15812.062,0.333,0.627,1.169,62.23,113.16,-10.65,0,5
15812.078,0.333,0.632,1.206,65.22,107.91,-4.79,0,5
15812.093,0.336,0.622,1.234,65.31,102.24,0.95,0,5
15812.093,0.339,0.628,1.248,63.26,96.38,5.65,0,5
15812.109,0.344,0.65,1.265,58.32,91.89,9.06,0,5
15812.125,0.342,0.651,1.291,49.32,90.0,11.84,0,5
15812.125,0.32,0.634,1.323,36.93,87.86,14.31,0,5
15812.14,0.296,0.608,1.36,23.26,82.43,17.88,0,5
15812.14,0.298,0.566,1.387,12.09,72.36,23.13,0,5
15812.156,0.299,0.509,1.392,6.56,58.93,27.44,0,5
15812.171,0.288,0.443,1.384,5.16,43.79,31.1,0,5
15812.171,0.304,0.396,1.365,7.57,27.41,34.36,0,5
15812.187,0.324,0.355,1.317,14.4,12.48,36.01,0,5
15812.203,0.339,0.327,1.257,23.35,2.23,37.29,0,5
15812.203,0.35,0.309,1.199,31.37,-3.54,38.48,0,5
15812.218,0.358,0.299,1.148,37.35,-5.95,38.3,0,5
15812.234,0.364,0.315,1.1,40.35,-5.98,36.68,0,5
15812.234,0.352,0.332,1.061,38.48,-5.01,35.19,0,5
15812.25,0.342,0.338,1.035,31.95,-4.76,34.46,0,5
15812.25,0.337,0.344,1.015,23.38,-6.65,33.75,0,5
15812.265,0.33,0.352,0.992,14.74,-10.8,32.56,0,5
15812.281,0.325,0.349,0.966,7.11,-16.75,31.28,0,5
15812.281,0.317,0.359,0.939,1.25,-23.68,30.24,0,5
15812.296,0.31,0.373,0.905,-2.53,-30.12,28.93,0,5
15812.312,0.301,0.382,0.879,-4.7,-34.18,28.38,0,5
15812.312,0.297,0.389,0.862,-5.52,-35.55,28.53,0,5
15812.328,0.287,0.391,0.851,-5.1,-34.82,28.93,0,5
15812.343,0.263,0.373,0.836,-2.75,-33.14,29.3,0,5
15812.343,0.238,0.351,0.83,8.24,-28.35,29.27,0,5
15812.359,0.206,0.342,0.826,15.38,-25.24,27.92,0,5
15812.375,0.148,0.336,0.815,21.27,-22.86,25.09,0,5
15812.39,0.082,0.324,0.806,24.99,-20.6,22.22,0,5
15812.39,0.018,0.316,0.809,25.85,-16.42,20.17,0,5
15812.39,-0.011,0.333,0.832,24.54,-10.38,17.7,0,5
15812.406,-0.055,0.4,0.882,20.05,-5.74,14.22,0,5
15812.421,-0.119,0.444,0.938,14.92,-7.57,11.32,0,5
15812.421,-0.195,0.476,0.956,11.17,-16.45,12.05,0,5
15812.437,-0.227,0.516,0.987,8.42,-29.3,17.21,0,5
15812.453,-0.219,0.52,1.014,9.8,-42.7,24.45,0,5
15812.453,-0.223,0.55,1.013,16.11,-56.22,30.24,0,5
15812.468,-0.187,0.522,0.953,23.62,-69.25,34.0,0,5
15812.484,-0.116,0.473,0.867,32.81,-78.43,32.81,0,5
15812.484,-0.032,0.436,0.778,45.5,-81.0,27.89,0,5
15812.5,0.027,0.414,0.693,61.22,-77.27,18.46,0,5
15812.5,0.071,0.373,0.606,78.89,-69.34,7.2,0,5
15812.515,0.132,0.321,0.529,97.57,-57.71,-2.81,0,5
15812.531,0.204,0.294,0.416,118.11,-40.47,-12.94,0,5
15812.531,0.272,0.263,0.309,139.26,-16.54,-24.99,0,5
15812.546,0.291,0.247,0.261,155.49,10.04,-39.77,0,5
15812.562,0.298,0.258,0.213,165.59,35.89,-55.7,0,5
15812.562,0.335,0.269,0.194,165.47,65.43,-69.34,0,5
15812.578,0.356,0.25,0.232,148.63,96.22,-81.94,0,5
15812.593,0.37,0.185,0.242,120.55,123.26,-98.67,0,5
15812.609,0.366,0.142,0.274,86.06,148.38,-119.97,0,5
15812.609,0.299,0.125,0.356,50.36,171.7,-141.79,0,5
15812.625,0.19,0.105,0.45,17.24,188.21,-158.02,0,5
15812.625,0.088,0.08,0.534,-11.08,194.68,-167.61,0,5
15812.64,0.034,0.02,0.608,-30.85,190.19,-174.29,0,5
15812.64,0.012,-0.072,0.656,-38.82,175.7,-183.02,0,5
15812.656,-0.017,-0.102,0.678,-34.7,155.98,-196.02,0,5
15812.671,-0.06,-0.084,0.671,-20.05,134.07,-209.66,0,5
15812.671,-0.133,-0.033,0.667,1.19,111.06,-219.7,0,5
15812.687,-0.227,0.048,0.683,25.54,86.73,-220.07,0,5
15812.703,-0.256,0.071,0.68,47.64,61.59,-210.58,0,5
15812.718,-0.245,0.103,0.651,67.63,39.19,-203.38,0,5
15812.718,-0.25,0.154,0.591,87.16,20.57,-204.75,0,5
15812.734,-0.268,0.208,0.51,100.74,7.26,-212.71,0,5
15812.734,-0.285,0.287,0.429,105.62,0.79,-226.69,0,5
15812.75,-0.336,0.369,0.343,103.46,1.07,-243.96,0,5
15812.765,-0.432,0.492,0.266,94.94,8.61,-258.4,0,5
15812.765,-0.504,0.652,0.213,76.39,22.77,-270.39,0,5
15812.781,-0.588,0.775,0.171,51.76,40.31,-283.7,0,5
15812.796,-0.705,0.866,0.157,27.86,58.69,-289.71,0,5
15812.796,-0.832,0.967,0.171,7.11,76.75,-278.3,0,5
15812.812,-0.897,0.934,0.176,-11.69,89.82,-252.39,0,5
15812.812,-0.881,0.839,0.178,-24.72,98.97,-228.25,0,5
15812.828,-0.859,0.807,0.178,-26.67,108.62,-216.25,0,5
15812.843,-0.883,0.743,0.158,-17.43,116.98,-214.79,0,5
15812.843,-0.971,0.76,0.133,-7.39,128.12,-218.48,0,5
15812.859,-1.076,0.827,0.133,0.09,136.88,-222.54,0,5
15812.875,-1.184,0.895,0.151,5.25,142.09,-217.84,0,5
15812.875,-1.3,1.05,0.208,1.8,148.17,-203.22,0,5
15812.89,-1.359,1.087,0.282,-12.15,149.75,-184.88,0,5
15812.906,-1.367,0.983,0.357,-26.15,145.42,-164.98,0,5
15812.906,-1.362,0.87,0.4,-31.71,139.53,-142.86,0,5
15812.921,-1.333,0.745,0.432,-27.89,131.47,-121.43,0,5
15812.921,-1.285,0.595,0.457,-15.23,123.26,-105.32,0,5
15812.937,-1.245,0.474,0.47,2.47,117.89,-97.23,0,5
15812.953,-1.214,0.385,0.475,20.81,117.47,-96.01,0,5
15812.953,-1.208,0.318,0.457,35.46,120.91,-100.92,0,5
15812.968,-1.25,0.304,0.41,41.51,126.32,-110.97,0,5
15812.984,-1.292,0.359,0.384,34.61,130.68,-120.85,0,5
15812.984,-1.338,0.378,0.374,18.59,136.11,-130.47,0,5
15813.0,-1.439,0.404,0.335,-12.15,136.88,-133.64,0,5
15813.015,-1.419,0.516,0.305,-60.24,132.02,-132.42,0,5
15813.015,-1.388,0.602,0.342,-117.5,125.61,-146.18,0,5
15813.031,-1.46,0.422,0.389,-169.56,124.33,-149.48,0,5
15813.046,-1.45,0.335,0.467,-208.41,119.42,-139.5,0,5
15813.046,-1.382,0.34,0.543,-220.13,110.78,-131.6,0,5
15813.062,-1.391,0.256,0.605,-209.05,103.09,-121.43,0,5
15813.078,-1.365,0.161,0.676,-179.82,92.41,-106.42,0,5
15813.078,-1.32,0.195,0.65,-135.5,79.56,-91.4,0,5
15813.093,-1.285,0.296,0.535,-97.69,69.77,-75.99,0,5
15813.093,-1.253,0.302,0.458,-81.7,59.76,-62.59,0,5
15813.109,-1.19,0.275,0.436,-80.11,51.03,-51.79,0,5
15813.125,-1.129,0.263,0.426,-83.68,43.79,-43.24,0,5
15813.125,-1.1,0.192,0.409,-86.58,38.21,-35.07,0,5
15813.14,-1.075,0.103,0.428,-84.11,33.78,-24.26,0,5
15813.14,-1.025,0.064,0.445,-70.89,28.35,-14.22,0,5
15813.156,-0.999,0.062,0.402,-53.04,23.04,-6.71,0,5
15813.171,-1.0,0.093,0.332,-44.53,17.4,-2.11,0,5
15813.171,-0.988,0.117,0.271,-50.05,11.47,-0.03,0,5
15813.187,-0.994,0.097,0.226,-66.68,7.66,2.44,0,5
15813.203,-0.997,0.036,0.205,-89.51,4.12,5.62,0,5
15813.203,-0.982,-0.041,0.214,-108.65,1.77,7.9,0,5
15813.218,-0.98,-0.119,0.217,-117.04,1.68,8.55,0,5
15813.234,-0.988,-0.18,0.197,-118.38,1.95,8.45,0,5
15813.234,-0.99,-0.208,0.147,-119.21,-0.61,7.51,0,5
15813.25,-0.975,-0.209,0.159,-121.34,-3.05,5.25,0,5
15813.265,-0.962,-0.236,0.196,-115.76,-0.76,2.26,0,5
15813.265,-0.983,-0.24,0.208,-101.17,4.7,0.55,0,5
15813.281,-0.972,-0.247,0.221,-80.29,9.55,1.83,0,5
15813.296,-0.914,-0.383,0.214,-58.81,7.97,-1.86,0,5
15813.296,-0.934,-0.496,0.167,-44.19,2.96,-20.42,0,5
15813.312,-1.005,-0.389,0.108,-36.99,6.04,-33.91,0,5
15813.312,-1.059,-0.255,0.106,-34.76,8.67,-28.35,0,5
15813.328,-1.043,-0.231,0.115,-38.09,1.13,-6.47,0,5
15813.343,-1.022,-0.255,0.126,-30.64,-0.03,2.08,0,5
15813.343,-1.044,-0.246,0.192,-15.44,-6.32,9.98,0,5
15813.359,-1.038,-0.247,0.241,3.33,-12.24,13.95,0,5
15813.375,-1.056,-0.208,0.222,19.26,-16.14,13.37,0,5
15813.375,-1.069,-0.115,0.208,28.81,-20.78,12.73,0,5
15813.39,-1.058,-0.089,0.207,31.59,-24.63,16.45,0,5
15813.406,-1.02,-0.073,0.213,29.85,-25.97,20.66,0,5
15813.406,-0.984,-0.042,0.231,25.76,-24.96,21.24,0,5
15813.421,-0.981,-0.064,0.239,22.19,-23.68,18.68,0,5
15813.421,-0.987,-0.063,0.271,18.37,-22.19,15.75,0,5
15813.437,-0.961,-0.027,0.292,14.47,-20.84,12.57,0,5
15813.453,-0.94,0.009,0.299,11.08,-16.39,7.78,0,5
15813.453,-0.97,0.069,0.318,8.67,-11.14,4.67,0,5
15813.468,-0.969,0.121,0.363,6.9,-9.67,6.81,0,5
15813.484,-0.946,0.128,0.407,8.06,-12.09,11.38,0,5
15813.484,-0.92,0.119,0.428,12.05,-15.23,14.56,0,5
15813.5,-0.887,0.147,0.441,15.44,-17.58,15.59,0,5
15813.515,-0.869,0.149,0.448,17.12,-18.68,15.69,0,5
15813.515,-0.871,0.125,0.433,16.21,-18.43,13.67,0,5
15813.531,-0.874,0.095,0.414,11.75,-16.72,9.83,0,5
15813.531,-0.898,0.054,0.418,7.29,-11.87,6.41,0,5
15813.546,-0.915,0.02,0.445,5.1,-5.62,5.52,0,5
15813.562,-0.904,-0.038,0.471,4.12,-1.31,6.26,0,5
15813.562,-0.924,-0.089,0.506,3.14,2.38,6.44,0,5
15813.578,-0.982,-0.07,0.57,3.45,5.16,7.51,0,5
15813.593,-1.017,-0.029,0.609,5.83,2.62,12.42,0,5
15813.593,-1.022,0.017,0.627,7.23,-3.27,18.71,0,5
15813.609,-1.001,0.026,0.663,6.84,-11.6,23.77,0,5
15813.609,-0.943,-0.004,0.672,6.23,-20.75,23.62,0,5
15813.625,-0.936,-0.045,0.646,3.97,-29.33,14.16,0,5
15813.64,-0.93,-0.061,0.643,0.92,-34.61,2.35,0,5
15813.656,-0.934,-0.031,0.651,0.49,-35.98,-6.35,0,5
15813.656,-0.983,0.008,0.65,1.74,-35.16,-10.74,0,5
15813.671,-1.02,0.045,0.643,0.67,-35.46,-11.69,0,5
15813.671,-1.043,0.068,0.639,-1.74,-36.9,-9.06,0,5
15813.687,-1.062,0.069,0.651,-5.37,-39.98,-3.6,0,5
15813.703,-1.057,0.043,0.66,-9.61,-45.11,1.95,0,5
15813.703,-1.046,0.001,0.669,-13.55,-50.57,4.85,0,5
15813.718,-1.055,-0.038,0.667,-16.54,-56.0,4.09,0,5
15813.734,-1.056,-0.041,0.654,-19.07,-60.91,1.25,0,5
15813.734,-1.055,-0.032,0.64,-20.97,-64.18,-1.01,0,5
15813.75,-1.045,-0.046,0.638,-24.11,-67.35,-2.29,0,5
15813.765,-1.032,-0.061,0.656,-25.54,-69.4,-3.75,0,5
15813.765,-1.052,-0.075,0.676,-22.31,-70.01,-5.22,0,5
15813.781,-1.077,-0.085,0.689,-16.75,-70.04,-5.92,0,5
15813.781,-1.049,-0.082,0.694,-10.9,-72.6,-7.23,0,5
15813.796,-1.099,-0.07,0.703,-6.65,-75.81,-10.53,0,5
15813.812,-1.126,-0.092,0.721,-2.11,-78.16,-11.41,0,5
15813.812,-1.126,-0.07,0.732,4.85,-81.7,-11.14,0,5
15813.828,-1.119,-0.028,0.729,12.3,-84.69,-10.65,0,5
15813.843,-1.114,-0.001,0.714,14.1,-87.59,-10.86,0,5
15813.843,-1.133,0.022,0.697,9.03,-90.61,-10.99,0,5
15813.859,-1.136,0.017,0.693,1.71,-94.64,-9.83,0,5
15813.875,-1.14,0.017,0.705,-3.02,-97.42,-8.33,0,5
15813.875,-1.129,0.004,0.722,-2.38,-96.16,-5.07,0,5
15813.89,-1.156,0.039,0.687,-1.22,-94.49,-1.92,0,5
15813.89,-1.177,0.061,0.699,-3.45,-90.85,4.97,0,5
15813.906,-1.138,-0.005,0.78,0.7,-87.83,11.87,0,5
15813.921,-1.156,0.018,0.789,12.42,-89.97,13.64,0,5
15813.921,-1.164,0.044,0.812,22.37,-92.59,15.29,0,5
15813.937,-1.192,0.045,0.829,26.34,-97.57,15.78,0,5
15813.953,-1.217,0.049,0.827,24.38,-107.64,16.79,0,5
15813.953,-1.202,0.056,0.814,19.9,-120.03,18.86,0,5
15813.968,-1.194,0.068,0.796,15.38,-129.34,21.3,0,5
15813.984,-1.185,0.086,0.769,11.32,-136.66,23.62,0,5
15813.984,-1.173,0.1,0.732,7.23,-142.86,26.46,0,5
15814.0,-1.135,0.087,0.713,4.73,-145.63,29.82,0,5
15814.015,-1.097,0.068,0.705,4.76,-145.02,31.98,0,5
15814.015,-1.082,0.062,0.7,6.81,-141.39,32.38,0,5
15814.031,-1.055,0.067,0.736,7.66,-135.17,30.58,0,5
15814.046,-1.032,0.055,0.781,8.58,-129.83,27.01,0,5
15814.046,-1.024,0.07,0.814,9.74,-126.83,23.93,0,5
15814.062,-1.044,0.089,0.821,9.74,-128.79,22.68,0,5
15814.062,-1.043,0.083,0.793,8.0,-136.85,22.77,0,5
15814.078,-1.035,0.113,0.749,4.09,-145.21,23.56,0,5
15814.093,-1.028,0.131,0.69,-2.11,-152.01,21.94,0,5
15814.093,-0.991,0.153,0.636,-8.79,-156.13,17.88,0,5
15814.109,-0.941,0.208,0.597,-13.73,-153.36,13.34,0,5
15814.125,-0.854,0.252,0.596,-15.63,-144.75,11.6,0,5
15814.125,-0.762,0.266,0.641,-10.53,-127.54,15.29,0,5
15814.14,-0.756,0.294,0.734,0.15,-104.25,21.64,0,5
15814.14,-0.789,0.275,0.803,11.75,-87.1,29.08,0,5
15814.156,-0.844,0.274,0.851,16.82,-80.75,35.8,0,5
15814.171,-0.868,0.273,0.855,11.69,-88.9,42.42,0,5
15814.187,-0.868,0.23,0.815,-4.15,-107.0,49.32,0,5
15814.187,-0.828,0.135,0.783,-26.67,-124.27,56.37,0,5
15814.203,-0.754,0.065,0.775,-47.52,-138.74,59.48,0,5
15814.203,-0.652,-0.026,0.747,-55.94,-149.54,58.47,0,5
15814.218,-0.554,-0.087,0.746,-53.44,-148.69,55.76,0,5
15814.234,-0.472,-0.123,0.782,-43.4,-136.69,51.15,0,5
15814.234,-0.451,-0.167,0.9,-32.62,-117.4,44.95,0,5
15814.25,-0.487,-0.197,0.984,-25.57,-102.45,36.5,0,5
15814.265,-0.526,-0.174,1.009,-22.06,-98.67,26.25,0,5
15814.265,-0.558,-0.148,1.025,-19.53,-104.92,17.15,0,5
15814.281,-0.573,-0.105,1.007,-18.07,-118.44,11.63,0,5
15814.296,-0.557,-0.04,0.923,-17.06,-135.93,10.01,0,5
15814.296,-0.5,0.009,0.847,-19.1,-150.0,12.36,0,5
15814.312,-0.486,0.021,0.787,-23.77,-155.86,14.89,0,5
15814.312,-0.452,0.012,0.684,-27.04,-161.81,19.5,0,5
15814.328,-0.396,0.001,0.582,-23.32,-160.41,22.43,0,5
15814.343,-0.34,-0.035,0.506,-21.58,-155.03,24.84,0,5
15814.343,-0.23,-0.108,0.411,-21.58,-145.63,25.3,0,5
15814.359,-0.188,-0.125,0.379,-24.35,-133.92,23.13,0,5
15814.375,-0.156,-0.118,0.356,-32.11,-123.2,17.73,0,5
15814.375,-0.119,-0.132,0.348,-42.21,-115.15,11.02,0,5
15814.39,-0.096,-0.141,0.358,-48.71,-106.72,5.77,0,5
15814.39,-0.076,-0.146,0.352,-48.46,-98.76,2.66,0,5
15814.406,-0.037,-0.146,0.343,-43.12,-91.53,0.67,0,5
15814.421,-0.01,-0.133,0.339,-33.57,-83.41,-0.98,0,5
15814.421,-0.004,-0.119,0.326,-22.43,-75.62,-2.32,0,5
15814.437,0.009,-0.104,0.303,-12.27,-69.86,-2.84,0,5
15814.453,0.037,-0.08,0.281,-3.57,-65.25,-1.8,0,5
15814.453,0.062,-0.059,0.258,1.98,-60.06,0.31,0,5
15814.468,0.096,-0.041,0.239,0.34,-53.19,2.17,0,5
15814.484,0.154,-0.043,0.258,-8.21,-44.07,2.47,0,5
15814.484,0.166,-0.061,0.324,-18.22,-31.46,1.1,0,5
15814.5,0.159,-0.086,0.383,-25.7,-20.57,-1.22,0,5
15814.5,0.149,-0.105,0.429,-27.28,-13.64,-3.11,0,5
15814.515,0.153,-0.106,0.49,-23.56,-9.28,-2.87,0,5
15814.531,0.158,-0.112,0.537,-16.6,-5.28,-0.52,0,5
15814.531,0.153,-0.122,0.577,-9.0,-1.46,2.11,0,5
15814.546,0.153,-0.131,0.607,-2.14,0.55,3.63,0,5
15814.562,0.163,-0.129,0.637,2.62,1.98,4.52,0,5
15814.562,0.167,-0.117,0.664,4.79,3.51,3.97,0,5
15814.578,0.188,-0.101,0.713,3.02,7.08,2.93,0,5
15814.593,0.161,-0.106,0.765,-1.5,14.28,1.92,0,5
15814.593,0.134,-0.137,0.816,-5.13,17.94,0.58,0,5
15814.609,0.121,-0.152,0.855,-3.97,17.03,-0.82,0,5
15814.625,0.11,-0.15,0.878,1.4,15.08,-1.25,0,5
15814.625,0.121,-0.132,0.894,7.72,12.67,-1.22,0,5
15814.64,0.13,-0.115,0.902,12.57,11.72,-0.98,0,5
15814.64,0.135,-0.1,0.928,14.53,13.4,-0.82,0,5
15814.656,0.122,-0.093,0.94,13.34,15.69,-2.04,0,5
15814.671,0.123,-0.088,0.95,9.98,15.29,-4.21,0,5
15814.671,0.115,-0.068,0.967,5.58,14.47,-5.52,0,5
15814.687,0.115,-0.06,0.987,0.79,14.28,-5.4,0,5
15814.703,0.104,-0.067,1.006,-3.27,14.28,-4.52,0,5
15814.703,0.105,-0.077,1.024,-5.92,13.37,-3.33,0,5
15814.718,0.103,-0.09,1.033,-6.81,11.87,-3.57,0,5
15814.734,0.102,-0.099,1.026,-6.13,9.74,-5.22,0,5
15814.734,0.103,-0.092,1.027,-4.67,9.28,-6.84,0,5
15814.75,0.105,-0.072,1.023,-2.53,10.41,-8.09,0,5
15814.75,0.103,-0.043,1.036,-1.13,12.94,-8.06,0,5
15814.765,0.078,-0.042,1.045,1.04,14.65,-7.72,0,5
15814.781,0.064,-0.062,1.06,3.42,12.67,-4.58,0,5
15814.781,0.059,-0.049,1.051,8.36,8.91,-2.53,0,5
15814.796,0.069,-0.05,1.029,13.03,4.73,-1.07,0,5
15814.812,0.07,-0.058,1.008,15.02,2.01,-0.31,0,5
15814.828,0.076,-0.067,0.973,16.36,0.18,-0.06,0,5
15814.828,0.083,-0.066,0.938,17.46,-1.13,0.18,0,5
15814.843,0.087,-0.072,0.923,17.27,-0.55,1.1,0,5
15814.843,0.086,-0.087,0.904,15.93,0.24,1.62,0,5
15814.859,0.078,-0.103,0.882,15.38,0.06,1.13,0,5
15814.875,0.073,-0.105,0.86,17.27,-0.43,0.34,0,5
15814.875,0.065,-0.103,0.829,20.48,-1.43,0.0,0,5
15814.89,0.056,-0.109,0.791,24.6,-2.93,0.15,0,5
15814.89,0.055,-0.114,0.754,29.79,-4.85,0.82,0,5
15814.906,0.054,-0.126,0.712,35.07,-6.2,1.68,0,5
15814.921,0.055,-0.144,0.674,40.01,-6.41,1.89,0,5
15814.921,0.064,-0.167,0.637,45.26,-5.28,1.34,0,5
15814.937,0.075,-0.187,0.599,51.67,-3.57,-0.24,0,5
15814.953,0.08,-0.197,0.556,59.88,-1.31,-2.72,0,5
15814.953,0.069,-0.193,0.522,68.76,2.38,-5.43,0,5
15814.968,0.062,-0.181,0.493,77.46,5.89,-8.03,0,5
15814.984,0.074,-0.157,0.474,84.05,9.98,-10.01,0,5
15814.984,0.061,-0.127,0.461,85.67,15.9,-11.93,0,5
15815.0,0.03,-0.1,0.456,80.39,20.17,-14.13,0,5
15815.015,0.002,-0.084,0.463,70.28,21.73,-16.45,0,5
15815.015,-0.047,-0.078,0.476,60.09,21.79,-18.31,0,5
15815.031,-0.114,-0.083,0.475,54.99,20.2,-19.47,0,5
15815.031,-0.162,-0.085,0.454,55.97,16.72,-20.14,0,5
15815.046,-0.165,-0.07,0.406,62.53,14.13,-20.26,0,5
15815.062,-0.107,-0.035,0.335,72.27,15.99,-21.09,0,5
15815.078,-0.076,0.044,0.296,77.3,28.72,-22.61,0,5
15815.078,-0.068,0.12,0.313,74.22,50.51,-24.81,0,5
15815.093,-0.104,0.168,0.341,68.0,74.77,-27.59,0,5
15815.093,-0.189,0.2,0.401,59.33,96.53,-27.92,0,5
15815.109,-0.29,0.225,0.463,51.3,110.39,-26.31,0,5
15815.125,-0.385,0.241,0.528,45.59,114.75,-23.5,0,5
15815.125,-0.406,0.231,0.601,40.96,112.28,-19.65,0,5
15815.14,-0.401,0.241,0.654,36.84,108.71,-16.17,0,5
15815.156,-0.393,0.257,0.675,33.05,107.52,-14.98,0,5
15815.156,-0.413,0.279,0.691,28.81,108.92,-15.9,0,5
15815.171,-0.462,0.292,0.71,26.92,110.6,-17.3,0,5
15815.171,-0.504,0.287,0.708,30.61,109.35,-16.88,0,5
15815.187,-0.542,0.28,0.696,38.88,106.57,-14.86,0,5
15815.203,-0.577,0.281,0.69,47.21,106.85,-13.92,0,5
15815.203,-0.579,0.304,0.653,52.74,108.34,-17.09,0,5
15815.218,-0.56,0.342,0.634,54.11,113.56,-22.25,0,5
15815.234,-0.53,0.37,0.654,51.67,123.94,-25.76,0,5
15815.234,-0.518,0.393,0.685,45.5,136.05,-26.18,0,5
15815.25,-0.572,0.425,0.733,34.46,149.82,-26.73,0,5
15815.265,-0.648,0.417,0.774,22.1,158.76,-28.93,0,5
15815.265,-0.719,0.385,0.832,12.54,162.3,-30.67,0,5
15815.281,-0.788,0.354,0.892,9.98,162.88,-32.59,0,5
15815.281,-0.826,0.321,0.93,15.08,158.73,-35.68,0,5
15815.296,-0.796,0.319,0.952,38.15,147.62,-41.08,0,5
15815.312,-0.728,0.328,0.975,46.11,149.14,-40.19,0,5
15815.312,-0.718,0.331,0.997,47.76,150.61,-41.66,0,5
15815.328,-0.766,0.329,0.988,45.66,150.52,-47.24,0,5
15815.343,-0.892,0.362,1.0,45.66,148.69,-55.48,0,5
15815.359,-0.959,0.365,0.979,47.58,140.93,-61.65,0,5
15815.359,-0.957,0.397,0.972,52.77,130.77,-63.88,0,5
15815.375,-0.931,0.419,0.982,60.46,125.46,-62.62,0,5
15815.375,-0.911,0.403,0.998,66.5,127.08,-60.79,0,5
15815.39,-0.908,0.382,1.008,70.35,130.59,-60.67,0,5
15815.406,-0.952,0.38,0.98,73.49,129.67,-63.75,0,5
15815.406,-0.98,0.384,0.952,75.84,121.37,-69.31,0,5
15815.421,-0.995,0.416,0.917,79.2,111.0,-74.34,0,5
15815.437,-0.991,0.462,0.864,83.01,103.4,-76.54,0,5
15815.437,-1.0,0.5,0.835,82.83,102.42,-76.39,0,5
15815.453,-0.999,0.542,0.812,77.03,104.1,-76.82,0,5
15815.453,-0.999,0.571,0.795,66.07,105.41,-77.27,0,5
15815.468,-1.035,0.563,0.814,51.79,107.12,-76.2,0,5
15815.484,-1.063,0.534,0.826,36.56,105.04,-74.31,0,5
15815.484,-1.068,0.482,0.828,26.37,97.93,-73.34,0,5
15815.5,-1.08,0.423,0.82,25.61,89.45,-72.76,0,5
15815.515,-1.066,0.393,0.777,32.11,80.57,-72.82,0,5
15815.515,-1.018,0.396,0.712,41.05,72.6,-73.31,0,5
15815.531,-1.007,0.425,0.664,48.07,70.86,-73.24,0,5
15815.531,-1.001,0.45,0.635,49.1,74.28,-72.15,0,5
15815.546,-0.975,0.467,0.621,42.94,78.89,-70.53,0,5
15815.562,-0.986,0.467,0.641,32.17,84.48,-68.7,0,5
15815.578,-1.012,0.442,0.675,19.41,89.11,-67.38,0,5
15815.578,-1.037,0.417,0.706,7.23,88.99,-67.38,0,5
15815.593,-1.05,0.393,0.728,-0.49,83.38,-66.84,0,5
15815.593,-1.051,0.368,0.736,-2.38,73.67,-64.67,0,5
15815.609,-1.041,0.336,0.733,1.07,63.23,-60.55,0,5
15815.625,-0.996,0.309,0.7,10.8,51.39,-56.46,0,5
15815.625,-0.953,0.3,0.646,25.15,40.99,-53.01,0,5
15815.64,-0.948,0.301,0.607,41.11,36.38,-49.07,0,5
15815.656,-0.93,0.308,0.562,54.32,36.65,-45.29,0,5
15815.656,-0.917,0.323,0.518,62.07,40.04,-42.48,0,5
15815.671,-0.935,0.325,0.494,64.97,44.56,-40.74,0,5
15815.687,-0.956,0.325,0.475,64.06,47.88,-39.49,0,5
15815.687,-0.966,0.327,0.457,59.39,48.95,-38.48,0,5
15815.703,-0.979,0.322,0.447,52.67,47.91,-37.45,0,5
15815.703,-0.987,0.319,0.437,45.47,44.56,-35.46,0,5
15815.718,-0.976,0.314,0.424,38.94,39.77,-32.72,0,5
15815.734,-0.956,0.307,0.408,33.85,34.79,-29.45,0,5
15815.734,-0.947,0.308,0.39,28.69,31.74,-26.12,0,5
15815.75,-0.945,0.302,0.39,21.97,31.95,-23.32,0,5
15815.765,-0.945,0.285,0.407,15.81,33.45,-22.61,0,5
15815.765,-0.954,0.27,0.414,12.51,33.94,-23.13,0,5
15815.781,-0.968,0.268,0.406,10.35,32.9,-22.74,0,5
15815.781,-0.975,0.26,0.4,8.45,30.98,-21.27,0,5
15815.796,-0.976,0.237,0.422,8.15,28.69,-19.35,0,5
15815.812,-0.948,0.188,0.677,17.43,27.92,-19.62,0,5
15815.812,-0.987,0.217,0.991,58.11,29.91,-22.74,0,5
15815.828,-1.086,0.329,1.149,122.35,25.57,-22.61,0,5
15815.843,-1.122,0.381,1.135,183.26,10.71,-14.47,0,5
15815.843,-1.147,0.39,0.893,225.26,-11.81,-2.44,0,5
15815.859,-1.099,0.335,0.614,236.0,-36.41,12.27,0,5
15815.859,-0.998,0.279,0.425,222.82,-58.57,21.45,0,5
15815.875,-0.925,0.24,0.226,196.39,-67.42,21.82,0,5
15815.89,-0.871,0.277,0.035,154.76,-62.93,17.33,0,5
15815.906,-0.801,0.328,-0.085,104.5,-47.52,11.08,0,5
15815.906,-0.784,0.342,-0.088,56.43,-24.26,2.9,0,5
15815.921,-0.799,0.315,-0.043,19.78,-0.73,-3.39,0,5
15815.921,-0.832,0.295,-0.005,-5.49,17.15,-6.93,0,5
15815.937,-0.887,0.25,0.048,-23.96,28.5,-7.93,0,5
15815.953,-0.901,0.209,0.114,-38.09,32.29,-6.65,0,5
15815.968,-0.92,0.194,0.15,-47.67,30.58,-5.74,0,5
15815.968,-0.919,0.187,0.162,-55.73,25.82,-5.89,0,5
15815.984,-0.918,0.169,0.192,-62.72,19.96,-7.45,0,5
15815.984,-0.927,0.129,0.228,-63.94,13.37,-10.04,0,5
15816.0,-0.933,0.112,0.228,-56.73,6.13,-12.82,0,5
15816.015,-0.936,0.126,0.207,-44.77,0.82,-14.4,0,5
15816.015,-0.935,0.145,0.191,-31.5,-1.37,-14.37,0,5
15816.031,-0.937,0.159,0.172,-17.4,-0.06,-13.4,0,5
15816.031,-0.938,0.18,0.152,-3.85,3.48,-11.84,0,5
15816.046,-0.943,0.195,0.136,6.5,7.66,-10.28,0,5
15816.062,-0.943,0.201,0.131,11.54,11.6,-9.0,0,5
15816.062,-0.944,0.202,0.136,11.72,15.11,-8.12,0,5
15816.078,-0.95,0.203,0.151,8.7,18.04,-8.15,0,5
15816.093,-0.958,0.199,0.172,3.69,20.17,-8.67,0,5
15816.093,-0.969,0.191,0.194,-1.92,21.12,-9.22,0,5
15816.109,-0.971,0.18,0.215,-7.35,21.06,-9.06,0,5
15816.125,-0.979,0.163,0.235,-11.51,19.99,-8.58,0,5
15816.125,-0.985,0.142,0.242,-13.73,18.01,-8.0,0,5
15816.14,-0.981,0.126,0.249,-14.86,15.81,-7.45,0,5
15816.14,-0.981,0.119,0.248,-14.62,13.31,-7.11,0,5
15816.156,-0.977,0.114,0.236,-13.03,11.2,-6.78,0,5
15816.171,-0.975,0.111,0.224,-11.14,9.34,-6.53,0,5
15816.171,-0.977,0.114,0.211,-8.88,8.21,-6.59,0,5
15816.187,-0.969,0.112,0.192,-7.11,6.99,-6.16,0,5
15816.203,-0.973,0.132,0.173,-7.81,5.62,-6.04,0,5
15816.203,-0.968,0.134,0.17,-10.41,4.94,-5.62,0,5
15816.218,-0.974,0.139,0.169,-14.53,4.88,-5.49,0,5
15816.234,-0.978,0.134,0.169,-19.5,5.31,-4.91,0,5
15816.234,-0.974,0.127,0.178,-24.26,5.37,-4.33,0,5
15816.25,-0.978,0.123,0.194,-26.55,5.13,-4.0,0,5
15816.25,-0.978,0.111,0.2,-26.55,3.97,-3.11,0,5
15816.265,-0.972,0.112,0.196,-25.24,1.98,-1.62,0,5
15816.281,-0.967,0.107,0.192,-21.97,-1.43,0.12,0,5
15816.296,-0.965,0.091,0.187,-19.9,-2.5,0.06,0,5
15816.296,-0.963,0.088,0.181,-17.33,-2.69,-0.4,0,5
15816.312,-0.962,0.089,0.174,-15.11,-2.26,-1.19,0,5
15816.312,-0.955,0.099,0.157,-13.98,-1.34,-2.14,0,5
15816.328,-0.951,0.109,0.156,-14.04,0.09,-3.14,0,5
15816.343,-0.949,0.113,0.16,-15.08,1.04,-4.18,0,5
15816.343,-0.95,0.111,0.166,-16.21,1.92,-4.85,0,5
15816.359,-0.951,0.109,0.173,-16.54,2.62,-5.25,0,5
15816.375,-0.954,0.104,0.178,-15.84,2.75,-5.43,0,5
15816.375,-0.961,0.106,0.184,-14.53,2.29,-5.07,0,5
15816.39,-0.959,0.108,0.186,-13.4,0.98,-4.46,0,5
15816.39,-0.961,0.108,0.183,-12.39,-0.21,-3.94,0,5
15816.406,-0.96,0.106,0.18,-11.54,-1.01,-3.72,0,5
15816.421,-0.959,0.105,0.177,-10.62,-1.34,-3.69,0,5
15816.421,-0.957,0.109,0.171,-9.43,-1.34,-3.54,0,5
15816.437,-0.955,0.113,0.167,-8.48,-1.43,-3.48,0,5
15816.453,-0.956,0.116,0.161,-8.12,-1.43,-3.48,0,5
15816.468,-0.956,0.119,0.158,-8.39,-1.16,-3.3,0,5
15816.468,-0.958,0.124,0.16,-9.7,-0.03,-2.87,0,5
15816.484,-0.96,0.13,0.161,-11.9,1.16,-2.69,0,5
15816.484,-0.962,0.124,0.171,-14.37,2.11,-2.26,0,5
15816.5,-0.966,0.108,0.183,-15.66,2.56,-1.65,0,5
15816.515,-0.971,0.102,0.189,-15.56,2.47,-1.4,0,5
15816.515,-0.97,0.109,0.191,-14.8,2.23,-1.46,0,5
15816.531,-0.968,0.101,0.191,-13.82,1.8,-1.19,0,5
15816.546,-0.966,0.088,0.194,-12.3,1.4,-0.73,0,5
15816.546,-0.961,0.086,0.196,-9.4,0.95,-0.37,0,5
15816.562,-0.958,0.088,0.193,-5.86,0.46,-0.12,0,5
15816.562,-0.954,0.101,0.182,-2.93,0.21,0.0,0,5
15816.578,-0.955,0.112,0.173,-1.37,0.03,-0.24,0,5
15816.593,-0.96,0.117,0.163,-1.43,0.06,-0.21,0,5
15816.593,-0.962,0.125,0.154,-2.81,0.09,0.09,0,5
15816.609,-0.96,0.13,0.147,-5.62,0.46,0.61,0,5
15816.625,-0.961,0.126,0.149,-9.13,0.89,0.92,0,5
15816.625,-0.957,0.126,0.152,-11.75,1.56,1.22,0,5
15816.64,-0.956,0.124,0.161,-13.46,2.35,1.83,0,5
15816.64,-0.954,0.109,0.171,-14.13,2.81,2.35,0,5
15816.656,-0.954,0.108,0.179,-13.89,2.53,3.11,0,5
15816.671,-0.953,0.102,0.195,-12.57,1.8,3.75,0,5
15816.671,-0.953,0.088,0.196,-10.32,0.76,4.52,0,5
15816.687,-0.952,0.081,0.202,-8.94,-0.34,5.01,0,5
15816.703,-0.952,0.074,0.197,-6.87,-1.37,4.55,0,5
15816.703,-0.954,0.083,0.189,-4.79,-2.29,4.15,0,5
15816.718,-0.951,0.083,0.182,-3.17,-2.9,4.03,0,5
15816.734,-0.952,0.078,0.176,-2.62,-3.23,3.88,0,5
15816.734,-0.952,0.082,0.169,-3.08,-3.36,3.51,0,5
15816.75,-0.951,0.081,0.165,-5.04,-2.93,2.5,0,5
15816.75,-0.955,0.09,0.16,-7.84,-2.72,1.46,0,5
15816.765,-0.956,0.073,0.169,-11.81,-2.38,0.58,0,5
15816.781,-0.96,0.057,0.178,-14.31,-1.56,-0.18,0,5
15816.781,-0.966,0.073,0.176,-14.89,-1.5,-0.85,0,5
15816.796,-0.966,0.077,0.18,-15.41,-1.62,-1.31,0,5
15816.812,-0.974,0.065,0.183,-15.72,-1.37,-1.62,0,5
15816.812,-0.974,0.064,0.189,-15.53,-1.74,-1.28,0,5
15816.828,-0.965,0.052,0.189,-14.16,-2.01,-1.01,0,5
15816.843,-0.963,0.052,0.184,-12.45,-2.23,-1.19,0,5
15816.843,-0.961,0.045,0.185,-11.05,-2.04,-1.62,0,5
15816.859,-0.965,0.053,0.183,-9.52,-1.22,-2.5,0,5
15816.875,-0.976,0.063,0.173,-8.61,-0.73,-2.96,0,5
15816.875,-0.976,0.056,0.165,-9.67,-0.03,-3.17,0,5
15816.89,-0.976,0.051,0.165,-11.96,1.16,-3.72,0,5
15816.89,-0.971,0.055,0.165,-13.7,2.35,-4.7,0,5
15816.906,-0.967,0.06,0.17,-13.82,3.85,-5.49,0,5
15816.921,-0.97,0.071,0.177,-13.18,5.01,-5.83,0,5
15816.921,-0.973,0.078,0.185,-11.75,5.46,-5.65,0,5
15816.937,-0.974,0.087,0.195,-10.28,5.46,-5.04,0,5
15816.953,-0.976,0.088,0.197,-9.77,4.79,-4.82,0,5
15816.953,-0.976,0.083,0.194,-9.95,3.72,-4.76,0,5
15816.968,-0.975,0.083,0.187,-10.35,2.5,-4.43,0,5
15816.984,-0.971,0.083,0.178,-10.5,1.37,-4.43,0,5
15816.984,-0.97,0.082,0.169,-10.96,0.61,-4.61,0,5
15817.0,-0.966,0.082,0.168,-11.81,0.37,-4.61,0,5
15817.0,-0.965,0.078,0.165,-12.51,0.67,-4.36,0,5
15817.015,-0.96,0.076,0.165,-12.91,1.1,-4.0,0,5
15817.031,-0.953,0.076,0.168,-12.91,0.98,-3.97,0,5
15817.031,-0.954,0.074,0.17,-13.09,0.89,-4.36,0,5
15817.046,-0.956,0.079,0.173,-13.67,0.79,-4.39,0,5
15817.062,-0.956,0.081,0.171,-13.82,1.07,-4.09,0,5
15817.062,-0.964,0.077,0.172,-13.89,1.28,-3.75,0,5
15817.078,-0.969,0.069,0.174,-13.7,0.73,-3.42,0,5
15817.093,-0.971,0.063,0.174,-13.03,0.27,-3.14,0,5
15817.093,-0.972,0.057,0.173,-12.12,-0.46,-3.05,0,5
15817.109,-0.971,0.049,0.172,-11.26,-1.34,-2.84,0,5
15817.125,-0.967,0.042,0.175,-10.28,-1.77,-2.26,0,5
15817.125,-0.963,0.036,0.177,-8.79,-1.62,-1.92,0,5
15817.14,-0.963,0.028,0.181,-7.05,-1.22,-2.17,0,5
15817.14,-0.968,0.032,0.188,-5.34,-0.92,-2.69,0,5
15817.156,-0.971,0.039,0.192,-3.3,-0.92,-3.05,0,5
15817.171,-0.975,0.044,0.191,-1.34,-1.22,-3.02,0,5
15817.171,-0.978,0.055,0.189,-0.03,-1.89,-2.72,0,5
15817.187,-0.977,0.062,0.186,0.37,-2.59,-2.44,0,5
15817.203,-0.976,0.067,0.181,0.21,-3.17,-2.17,0,5
15817.203,-0.977,0.071,0.182,-0.73,-3.72,-1.89,0,5
15817.218,-0.972,0.065,0.18,-1.71,-3.97,-1.43,0,5
15817.234,-0.97,0.062,0.178,-2.01,-3.81,-0.85,0,5
15817.234,-0.967,0.061,0.176,-1.86,-3.63,-0.49,0,5
15817.25,-0.96,0.055,0.178,-1.68,-3.08,-0.15,0,5
15817.25,-0.96,0.045,0.178,-1.4,-2.47,-0.03,0,5
15817.265,-0.959,0.036,0.179,-0.15,-2.2,-0.7,0,5
15817.281,-0.957,0.041,0.181,0.12,-2.04,-1.65,0,5
15817.281,-0.958,0.046,0.177,0.31,-1.71,-2.26,0,5
15817.296,-0.967,0.059,0.178,-0.03,-1.68,-2.38,0,5
15817.312,-0.964,0.059,0.177,-0.31,-1.83,-1.92,0,5
15817.312,-0.959,0.062,0.175,-0.92,-1.86,-1.83,0,5
15817.328,-0.957,0.067,0.177,-2.01,-1.65,-2.26,0,5
15817.343,-0.959,0.067,0.176,-3.36,-1.04,-2.44,0,5
15817.343,-0.963,0.067,0.179,-4.64,-0.61,-2.17,0,5
15817.359,-0.962,0.065,0.18,-5.62,-0.34,-1.59,0,5
15817.375,-0.962,0.059,0.18,-6.26,-0.12,-1.16,0,5
15817.375,-0.962,0.055,0.182,-6.87,-0.06,-1.22,0,5
15817.39,-0.962,0.049,0.182,-7.54,-0.09,-1.92,0,5
15817.39,-0.966,0.043,0.183,-7.63,-0.12,-2.17,0,5
15817.406,-0.966,0.041,0.183,-7.29,-0.09,-2.14,0,5
15817.421,-0.965,0.042,0.181,-6.59,0.06,-2.47,0,5
15817.421,-0.965,0.045,0.178,-5.98,0.21,-2.96,0,5
15817.437,-0.964,0.053,0.177,-5.65,0.64,-3.08,0,5
15817.453,-0.961,0.055,0.175,-5.4,1.01,-2.72,0,5
15817.453,-0.958,0.054,0.173,-5.52,1.25,-2.41,0,5
15817.468,-0.96,0.045,0.175,-5.77,1.5,-2.01,0,5
15817.484,-0.965,0.039,0.176,-6.01,1.62,-1.95,0,5
15817.484,-0.969,0.036,0.176,-5.95,1.31,-2.2,0,5
15817.5,-0.97,0.038,0.176,-5.74,0.98,-2.32,0,5
15817.515,-0.97,0.046,0.177,-5.77,0.82,-2.41,0,5
15817.515,-0.971,0.049,0.18,-6.16,0.67,-2.5,0,5
15817.531,-0.969,0.047,0.181,-6.62,0.4,-2.32,0,5
15817.546,-0.967,0.046,0.18,-6.93,-0.12,-2.17,0,5
15817.546,-0.962,0.042,0.18,-6.87,-0.55,-2.04,0,5
15817.562,-0.958,0.038,0.176,-6.5,-0.4,-2.08,0,5
15817.562,-0.959,0.034,0.174,-5.49,0.52,-2.01,0,5
15817.578,-0.961,0.036,0.175,-4.94,1.22,-2.2,0,5
15817.593,-0.958,0.033,0.174,-4.52,2.2,-2.38,0,5
15817.593,-0.965,0.034,0.172,-4.12,3.02,-2.66,0,5
15817.609,-0.969,0.043,0.174,-4.46,3.36,-2.84,0,5
15817.625,-0.97,0.047,0.176,-5.52,3.27,-3.17,0,5
15817.625,-0.969,0.041,0.178,-6.38,2.93,-3.23,0,5
15817.64,-0.968,0.038,0.176,-6.59,2.72,-3.08,0,5
15817.64,-0.964,0.038,0.172,-6.53,2.47,-3.02,0,5
15817.656,-0.962,0.041,0.167,-7.23,2.78,-3.36,0,5
15817.671,-0.965,0.04,0.166,-8.21,3.2,-3.57,0,5
15817.671,-0.967,0.043,0.162,-9.43,3.85,-3.45,0,5
15817.687,-0.967,0.045,0.159,-11.08,4.18,-3.42,0,5
15817.703,-0.968,0.043,0.156,-13.09,3.97,-3.57,0,5
15817.703,-0.969,0.043,0.156,-15.63,3.94,-4.03,0,5
15817.718,-0.969,0.039,0.156,-18.56,3.97,-4.43,0,5
15817.734,-0.964,0.042,0.159,-21.33,4.12,-4.46,0,5
15817.75,-0.959,0.051,0.16,-23.8,4.55,-4.73,0,5
15817.75,-0.961,0.051,0.163,-26.25,5.43,-5.19,0,5
15817.765,-0.963,0.048,0.166,-28.69,6.44,-5.28,0,5
15817.765,-0.959,0.044,0.169,-30.55,7.32,-5.28,0,5
15817.781,-0.959,0.037,0.169,-31.62,8.27,-5.43,0,5
15817.781,-0.958,0.035,0.17,-32.78,9.37,-6.1,0,5
15817.796,-0.956,0.035,0.174,-33.75,10.74,-7.23,0,5
15817.812,-0.959,0.039,0.18,-34.7,12.48,-8.73,0,5
15817.812,-0.962,0.047,0.193,-35.16,14.71,-10.38,0,5
15817.828,-0.962,0.062,0.216,-34.46,17.49,-11.78,0,5
15817.843,-0.969,0.073,0.242,-30.18,20.36,-12.48,0,5
15817.843,-0.976,0.096,0.26,-21.45,23.13,-11.32,0,5
15817.859,-0.991,0.135,0.272,-11.6,25.79,-9.09,0,5
15817.875,-1.008,0.17,0.297,-2.59,27.44,-5.55,0,5
15817.875,-1.033,0.201,0.368,7.57,26.37,-0.7,0,5
15817.89,-1.071,0.253,0.438,15.26,20.63,5.68,0,5
15817.89,-1.083,0.27,0.518,18.22,9.98,14.4,0,5
15817.906,-1.09,0.246,0.561,20.42,-4.18,22.49,0,5
15817.921,-1.092,0.25,0.574,20.91,-20.48,27.71,0,5
15817.921,-1.061,0.275,0.56,17.55,-35.95,29.51,0,5
15817.937,-1.053,0.31,0.528,8.09,-47.4,27.1,0,5
15817.953,-1.056,0.335,0.483,-9.95,-54.29,24.11,0,5
15817.953,-1.054,0.34,0.474,-34.39,-55.57,22.55,0,5
15817.968,-1.047,0.33,0.504,-59.14,-54.51,21.7,0,5
15817.984,-1.056,0.295,0.537,-75.38,-53.01,20.63,0,5
15817.984,-1.086,0.258,0.57,-81.21,-51.0,20.94,0,5
15818.0,-1.104,0.239,0.606,-78.55,-48.13,23.13,0,5
15818.015,-1.112,0.223,0.647,-69.22,-45.23,26.64,0,5
15818.015,-1.113,0.207,0.678,-54.63,-43.18,30.79,0,5
15818.031,-1.126,0.204,0.697,-37.42,-41.6,34.15,0,5
15818.031,-1.14,0.207,0.706,-21.52,-42.36,36.38,0,5
15818.046,-1.146,0.222,0.705,-8.82,-45.72,37.75,0,5
15818.062,-1.172,0.237,0.696,0.31,-50.08,38.91,0,5
15818.078,-1.2,0.259,0.681,4.09,-55.76,40.35,0,5
15818.078,-1.202,0.275,0.672,2.41,-62.81,41.96,0,5
15818.093,-1.211,0.289,0.671,-2.56,-69.43,43.43,0,5
15818.093,-1.231,0.291,0.68,-8.39,-75.47,44.95,0,5
15818.109,-1.248,0.273,0.701,-12.42,-81.88,47.18,0,5
15818.125,-1.271,0.253,0.705,-13.15,-89.91,50.48,0,5
15818.125,-1.278,0.244,0.687,-12.12,-99.19,53.74,0,5
15818.14,-1.261,0.247,0.665,-10.96,-107.76,56.25,0,5
15818.14,-1.257,0.264,0.648,-10.5,-113.07,57.47,0,5
15818.156,-1.252,0.275,0.638,-13.67,-116.12,58.05,0,5
15818.171,-1.25,0.272,0.636,-19.32,-118.29,58.53,0,5
15818.171,-1.255,0.267,0.652,-24.05,-119.36,59.39,0,5
15818.187,-1.268,0.252,0.679,-25.73,-119.48,60.76,0,5
15818.203,-1.287,0.234,0.695,-24.81,-120.61,61.68,0,5
15818.218,-1.294,0.234,0.715,-23.74,-124.0,62.26,0,5
15818.218,-1.304,0.23,0.743,-22.37,-126.01,62.87,0,5
15818.234,-1.307,0.24,0.763,-22.4,-126.83,62.07,0,5
15818.234,-1.291,0.262,0.781,-25.39,-128.82,59.39,0,5
15818.25,-1.301,0.272,0.79,-28.6,-140.26,53.41,0,5
15818.265,-1.332,0.266,0.782,-25.82,-150.0,52.74,0,5
15818.265,-1.368,0.249,0.769,-17.67,-158.64,53.22,0,5
15818.281,-1.403,0.228,0.751,-6.81,-164.49,52.89,0,5
15818.296,-1.277,0.278,0.699,1.68,-166.6,50.72,0,5
15818.296,-1.173,0.343,0.69,6.23,-162.33,47.58,0,5
15818.312,-1.122,0.394,0.662,7.08,-155.92,45.5,0,5
15818.312,-1.136,0.444,0.651,0.92,-151.83,45.53,0,5
15818.328,-1.148,0.467,0.679,-9.98,-149.91,46.85,0,5
15818.343,-1.111,0.512,0.682,-23.74,-151.62,48.62,0,5
15818.343,-1.102,0.56,0.675,-40.8,-155.83,50.29,0,5
15818.359,-1.121,0.546,0.675,-58.44,-162.6,53.8,0,5
15818.375,-1.113,0.489,0.669,-73.21,-173.1,60.91,0,5
15818.375,-1.066,0.402,0.652,-80.78,-184.7,69.7,0,5
15818.39,-1.026,0.329,0.638,-82.16,-190.86,77.12,0,5
15818.39,-0.955,0.266,0.62,-80.69,-192.82,80.39,0,5
15818.406,-0.865,0.227,0.609,-78.62,-189.61,80.08,0,5
15818.421,-0.814,0.195,0.598,-75.84,-182.84,77.73,0,5
15818.421,-0.764,0.176,0.587,-73.89,-176.24,75.41,0,5
15818.437,-0.734,0.161,0.585,-73.46,-170.38,73.46,0,5
15818.453,-0.725,0.133,0.583,-74.07,-166.26,71.14,0,5
15818.468,-0.708,0.104,0.582,-74.74,-166.72,68.18,0,5
15818.468,-0.652,0.068,0.563,-71.38,-170.81,65.74,0,5
15818.484,-0.61,0.057,0.549,-66.07,-172.8,64.49,0,5
15818.484,-0.551,0.033,0.518,-60.49,-176.85,63.11,0,5
15818.5,-0.474,0.011,0.482,-56.0,-179.48,62.35,0,5
15818.515,-0.419,0.006,0.453,-54.78,-176.73,61.59,0,5
15818.515,-0.366,-0.034,0.423,-54.29,-171.18,60.0,0,5
15818.531,-0.309,-0.062,0.401,-54.11,-164.07,57.28,0,5
15818.546,-0.268,-0.086,0.398,-52.86,-155.49,53.71,0,5
15818.546,-0.252,-0.133,0.394,-48.59,-147.07,49.38,0,5
15818.562,-0.205,-0.155,0.377,-42.09,-142.09,44.68,0,5
15818.562,-0.148,-0.151,0.353,-33.36,-137.61,39.8,0,5
15818.578,-0.119,-0.153,0.326,-24.75,-130.68,34.79,0,5
15818.593,-0.094,-0.157,0.308,-17.61,-122.99,29.76,0,5
15818.593,-0.06,-0.15,0.284,-10.41,-116.31,24.38,0,5
15818.609,-0.034,-0.134,0.259,-1.71,-108.74,18.86,0,5
15818.625,-0.001,-0.1,0.219,7.32,-100.68,14.71,0,5
15818.625,0.048,-0.068,0.187,15.17,-91.04,12.67,0,5
15818.64,0.093,-0.056,0.161,21.0,-78.71,11.72,0,5
15818.64,0.149,-0.033,0.16,22.46,-62.87,11.2,0,5
15818.656,0.173,-0.008,0.196,19.47,-43.58,10.86,0,5
15818.671,0.16,-0.011,0.247,13.7,-25.79,10.32,0,5
15818.671,0.169,0.001,0.303,5.34,-14.04,9.61,0,5
15818.687,0.164,0.017,0.362,-4.15,-6.04,9.7,0,5
15818.703,0.147,0.009,0.43,-13.64,-0.73,10.16,0,5
15818.703,0.16,0.005,0.489,-21.7,-0.34,11.6,0,5
15818.718,0.179,0.022,0.549,-28.26,-0.98,13.98,0,5
15818.734,0.161,0.006,0.626,-33.27,-0.49,17.0,0,5
15818.734,0.16,-0.032,0.689,-36.44,-2.96,19.5,0,5
15818.75,0.167,-0.045,0.723,-36.26,-7.69,20.69,0,5
15818.765,0.177,-0.054,0.747,-33.27,-12.12,20.29,0,5
15818.765,0.189,-0.06,0.775,-30.79,-14.47,19.1,0,5
15818.781,0.199,-0.072,0.779,-29.24,-15.41,16.88,0,5
15818.796,0.196,-0.073,0.775,-27.56,-14.1,13.92,0,5
15818.796,0.229,-0.069,0.784,-25.54,-9.95,11.32,0,5
15818.812,0.228,-0.066,0.804,-24.6,-3.2,7.97,0,5
15818.812,0.218,-0.069,0.841,-23.71,4.36,5.31,0,5
15818.828,0.208,-0.057,0.879,-22.4,8.0,2.47,0,5
15818.843,0.2,-0.035,0.921,-21.58,9.25,0.49,0,5
15818.859,0.189,-0.018,0.979,-22.0,8.51,-0.79,0,5
15818.859,0.188,-0.016,1.019,-22.58,5.13,-1.31,0,5
15818.859,0.189,-0.032,1.044,-22.77,2.17,-1.01,0,5
15818.875,0.18,-0.041,1.049,-21.88,-2.72,-2.44,0,5
15818.89,0.164,-0.036,1.032,-17.3,-9.7,-3.78,0,5
15818.89,0.177,-0.027,0.995,-8.67,-17.24,-3.36,0,5
15818.906,0.222,-0.007,0.94,-0.76,-21.76,-3.08,0,5
15818.921,0.252,0.013,0.9,2.17,-18.83,-4.15,0,5
15818.921,0.261,0.025,0.879,-0.03,-10.32,-6.16,0,5
15818.937,0.265,0.027,0.875,-5.28,0.18,-8.55,0,5
15818.953,0.258,0.023,0.884,-9.89,10.44,-10.62,0,5
15818.953,0.248,0.029,0.915,-12.27,19.29,-11.6,0,5
15818.968,0.219,0.034,0.956,-13.92,25.36,-11.29,0,5
15818.984,0.197,0.039,0.997,-15.87,28.32,-9.67,0,5
15818.984,0.182,0.029,1.044,-17.64,28.35,-7.42,0,5
15819.0,0.17,0.018,1.068,-18.68,25.51,-5.74,0,5
15819.015,0.156,0.017,1.083,-19.87,19.87,-4.79,0,5
15819.015,0.146,-0.005,1.086,-19.56,12.54,-3.85,0,5
15819.031,0.162,-0.021,1.07,-17.03,5.46,-2.81,0,5
15819.031,0.179,-0.01,1.04,-12.79,0.82,-2.44,0,5
15819.046,0.178,-0.01,1.014,-8.85,0.0,-2.56,0,5
15819.062,0.177,-0.026,0.984,-5.07,0.27,-1.68,0,5
15819.062,0.182,-0.037,0.952,0.15,1.01,0.15,0,5
15819.078,0.188,-0.045,0.923,6.41,2.14,0.92,0,5
15819.093,0.188,-0.057,0.886,13.49,3.57,0.46,0,5
15819.093,0.175,-0.071,0.845,21.85,5.1,-0.49,0,5
15819.109,0.158,-0.072,0.798,31.5,5.95,-1.65,0,5
15819.125,0.132,-0.081,0.734,42.12,4.49,-3.66,0,5
15819.125,0.105,-0.083,0.654,53.59,0.18,-4.03,0,5
15819.14,0.078,-0.073,0.53,66.13,-7.26,-4.49,0,5
15819.14,0.118,-0.043,0.418,71.11,-13.67,-2.44,0,5
15819.156,0.136,-0.01,0.325,65.31,-11.08,-1.13,0,5
15819.171,0.108,-0.016,0.246,49.13,-1.89,-1.34,0,5
15819.171,0.092,-0.024,0.216,25.76,9.92,-0.7,0,5
15819.187,0.085,-0.059,0.218,4.58,21.58,-0.24,0,5
15819.203,0.084,-0.119,0.225,-7.75,31.62,-0.37,0,5
15819.203,0.072,-0.157,0.224,-10.01,40.77,-0.79,0,5
15819.218,0.05,-0.184,0.207,-4.09,48.65,-2.29,0,5
15819.234,0.047,-0.185,0.2,8.36,69.34,-7.32,0,5
15819.234,0.035,-0.167,0.218,8.7,83.04,-12.57,0,5
15819.25,-0.009,-0.142,0.249,7.63,93.81,-17.67,0,5
15819.265,-0.058,-0.124,0.285,7.39,100.83,-20.45,0,5
15819.265,-0.109,-0.107,0.366,10.01,105.38,-22.55,0,5
15819.281,-0.14,-0.089,0.39,15.53,108.98,-24.69,0,5
15819.296,-0.168,-0.054,0.407,20.2,113.19,-26.89,0,5
15819.296,-0.209,-0.022,0.43,20.72,119.79,-29.88,0,5
15819.312,-0.277,-0.024,0.454,18.04,127.26,-33.08,0,5
15819.312,-0.351,-0.001,0.485,15.14,133.82,-36.71,0,5
15819.328,-0.433,-0.02,0.514,13.03,137.03,-36.04,0,5
15819.343,-0.448,-0.017,0.56,13.82,135.9,-35.04,0,5
15819.359,-0.444,0.009,0.567,20.48,136.75,-38.39,0,5
15819.359,-0.448,0.036,0.592,25.15,142.06,-42.54,0,5
15819.375,-0.508,0.071,0.639,22.34,154.18,-45.41,0,5
15819.375,-0.592,0.088,0.68,16.05,164.95,-49.13,0,5
15819.39,-0.689,0.107,0.734,9.4,171.12,-51.64,0,5
15819.39,-0.766,0.118,0.793,4.55,173.01,-52.64,0,5
15819.406,-0.797,0.123,0.836,2.56,168.31,-53.07,0,5
15819.421,-0.775,0.147,0.872,1.98,162.76,-51.3,0,5
15819.437,-0.792,0.157,0.902,1.5,162.6,-48.65,0,5
15819.437,-0.817,0.157,0.906,-0.43,161.96,-45.93,0,5
15819.453,-0.848,0.183,0.928,-7.51,163.67,-43.55,0,5
15819.453,-0.92,0.161,0.932,-16.48,165.56,-44.4,0,5
15819.468,-0.988,0.092,0.944,-23.53,162.11,-45.96,0,5
15819.484,-1.01,0.052,0.957,-22.86,153.81,-46.63,0,5
15819.484,-0.969,0.045,0.935,-9.61,146.52,-47.18,0,5
15819.5,-0.936,0.062,0.921,8.97,148.05,-47.3,0,5
15819.515,-0.915,0.099,0.88,23.47,152.65,-48.07,0,5
15819.515,-0.922,0.134,0.902,26.83,160.59,-46.69,0,5
15819.531,-0.992,0.187,0.932,18.52,172.83,-45.72,0,5
15819.531,-1.052,0.208,0.947,5.31,177.04,-46.51,0,5
15819.546,-1.114,0.183,0.989,-5.1,172.7,-45.53,0,5
15819.562,-1.164,0.149,1.022,-7.39,162.79,-40.99,0,5
15819.562,-1.188,0.087,1.02,-0.82,149.97,-32.62,0,5
15819.578,-1.146,0.051,0.996,12.51,138.37,-25.76,0,5
15819.593,-1.111,0.024,0.967,24.23,132.94,-24.08,0,5
15819.593,-1.065,0.042,0.915,29.36,132.57,-27.62,0,5
15819.609,-1.075,0.079,0.901,27.5,137.03,-34.42,0,5
15819.625,-1.108,0.106,0.897,18.98,141.21,-41.29,0,5
15819.625,-1.132,0.136,0.906,9.4,140.32,-43.89,0,5
15819.64,-1.15,0.155,0.921,5.25,136.97,-41.87,0,5
15819.656,-1.141,0.154,0.928,8.24,129.18,-37.97,0,5
15819.656,-1.126,0.099,0.931,19.62,120.61,-31.8,0,5
15819.671,-1.132,0.059,0.912,34.97,115.02,-25.12,0,5
15819.671,-1.112,0.063,0.872,49.5,109.29,-21.79,0,5
15819.687,-1.115,0.081,0.836,57.01,108.58,-22.49,0,5
15819.703,-1.135,0.084,0.81,54.57,110.97,-25.73,0,5
15819.703,-1.127,0.118,0.782,45.72,111.94,-30.24,0,5
15819.718,-1.112,0.163,0.761,32.53,109.62,-35.07,0,5
15819.734,-1.1,0.172,0.768,18.65,105.2,-37.78,0,5
15819.734,-1.061,0.156,0.783,8.88,99.37,-36.74,0,5
15819.75,-1.053,0.126,0.819,5.22,99.0,-32.96,0,5
15819.765,-1.074,0.107,0.845,6.35,101.11,-31.46,0,5
15819.765,-1.091,0.11,0.846,11.05,98.39,-31.98,0,5
15819.781,-1.108,0.114,0.847,18.4,92.41,-32.26,0,5
15819.796,-1.108,0.126,0.82,27.68,83.38,-30.92,0,5
15819.796,-1.097,0.15,0.759,37.48,73.09,-27.92,0,5
15819.812,-1.061,0.181,0.694,45.5,63.72,-25.12,0,5
15819.812,-1.011,0.222,0.623,49.35,54.78,-21.79,0,5
15819.828,-0.995,0.247,0.584,45.96,52.34,-17.27,0,5
15819.843,-1.004,0.253,0.577,34.39,56.98,-12.57,0,5
15819.843,-1.018,0.238,0.58,18.83,60.95,-8.51,0,5
15819.859,-1.037,0.199,0.602,5.49,61.65,-5.25,0,5
15819.875,-1.048,0.153,0.625,-2.2,58.84,-2.32,0,5
15819.875,-1.041,0.117,0.637,-2.87,53.93,0.76,0,5
15819.89,-1.029,0.087,0.636,3.45,48.04,3.45,0,5
15819.89,-1.017,0.062,0.613,15.81,41.9,5.46,0,5
15819.906,-0.994,0.057,0.571,31.16,36.41,6.87,0,5
15819.921,-0.969,0.079,0.52,44.04,32.81,7.17,0,5
15819.921,-0.961,0.101,0.471,50.9,30.7,5.95,0,5
15819.937,-0.956,0.125,0.43,50.42,30.18,4.7,0,5
15819.953,-0.953,0.15,0.4,43.06,30.15,3.66,0,5
15819.953,-0.952,0.151,0.389,31.28,29.6,2.81,0,5
15819.968,-0.952,0.137,0.384,18.62,28.96,2.32,0,5
15819.984,-0.947,0.127,0.403,7.05,28.6,2.2,0,5
15819.984,-0.932,0.11,0.617,0.03,28.11,0.98,0,5
15820.0,-0.981,0.082,0.928,3.75,27.74,-1.65,0,5
15820.015,-1.044,0.079,1.294,9.09,15.99,-4.61,0,5
15820.015,-1.132,0.055,1.375,18.71,-6.99,-6.26,0,5
15820.031,-1.145,0.0,1.144,20.29,-37.42,-1.46,0,5
15820.031,-1.098,-0.046,0.77,8.58,-70.1,2.08,0,5
15820.046,-0.986,-0.086,0.515,-3.66,-92.32,1.53,0,5
15820.062,-0.9,-0.079,0.311,-5.19,-95.95,-2.29,0,5
15820.062,-0.822,-0.043,0.172,-3.63,-81.67,-5.28,0,5
15820.078,-0.778,0.01,0.118,1.65,-52.55,-5.68,0,5
15820.093,-0.797,0.063,0.103,12.27,-15.56,-3.08,0,5
15820.093,-0.841,0.065,0.132,19.5,18.62,-0.31,0,5
15820.109,-0.887,0.067,0.156,18.68,40.5,0.85,0,5
15820.125,-0.925,0.092,0.183,13.25,51.18,0.73,0,5
15820.125,-0.96,0.091,0.221,5.04,52.89,0.82,0,5
15820.14,-0.972,0.089,0.282,-5.92,46.36,0.95,0,5
15820.156,-0.976,0.079,0.3,-17.27,35.16,1.07,0,5
15820.156,-0.97,0.059,0.31,-27.92,21.0,0.06,0,5
15820.171,-0.966,0.035,0.305,-33.08,6.74,-2.26,0,5
15820.171,-0.953,0.029,0.28,-32.99,-6.1,-3.81,0,5
15820.187,-0.937,0.043,0.236,-30.67,-15.2,-4.3,0,5
15820.203,-0.92,0.042,0.209,-28.41,-18.22,-3.33,0,5
15820.218,-0.914,0.039,0.2,-26.34,-17.79,-2.69,0,5
15820.218,-0.914,0.036,0.209,-15.11,-6.47,1.89,0,5
15820.234,-0.928,0.024,0.246,-5.04,2.44,6.1,0,5
15820.234,-0.965,0.009,0.297,5.46,9.09,10.41,0,5
15820.25,-0.975,-0.011,0.383,14.44,12.57,12.85,0,5
15820.265,-0.981,-0.009,0.42,21.67,14.65,13.82,0,5
15820.265,-1.003,-0.02,0.451,27.22,14.8,14.34,0,5
15820.281,-1.016,-0.028,0.465,31.25,11.84,14.74,0,5
15820.281,-1.026,-0.03,0.467,33.27,6.5,15.05,0,5
15820.296,-1.032,-0.025,0.465,33.36,-0.31,15.23,0,5
15820.312,-1.037,-0.02,0.452,32.59,-7.84,14.53,0,5
15820.312,-1.033,-0.018,0.431,31.34,-15.66,13.06,0,5
15820.328,-1.013,-0.026,0.391,30.18,-22.61,11.87,0,5
15820.343,-0.978,-0.014,0.344,27.62,-27.59,10.9,0,5
15820.343,-0.941,0.014,0.301,22.13,-29.79,8.58,0,5
15820.359,-0.917,0.033,0.265,14.1,-28.96,5.52,0,5
15820.375,-0.907,0.048,0.245,4.39,-25.97,2.99,0,5
15820.375,-0.902,0.05,0.236,-4.3,-22.31,1.22,0,5
15820.39,-0.902,0.046,0.236,-10.13,-18.77,0.67,0,5
15820.39,-0.906,0.042,0.239,-12.36,-15.96,0.95,0,5
15820.406,-0.908,0.028,0.236,-11.17,-14.47,1.98,0,5
15820.421,-0.915,0.019,0.224,-8.27,-13.76,3.27,0,5
15820.421,-0.917,0.019,0.217,-5.92,-13.76,3.97,0,5
15820.437,-0.923,0.027,0.214,-4.94,-15.17,4.12,0,5
15820.453,-0.929,0.033,0.206,-4.94,-17.09,4.46,0,5
15820.453,-0.932,0.031,0.19,-5.13,-18.62,4.85,0,5
15820.468,-0.93,0.037,0.173,-5.37,-19.5,4.91,0,5
15820.484,-0.934,0.047,0.159,-6.1,-19.62,4.21,0,5
15820.484,-0.927,0.054,0.148,-6.81,-19.56,3.08,0,5
15820.5,-0.933,0.061,0.135,-6.84,-18.25,1.04,0,5
15820.5,-0.942,0.039,0.13,-6.96,-16.69,1.59,0,5
15820.515,-0.942,0.052,0.127,-4.03,-15.44,2.84,0,5
15820.531,-0.933,0.08,0.112,2.14,-13.15,1.98,0,5
15820.531,-0.933,0.078,0.1,5.07,-9.7,2.99,0,5
15820.546,-0.928,0.095,0.104,4.43,-6.29,5.49,0,5
15820.562,-0.924,0.096,0.108,3.6,-2.47,7.69,0,5
15820.562,-0.924,0.088,0.115,1.46,0.76,9.86,0,5
15820.578,-0.92,0.078,0.125,-1.28,2.69,11.32,0,5
15820.593,-0.921,0.066,0.141,-3.63,3.94,12.33,0,5
15820.593,-0.921,0.051,0.157,-5.19,5.4,13.34,0,5
15820.609,-0.928,0.039,0.17,-5.4,6.65,13.89,0,5
15820.625,-0.927,0.041,0.183,-5.58,6.99,13.52,0,5
15820.625,-0.92,0.036,0.191,-6.1,7.81,12.51,0,5
15820.64,-0.923,0.024,0.198,-6.53,9.09,11.41,0,5
15820.64,-0.919,0.026,0.203,-6.44,10.07,10.38,0,5
15820.656,-0.923,0.034,0.203,-6.23,11.2,9.43,0,5
15820.671,-0.933,0.034,0.203,-6.65,11.93,8.67,0,5
15820.671,-0.941,0.033,0.201,-7.08,12.82,8.03,0,5
15820.687,-0.942,0.037,0.206,-7.02,14.25,7.54,0,5
15820.703,-0.934,0.039,0.214,-6.2,15.56,7.69,0,5
15820.703,-0.926,0.036,0.218,-5.16,17.37,8.12,0,5
15820.718,-0.917,0.036,0.225,-5.22,19.68,8.39,0,5
15820.734,-0.908,0.03,0.244,-6.41,21.97,8.21,0,5
15820.734,-0.907,0.022,0.269,-7.54,24.66,7.35,0,5
15820.75,-0.913,0.012,0.29,-8.15,27.56,6.71,0,5
15820.765,-0.916,0.003,0.311,-9.13,29.63,6.74,0,5
15820.765,-0.911,-0.002,0.336,-10.5,30.88,7.08,0,5
15820.781,-0.905,-0.012,0.366,-11.26,31.65,6.93,0,5
15820.781,-0.908,-0.026,0.395,-10.62,31.53,5.74,0,5
15820.796,-0.933,-0.019,0.45,-9.52,30.64,4.24,0,5
15820.812,-1.049,-0.017,0.66,-9.03,22.46,2.62,0,5
15820.812,-1.095,-0.003,0.746,-11.99,-5.22,1.83,0,5
15820.828,-0.933,0.053,0.688,-21.67,-34.36,3.3,0,5
15820.843,-0.898,-0.057,0.538,-13.28,-37.97,1.19,0,5
15820.843,-0.923,-0.112,0.456,0.52,-29.94,-0.4,0,5
15820.859,-0.908,-0.07,0.426,15.84,-21.24,-0.79,0,5
15820.875,-0.94,-0.033,0.374,33.66,-10.65,-1.07,0,5
15820.875,-0.968,0.019,0.339,41.08,-2.81,-0.58,0,5
15820.89,-0.978,0.072,0.32,38.18,1.31,-0.27,0,5
15820.89,-0.984,0.09,0.298,30.67,3.14,-0.24,0,5
15820.906,-0.976,0.094,0.277,22.49,4.18,0.09,0,5
15820.921,-0.967,0.103,0.261,15.99,4.97,0.03,0,5
15820.921,-0.961,0.105,0.246,12.63,5.28,-0.55,0,5
15820.937,-0.956,0.1,0.237,10.8,4.76,-1.71,0,5
15820.953,-0.963,0.102,0.227,8.91,3.3,-2.78,0,5
15820.953,-0.961,0.112,0.22,6.41,1.86,-2.66,0,5
15820.968,-0.953,0.126,0.209,4.24,0.46,-1.5,0,5
15820.984,-0.941,0.138,0.2,2.17,-0.82,0.0,0,5
15820.984,-0.937,0.14,0.193,0.31,-1.56,1.68,0,5
15821.0,-0.93,0.157,0.185,-1.59,-1.86,3.48,0,5
15821.015,-0.93,0.138,0.186,-3.27,-2.14,2.96,0,5
15821.015,-0.937,0.099,0.207,-5.8,-2.69,4.97,0,5
15821.031,-0.94,0.113,0.23,-5.13,-4.18,5.68,0,5
15821.046,-0.947,0.106,0.244,-2.93,-7.72,2.47,0,5
15821.046,-0.956,0.092,0.267,-5.04,-11.17,0.09,0,5
15821.062,-0.954,0.102,0.265,-8.12,-14.07,-0.34,0,5
15821.078,-0.955,0.116,0.291,-9.49,-15.75,-2.11,0,5
15821.078,-0.98,0.099,0.305,-8.79,-17.37,-2.72,0,5
15821.093,-0.966,0.094,0.307,-8.91,-20.6,-1.8,0,5
15821.093,-0.945,0.09,0.3,-8.06,-22.22,-2.17,0,5
15821.109,-0.944,0.074,0.296,-6.1,-21.06,-2.99,0,5
15821.125,-0.942,0.061,0.302,-4.33,-19.38,-3.05,0,5
15821.125,-0.93,0.054,0.308,-2.32,-16.63,-2.9,0,5
15821.14,-0.931,0.052,0.32,-0.37,-13.28,-3.33,0,5
15821.156,-0.933,0.043,0.33,1.62,-10.04,-3.6,0,5
15821.156,-0.933,0.035,0.339,3.17,-8.15,-3.6,0,5
15821.171,-0.933,0.027,0.344,4.33,-7.02,-3.14,0,5
15821.171,-0.935,0.029,0.34,4.91,-6.1,-2.87,0,5
15821.187,-0.935,0.037,0.33,4.03,-5.31,-2.78,0,5
15821.203,-0.937,0.04,0.321,-1.28,-3.85,-1.74,0,5
15821.203,-0.94,0.042,0.312,-3.57,-3.11,-1.28,0,5
15821.218,-0.938,0.047,0.306,-4.33,-1.95,-1.25,0,5
15821.234,-0.944,0.055,0.3,-4.03,-0.7,-0.98,0,5
15821.234,-0.947,0.058,0.304,-3.02,-0.21,-0.79,0,5
15821.25,-0.945,0.064,0.302,-1.43,0.18,-0.55,0,5
15821.25,-0.94,0.075,0.297,-0.55,0.61,-0.46,0,5
15821.265,-0.939,0.077,0.292,-0.34,0.82,-0.55,0,5
15821.281,-0.935,0.074,0.292,0.09,1.01,-0.46,0,5
15821.281,-0.927,0.073,0.287,1.34,1.25,-0.34,0,5
15821.296,-0.919,0.09,0.283,1.83,1.68,-0.24,0,5
15821.312,-0.917,0.106,0.286,1.04,1.98,-0.46,0,5
15821.312,-0.92,0.113,0.282,0.03,3.17,-0.52,0,5
15821.328,-0.924,0.102,0.281,0.55,5.58,-0.43,0,5
15821.343,-0.951,0.132,0.3,-2.5,5.16,0.03,0,5
15821.343,-0.925,0.122,0.299,-6.32,3.54,0.55,0,5
15821.359,-0.894,0.047,0.19,-7.93,4.61,-1.1,0,5
15821.375,-0.847,0.044,0.198,-14.68,11.84,-5.49,0,5
15821.375,-0.929,0.006,0.295,-14.22,17.15,-9.8,0,5
15821.39,-0.961,0.021,0.263,-10.41,16.57,-11.75,0,5
15821.39,-0.959,0.075,0.285,-11.72,15.75,-9.58,0,5
15821.406,-0.968,0.065,0.299,-11.99,13.82,-8.12,0,5
15821.421,-0.976,0.066,0.314,-13.46,10.74,-7.02,0,5
15821.421,-0.977,0.065,0.329,-13.55,7.32,-5.31,0,5
15821.437,-0.973,0.05,0.33,-11.17,3.91,-3.6,0,5
15821.453,-0.957,0.052,0.329,-8.67,0.85,-2.75,0,5
15821.453,-0.948,0.054,0.317,-6.1,-1.19,-3.81,0,5
15821.468,-0.947,0.039,0.305,-4.24,-1.74,-4.33,0,5
15821.484,-0.945,0.042,0.293,-2.56,-1.83,-4.3,0,5
15821.484,-0.947,0.038,0.283,-1.31,-1.68,-4.58,0,5
15821.5,-0.952,0.034,0.274,-0.76,-0.61,-4.64,0,5
15821.515,-0.97,0.042,0.268,-0.95,0.76,-4.7,0,5
15821.515,-0.971,0.04,0.266,-2.35,2.08,-4.61,0,5
15821.531,-0.952,0.03,0.254,-4.67,3.69,-4.43,0,5
15821.531,-0.921,0.012,0.263,-9.58,5.83,-6.93,0,5
15821.546,-0.937,0.002,0.272,-13.98,6.99,-12.3,0,5
15821.562,-0.934,0.013,0.258,-17.15,8.88,-13.49,0,5
15821.562,-0.926,0.013,0.256,-19.01,11.51,-13.76,0,5
15821.578,-0.925,0.008,0.256,-19.65,12.6,-15.2,0,5
15821.593,-0.923,0.003,0.249,-19.68,13.37,-16.08,0,5
15821.593,-0.924,-0.001,0.245,-19.29,14.01,-16.85,0,5
15821.609,-0.928,-0.007,0.246,-18.07,14.5,-17.46,0,5
15821.625,-0.929,-0.013,0.253,-15.87,14.71,-17.18,0,5
15821.625,-0.934,-0.019,0.249,-11.75,15.23,-16.66,0,5
15821.64,-0.94,-0.013,0.243,-7.32,15.38,-16.51,0,5
15821.64,-0.943,-0.002,0.236,-4.12,15.17,-16.3,0,5
15821.656,-0.947,0.013,0.23,-3.3,14.25,-16.11,0,5
15821.671,-0.949,0.024,0.228,-4.61,13.25,-15.53,0,5
15821.687,-0.949,0.024,0.23,-6.59,12.3,-14.47,0,5
15821.687,-0.951,0.021,0.233,-8.12,11.47,-12.97,0,5
15821.703,-0.956,0.012,0.235,-8.61,10.47,-11.41,0,5
15821.703,-0.963,0.007,0.25,-7.48,8.97,-9.49,0,5
15821.718,-0.966,0.002,0.268,-5.4,6.78,-7.78,0,5
15821.734,-0.965,0.002,0.271,-2.62,5.37,-6.68,0,5
15821.734,-0.968,0.005,0.275,0.18,5.34,-5.65,0,5
15821.75,-0.968,0.007,0.288,2.78,5.01,-4.64,0,5
15821.765,-0.966,0.01,0.298,5.01,4.06,-3.72,0,5
15821.765,-0.964,0.016,0.302,6.71,3.3,-2.72,0,5
15821.781,-0.961,0.018,0.301,7.39,2.38,-1.65,0,5
15821.781,-0.957,0.014,0.293,6.71,1.46,-1.28,0,5
15821.796,-0.952,0.016,0.285,4.73,0.89,-1.34,0,5
15821.812,-0.952,0.015,0.277,1.92,0.49,-1.46,0,5
15821.812,-0.95,0.011,0.272,-1.43,0.27,-1.37,0,5
15821.828,-0.944,0.004,0.269,-4.24,0.46,-1.01,0,5
15821.843,-0.94,0.003,0.271,-6.23,0.37,-0.31,0,5
15821.843,-0.939,0.004,0.273,-7.54,0.15,0.7,0,5
15821.859,-0.946,-0.001,0.279,-8.76,-0.06,1.74,0,5
15821.875,-0.956,-0.012,0.284,-9.58,-0.73,2.56,0,5
15821.875,-0.96,-0.021,0.284,-9.58,-2.35,2.9,0,5
15821.89,-0.958,-0.025,0.276,-8.42,-3.66,2.59,0,5
15821.89,-0.964,-0.016,0.273,-6.59,-4.33,2.04,0,5
15821.906,-0.974,0.011,0.292,-3.72,-5.55,3.27,0,5
15821.921,-0.953,0.026,0.271,-0.7,-7.84,5.34,0,5
15821.921,-0.944,0.035,0.269,-0.58,-8.67,6.1,0,5
15821.937,-0.948,0.03,0.282,-1.43,-9.58,6.04,0,5
15821.953,-0.951,0.034,0.284,-2.23,-10.1,6.44,0,5
15821.953,-0.951,0.041,0.286,-3.75,-10.35,7.48,0,5
15821.968,-0.951,0.034,0.293,-5.71,-9.34,8.39,0,5
15821.984,-0.962,0.031,0.298,-7.69,-8.33,9.22,0,5
15821.984,-0.952,0.038,0.304,-9.61,-8.27,9.77,0,5
15822.0,-0.941,0.035,0.317,-11.02,-8.09,10.07,0,5
15822.0,-0.942,0.033,0.338,-12.3,-6.96,10.07,0,5
15822.015,-0.941,0.032,0.354,-13.4,-6.41,10.13,0,5
15822.031,-0.945,0.022,0.377,-14.31,-6.93,11.78,0,5
15822.046,-0.96,0.018,0.397,-13.15,-7.9,12.88,0,5
15822.046,-0.964,0.013,0.405,-10.86,-10.22,12.88,0,5
15822.062,-0.962,0.003,0.424,-9.06,-13.12,13.55,0,5
15822.062,-0.96,0.005,0.435,-7.42,-15.81,13.95,0,5
15822.078,-0.954,-0.002,0.439,-6.62,-17.67,13.52,0,5
15822.093,-0.938,-0.0,0.453,-6.99,-18.77,12.12,0,5
15822.109,-0.924,-0.0,0.465,-6.38,-18.65,9.52,0,5
15822.109,-0.933,0.013,0.476,-6.07,-17.21,5.89,0,5
15822.125,-0.94,0.048,0.483,-8.55,-16.36,1.86,0,5
15822.125,-0.951,0.099,0.491,-16.82,-15.72,-1.25,0,5
15822.14,-0.974,0.112,0.521,-31.1,-16.24,-4.18,0,5
15822.156,-0.985,0.094,0.57,-47.18,-19.53,-6.96,0,5
15822.156,-0.995,0.074,0.618,-60.82,-24.99,-8.51,0,5
15822.171,-1.004,0.048,0.659,-69.12,-31.19,-8.88,0,5
15822.171,-0.999,0.018,0.699,-70.74,-40.41,-8.39,0,5
15822.187,-1.006,-0.003,0.745,-64.91,-43.61,-7.63,0,5
15822.203,-1.016,-0.003,0.781,-58.96,-48.55,-5.19,0,5
15822.203,-1.033,0.002,0.8,-52.67,-55.12,-2.81,0,5
15822.218,-1.053,-0.018,0.826,-45.72,-62.32,-1.37,0,5
15822.234,-1.053,-0.023,0.83,-37.45,-68.3,-0.82,0,5
15822.234,-1.075,-0.018,0.824,-27.95,-72.51,-0.4,0,5
15822.25,-1.08,0.0,0.813,-20.57,-77.33,0.06,0,5
15822.25,-1.082,0.012,0.791,-15.32,-82.16,0.34,0,5
15822.265,-1.096,0.026,0.776,-11.72,-85.79,0.64,0,5
15822.281,-1.091,0.042,0.778,-9.09,-88.32,0.98,0,5
15822.281,-1.09,0.054,0.799,-5.83,-89.57,1.5,0,5
15822.296,-1.109,0.068,0.814,-0.98,-90.76,3.2,0,5
15822.312,-1.119,0.084,0.816,5.31,-94.06,5.8,0,5
15822.312,-1.129,0.114,0.809,11.44,-98.67,8.91,0,5
15822.328,-1.151,0.144,0.79,14.59,-103.82,12.97,0,5
15822.343,-1.157,0.164,0.782,13.03,-108.77,17.98,0,5
15822.343,-1.148,0.166,0.783,8.15,-113.01,23.38,0,5
15822.359,-1.13,0.151,0.789,3.23,-115.18,28.32,0,5
15822.375,-1.118,0.12,0.812,0.03,-114.6,32.53,0,5
15822.375,-1.104,0.089,0.834,-0.15,-113.56,35.86,0,5
15822.39,-1.1,0.068,0.847,3.39,-113.9,37.54,0,5
15822.39,-1.094,0.063,0.857,9.25,-115.09,37.87,0,5
15822.406,-1.085,0.071,0.871,13.64,-116.09,37.48,0,5
15822.421,-1.081,0.074,0.887,14.56,-116.58,36.84,0,5
15822.437,-1.075,0.083,0.898,12.18,-117.47,36.47,0,5
15822.437,-1.068,0.085,0.906,7.48,-119.6,35.77,0,5
15822.453,-1.07,0.081,0.92,1.8,-123.57,34.82,0,5
15822.453,-1.062,0.077,0.918,-3.48,-130.28,33.48,0,5
15822.468,-1.043,0.08,0.91,-8.18,-137.73,32.44,0,5
15822.484,-1.045,0.078,0.91,-12.6,-142.16,32.11,0,5
15822.484,-1.048,0.063,0.914,-17.03,-143.5,31.74,0,5
15822.5,-1.03,0.051,0.919,-20.26,-143.77,30.4,0,5
15822.515,-1.018,0.051,0.918,-19.81,-144.08,27.74,0,5
15822.515,-1.003,0.054,0.907,-16.39,-146.03,24.87,0,5
15822.531,-0.994,0.068,0.89,-11.54,-149.6,23.5,0,5
15822.531,-1.01,0.093,0.863,-6.78,-151.25,24.81,0,5
15822.546,-1.007,0.122,0.831,-4.97,-153.23,27.19,0,5
15822.562,-0.98,0.134,0.791,-5.89,-155.77,29.51,0,5
15822.562,-0.937,0.134,0.756,-8.61,-157.75,31.98,0,5
15822.578,-0.88,0.125,0.729,-12.57,-158.85,34.39,0,5
15822.593,-0.847,0.123,0.72,-17.0,-156.44,36.07,0,5
15822.593,-0.808,0.108,0.71,-21.52,-154.39,36.23,0,5
15822.609,-0.767,0.093,0.709,-24.66,-150.49,36.56,0,5
15822.625,-0.738,0.077,0.716,-26.43,-145.7,36.93,0,5
15822.625,-0.695,0.053,0.727,-28.11,-141.06,37.63,0,5
15822.64,-0.671,0.037,0.747,-29.54,-135.93,37.87,0,5
15822.64,-0.65,0.018,0.767,-29.91,-131.96,36.71,0,5
15822.656,-0.607,0.004,0.767,-29.18,-130.44,34.94,0,5
15822.671,-0.564,-0.001,0.773,-28.11,-128.39,33.48,0,5
15822.687,-0.519,-0.007,0.788,-27.01,-124.24,31.43,0,5
15822.687,-0.475,-0.004,0.809,-27.41,-118.5,28.44,0,5
15822.703,-0.437,-0.006,0.829,-28.84,-110.23,25.18,0,5
15822.703,-0.395,-0.012,0.858,-31.5,-99.46,22.43,0,5
15822.718,-0.387,-0.018,0.915,-35.1,-84.84,20.08,0,5
15822.734,-0.395,-0.028,0.958,-37.14,-71.81,16.85,0,5
15822.734,-0.424,-0.041,0.991,-36.32,-61.95,14.62,0,5
15822.75,-0.458,-0.063,1.02,-31.4,-57.5,13.31,0,5
15822.765,-0.462,-0.066,1.042,-22.34,-61.56,11.66,0,5
15822.765,-0.47,-0.059,1.06,-10.5,-70.53,10.19,0,5
15822.781,-0.474,-0.039,1.04,0.09,-84.05,8.48,0,5
15822.781,-0.466,-0.006,0.991,6.26,-101.38,6.56,0,5
15822.796,-0.425,0.04,0.906,6.26,-120.12,4.97,0,5
15822.812,-0.385,0.08,0.819,-1.04,-135.01,4.64,0,5
15822.812,-0.339,0.086,0.747,-12.88,-144.41,4.39,0,5
15822.828,-0.286,0.085,0.695,-26.52,-149.08,3.42,0,5
15822.843,-0.241,0.064,0.647,-37.35,-147.98,2.93,0,5
15822.843,-0.195,0.031,0.618,-44.28,-141.27,3.75,0,5
15822.859,-0.159,-0.006,0.611,-45.59,-131.02,5.43,0,5
15822.875,-0.137,-0.052,0.616,-40.65,-120.21,7.02,0,5
15822.875,-0.118,-0.093,0.611,-30.09,-113.01,7.42,0,5
15822.89,-0.09,-0.108,0.585,-16.3,-110.11,6.38,0,5
15822.89,-0.064,-0.116,0.544,-1.43,-109.04,4.76,0,5
15822.906,-0.031,-0.113,0.502,12.3,-108.46,4.18,0,5
15822.921,-0.001,-0.101,0.464,25.03,-106.36,4.03,0,5
15822.937,0.057,-0.092,0.409,35.37,-104.65,3.11,0,5
15822.937,0.111,-0.051,0.368,39.31,-98.3,3.11,0,5
15822.953,0.12,-0.02,0.347,35.65,-87.07,4.43,0,5
15822.953,0.143,-0.02,0.345,25.57,-77.27,5.43,0,5
15822.968,0.152,-0.038,0.359,16.6,-68.79,6.13,0,5
15822.984,0.158,-0.073,0.368,15.53,-62.9,6.35,0,5
15822.984,0.19,-0.098,0.366,21.24,-60.12,7.02,0,5
15823.0,0.231,-0.111,0.368,31.1,-56.37,9.37,0,5
15823.015,0.248,-0.125,0.375,41.51,-49.17,12.63,0,5
15823.015,0.279,-0.134,0.373,49.68,-40.56,14.25,0,5
15823.031,0.315,-0.108,0.357,53.56,-31.56,12.73,0,5
15823.046,0.328,-0.054,0.349,48.71,-22.22,9.16,0,5
15823.046,0.313,0.005,0.367,33.33,-11.75,4.52,0,5
15823.062,0.306,0.037,0.409,11.41,-1.83,0.15,0,5
15823.062,0.294,0.046,0.47,-10.28,6.41,-1.71,0,5
15823.078,0.292,0.033,0.531,-26.7,11.9,-0.21,0,5
15823.093,0.288,0.008,0.601,-37.23,16.82,4.09,0,5
15823.109,0.276,-0.016,0.681,-41.78,20.54,9.09,0,5
15823.109,0.268,-0.042,0.738,-41.17,21.18,13.67,0,5
15823.125,0.277,-0.064,0.773,-36.74,19.07,16.3,0,5
15823.125,0.282,-0.084,0.799,-31.16,17.33,16.69,0,5
15823.14,0.287,-0.093,0.82,-26.37,15.72,14.28,0,5
15823.156,0.306,-0.096,0.832,-23.41,13.92,9.77,0,5
15823.156,0.306,-0.092,0.845,-20.87,15.75,0.46,0,5
15823.171,0.292,-0.087,0.864,-19.81,17.18,-2.59,0,5
15823.171,0.281,-0.08,0.881,-17.33,17.91,-4.46,0,5
15823.187,0.283,-0.073,0.897,-14.07,18.37,-5.22,0,5
15823.203,0.28,-0.049,0.926,-11.38,18.59,-5.52,0,5
15823.218,0.265,-0.036,0.942,-9.58,18.8,-5.74,0,5
15823.218,0.258,-0.034,0.958,-9.0,17.88,-5.49,0,5
15823.234,0.253,-0.036,0.969,-8.51,15.78,-5.28,0,5
15823.234,0.249,-0.037,0.97,-6.99,12.73,-5.07,0,5
15823.25,0.259,-0.036,0.964,-4.73,9.28,-5.22,0,5
15823.265,0.263,-0.03,0.959,-3.05,7.29,-5.07,0,5
15823.265,0.254,-0.026,0.958,-2.35,7.11,-4.79,0,5
15823.281,0.251,-0.024,0.952,-2.78,7.29,-4.91,0,5
15823.296,0.247,-0.028,0.948,-3.08,7.35,-5.16,0,5
15823.296,0.252,-0.022,0.946,-2.75,7.66,-5.31,0,5
15823.312,0.243,-0.013,0.94,-2.75,7.93,-5.89,0,5
15823.312,0.237,-0.011,0.933,-3.78,8.24,-5.95,0,5
15823.328,0.237,-0.003,0.94,-4.33,8.36,-4.55,0,5
15823.343,0.235,0.01,0.946,-4.33,9.19,-2.93,0,5
15823.343,0.232,-0.001,0.961,-5.49,10.74,-1.98,0,5
15823.359,0.224,-0.023,0.984,-7.26,12.24,-1.04,0,5
15823.375,0.221,-0.026,0.997,-7.57,11.99,-0.37,0,5
15823.375,0.219,-0.032,1.008,-6.68,11.05,-0.06,0,5
15823.39,0.226,-0.035,1.018,-5.55,10.32,-0.24,0,5
15823.39,0.209,-0.047,1.02,-4.43,10.25,-2.17,0,5
15823.406,0.21,-0.059,1.023,-4.61,8.42,-3.23,0,5
15823.421,0.206,-0.043,1.022,-4.06,6.93,-3.94,0,5
15823.421,0.203,-0.042,1.015,-3.81,5.46,-4.0,0,5
15823.437,0.198,-0.043,1.007,-4.15,4.06,-4.33,0,5
15823.453,0.203,-0.048,1.004,-4.09,3.3,-3.27,0,5
15823.453,0.203,-0.029,0.997,-2.56,3.42,-2.72,0,5
15823.468,0.197,-0.03,0.993,-1.5,4.36,-2.44,0,5
15823.484,0.197,-0.035,0.992,-2.2,5.07,-1.53,0,5
15823.484,0.191,-0.036,0.994,-2.9,5.71,-0.82,0,5
15823.5,0.193,-0.032,0.995,-3.42,5.62,-0.98,0,5
15823.5,0.192,-0.03,0.992,-4.06,5.22,-1.01,0,5
15823.515,0.188,-0.036,0.998,-4.79,5.34,-0.7,0,5
15823.531,0.19,-0.035,1.003,-5.4,5.34,-0.24,0,5
15823.546,0.184,-0.036,1.015,-6.07,6.04,0.27,0,5
15823.546,0.178,-0.041,1.021,-6.74,6.16,0.52,0,5
15823.562,0.18,-0.044,1.025,-7.02,4.7,0.49,0,5
15823.562,0.173,-0.056,1.025,-5.55,3.08,0.73,0,5
15823.578,0.176,-0.059,1.02,-2.99,1.16,1.53,0,5
15823.593,0.183,-0.058,1.012,-0.43,-0.37,2.35,0,5
15823.593,0.186,-0.058,1.005,0.76,-0.55,2.9,0,5
15823.609,0.187,-0.058,1.002,1.07,0.15,3.11,0,5
15823.609,0.189,-0.059,0.997,0.61,0.49,2.78,0,5
15823.625,0.19,-0.061,0.997,0.03,0.34,2.23,0,5
15823.64,0.193,-0.069,0.993,0.58,-0.03,1.86,0,5
15823.64,0.193,-0.067,0.986,1.59,0.15,1.34,0,5
15823.656,0.193,-0.061,0.979,2.17,1.01,0.64,0,5
15823.671,0.192,-0.057,0.977,1.89,2.04,0.21,0,5
15823.671,0.19,-0.06,0.977,1.34,2.96,-0.06,0,5
15823.687,0.188,-0.052,0.982,0.7,3.33,-0.24,0,5
15823.703,0.184,-0.046,0.984,-0.37,2.87,-0.24,0,5
15823.703,0.184,-0.053,0.988,-1.13,2.2,-0.15,0,5
15823.718,0.186,-0.052,0.988,-0.98,1.59,0.06,0,5
15823.734,0.184,-0.045,0.987,-0.58,1.43,0.06,0,5
15823.734,0.182,-0.042,0.983,-0.76,1.31,0.43,0,5
15823.75,0.181,-0.044,0.985,-0.82,1.16,0.95,0,5
15823.765,0.18,-0.044,0.99,-0.27,1.1,1.5,0,5
15823.765,0.182,-0.039,0.985,0.49,0.79,1.65,0,5
15823.781,0.182,-0.042,0.977,1.25,0.55,1.65,0,5
15823.796,0.185,-0.046,0.966,1.59,0.18,1.89,0,5
15823.796,0.189,-0.042,0.957,1.89,0.55,1.95,0,5
15823.812,0.187,-0.037,0.956,0.98,1.62,1.77,0,5
15823.812,0.185,-0.038,0.956,-1.34,2.59,1.34,0,5
15823.828,0.181,-0.043,0.964,-3.27,3.66,1.16,0,5
15823.843,0.175,-0.047,0.968,-3.88,3.94,1.34,0,5
15823.843,0.18,-0.054,0.97,-3.14,3.36,1.86,0,5
15823.859,0.184,-0.059,0.971,-1.86,2.72,2.29,0,5
15823.875,0.182,-0.058,0.969,-1.71,2.99,2.29,0,5
15823.875,0.181,-0.062,0.97,-2.69,3.85,1.89,0,5
15823.89,0.177,-0.072,0.971,-2.96,3.63,1.46,0,5
15823.89,0.171,-0.069,0.969,-2.29,2.47,1.28,0,5
15823.906,0.17,-0.065,0.959,-1.53,1.4,1.19,0,5
15823.921,0.175,-0.066,0.947,-1.07,1.07,0.92,0,5
15823.921,0.173,-0.073,0.934,-0.24,1.5,0.85,0,5
15823.937,0.174,-0.075,0.916,0.46,1.74,0.85,0,5
15823.953,0.175,-0.067,0.89,1.56,1.71,0.37,0,5
15823.953,0.168,-0.061,0.865,2.08,1.77,-0.03,0,5
15823.968,0.16,-0.06,0.84,2.2,1.74,0.0,0,5
15823.984,0.15,-0.062,0.813,3.54,1.16,0.03,0,5
15823.984,0.148,-0.073,0.775,7.45,-0.89,-0.03,0,5
15824.0,0.153,-0.067,0.727,12.85,-4.27,-0.31,0,5
15824.015,0.176,-0.059,0.676,18.65,-7.87,-0.09,0,5
15824.015,0.234,-0.042,0.634,22.68,-10.01,0.89,0,5
15824.031,0.254,-0.02,0.626,22.46,-3.94,2.69,0,5
15824.031,0.254,-0.007,0.654,14.74,10.44,4.58,0,5
15824.046,0.24,-0.01,0.744,-0.09,27.25,5.22,0,5
15824.062,0.213,-0.039,0.855,-15.29,41.66,3.88,0,5
15824.078,0.188,-0.061,0.968,-26.49,51.33,1.83,0,5
15824.078,0.16,-0.066,1.096,-32.5,57.53,0.73,0,5
15824.093,0.11,-0.058,1.243,-35.34,59.24,1.07,0,5
15824.093,0.063,-0.053,1.432,-38.45,54.6,3.3,0,5
15824.109,0.021,-0.077,1.606,-42.79,42.88,6.13,0,5
15824.125,-0.008,-0.091,1.756,-47.0,29.08,8.36,0,5
15824.125,-0.028,-0.12,1.882,-48.34,17.73,9.28,0,5
15824.14,-0.028,-0.151,1.997,-48.59,8.82,9.19,0,5
15824.14,-0.04,-0.176,2.105,-44.16,-2.11,9.7,0,5
15824.156,-0.078,-0.21,2.211,-40.25,-5.16,10.22,0,5
15824.171,-0.089,-0.256,2.311,-38.45,-9.19,9.7,0,5
15824.171,-0.182,-0.304,2.516,-38.21,-15.66,8.18,0,5
15824.187,-0.218,-0.353,2.597,-38.45,-29.3,5.22,0,5
15824.203,-0.254,-0.394,2.661,-36.93,-46.14,2.41,0,5
15824.203,-0.301,-0.438,2.705,-31.98,-64.42,-0.85,0,5
15824.218,-0.336,-0.463,2.698,-25.03,-87.56,-6.04,0,5
15824.234,-0.369,-0.466,2.633,-15.81,-114.02,-12.24,0,5
15824.234,-0.422,-0.448,2.521,-4.82,-140.69,-17.82,0,5
15824.25,-0.448,-0.421,2.388,6.87,-165.35,-21.79,0,5
15824.265,-0.441,-0.396,2.235,19.84,-186.38,-23.87,0,5
15824.265,-0.433,-0.36,2.085,33.45,-202.19,-24.93,0,5
15824.281,-0.433,-0.328,1.926,46.82,-214.3,-25.85,0,5
15824.296,-0.414,-0.271,1.76,58.32,-226.78,-27.16,0,5
15824.296,-0.413,-0.21,1.563,67.63,-238.69,-28.84,0,5
15824.312,-0.414,-0.141,1.376,71.63,-248.42,-30.43,0,5
15824.312,-0.377,-0.067,1.202,68.42,-256.6,-31.65,0,5
15824.328,-0.336,0.016,1.036,57.71,-259.87,-32.11,0,5
15824.343,-0.306,0.083,0.898,40.47,-257.64,-32.23,0,5
15824.343,-0.253,0.127,0.799,19.04,-252.97,-32.81,0,5
15824.359,-0.224,0.159,0.724,-1.86,-247.2,-34.42,0,5
15824.375,-0.184,0.169,0.665,-20.2,-242.1,-36.41,0,5
15824.375,-0.145,0.182,0.61,-35.43,-236.92,-38.33,0,5
15824.39,-0.124,0.2,0.547,-47.61,-231.82,-41.2,0,5
15824.39,-0.096,0.205,0.497,-56.58,-227.94,-44.92,0,5
15824.406,-0.087,0.213,0.448,-62.87,-224.13,-48.74,0,5
15824.421,-0.095,0.223,0.4,-68.12,-221.69,-51.33,0,5
15824.421,-0.046,0.246,0.342,-69.73,-221.96,-54.29,0,5
15824.437,-0.023,0.257,0.265,-65.68,-221.93,-57.5,0,5
15824.453,0.013,0.247,0.181,-61.65,-221.93,-58.41,0,5
15824.453,0.062,0.252,0.105,-58.26,-221.08,-56.89,0,5
15824.468,0.094,0.252,0.024,-54.78,-216.07,-55.3,0,5
15824.484,0.138,0.254,-0.06,-55.36,-209.63,-53.56,0,5
15824.484,0.168,0.258,-0.131,-60.52,-202.09,-51.55,0,5
15824.5,0.187,0.257,-0.188,-67.45,-191.6,-50.9,0,5
15824.5,0.214,0.242,-0.239,-74.68,-182.16,-51.48,0,5
15824.515,0.27,0.231,-0.319,-82.43,-174.78,-51.33,0,5
15824.531,0.334,0.243,-0.405,-93.75,-170.48,-51.79,0,5
15824.546,0.408,0.227,-0.447,-104.83,-167.36,-52.67,0,5
15824.546,0.469,0.222,-0.468,-112.58,-160.71,-52.86,0,5
15824.562,0.503,0.207,-0.439,-115.39,-148.5,-52.95,0,5
15824.578,0.543,0.14,-0.394,-108.34,-136.75,-53.59,0,5
15824.578,0.554,0.088,-0.371,-88.63,-128.18,-53.01,0,5
15824.593,0.588,0.065,-0.382,-57.8,-123.75,-48.74,0,5
15824.609,0.655,0.115,-0.409,-23.1,-121.19,-44.59,0,5
15824.609,0.684,0.135,-0.454,7.6,-117.4,-38.0,0,5
15824.625,0.711,0.165,-0.511,28.72,-113.8,-29.79,0,5
15824.625,0.744,0.225,-0.566,38.73,-108.49,-22.37,0,5
15824.64,0.768,0.26,-0.614,36.16,-100.28,-15.75,0,5
15824.656,0.823,0.288,-0.638,18.28,-91.01,-9.89,0,5
15824.656,0.867,0.303,-0.634,-9.92,-81.64,-6.2,0,5
15824.671,0.879,0.281,-0.602,-39.98,-73.89,-4.76,0,5
15824.671,0.887,0.239,-0.579,-64.94,-70.13,-4.94,0,5
15824.687,0.891,0.186,-0.563,-81.61,-70.44,-4.18,0,5
15824.703,0.903,0.144,-0.548,-90.3,-73.09,-1.4,0,5
15824.718,0.91,0.118,-0.522,-93.51,-75.38,3.08,0,5
15824.718,0.914,0.079,-0.516,-91.37,-76.82,6.71,0,5
15824.734,0.894,0.027,-0.515,-86.49,-76.82,8.33,0,5
15824.734,0.962,0.009,-0.473,-79.74,-77.03,9.92,0,5
15824.75,0.988,0.008,-0.476,-61.25,-71.05,6.04,0,5
15824.765,0.888,-0.057,-0.502,-41.6,-64.7,3.08,0,5
15824.765,0.959,-0.066,-0.493,-26.67,-64.49,3.33,0,5
15824.781,0.92,-0.011,-0.514,-6.59,-60.0,2.9,0,5
15824.796,0.945,0.0,-0.542,10.35,-59.21,0.4,0,5
15824.796,0.997,0.02,-0.567,22.34,-55.94,-0.52,0,5
15824.812,0.987,0.076,-0.597,33.33,-45.05,-2.08,0,5
15824.812,0.989,0.108,-0.599,34.76,-35.89,-3.81,0,5
15824.828,0.966,0.122,-0.579,28.11,-30.09,-3.91,0,5
15824.843,0.937,0.13,-0.543,20.72,-25.91,-1.98,0,5
15824.843,0.941,0.123,-0.485,15.63,-27.13,0.85,0,5
15824.859,0.933,0.085,-0.427,17.82,-31.83,4.0,0,5
15824.875,0.932,0.07,-0.388,26.34,-39.09,8.06,0,5
15824.875,0.908,0.084,-0.389,36.9,-49.75,11.17,0,5
15824.89,0.886,0.081,-0.41,42.33,-61.62,15.2,0,5
15824.89,0.89,0.072,-0.432,38.73,-72.76,20.23,0,5
15824.906,0.929,0.073,-0.466,29.73,-80.42,23.62,0,5
15824.921,0.945,0.05,-0.558,19.5,-81.58,25.73,0,5
15824.937,0.989,0.034,-0.589,6.9,-73.61,28.38,0,5
15824.937,1.012,0.006,-0.572,2.08,-57.77,30.49,0,5
15824.953,1.002,-0.041,-0.583,3.2,-40.77,32.56,0,5
15824.953,1.01,-0.072,-0.587,4.64,-24.6,34.15,0,5
15824.968,1.011,-0.105,-0.564,5.71,-9.16,33.78,0,5
15824.984,1.011,-0.155,-0.519,6.5,4.43,30.15,0,5
15824.984,1.015,-0.19,-0.464,7.57,15.72,23.87,0,5
15825.0,1.008,-0.2,-0.417,10.25,24.51,15.87,0,5
15825.015,0.996,-0.19,-0.378,12.88,29.66,6.87,0,5
15825.015,0.983,-0.164,-0.342,15.41,31.74,-1.68,0,5
15825.031,0.97,-0.136,-0.298,17.98,32.26,-7.39,0,5
15825.031,0.968,-0.094,-0.267,19.04,32.87,-10.65,0,5
15825.046,0.968,-0.067,-0.237,17.49,34.52,-12.21,0,5
15825.062,0.959,-0.064,-0.202,13.28,35.0,-12.67,0,5
15825.062,0.954,-0.063,-0.169,8.12,32.84,-12.02,0,5
15825.078,0.947,-0.066,-0.146,4.61,28.78,-10.62,0,5
15825.093,0.943,-0.065,-0.13,2.96,23.53,-9.13,0,5
15825.093,0.935,-0.06,-0.125,2.53,17.91,-8.03,0,5
15825.109,0.939,-0.049,-0.128,3.42,13.25,-7.54,0,5
15825.125,0.954,-0.043,-0.137,3.94,10.93,-7.23,0,5
15825.125,0.982,-0.05,-0.143,4.03,11.57,-5.71,0,5
15825.14,0.981,-0.057,-0.146,4.55,11.41,-4.58,0,5
15825.14,0.977,-0.063,-0.143,4.61,11.51,-3.88,0,5
15825.156,0.973,-0.062,-0.136,3.57,11.63,-3.97,0,5
15825.171,0.977,-0.068,-0.119,1.8,11.02,-4.73,0,5
15825.187,0.98,-0.07,-0.108,0.85,10.35,-5.8,0,5
15825.187,0.981,-0.066,-0.098,1.46,9.34,-6.99,0,5
15825.203,0.981,-0.057,-0.103,2.44,7.87,-8.33,0,5
15825.203,0.985,-0.041,-0.112,2.56,6.01,-9.58,0,5
15825.218,0.983,-0.028,-0.116,2.62,4.49,-10.74,0,5
15825.234,0.975,-0.029,-0.124,2.99,2.96,-11.47,0,5
15825.234,0.987,-0.023,-0.121,4.55,1.5,-11.57,0,5
15825.25,0.987,-0.02,-0.119,8.76,2.11,-11.44,0,5
15825.265,0.98,-0.023,-0.116,14.31,3.36,-10.44,0,5
15825.265,0.976,-0.02,-0.112,21.09,3.6,-9.46,0,5
15825.281,0.97,-0.006,-0.12,27.59,2.9,-8.12,0,5
15825.281,0.975,0.017,-0.13,30.64,2.08,-6.71,0,5
15825.296,0.982,0.037,-0.143,28.87,1.56,-5.62,0,5
15825.312,0.981,0.041,-0.154,22.49,0.64,-5.1,0,5
15825.312,0.975,0.037,-0.16,14.07,-0.92,-5.1,0,5
15825.328,0.978,0.034,-0.168,5.49,-3.17,-5.04,0,5
15825.343,0.983,0.021,-0.17,-1.13,-5.19,-4.94,0,5
15825.343,0.985,0.01,-0.17,-4.36,-6.2,-4.91,0,5
15825.359,0.99,0.005,-0.179,-4.15,-5.46,-5.13,0,5
15825.375,0.992,0.002,-0.189,-1.83,-3.23,-5.25,0,5
15825.375,0.989,-0.002,-0.2,0.7,-0.06,-5.25,0,5
15825.39,0.987,-0.004,-0.209,2.66,1.95,-5.52,0,5
15825.39,0.99,-0.003,-0.213,3.88,3.3,-5.86,0,5
15825.406,0.989,0.005,-0.211,4.55,4.12,-6.26,0,5
15825.421,0.986,0.015,-0.213,5.74,3.94,-6.41,0,5
15825.421,0.983,0.026,-0.214,6.65,4.06,-6.26,0,5
15825.437,0.981,0.034,-0.218,7.48,4.39,-5.34,0,5
15825.453,0.975,0.038,-0.229,7.66,5.28,-3.45,0,5
15825.453,0.98,0.036,-0.231,5.74,6.26,-1.43,0,5
15825.468,0.987,0.029,-0.232,2.23,7.17,-0.15,0,5
15825.484,0.998,0.018,-0.224,-2.32,8.39,0.03,0,5
15825.484,0.998,0.002,-0.224,-6.78,8.79,-0.06,0,5
15825.5,0.993,-0.017,-0.22,-10.99,7.9,0.09,0,5
15825.515,0.984,-0.019,-0.227,-14.8,6.13,-0.24,0,5
15825.515,0.969,-0.031,-0.239,-17.7,3.75,-1.53,0,5
15825.531,0.962,-0.042,-0.242,-18.98,2.29,-2.56,0,5
15825.546,0.968,-0.043,-0.254,-17.4,2.23,-3.33,0,5
15825.546,0.978,-0.045,-0.259,-14.31,3.75,-3.85,0,5
15825.562,0.984,-0.042,-0.247,-10.5,6.93,-4.49,0,5
15825.562,0.99,-0.027,-0.244,-6.13,11.26,-5.55,0,5
15825.578,0.985,-0.011,-0.236,-2.5,15.9,-6.53,0,5
15825.593,0.978,0.005,-0.223,-1.13,18.92,-6.74,0,5
15825.593,0.968,0.002,-0.21,-0.98,20.14,-6.71,0,5
15825.609,0.964,-0.001,-0.196,-1.83,20.26,-6.62,0,5
15825.625,0.98,0.012,-0.182,-3.88,19.9,-7.2,0,5
15825.625,0.985,0.012,-0.164,-5.8,20.2,-8.18,0,5
15825.64,0.977,0.017,-0.149,-6.99,20.51,-9.09,0,5
15825.64,0.971,0.024,-0.139,-7.23,20.11,-9.86,0,5
15825.656,0.968,0.024,-0.14,-5.92,19.38,-9.98,0,5
15825.671,0.968,0.036,-0.139,-3.05,18.83,-9.4,0,5
15825.671,0.966,0.05,-0.144,0.58,18.71,-8.03,0,5
15825.687,0.97,0.061,-0.156,3.88,19.04,-6.26,0,5
15825.703,0.965,0.06,-0.16,6.74,19.17,-4.3,0,5
15825.703,0.965,0.048,-0.161,9.25,18.92,-1.86,0,5
15825.718,0.968,0.037,-0.164,11.63,18.89,0.31,0,5
15825.734,0.98,0.022,-0.166,12.91,18.8,1.04,0,5
15825.734,0.979,0.028,-0.17,12.63,19.2,0.61,0,5
15825.75,0.977,0.03,-0.166,10.25,19.93,-0.37,0,5
15825.75,0.978,0.036,-0.162,6.56,20.69,-1.16,0,5
15825.765,0.971,0.036,-0.159,3.48,20.97,-0.92,0,5
15825.781,0.964,0.029,-0.158,1.83,20.45,-0.03,0,5
15825.781,0.965,0.026,-0.158,1.74,19.62,0.92,0,5
15825.796,0.961,0.02,-0.161,2.84,19.56,1.77,0,5
15825.812,0.96,0.017,-0.165,4.73,19.75,2.04,0,5
15825.812,0.955,0.023,-0.177,6.81,20.11,1.71,0,5
15825.828,0.956,0.041,-0.199,7.57,20.29,0.95,0,5
15825.843,0.953,0.062,-0.214,7.35,20.69,0.73,0,5
15825.843,0.944,0.074,-0.227,6.87,22.13,1.25,0,5
15825.859,0.939,0.091,-0.234,6.96,24.48,1.86,0,5
15825.875,0.932,0.116,-0.233,7.17,26.8,2.47,0,5
15825.875,0.933,0.135,-0.228,7.69,30.43,4.27,0,5
15825.89,0.944,0.152,-0.219,8.94,34.3,7.32,0,5
15825.906,0.928,0.173,-0.213,11.11,37.84,11.23,0,5
15825.906,0.897,0.184,-0.204,14.16,40.28,15.9,0,5
15825.921,0.858,0.187,-0.206,18.52,40.68,21.33,0,5
15825.921,0.82,0.19,-0.223,22.43,38.61,28.41,0,5
15825.937,0.793,0.188,-0.248,24.41,34.76,36.71,0,5
15825.953,0.795,0.18,-0.268,24.14,30.98,45.2,0,5
15825.953,0.814,0.172,-0.287,22.03,29.33,52.19,0,5
15825.968,0.822,0.165,-0.302,19.23,30.15,57.19,0,5
15825.984,0.827,0.162,-0.3,16.48,32.23,60.67,0,5
15825.984,0.81,0.154,-0.297,15.5,34.79,64.06,0,5
15826.0,0.759,0.14,-0.293,17.52,37.2,68.42,0,5
15826.015,0.709,0.138,-0.274,21.79,39.7,74.01,0,5
15826.015,0.66,0.098,-0.24,28.66,42.79,80.87,0,5
15826.031,0.627,-0.009,-0.236,39.86,44.43,92.1,0,5
15826.046,0.613,-0.071,-0.227,53.19,46.6,105.59,0,5
15826.046,0.617,-0.095,-0.218,65.98,51.06,114.41,0,5
15826.062,0.632,-0.126,-0.208,73.73,58.14,116.98,0,5
15826.062,0.621,-0.143,-0.195,76.85,68.82,114.78,0,5
15826.078,0.584,-0.141,-0.158,77.52,80.32,109.81,0,5
15826.093,0.525,-0.129,-0.113,77.24,89.42,103.85,0,5
15826.093,0.465,-0.122,-0.077,76.85,96.35,99.49,0,5
15826.109,0.412,-0.123,-0.045,76.39,103.79,99.34,0,5
15826.125,0.354,-0.15,-0.004,77.88,101.6,101.5,0,5
15826.125,0.353,-0.193,0.051,83.13,96.77,104.8,0,5
15826.14,0.385,-0.255,0.07,91.65,95.28,107.67,0,5
15826.156,0.405,-0.326,0.098,101.81,94.33,105.41,0,5
15826.156,0.404,-0.324,0.105,111.88,95.37,98.45,0,5
15826.171,0.389,-0.299,0.117,119.48,99.98,88.56,0,5
15826.171,0.362,-0.272,0.125,126.22,105.44,77.24,0,5
15826.187,0.338,-0.25,0.127,131.96,109.53,66.77,0,5
15826.203,0.317,-0.217,0.136,136.51,114.29,58.05,0,5
15826.203,0.297,-0.181,0.157,139.44,121.19,51.03,0,5
15826.218,0.285,-0.167,0.188,141.12,128.27,45.44,0,5
15826.234,0.292,-0.178,0.224,140.54,133.88,42.63,0,5
15826.234,0.336,-0.183,0.233,137.88,135.87,42.51,0,5
15826.25,0.368,-0.143,0.229,132.39,135.62,43.18,0,5
15826.265,0.314,-0.124,0.252,123.69,137.21,43.79,0,5
15826.265,0.265,-0.155,0.287,112.31,140.05,42.09,0,5
15826.281,0.224,-0.187,0.358,102.88,144.08,38.7,0,5
15826.281,0.241,-0.207,0.424,99.43,147.25,33.33,0,5
15826.296,0.322,-0.193,0.466,98.88,148.81,26.0,0,5
15826.312,0.379,-0.164,0.484,98.79,151.07,18.49,0,5
15826.312,0.345,-0.153,0.502,98.3,153.81,11.29,0,5
15826.328,0.267,-0.179,0.546,98.7,155.49,6.47,0,5
15826.343,0.222,-0.223,0.597,101.05,153.81,3.36,0,5
15826.343,0.246,-0.251,0.614,106.78,148.08,-2.17,0,5
15826.359,0.334,-0.202,0.603,111.45,140.93,-10.59,0,5
15826.375,0.358,-0.155,0.579,111.85,137.21,-19.81,0,5
15826.39,0.306,-0.181,0.577,107.94,137.46,-29.02,0,5
15826.39,0.264,-0.215,0.603,103.24,137.73,-37.75,0,5
15826.39,0.216,-0.266,0.601,107.33,136.57,-47.79,0,5
15826.406,0.149,-0.314,0.599,121.13,135.81,-60.34,0,5
15826.421,0.126,-0.301,0.614,139.59,138.92,-75.38,0,5
15826.421,0.145,-0.219,0.613,156.35,147.01,-92.75,0,5
15826.437,0.105,-0.13,0.63,165.53,161.5,-109.2,0,5
15826.453,-0.006,-0.097,0.674,170.66,176.21,-122.71,0,5
15826.453,-0.108,-0.069,0.715,177.62,181.86,-133.09,0,5
15826.468,-0.187,0.001,0.729,191.78,178.56,-141.76,0,5
15826.484,-0.315,0.119,0.687,207.22,169.19,-151.8,0,5
15826.484,-0.41,0.339,0.665,209.02,161.08,-165.07,0,5
15826.5,-0.463,0.61,0.664,189.09,159.86,-180.18,0,5
15826.515,-0.534,0.779,0.69,147.34,166.11,-190.31,0,5
15826.515,-0.606,0.783,0.774,93.51,174.35,-190.92,0,5
15826.531,-0.67,0.705,0.91,48.59,179.24,-185.89,0,5
15826.546,-0.723,0.63,1.038,32.47,179.66,-180.82,0,5
15826.546,-0.746,0.586,1.11,49.81,177.34,-179.66,0,5
15826.562,-0.795,0.555,1.11,92.84,176.37,-181.55,0,5
15826.562,-0.843,0.586,1.066,145.12,178.81,-184.09,0,5
15826.578,-0.866,0.647,1.005,190.56,186.16,-185.58,0,5
15826.593,-0.871,0.722,0.967,217.72,198.22,-186.53,0,5
15826.593,-0.934,0.86,0.94,223.12,213.26,-189.79,0,5
15826.609,-1.046,0.98,0.923,207.19,225.56,-194.83,0,5
15826.625,-1.124,1.029,0.931,172.73,230.69,-196.69,0,5
15826.625,-1.197,1.08,0.971,127.63,230.57,-194.95,0,5
15826.64,-1.23,1.106,1.035,83.59,225.38,-190.8,0,5
15826.656,-1.248,1.046,1.092,49.29,216.59,-185.09,0,5
15826.656,-1.285,0.964,1.141,28.44,209.54,-177.22,0,5
15826.671,-1.302,0.913,1.179,19.47,206.37,-168.34,0,5
15826.671,-1.278,0.875,1.202,14.62,207.28,-162.11,0,5
15826.687,-1.3,0.819,1.2,13.64,211.07,-161.84,0,5
15826.703,-1.297,0.744,1.212,15.9,215.74,-164.1,0,5
15826.718,-1.247,0.703,1.235,20.42,222.66,-166.23,0,5
15826.718,-1.292,0.665,1.226,24.11,230.08,-165.96,0,5
15826.734,-1.364,0.639,1.214,26.52,230.81,-164.68,0,5
15826.734,-1.437,0.654,1.212,29.02,222.66,-161.81,0,5
15826.75,-1.476,0.66,1.194,33.14,206.27,-154.88,0,5
15826.765,-1.464,0.64,1.155,38.42,183.51,-146.98,0,5
15826.765,-1.394,0.61,1.085,46.57,159.4,-141.64,0,5
15826.781,-1.33,0.589,0.994,57.19,139.44,-140.08,0,5
15826.796,-1.29,0.588,0.899,67.05,125.92,-140.87,0,5
15826.796,-1.271,0.604,0.81,72.33,118.99,-142.0,0,5
15826.812,-1.282,0.623,0.733,71.75,118.47,-142.52,0,5
15826.812,-1.299,0.679,0.667,60.15,121.56,-142.22,0,5
15826.828,-1.306,0.74,0.613,32.65,125.19,-138.4,0,5
15826.843,-1.292,0.752,0.581,-6.07,127.78,-132.15,0,5
15826.859,-1.284,0.714,0.595,-45.2,129.61,-125.31,0,5
15826.859,-1.295,0.651,0.626,-73.61,129.34,-118.35,0,5
15826.875,-1.297,0.585,0.653,-89.08,124.39,-108.68,0,5
15826.875,-1.285,0.535,0.673,-90.7,115.36,-97.05,0,5
15826.89,-1.238,0.491,0.683,-80.14,103.21,-84.41,0,5
15826.89,-1.172,0.458,0.683,-61.74,91.4,-72.21,0,5
15826.906,-1.118,0.444,0.671,-39.19,82.95,-61.46,0,5
15826.921,-1.093,0.436,0.653,-18.19,77.67,-51.7,0,5
15826.937,-1.086,0.424,0.633,-2.29,74.22,-42.91,0,5
15826.937,-1.087,0.402,0.614,9.34,70.31,-35.43,0,5
15826.953,-1.078,0.391,0.584,17.3,64.49,-29.33,0,5
15826.953,-1.064,0.384,0.554,22.1,57.74,-24.48,0,5
15826.968,-1.061,0.363,0.525,25.27,50.94,-19.87,0,5
15826.984,-1.049,0.334,0.499,27.53,44.01,-15.29,0,5
15826.984,-1.032,0.287,0.469,30.76,36.93,-10.62,0,5
15827.0,-1.023,0.247,0.427,35.43,30.88,-6.29,0,5
15827.015,-1.002,0.222,0.375,39.89,26.52,-2.59,0,5
15827.015,-0.981,0.217,0.346,41.35,24.38,-0.21,0,5
15827.031,-0.947,0.233,0.499,33.91,23.93,0.64,0,5
15827.046,-1.014,0.253,0.735,12.05,22.71,-3.3,0,5
15827.046,-1.051,0.289,0.924,-12.27,14.19,-9.34,0,5
15827.062,-1.075,0.327,0.93,-31.92,-6.53,-12.15,0,5
15827.062,-1.083,0.276,0.806,-48.8,-33.36,-11.29,0,5
15827.078,-1.035,0.135,0.615,-55.85,-57.83,-8.33,0,5
15827.093,-0.956,-0.023,0.447,-47.79,-71.26,-4.85,0,5
15827.093,-0.905,-0.103,0.3,-9.74,-53.77,0.37,0,5
15827.109,-0.861,-0.11,0.179,7.11,-29.05,0.58,0,5
15827.125,-0.805,-0.064,0.109,19.84,0.98,-5.13,0,5
15827.125,-0.856,-0.005,0.079,26.76,28.17,-8.0,0,5
15827.14,-0.88,0.035,0.083,34.3,47.79,-10.65,0,5
15827.156,-0.918,0.08,0.082,42.6,59.76,-16.97,0,5
15827.156,-0.945,0.072,0.078,44.16,65.1,-21.58,0,5
15827.171,-0.955,0.107,0.098,37.63,66.71,-22.19,0,5
15827.171,-0.996,0.17,0.118,24.63,65.74,-23.07,0,5
15827.187,-1.038,0.164,0.143,6.62,58.72,-21.64,0,5
15827.203,-1.054,0.124,0.18,-11.87,44.04,-16.05,0,5
15827.203,-1.037,0.114,0.196,-25.51,24.17,-9.89,0,5
15827.218,-1.012,0.118,0.186,-33.42,5.13,-7.42,0,5
15827.234,-0.994,0.099,0.158,-39.86,-9.49,-7.26,0,5
15827.234,-0.965,0.091,0.138,-46.48,-18.07,-7.97,0,5
15827.25,-0.953,0.095,0.135,-51.61,-19.81,-8.7,0,5
15827.265,-0.958,0.091,0.132,-55.18,-17.91,-8.94,0,5
15827.265,-0.965,0.092,0.145,-58.38,-13.15,-8.61,0,5
15827.281,-0.992,0.089,0.185,-60.46,-5.89,-8.18,0,5
15827.281,-1.0,0.089,0.245,-61.19,0.82,-7.23,0,5
15827.296,-1.004,0.096,0.313,-59.88,6.65,-5.19,0,5
15827.312,-1.028,0.096,0.381,-56.43,10.74,-1.68,0,5
15827.328,-1.04,0.089,0.441,-50.87,10.59,1.95,0,5
15827.328,-1.046,0.086,0.491,-43.31,5.52,4.97,0,5
15827.343,-1.065,0.099,0.524,-35.04,-1.83,6.99,0,5
15827.343,-1.084,0.129,0.547,-28.72,-10.86,6.59,0,5
15827.359,-1.089,0.154,0.561,-24.66,-20.29,5.77,0,5
15827.375,-1.086,0.17,0.582,-22.06,-27.95,6.01,0,5
15827.375,-1.095,0.188,0.597,-20.23,-34.12,7.81,0,5
15827.39,-1.106,0.199,0.595,-20.69,-41.05,10.74,0,5
15827.406,-1.104,0.194,0.599,-23.26,-48.07,14.31,0,5
15827.406,-1.107,0.198,0.613,-25.88,-52.95,16.69,0,5
15827.421,-1.122,0.222,0.622,-29.05,-57.28,17.03,0,5
15827.437,-1.13,0.233,0.635,-33.36,-62.78,17.67,0,5
15827.437,-1.146,0.237,0.66,-36.68,-68.73,20.51,0,5
15827.453,-1.159,0.222,0.686,-35.86,-76.02,25.21,0,5
15827.453,-1.18,0.2,0.705,-30.73,-82.22,30.49,0,5
15827.468,-1.184,0.187,0.712,-23.9,-87.65,35.46,0,5
15827.484,-1.176,0.175,0.714,-17.27,-92.23,39.22,0,5
15827.484,-1.177,0.177,0.722,-12.51,-95.34,42.18,0,5
15827.5,-1.177,0.184,0.726,-10.44,-98.76,44.07,0,5
15827.515,-1.184,0.18,0.726,-9.98,-103.06,45.99,0,5
15827.515,-1.198,0.172,0.73,-10.56,-107.88,48.74,0,5
15827.531,-1.195,0.178,0.73,-11.17,-112.58,50.63,0,5
15827.531,-1.196,0.17,0.73,-12.42,-116.52,51.91,0,5
15827.546,-1.214,0.165,0.741,-15.02,-118.75,52.83,0,5
15827.562,-1.222,0.164,0.755,-17.58,-121.13,53.01,0,5
15827.578,-1.22,0.155,0.759,-18.19,-125.25,52.8,0,5
15827.578,-1.234,0.15,0.745,-16.3,-130.8,52.37,0,5
15827.593,-1.232,0.157,0.722,-13.55,-138.0,51.76,0,5
15827.593,-1.217,0.175,0.694,-11.75,-145.18,51.64,0,5
15827.609,-1.197,0.193,0.666,-12.54,-148.78,52.13,0,5
15827.625,-1.17,0.189,0.648,-15.78,-149.72,52.43,0,5
15827.625,-1.146,0.177,0.638,-19.35,-148.75,53.35,0,5
15827.64,-1.142,0.167,0.637,-21.55,-146.0,54.35,0,5
15827.656,-1.14,0.153,0.636,-21.88,-142.95,54.87,0,5
15827.656,-1.131,0.148,0.64,-21.88,-140.6,54.45,0,5
15827.671,-1.114,0.144,0.648,-22.71,-140.54,54.69,0,5
15827.671,-1.082,0.153,0.66,-23.32,-140.45,55.48,0,5
15827.687,-1.051,0.15,0.664,-23.29,-138.8,54.96,0,5
15827.703,-1.038,0.145,0.66,-24.66,-136.72,52.89,0,5
15827.703,-1.011,0.155,0.654,-27.74,-135.78,49.62,0,5
15827.718,-0.992,0.167,0.646,-30.79,-134.65,46.05,0,5
15827.734,-0.971,0.173,0.645,-33.17,-133.7,43.73,0,5
15827.734,-0.949,0.183,0.654,-35.16,-131.96,42.63,0,5
15827.75,-0.931,0.177,0.663,-35.52,-130.68,42.45,0,5
15827.765,-0.921,0.163,0.665,-34.58,-129.8,42.97,0,5
15827.765,-0.892,0.157,0.662,-32.47,-130.34,43.4,0,5
15827.781,-0.855,0.154,0.654,-29.21,-130.95,43.7,0,5
15827.781,-0.83,0.16,0.641,-26.09,-130.22,43.73,0,5
15827.796,-0.802,0.167,0.628,-25.64,-128.82,43.09,0,5
15827.812,-0.772,0.168,0.628,-27.89,-126.59,41.9,0,5
15827.812,-0.757,0.168,0.632,-31.65,-123.51,40.25,0,5
15827.828,-0.736,0.152,0.635,-34.61,-121.98,38.45,0,5
15827.843,-0.693,0.139,0.63,-34.58,-121.92,37.39,0,5
15827.859,-0.659,0.139,0.628,-32.38,-120.12,37.9,0,5
15827.859,-0.636,0.136,0.622,-30.34,-116.95,38.18,0,5
15827.875,-0.6,0.14,0.638,-29.94,-112.64,37.84,0,5
15827.875,-0.582,0.135,0.659,-30.49,-108.04,36.53,0,5
15827.89,-0.564,0.113,0.676,-29.91,-104.89,35.13,0,5
15827.906,-0.525,0.104,0.68,-27.31,-103.89,34.24,0,5
15827.906,-0.496,0.111,0.696,-24.72,-101.26,34.46,0,5
15827.921,-0.483,0.11,0.699,-24.26,-97.78,33.94,0,5
15827.937,-0.432,0.109,0.723,-26.89,-95.22,32.44,0,5
15827.937,-0.433,0.109,0.758,-29.36,-90.4,30.52,0,5
15827.953,-0.428,0.097,0.793,-31.31,-87.1,28.38,0,5
15827.953,-0.383,0.087,0.815,-31.22,-86.58,27.34,0,5
15827.968,-0.361,0.094,0.85,-29.6,-84.87,27.44,0,5
15827.984,-0.38,0.099,0.874,-28.02,-82.92,26.49,0,5
15827.984,-0.377,0.083,0.88,-25.94,-84.63,23.8,0,5
15828.0,-0.357,0.085,0.881,-22.19,-87.62,21.39,0,5
15828.015,-0.348,0.11,0.872,-18.37,-89.39,19.78,0,5
15828.015,-0.302,0.123,0.848,-16.14,-91.07,19.07,0,5
15828.031,-0.286,0.132,0.841,-16.39,-89.6,19.81,0,5
15828.031,-0.267,0.135,0.829,-18.1,-88.14,20.42,0,5
15828.046,-0.264,0.144,0.836,-21.55,-85.33,20.75,0,5
15828.062,-0.264,0.128,0.824,-23.35,-84.32,20.2,0,5
15828.078,-0.245,0.117,0.815,-22.61,-84.38,21.03,0,5
15828.078,-0.223,0.109,0.783,-14.62,-85.67,24.99,0,5
15828.093,-0.176,0.112,0.748,-13.34,-84.38,26.83,0,5
15828.093,-0.132,0.119,0.716,-15.53,-81.24,28.05,0,5
15828.109,-0.116,0.076,0.698,-18.62,-78.77,28.17,0,5
15828.125,-0.096,0.056,0.684,-21.18,-77.97,27.47,0,5
15828.125,-0.089,0.038,0.662,-21.82,-77.33,26.67,0,5
15828.14,-0.057,0.014,0.62,-19.87,-77.76,26.43,0,5
15828.14,-0.019,-0.004,0.588,-17.3,-76.45,26.92,0,5
15828.156,-0.012,-0.036,0.56,-14.16,-72.91,26.8,0,5
15828.171,0.007,-0.065,0.522,-10.19,-69.95,25.27,0,5
15828.171,0.019,-0.078,0.485,-4.82,-66.44,23.01,0,5
15828.187,0.039,-0.092,0.435,1.86,-63.48,20.87,0,5
15828.203,0.102,-0.079,0.392,5.83,-59.51,18.92,0,5
15828.203,0.153,-0.06,0.383,4.76,-48.46,17.37,0,5
15828.218,0.153,-0.056,0.401,-0.98,-32.75,14.86,0,5
15828.234,0.154,-0.051,0.428,-9.4,-19.47,11.44,0,5
15828.234,0.139,-0.047,0.47,-18.65,-10.13,8.55,0,5
15828.25,0.127,-0.067,0.537,-25.3,-4.12,7.11,0,5
15828.265,0.117,-0.074,0.605,-26.8,-0.55,7.17,0,5
15828.265,0.109,-0.078,0.646,-23.5,-0.31,6.96,0,5
15828.281,0.119,-0.086,0.673,-16.94,-2.38,6.71,0,5
15828.296,0.127,-0.075,0.693,-9.37,-3.66,6.62,0,5
15828.296,0.143,-0.07,0.694,-3.27,-3.72,6.35,0,5
15828.312,0.149,-0.057,0.699,0.34,-1.65,6.38,0,5
15828.312,0.147,-0.044,0.706,1.83,1.22,6.23,0,5
15828.328,0.143,-0.049,0.714,2.96,3.72,6.2,0,5
15828.343,0.135,-0.047,0.725,3.3,6.16,7.11,0,5
15828.343,0.136,-0.046,0.733,2.01,7.6,7.39,0,5
15828.359,0.137,-0.049,0.736,1.04,8.09,6.1,0,5
15828.375,0.156,-0.046,0.745,0.24,9.06,5.19,0,5
15828.375,0.16,-0.053,0.78,-1.34,13.46,6.13,0,5
15828.39,0.149,-0.057,0.812,-1.19,18.77,5.95,0,5
15828.406,0.127,-0.054,0.835,1.13,21.7,4.39,0,5
15828.406,0.103,-0.048,0.858,5.95,21.15,3.54,0,5
15828.421,0.108,-0.035,0.875,13.76,18.62,4.85,0,5
15828.421,0.132,-0.018,0.883,23.74,16.57,7.39,0,5
15828.437,0.146,0.009,0.885,32.81,16.72,10.07,0,5
15828.453,0.156,0.025,0.877,38.48,18.34,12.85,0,5
15828.453,0.155,0.051,0.873,39.37,20.08,14.98,0,5
15828.468,0.152,0.081,0.87,36.5,21.91,15.81,0,5
15828.484,0.119,0.087,0.867,31.04,22.61,15.72,0,5
15828.484,0.096,0.088,0.888,24.2,22.37,17.79,0,5
15828.5,0.076,0.1,0.889,20.11,20.94,19.78,0,5
15828.515,0.056,0.104,0.893,19.44,17.91,22.64,0,5
15828.515,0.067,0.088,0.873,22.43,14.01,27.47,0,5
15828.531,0.062,0.121,0.863,24.38,11.78,31.46,0,5
15828.546,0.065,0.114,0.865,26.83,11.14,35.55,0,5
15828.546,0.059,0.05,0.859,31.16,12.09,40.47,0,5
15828.562,0.081,0.052,0.86,37.57,13.73,43.34,0,5
15828.562,0.094,0.085,0.859,47.73,17.0,40.74,0,5
15828.578,0.096,0.102,0.863,55.57,20.05,37.2,0,5
15828.593,0.094,0.134,0.876,59.88,22.92,35.8,0,5
15828.593,0.076,0.184,0.883,60.98,24.41,35.0,0,5
15828.609,0.069,0.221,0.879,56.89,23.47,35.86,0,5
15828.625,0.067,0.252,0.878,48.71,21.33,38.0,0,5
15828.625,0.066,0.263,0.877,39.77,19.14,40.44,0,5
15828.64,0.071,0.261,0.881,31.83,18.31,42.91,0,5
15828.64,0.078,0.258,0.889,26.73,18.62,46.94,0,5
15828.656,0.095,0.256,0.894,24.87,19.93,52.34,0,5
15828.671,0.095,0.252,0.904,25.51,22.34,57.13,0,5
15828.671,0.085,0.238,0.916,28.14,24.35,59.63,0,5
15828.687,0.078,0.24,0.928,32.2,23.87,60.0,0,5
15828.703,0.077,0.244,0.926,38.45,21.09,59.42,0,5
15828.703,0.082,0.256,0.923,46.6,18.13,59.69,0,5
15828.718,0.096,0.265,0.924,54.72,15.81,61.68,0,5
15828.734,0.096,0.286,0.928,61.4,13.89,64.33,0,5
15828.75,0.085,0.322,0.935,67.72,12.3,66.56,0,5
15828.75,0.082,0.358,0.934,72.05,10.32,69.03,0,5
15828.765,0.072,0.408,0.925,70.89,8.24,72.21,0,5
15828.765,0.067,0.435,0.928,63.88,5.83,76.88,0,5
15828.781,0.077,0.419,0.943,54.23,2.75,82.13,0,5
15828.796,0.071,0.43,0.962,44.86,-1.1,85.97,0,5
15828.796,0.066,0.461,0.994,35.86,-5.52,88.23,0,5
15828.812,0.046,0.48,1.038,27.92,-11.38,89.79,0,5
15828.812,0.008,0.498,1.071,21.88,-19.59,93.72,0,5
15828.828,-0.011,0.511,1.09,18.46,-29.48,100.13,0,5
15828.843,-0.003,0.495,1.088,17.49,-39.92,107.09,0,5
15828.843,0.032,0.447,1.075,17.55,-48.31,112.52,0,5
15828.859,0.08,0.423,1.08,17.85,-52.06,113.74,0,5
15828.875,0.136,0.471,1.129,18.8,-50.45,112.92,0,5
15828.875,0.119,0.504,1.146,19.87,-45.96,108.1,0,5
15828.89,0.071,0.488,1.18,14.59,-44.28,104.5,0,5
15828.89,0.064,0.507,1.228,6.29,-45.44,106.02,0,5
15828.906,0.059,0.502,1.231,-3.11,-53.44,104.28,0,5
15828.921,0.074,0.47,1.242,-15.41,-66.26,102.69,0,5
15828.921,0.105,0.428,1.231,-25.61,-80.63,104.13,0,5
15828.937,0.167,0.334,1.183,-33.81,-92.1,104.68,0,5
15828.953,0.257,0.268,1.149,-38.64,-96.77,99.03,0,5
15828.968,0.333,0.24,1.114,-40.1,-91.34,88.93,0,5
15828.968,0.367,0.198,1.092,-43.31,-78.8,78.25,0,5
15828.984,0.393,0.142,1.074,-48.04,-65.16,67.96,0,5
15828.984,0.423,0.111,1.029,-51.03,-52.25,59.39,0,5
15829.0,0.423,0.084,0.969,-52.86,-37.63,52.49,0,5
15829.015,0.402,0.012,0.939,-53.16,-22.03,45.38,0,5
15829.015,0.41,-0.026,0.959,-51.79,-7.54,37.2,0,5
15829.031,0.412,-0.042,0.977,-48.19,4.36,25.51,0,5
15829.031,0.393,-0.078,0.994,-41.41,12.82,12.88,0,5
15829.046,0.383,-0.093,1.005,-31.68,19.29,3.66,0,5
15829.062,0.39,-0.093,0.992,-9.67,23.29,-14.07,0,5
15829.078,0.392,-0.054,0.952,-5.19,27.25,-18.43,0,5
15829.078,0.381,0.038,0.91,-11.02,35.22,-18.52,0,5
15829.093,0.356,0.121,0.882,-26.83,43.76,-16.69,0,5
15829.093,0.28,0.181,0.89,-46.91,52.03,-13.98,0,5
15829.109,0.257,0.126,0.927,-63.11,58.57,-11.32,0,5
15829.125,0.258,0.101,0.986,-67.51,61.77,-10.1,0,5
15829.125,0.125,0.112,1.248,-55.88,57.74,-8.55,0,5
15829.14,0.049,0.092,1.431,-16.36,32.44,5.74,0,5
15829.14,0.324,0.119,1.275,19.14,-2.32,19.01,0,5
15829.156,0.279,0.208,1.061,36.65,-17.03,14.01,0,5
15829.171,0.278,0.184,0.965,40.99,-13.03,13.49,0,5
15829.171,0.275,0.196,0.936,36.32,-4.09,14.59,0,5
15829.187,0.278,0.204,0.893,25.21,3.75,14.68,0,5
15829.203,0.262,0.227,0.901,4.88,7.93,14.89,0,5
15829.203,0.252,0.224,0.912,-15.44,6.74,15.53,0,5
15829.218,0.253,0.205,0.909,-30.03,2.47,16.27,0,5
15829.234,0.249,0.198,0.91,-35.31,-0.61,17.76,0,5
15829.234,0.227,0.195,0.904,-29.6,-0.85,19.96,0,5
15829.25,0.208,0.185,0.909,-16.33,2.01,22.89,0,5
15829.25,0.18,0.178,0.999,2.08,4.24,25.79,0,5
15829.265,0.148,0.177,1.039,27.44,1.19,28.69,0,5
15829.281,0.196,0.214,0.984,46.88,-5.16,30.12,0,5
15829.296,0.25,0.254,0.929,55.79,-9.03,28.17,0,5
15829.296,0.27,0.288,0.882,57.37,-7.2,27.22,0,5
15829.312,0.272,0.373,0.874,49.44,-2.53,26.86,0,5
15829.312,0.245,0.413,0.896,35.37,2.38,26.67,0,5
15829.328,0.23,0.41,0.925,22.31,6.96,28.08,0,5
15829.343,0.208,0.399,0.971,10.9,10.99,32.78,0,5
15829.343,0.202,0.359,1.007,5.55,13.86,36.1,0,5
15829.359,0.198,0.297,1.021,3.69,14.95,40.1,0,5
15829.375,0.232,0.26,1.017,5.43,15.5,41.14,0,5
15829.375,0.233,0.215,0.992,9.4,15.72,38.51,0,5
15829.39,0.221,0.199,0.943,13.25,15.05,35.04,0,5
15829.406,0.243,0.2,0.925,13.06,14.8,36.53,0,5
15829.406,0.199,0.193,0.911,10.65,13.58,31.74,0,5
15829.421,0.178,0.168,0.921,6.41,10.28,30.49,0,5
15829.421,0.152,0.261,0.929,4.3,6.26,29.6,0,5
15829.437,0.154,0.247,0.913,2.38,1.83,31.65,0,5
15829.453,0.191,0.249,0.894,1.98,-1.34,35.86,0,5
15829.468,0.218,0.284,0.895,4.64,0.31,38.33,0,5
15829.468,0.223,0.256,0.905,7.02,3.72,39.31,0,5
15829.484,0.232,0.241,0.936,8.55,7.54,40.22,0,5
15829.484,0.217,0.272,0.977,8.82,11.72,40.41,0,5
15829.5,0.209,0.231,0.983,8.24,14.07,42.05,0,5
15829.5,0.214,0.212,0.995,9.64,18.19,46.88,0,5
15829.515,0.216,0.212,1.005,15.23,24.63,50.97,0,5
15829.531,0.227,0.166,1.0,22.74,29.33,52.83,0,5
15829.546,0.246,0.13,1.005,29.63,30.24,50.81,0,5
15829.546,0.242,0.084,1.016,33.23,24.11,43.15,0,5
15829.562,0.24,0.075,0.99,34.36,13.86,34.85,0,5
15829.578,0.236,0.111,0.964,33.02,6.99,28.99,0,5
15829.578,0.225,0.136,0.954,28.75,5.13,25.15,0,5
15829.593,0.217,0.133,0.974,20.6,6.32,22.77,0,5
15829.593,0.225,0.123,0.988,12.7,7.72,18.16,0,5
15829.609,0.204,0.117,1.004,3.81,7.51,12.24,0,5
15829.625,0.194,0.113,1.021,-1.89,6.56,6.2,0,5
15829.625,0.178,0.123,1.025,-2.32,7.39,2.81,0,5
15829.64,0.155,0.122,1.038,1.59,10.19,1.4,0,5
15829.64,0.138,0.142,1.064,10.5,11.38,-1.1,0,5
15829.656,0.094,0.149,1.075,21.39,4.15,-3.51,0,5
15829.671,0.074,0.157,1.087,29.3,-12.79,-2.93,0,5
15829.687,0.073,0.165,1.076,32.65,-36.04,-4.12,0,5
15829.687,0.132,0.126,1.055,27.53,-62.2,-7.05,0,5
15829.703,0.194,0.119,0.99,19.1,-85.6,-13.31,0,5
15829.703,0.257,0.1,0.904,10.44,-99.98,-21.79,0,5
15829.718,0.312,0.085,0.855,1.4,-103.85,-30.46,0,5
15829.734,0.358,0.104,0.814,-3.45,-98.85,-36.93,0,5
15829.734,0.375,0.152,0.758,-4.97,-84.66,-37.51,0,5
15829.75,0.39,0.165,0.74,-3.33,-65.92,-31.13,0,5
15829.765,0.426,0.175,0.765,2.14,-47.61,-23.96,0,5
15829.765,0.428,0.219,0.793,9.43,-33.14,-22.28,0,5
15829.781,0.416,0.252,0.807,12.94,-25.06,-23.53,0,5
15829.781,0.418,0.291,0.828,10.74,-20.66,-23.93,0,5
15829.796,0.425,0.326,0.84,6.53,-17.98,-24.66,0,5
15829.812,0.427,0.351,0.85,0.92,-15.32,-25.67,0,5
15829.812,0.423,0.384,0.848,-6.07,-9.86,-24.57,0,5
15829.828,0.425,0.389,0.842,-12.88,-0.82,-20.63,0,5
15829.843,0.436,0.343,0.84,-14.92,10.19,-15.44,0,5
15829.843,0.438,0.309,0.836,-11.63,20.81,-11.99,0,5
15829.859,0.386,0.297,0.869,-6.38,28.11,-10.13,0,5
15829.875,0.305,0.299,1.024,-1.43,24.41,-5.89,0,5
15829.875,0.363,0.278,1.027,0.27,6.84,-1.46,0,5
15829.89,0.366,0.278,0.936,-6.53,-6.23,-1.53,0,5
15829.89,0.381,0.199,0.92,-8.18,-8.09,-1.98,0,5
15829.906,0.39,0.202,0.911,-3.2,-5.13,-0.4,0,5
15829.921,0.37,0.213,0.886,0.43,-0.92,-1.59,0,5
15829.921,0.348,0.209,0.874,2.44,4.67,-2.26,0,5
15829.937,0.334,0.243,0.887,4.7,11.08,-0.64,0,5
15829.953,0.307,0.263,0.88,5.07,15.29,0.37,0,5
15829.968,0.295,0.265,0.894,3.36,17.27,2.08,0,5
15829.968,0.28,0.279,0.926,2.59,17.27,3.75,0,5
15829.984,0.267,0.282,0.943,1.71,14.28,5.13,0,5
15829.984,0.278,0.273,0.955,-0.43,9.64,6.81,0,5
15830.0,0.29,0.266,0.952,-2.47,6.2,7.02,0,5
15830.0,0.293,0.254,0.947,-4.49,4.64,6.32,0,5
15830.015,0.3,0.233,0.938,-5.8,3.88,6.23,0,5
15830.031,0.307,0.211,0.933,-6.01,3.57,5.92,0,5
15830.031,0.309,0.191,0.925,-2.9,3.2,4.12,0,5
15830.046,0.312,0.175,0.917,-0.12,3.66,3.6,0,5
15830.062,0.317,0.165,0.914,3.36,4.49,3.42,0,5
15830.062,0.318,0.185,0.926,6.9,4.7,3.05,0,5
15830.078,0.326,0.224,0.914,9.0,3.91,1.77,0,5
15830.093,0.329,0.25,0.907,9.09,4.12,-0.06,0,5
15830.093,0.322,0.273,0.902,7.2,5.34,-1.71,0,5
15830.109,0.317,0.28,0.902,4.55,6.32,-2.5,0,5
15830.125,0.315,0.278,0.909,1.71,6.56,-2.32,0,5
15830.125,0.305,0.282,0.915,-0.58,7.14,-1.19,0,5
15830.14,0.304,0.281,0.919,-2.01,7.23,0.73,0,5
15830.156,0.301,0.266,0.925,-3.39,6.32,2.26,0,5
15830.156,0.297,0.26,0.935,-4.21,4.36,3.17,0,5
15830.171,0.299,0.246,0.938,-4.3,2.17,3.57,0,5
15830.171,0.299,0.227,0.941,-4.3,0.12,3.45,0,5
15830.187,0.297,0.224,0.945,-3.23,-1.34,3.3,0,5
15830.203,0.301,0.215,0.941,-1.28,-3.2,3.36,0,5
15830.203,0.308,0.191,0.93,0.34,-5.52,2.47,0,5
15830.218,0.317,0.199,0.919,1.77,-6.71,0.52,0,5
15830.234,0.315,0.207,0.903,2.56,-6.84,-2.53,0,5
15830.234,0.31,0.224,0.899,1.8,-6.01,-4.97,0,5
15830.25,0.306,0.233,0.925,1.13,-4.85,-5.37,0,5
15830.265,0.299,0.23,0.918,1.95,-5.04,-5.68,0,5
15830.265,0.307,0.24,0.922,1.62,-4.52,-5.98,0,5
15830.281,0.298,0.26,0.932,0.31,-3.75,-6.1,0,5
15830.281,0.287,0.281,0.905,-3.45,-3.85,-5.89,0,5
15830.296,0.298,0.292,0.929,-8.79,-4.27,-4.27,0,5
15830.312,0.29,0.313,0.901,-12.27,-5.28,-2.2,0,5
15830.312,0.281,0.321,0.85,-18.65,-6.16,1.89,0,5
15830.328,0.327,0.327,0.859,-28.93,-5.16,7.08,0,5
15830.343,0.296,0.299,0.898,-37.63,-4.64,9.77,0,5
15830.359,0.31,0.245,0.909,-43.61,-6.59,11.44,0,5
15830.359,0.333,0.191,0.939,-43.89,-1.98,12.27,0,5
15830.375,0.335,0.144,0.977,-37.81,7.9,10.68,0,5
15830.375,0.304,0.101,0.991,-28.6,17.21,8.45,0,5
15830.39,0.296,0.083,1.002,-18.28,24.87,7.84,0,5
15830.39,0.269,0.085,1.0,-6.13,30.7,8.58,0,5
15830.406,0.268,0.068,0.946,6.71,32.23,12.54,0,5
15830.421,0.261,0.092,0.93,14.22,26.86,14.13,0,5
15830.421,0.264,0.119,0.911,18.19,16.6,12.36,0,5
15830.437,0.237,0.163,0.925,20.33,3.05,8.91,0,5
15830.453,0.315,0.196,0.782,20.75,-8.48,5.16,0,5
15830.453,0.292,0.314,0.79,13.21,-6.32,2.38,0,5
15830.468,0.268,0.298,0.844,6.81,-0.67,7.2,0,5
15830.484,0.313,0.291,0.85,-4.76,4.46,10.35,0,5
15830.484,0.313,0.296,0.948,-16.88,11.81,9.67,0,5
15830.5,0.298,0.219,1.04,-19.47,14.34,8.97,0,5
15830.5,0.295,0.176,1.057,-17.64,10.96,7.08,0,5
15830.515,0.284,0.17,1.07,-13.55,5.74,4.97,0,5
15830.531,0.301,0.156,1.012,-7.35,-0.15,2.75,0,5
15830.531,0.278,0.165,0.987,-0.61,-3.3,-0.67,0,5
15830.546,0.268,0.143,0.962,6.62,-5.86,-2.08,0,5
15830.562,0.279,0.165,0.934,10.83,-9.4,-2.29,0,5
15830.562,0.265,0.192,0.92,13.43,-12.54,-2.96,0,5
15830.578,0.264,0.203,0.888,13.43,-15.14,-2.14,0,5
15830.593,0.265,0.23,0.893,10.1,-16.42,0.4,0,5
15830.593,0.284,0.236,0.897,7.6,-17.0,2.81,0,5
15830.609,0.294,0.25,0.894,4.06,-15.56,3.57,0,5
15830.625,0.289,0.265,0.936,0.34,-12.42,4.36,0,5
15830.625,0.296,0.248,0.953,-1.92,-10.56,5.28,0,5
15830.64,0.295,0.229,0.963,-4.15,-9.19,6.5,0,5
15830.64,0.299,0.199,0.971,-5.13,-8.85,7.48,0,5
15830.656,0.291,0.166,0.963,-2.81,-9.8,7.93,0,5
15830.671,0.31,0.142,0.944,1.86,-10.35,8.7,0,5
15830.671,0.326,0.138,0.926,6.5,-10.28,7.63,0,5
15830.687,0.333,0.148,0.906,9.31,-9.49,5.22,0,5
15830.703,0.334,0.158,0.906,9.37,-8.55,2.56,0,5
15830.718,0.336,0.184,0.915,7.81,-7.93,0.43,0,5
15830.718,0.351,0.206,0.916,6.26,-6.47,0.18,0,5
15830.734,0.343,0.206,0.913,4.7,-3.81,-0.43,0,5
15830.734,0.347,0.199,0.918,3.39,-1.4,-0.79,0,5
15830.75,0.355,0.202,0.921,2.99,0.85,-1.34,0,5
15830.75,0.342,0.198,0.923,2.47,2.23,-2.87,0,5
15830.765,0.328,0.198,0.934,2.11,2.84,-3.14,0,5
15830.781,0.324,0.207,0.932,2.69,2.17,-2.69,0,5
15830.796,0.304,0.223,0.93,3.3,0.52,-1.83,0,5
15830.796,0.302,0.223,0.927,1.92,-1.07,1.16,0,5
15830.812,0.308,0.221,0.918,0.15,-2.38,3.45,0,5
15830.828,0.313,0.208,0.918,-1.62,-3.45,4.7,0,5
15830.828,0.326,0.207,0.918,-2.62,-3.69,4.55,0,5
15830.843,0.319,0.198,0.922,-2.87,-3.17,3.88,0,5
15830.843,0.326,0.187,0.921,-2.11,-3.48,3.33,0,5
15830.859,0.335,0.177,0.905,-0.92,-3.51,1.98,0,5
15830.875,0.339,0.174,0.909,-0.82,-2.5,-0.7,0,5
15830.875,0.333,0.183,0.916,-0.92,-1.13,-3.3,0,5
15830.89,0.324,0.194,0.928,-0.79,-0.27,-3.97,0,5
15830.906,0.324,0.2,0.93,-0.98,0.21,-3.54,0,5
15830.906,0.322,0.2,0.935,-1.68,0.76,-3.33,0,5
15830.921,0.316,0.206,0.945,-1.71,1.22,-3.42,0,5
15830.921,0.301,0.22,0.943,-0.82,0.82,-2.72,0,5
15830.937,0.301,0.222,0.927,-0.85,-0.24,-0.7,0,5
15830.953,0.309,0.215,0.923,-2.04,-0.95,0.82,0,5
15830.953,0.318,0.205,0.921,-2.35,-1.25,1.04,0,5
15830.968,0.316,0.198,0.913,-1.98,-0.92,0.4,0,5
15830.984,0.313,0.189,0.922,-0.76,-0.03,0.4,0,5
15830.984,0.321,0.185,0.913,0.82,-0.24,0.31,0,5
15831.0,0.31,0.196,0.923,1.28,-0.12,-0.52,0,5
15831.015,0.306,0.199,0.932,0.12,-1.31,-0.24,0,5
15831.015,0.319,0.214,0.919,-2.01,-2.5,-0.27,0,5
15831.031,0.308,0.223,0.935,-6.47,-2.96,1.16,0,5
15831.031,0.299,0.219,0.941,-7.57,-4.09,4.12,0,5
15831.046,0.31,0.222,0.928,-7.97,-5.04,4.88,0,5
15831.062,0.325,0.195,0.914,-7.39,-5.58,4.03,0,5
15831.062,0.32,0.197,0.913,-7.48,-4.82,3.78,0,5
15831.078,0.325,0.195,0.912,-7.51,-4.12,3.75,0,5
15831.093,0.323,0.197,0.909,-7.54,-3.42,3.42,0,5
15831.093,0.317,0.193,0.915,-7.78,-2.78,4.06,0,5
15831.109,0.321,0.183,0.923,-8.03,-3.14,4.97,0,5
15831.125,0.324,0.17,0.928,-7.48,-3.85,5.16,0,5
15831.125,0.326,0.162,0.93,-6.53,-4.67,4.88,0,5
15831.14,0.338,0.181,0.935,-6.13,-5.22,4.46,0,5
15831.14,0.335,0.188,0.933,-6.07,-5.04,4.43,0,5
15831.156,0.333,0.19,0.93,-7.29,-5.58,4.39,0,5
15831.171,0.336,0.194,0.928,-9.13,-5.83,4.18,0,5
15831.171,0.339,0.178,0.925,-9.64,-5.74,4.09,0,5
15831.187,0.338,0.17,0.928,-9.34,-5.34,4.46,0,5
15831.203,0.34,0.179,0.923,-7.63,-4.73,5.16,0,5
15831.203,0.341,0.186,0.924,-6.47,-3.72,5.68,0,5
15831.218,0.329,0.184,0.935,-7.02,-2.87,5.92,0,5
15831.234,0.327,0.181,0.939,-7.81,-2.75,6.9,0,5
15831.234,0.328,0.175,0.934,-8.48,-2.9,8.09,0,5
15831.25,0.329,0.174,0.934,-8.67,-2.9,8.76,0,5
15831.25,0.322,0.178,0.939,-8.94,-3.23,9.13,0,5
15831.265,0.322,0.18,0.941,-8.76,-4.27,10.13,0,5
15831.281,0.327,0.177,0.935,-8.24,-5.52,11.05,0,5
15831.296,0.327,0.174,0.918,-8.12,-6.41,11.05,0,5
15831.296,0.33,0.165,0.907,-8.64,-6.65,11.47,0,5
15831.312,0.341,0.157,0.902,-9.28,-6.04,11.69,0,5
15831.328,0.345,0.158,0.912,-10.28,-4.85,10.93,0,5
15831.328,0.34,0.154,0.917,-10.68,-3.23,10.19,0,5
15831.343,0.346,0.128,0.914,-10.99,-1.74,10.41,0,5
15831.343,0.367,0.11,0.912,-10.28,-0.43,9.43,0,5
15831.359,0.368,0.115,0.925,-8.36,2.47,7.14,0,5
15831.375,0.366,0.11,0.928,-6.04,5.31,4.97,0,5
15831.375,0.361,0.099,0.929,-4.73,7.78,3.2,0,5
15831.39,0.361,0.108,0.952,-4.79,8.91,1.53,0,5
15831.39,0.361,0.115,0.966,-5.07,7.72,-1.28,0,5
15831.406,0.37,0.117,0.992,-5.19,5.95,-4.79,0,5
15831.421,0.347,0.127,0.981,-4.21,4.46,-8.24,0,5
15831.421,0.343,0.133,0.927,-4.03,4.43,-8.88,0,5
15831.437,0.381,0.133,0.893,-6.2,7.17,-9.58,0,5
15831.453,0.342,0.143,0.935,-6.47,11.78,-11.35,0,5
15831.453,0.326,0.123,0.912,-2.81,12.51,-10.13,0,5
15831.468,0.322,0.16,0.895,-3.36,11.78,-8.3,0,5
15831.484,0.304,0.165,0.924,-6.56,12.82,-5.4,0,5
15831.484,0.305,0.144,0.955,-10.41,14.98,-1.04,0,5
15831.5,0.311,0.111,0.977,-12.85,17.64,2.26,0,5
15831.5,0.314,0.084,1.013,-12.51,20.42,2.93,0,5
15831.515,0.314,0.065,1.04,-9.13,23.9,2.44,0,5
15831.531,0.314,0.05,1.047,-3.78,27.16,1.59,0,5
15831.531,0.306,0.045,1.055,3.33,29.69,0.24,0,5
15831.546,0.29,0.046,1.052,12.54,28.96,-1.65,0,5
15831.562,0.27,0.066,1.006,20.6,22.25,-3.91,0,5
15831.562,0.237,0.136,0.961,21.97,10.5,-5.34,0,5
15831.578,0.263,0.145,0.864,15.69,-3.78,-6.23,0,5
15831.593,0.307,0.162,0.809,3.42,-13.21,-9.61,0,5
15831.593,0.315,0.131,0.805,-5.55,-14.86,-12.91,0,5
15831.609,0.291,0.135,0.896,-5.28,-14.25,-15.9,0,5
15831.625,0.222,0.157,0.876,15.69,-12.24,-11.26,0,5
15831.625,0.254,0.205,0.813,30.4,-12.27,-1.65,0,5
15831.64,0.296,0.217,0.875,32.9,-13.95,-2.99,0,5
15831.64,0.293,0.241,0.872,32.93,-15.66,-6.62,0,5
15831.656,0.278,0.294,0.869,24.6,-16.51,-6.2,0,5
15831.671,0.293,0.272,0.868,16.51,-15.23,-2.96,0,5
15831.671,0.305,0.255,0.873,10.16,-12.33,0.82,0,5
15831.687,0.319,0.24,0.883,7.81,-7.6,4.03,0,5
15831.703,0.33,0.206,0.891,8.67,-2.2,5.65,0,5
15831.703,0.333,0.192,0.898,11.32,2.87,5.22,0,5
15831.718,0.328,0.185,0.9,15.23,8.09,4.3,0,5
15831.734,0.32,0.185,0.908,17.64,12.09,4.12,0,5
15831.75,0.306,0.209,0.928,16.14,14.16,4.64,0,5
15831.75,0.292,0.218,0.951,9.92,13.89,5.68,0,5
15831.75,0.293,0.2,0.98,1.74,11.93,6.87,0,5
15831.765,0.299,0.172,1.005,-4.97,9.13,7.75,0,5
15831.781,0.306,0.145,1.016,-8.36,6.65,7.29,0,5
15831.781,0.317,0.125,1.018,-7.78,5.22,6.07,0,5
15831.796,0.315,0.112,1.006,-5.07,4.46,3.6,0,5
15831.812,0.317,0.106,1.0,-2.93,3.6,0.49,0,5
15831.812,0.317,0.105,0.984,-1.65,2.84,-2.96,0,5
15831.828,0.314,0.106,0.96,-0.95,2.93,-6.59,0,5
15831.843,0.31,0.113,0.941,-0.55,4.03,-9.7,0,5
15831.843,0.287,0.121,0.922,-0.95,6.04,-11.69,0,5
15831.859,0.254,0.138,0.983,-1.31,7.42,-12.18,0,5
15831.859,0.256,0.14,1.021,2.08,3.66,-10.86,0,5
15831.875,0.273,0.163,1.001,3.66,-2.23,-10.53,0,5
15831.89,0.275,0.169,0.994,2.5,-5.71,-11.57,0,5
15831.89,0.282,0.15,0.982,3.02,-7.54,-12.57,0,5
15831.906,0.291,0.141,0.963,4.76,-9.09,-14.04,0,5
15831.921,0.284,0.142,0.95,5.22,-11.17,-17.06,0,5
15831.921,0.28,0.142,0.945,4.67,-13.49,-19.26,0,5
15831.937,0.283,0.136,0.939,4.0,-15.59,-20.69,0,5
15831.953,0.296,0.133,0.94,3.39,-16.85,-21.82,0,5
15831.953,0.298,0.146,0.945,3.57,-16.45,-22.74,0,5
15831.968,0.308,0.15,0.957,4.21,-14.65,-23.26,0,5
15831.968,0.32,0.146,0.971,5.65,-12.18,-23.9,0,5
15831.984,0.322,0.153,0.981,8.24,-9.86,-24.26,0,5
15832.0,0.33,0.145,0.998,10.74,-7.81,-23.59,0,5
15832.0,0.333,0.133,1.017,19.32,1.83,-16.3,0,5
15832.015,0.36,0.092,1.062,24.14,7.57,-14.22,0,5
15832.031,0.386,0.013,1.12,33.2,12.6,-16.45,0,5
15832.031,0.408,-0.082,1.171,41.08,14.74,-22.16,0,5
15832.046,0.357,-0.252,1.336,46.94,10.71,-32.87,0,5
15832.062,0.366,-0.306,1.44,63.6,-0.43,-43.03,0,5
15832.062,0.383,-0.285,1.457,85.36,-17.43,-54.99,0,5
15832.078,0.354,-0.236,1.388,101.78,-37.9,-71.78,0,5
15832.093,0.34,-0.201,1.31,112.58,-58.02,-86.55,0,5
15832.093,0.354,-0.153,1.2,121.31,-74.77,-97.96,0,5
15832.109,0.357,-0.083,1.063,123.17,-88.69,-108.25,0,5
15832.125,0.355,-0.029,0.935,112.8,-100.89,-116.86,0,5
15832.125,0.393,0.056,0.786,93.81,-109.38,-125.55,0,5
15832.14,0.405,0.129,0.675,61.46,-113.32,-135.01,0,5
15832.156,0.431,0.172,0.596,25.03,-113.32,-147.47,0,5
15832.156,0.436,0.227,0.526,-7.26,-105.78,-160.41,0,5
15832.171,0.424,0.302,0.448,-33.66,-89.45,-170.81,0,5
15832.171,0.397,0.397,0.398,-57.31,-65.83,-178.62,0,5
15832.187,0.349,0.455,0.377,-77.33,-38.15,-178.53,0,5
15832.203,0.286,0.518,0.407,-92.62,-9.95,-173.38,0,5
15832.203,0.223,0.578,0.456,-101.2,14.31,-168.71,0,5
15832.218,0.147,0.605,0.511,-103.82,32.01,-162.91,0,5
15832.234,0.079,0.639,0.578,-103.12,43.58,-155.4,0,5
15832.234,0.024,0.678,0.647,-99.55,48.34,-147.25,0,5
15832.25,-0.017,0.669,0.688,-90.88,47.33,-137.3,0,5
15832.265,-0.046,0.675,0.723,-78.04,44.86,-123.87,0,5
15832.265,-0.074,0.701,0.741,-64.49,41.57,-106.17,0,5
15832.281,-0.073,0.691,0.759,-51.55,37.66,-86.34,0,5
15832.281,-0.07,0.679,0.791,-37.2,36.38,-68.03,0,5
15832.296,-0.068,0.642,0.815,-21.85,36.71,-54.11,0,5
15832.312,-0.048,0.603,0.822,-9.46,36.53,-46.75,0,5
15832.328,-0.086,0.595,0.826,-4.49,37.14,-45.17,0,5
15832.328,-0.086,0.597,0.849,-9.09,35.65,-42.12,0,5
15832.343,-0.051,0.657,0.851,-16.97,33.48,-42.09,0,5
15832.343,-0.136,0.592,0.86,-29.97,33.27,-39.64,0,5
15832.359,-0.103,0.51,0.911,-46.88,29.45,-30.4,0,5
15832.375,-0.047,0.486,0.95,-50.11,26.67,-24.45,0,5
15832.375,-0.054,0.42,0.992,-42.33,25.3,-23.77,0,5
15832.39,-0.136,0.396,1.167,-30.03,18.13,-22.86,0,5
15832.406,-0.151,0.413,1.282,-8.03,-1.37,-16.54,0,5
15832.406,-0.04,0.379,1.19,4.82,-25.12,-15.84,0,5
15832.421,-0.025,0.466,1.11,-4.55,-40.53,-21.52,0,5
15832.437,0.039,0.456,1.019,-13.95,-44.92,-22.8,0,5
15832.437,0.078,0.412,0.957,-23.87,-40.16,-20.42,0,5
15832.453,0.114,0.356,0.94,-30.92,-32.62,-17.3,0,5
15832.453,0.112,0.349,0.966,-28.63,-24.6,-17.18,0,5
15832.468,0.066,0.302,0.949,-19.38,-19.65,-14.01,0,5
15832.484,0.158,0.229,0.867,-25.18,-19.17,-14.68,0,5
15832.484,0.139,0.204,0.927,-48.74,-20.87,-31.53,0,5
15832.5,0.067,0.222,0.996,-63.11,-26.46,-44.01,0,5
15832.515,0.075,0.226,1.01,-62.69,-35.43,-40.8,0,5
15832.515,0.12,0.194,1.006,-60.43,-44.53,-35.1,0,5
15832.531,0.144,0.187,1.005,-56.89,-48.98,-31.31,0,5
15832.531,0.149,0.182,0.989,-45.81,-45.84,-27.68,0,5
15832.546,0.172,0.155,0.986,-29.42,-37.72,-23.68,0,5
15832.562,0.186,0.152,0.962,-8.21,-27.01,-21.79,0,5
15832.578,0.181,0.177,0.922,12.76,-16.6,-20.69,0,5
15832.578,0.189,0.211,0.896,28.29,-8.18,-18.4,0,5
15832.593,0.197,0.244,0.878,37.17,-2.75,-18.19,0,5
15832.593,0.2,0.274,0.825,37.32,0.7,-20.08,0,5
15832.609,0.19,0.301,0.801,28.53,4.79,-20.84,0,5
15832.625,0.179,0.322,0.806,15.14,8.3,-19.35,0,5
15832.625,0.172,0.336,0.823,1.92,10.44,-15.72,0,5
15832.64,0.159,0.327,0.842,-8.51,12.21,-11.02,0,5
15832.64,0.155,0.308,0.863,-13.12,14.68,-6.56,0,5
15832.656,0.152,0.292,0.878,-12.18,17.94,-3.39,0,5
15832.671,0.142,0.303,0.901,-7.93,22.55,-0.64,0,5
15832.671,0.116,0.325,0.951,0.92,26.34,3.3,0,5
15832.687,0.097,0.32,0.998,11.63,26.22,6.53,0,5
15832.703,0.09,0.329,1.064,16.02,20.57,5.22,0,5
15832.703,0.082,0.359,1.113,12.94,10.19,1.19,0,5
15832.718,0.082,0.387,1.103,2.72,-2.72,-3.27,0,5
15832.734,0.093,0.396,1.08,-10.62,-11.38,-3.51,0,5
15832.734,0.116,0.358,1.044,-19.62,-14.74,0.03,0,5
15832.75,0.124,0.308,1.02,-21.85,-15.59,3.3,0,5
15832.75,0.124,0.325,0.975,-19.65,-16.51,4.0,0,5
15832.765,0.124,0.373,0.885,-19.65,-17.03,6.87,0,5
15832.781,0.144,0.362,0.83,-24.9,-16.45,12.24,0,5
15832.781,0.146,0.334,0.829,-30.88,-13.43,16.17,0,5
15832.796,0.14,0.338,0.824,-34.97,-8.09,18.98,0,5
15832.812,0.145,0.312,0.833,-38.48,-2.72,22.8,0,5
15832.812,0.14,0.265,0.857,-42.33,1.04,26.76,0,5
15832.828,0.141,0.229,0.863,-46.17,3.57,32.5,0,5
15832.843,0.154,0.194,0.878,-50.54,5.71,36.65,0,5
15832.843,0.19,0.163,0.886,-57.56,7.84,34.36,0,5
15832.859,0.13,0.228,0.995,-63.11,13.7,31.1,0,5
15832.875,0.082,0.187,1.118,-62.62,11.2,32.75,0,5
15832.875,0.165,0.133,1.098,-59.97,2.11,28.84,0,5
15832.89,0.161,0.135,1.032,-56.22,1.16,23.29,0,5
15832.89,0.172,0.113,0.99,-48.74,4.88,17.49,0,5
15832.906,0.176,0.071,0.971,-40.56,11.05,12.57,0,5
15832.921,0.166,0.046,0.998,-33.02,16.36,8.36,0,5
15832.921,0.149,0.025,1.025,-24.48,15.99,4.52,0,5
15832.937,0.159,0.017,1.034,-16.88,10.68,1.59,0,5
15832.953,0.162,0.005,1.021,-11.11,4.88,-1.34,0,5
15832.953,0.162,-0.0,1.014,-6.47,1.71,-3.81,0,5
15832.968,0.171,0.015,1.019,-1.77,-0.82,-6.99,0,5
15832.984,0.169,0.051,1.041,3.75,-5.04,-12.36,0,5
15832.984,0.16,0.093,1.034,7.02,-11.9,-16.39,0,5
15833.0,0.158,0.144,1.013,5.52,-12.82,-15.66,0,5
15833.0,0.169,0.132,0.995,4.64,-11.87,-15.2,0,5
15833.015,0.17,0.116,0.987,6.41,-10.19,-14.47,0,5
15833.031,0.121,0.138,1.041,11.11,-11.84,-11.93,0,5
15833.046,0.183,0.121,0.948,15.69,-13.95,-9.03,0,5
15833.046,0.151,0.185,0.933,17.21,-8.85,-7.78,0,5
15833.062,0.118,0.212,0.956,22.43,-5.1,-5.01,0,5
15833.062,0.171,0.218,0.926,37.63,-0.52,4.49,0,5
15833.078,0.168,0.212,0.867,38.97,2.14,5.92,0,5
15833.093,0.154,0.245,0.894,28.11,4.76,0.0,0,5
15833.093,0.138,0.238,0.905,19.44,7.2,-0.37,0,5
15833.109,0.141,0.242,0.93,7.75,6.13,-0.34,0,5
15833.125,0.121,0.23,0.948,-3.85,3.72,0.31,0,5
15833.125,0.111,0.219,0.966,-13.46,0.46,2.53,0,5
15833.14,0.13,0.197,0.99,-17.18,-2.56,4.36,0,5
15833.14,0.137,0.179,0.999,-15.75,-3.39,4.7,0,5
15833.156,0.139,0.17,0.992,-11.99,-2.32,5.92,0,5
15833.171,0.154,0.146,0.994,-6.32,-0.31,7.93,0,5
15833.171,0.163,0.129,0.994,1.16,2.69,9.0,0,5
15833.187,0.166,0.13,0.987,8.21,5.46,9.34,0,5
15833.203,0.161,0.132,0.981,11.96,6.71,9.06,0,5
15833.203,0.156,0.139,0.977,12.36,6.47,8.12,0,5
15833.218,0.155,0.152,0.974,9.86,4.82,6.78,0,5
15833.218,0.152,0.165,0.982,4.97,3.08,5.46,0,5
15833.234,0.129,0.178,1.003,-1.34,1.59,4.49,0,5
15833.25,0.096,0.2,1.032,-6.84,-0.92,5.34,0,5
15833.25,0.071,0.22,1.068,-7.66,-4.0,8.42,0,5
15833.265,0.033,0.266,1.11,-3.54,-7.05,12.21,0,5
15833.281,-0.029,0.332,1.159,4.52,-9.61,18.22,0,5
15833.296,-0.087,0.406,1.191,14.74,-11.87,27.65,0,5
15833.296,-0.148,0.537,1.231,25.73,-12.24,40.99,0,5
15833.312,-0.195,0.658,1.24,38.7,-12.91,60.12,0,5
15833.312,-0.211,0.691,1.188,50.72,-15.29,85.15,0,5
15833.328,-0.184,0.701,1.128,60.58,-17.4,112.13,0,5
15833.343,-0.154,0.719,1.063,69.46,-18.04,135.04,0,5
15833.343,-0.13,0.708,0.985,75.26,-15.63,153.78,0,5
15833.359,-0.108,0.667,0.905,76.45,-10.56,169.1,0,5
15833.375,-0.084,0.64,0.838,75.96,-4.49,179.36,0,5
15833.375,-0.057,0.61,0.798,78.31,0.85,185.31,0,5
15833.39,-0.037,0.569,0.742,88.2,6.1,190.71,0,5
15833.39,0.021,0.528,0.667,98.45,15.69,194.77,0,5
15833.406,0.068,0.42,0.594,106.57,27.47,192.94,0,5
15833.421,0.092,0.337,0.548,116.0,40.35,186.44,0,5
15833.421,0.102,0.337,0.538,127.02,57.01,185.61,0,5
15833.437,0.092,0.296,0.532,136.75,72.88,189.95,0,5
15833.453,0.105,0.205,0.558,139.9,88.47,194.71,0,5
15833.453,0.129,0.159,0.642,132.48,101.99,193.7,0,5
15833.468,0.157,0.081,0.712,118.93,111.76,185.98,0,5
15833.484,0.166,0.013,0.759,102.45,119.02,172.22,0,5
15833.484,0.194,-0.037,0.821,81.82,122.1,155.13,0,5
15833.5,0.206,-0.109,0.886,59.91,118.05,130.92,0,5
15833.515,0.221,-0.168,0.938,34.36,107.49,103.03,0,5
15833.515,0.223,-0.183,0.966,2.78,94.97,74.25,0,5
15833.531,0.203,-0.173,1.002,-32.38,84.29,45.96,0,5
15833.531,0.191,-0.197,1.058,-64.21,76.48,22.4,0,5
15833.546,0.17,-0.2,1.125,-87.86,69.49,3.85,0,5
15833.562,0.142,-0.203,1.199,-101.23,59.54,-10.41,0,5
15833.578,-0.122,-0.147,1.529,-103.7,41.38,-19.14,0,5
15833.578,-0.142,-0.245,1.944,-90.43,-10.93,-13.98,0,5
15833.593,0.154,-0.22,1.588,-76.36,-76.94,-22.4,0,5
15833.593,0.146,-0.036,1.242,-76.48,-96.16,-32.5,0,5
15833.609,0.207,-0.15,1.218,-62.99,-82.55,-34.94,0,5
15833.625,0.222,-0.163,1.234,-31.1,-62.53,-35.65,0,5
15833.625,0.201,-0.056,1.185,4.73,-47.43,-39.34,0,5
15833.64,0.173,0.042,1.12,29.08,-40.89,-45.66,0,5
15833.64,0.155,0.14,1.048,39.19,-40.65,-48.4,0,5
15833.656,0.16,0.22,0.988,39.25,-43.79,-48.43,0,5
15833.671,0.161,0.234,0.953,33.54,-48.43,-48.28,0,5
15833.671,0.174,0.26,0.923,26.12,-53.59,-47.24,0,5
15833.687,0.183,0.283,0.872,20.54,-56.09,-44.89,0,5
15833.703,0.204,0.276,0.829,13.67,-56.22,-42.27,0,5
15833.718,0.223,0.276,0.83,8.55,-53.65,-40.44,0,5
15833.718,0.241,0.286,0.839,9.52,-48.71,-36.99,0,5
15833.734,0.261,0.297,0.831,13.95,-43.46,-32.14,0,5
15833.734,0.284,0.322,0.843,19.59,-37.05,-27.47,0,5
15833.75,0.293,0.353,0.856,26.34,-29.79,-23.99,0,5
15833.765,0.299,0.362,0.844,33.39,-22.89,-20.48,0,5
15833.765,0.305,0.412,0.837,38.76,-15.96,-16.63,0,5
15833.781,0.297,0.45,0.847,40.41,-9.46,-11.57,0,5
15833.781,0.3,0.473,0.859,38.85,-5.01,-6.74,0,5
15833.796,0.283,0.471,0.873,35.65,-3.36,-2.11,0,5
15833.812,0.283,0.464,0.886,31.34,-4.76,2.53,0,5
15833.812,0.28,0.458,0.882,26.49,-7.26,5.95,0,5
15833.828,0.284,0.431,0.868,19.81,-10.28,8.88,0,5
15833.843,0.291,0.411,0.856,12.57,-12.02,10.83,0,5
15833.843,0.29,0.397,0.855,5.92,-11.81,11.35,0,5
15833.859,0.29,0.378,0.855,-0.61,-11.08,11.84,0,5
15833.875,0.276,0.375,0.872,-7.54,-10.28,11.81,0,5
15833.875,0.271,0.352,0.906,-14.13,-11.02,12.09,0,5
15833.89,0.277,0.321,0.932,-17.52,-12.88,12.18,0,5
15833.89,0.251,0.344,0.94,-17.52,-14.31,12.73,0,5
15833.906,0.242,0.36,0.91,-17.46,-15.32,17.37,0,5
15833.921,0.261,0.353,0.885,-20.26,-14.56,23.5,0,5
15833.937,0.29,0.361,0.902,-23.83,-12.24,25.51,0,5
15833.937,0.275,0.319,0.917,-25.45,-11.05,21.91,0,5
15833.953,0.252,0.295,0.944,-26.25,-12.79,16.05,0,5
15833.953,0.249,0.301,0.963,-23.19,-16.24,11.44,0,5
15833.968,0.246,0.304,0.961,-17.37,-19.62,8.24,0,5
15833.984,0.245,0.297,0.949,-3.33,-23.1,5.34,0,5
15833.984,0.261,0.289,0.919,4.73,-19.62,6.47,0,5
15834.0,0.281,0.29,0.894,11.32,-13.58,7.11,0,5
15834.0,0.29,0.334,0.899,15.44,-8.94,6.9,0,5
15834.015,0.289,0.348,0.897,15.63,-7.2,7.35,0,5
15834.031,0.307,0.35,0.891,13.46,-6.62,7.84,0,5
15834.031,0.324,0.344,0.874,10.83,-5.92,6.68,0,5
15834.046,0.341,0.333,0.846,7.05,-3.45,4.24,0,5
15834.062,0.355,0.317,0.836,2.5,1.74,1.59,0,5
15834.062,0.363,0.303,0.841,-1.46,8.73,-1.89,0,5
15834.078,0.35,0.29,0.862,-3.14,16.02,-5.34,0,5
15834.093,0.341,0.282,0.901,-1.46,22.0,-6.74,0,5
15834.093,0.335,0.291,0.928,3.63,25.67,-7.63,0,5
15834.109,0.312,0.313,0.945,8.48,26.4,-9.19,0,5
15834.125,0.293,0.341,0.953,11.11,24.08,-10.62,0,5
15834.125,0.277,0.38,0.951,12.05,20.29,-10.16,0,5
15834.14,0.265,0.405,0.918,10.01,15.96,-7.93,0,5
15834.14,0.267,0.431,0.893,3.05,12.76,-5.34,0,5
15834.156,0.261,0.448,0.877,-6.74,11.26,-2.41,0,5
15834.171,0.27,0.421,0.864,-16.91,9.86,0.49,0,5
15834.171,0.282,0.377,0.861,-25.36,8.51,1.56,0,5
15834.187,0.282,0.339,0.877,-29.57,8.18,1.1,0,5
15834.203,0.277,0.327,0.898,-30.46,8.0,0.31,0,5
15834.203,0.269,0.315,0.907,-28.23,7.6,0.85,0,5
15834.218,0.245,0.33,0.926,-26.03,7.02,2.84,0,5
15834.234,0.232,0.322,0.925,-26.06,5.22,6.74,0,5
15834.234,0.24,0.316,0.918,-29.6,3.23,9.49,0,5
15834.25,0.244,0.307,0.911,-34.94,2.01,9.74,0,5
15834.265,0.245,0.29,0.914,-39.8,2.35,8.79,0,5
15834.265,0.24,0.272,0.931,-41.78,3.36,8.21,0,5
15834.281,0.223,0.271,0.937,-42.21,2.38,8.7,0,5
15834.281,0.235,0.26,0.928,-42.51,-0.15,10.1,0,5
15834.296,0.253,0.233,0.921,-41.41,-1.56,10.13,0,5
15834.312,0.256,0.218,0.923,-37.97,-1.5,8.97,0,5
15834.312,0.253,0.234,0.914,-34.7,-1.16,7.87,0,5
15834.328,0.258,0.224,0.899,-33.08,-1.1,7.14,0,5
15834.343,0.267,0.21,0.906,-32.75,-0.09,6.29,0,5
15834.343,0.27,0.22,0.915,-32.75,0.89,6.16,0,5
15834.359,0.284,0.225,0.933,-33.66,-0.82,5.92,0,5
15834.375,0.293,0.233,0.94,-35.37,-6.35,4.52,0,5
15834.375,0.292,0.252,0.903,-37.57,-13.43,2.59,0,5
15834.39,0.305,0.249,0.849,-41.41,-17.06,3.14,0,5
15834.39,0.299,0.246,0.872,-45.72,-15.69,4.46,0,5
15834.406,0.279,0.198,0.903,-46.54,-15.2,7.26,0,5
15834.421,0.283,0.18,0.901,-45.75,-15.38,8.39,0,5
15834.421,0.267,0.143,0.939,-46.51,-13.79,8.3,0,5
15834.437,0.258,0.073,0.989,-46.48,-15.35,7.11,0,5
15834.453,0.275,0.042,1.004,-42.51,-17.37,5.43,0,5
15834.453,0.293,0.028,1.025,-35.28,-14.92,2.41,0,5
15834.468,0.284,0.018,1.043,-25.91,-11.38,-2.26,0,5
15834.484,0.28,0.031,1.051,-16.91,-8.3,-6.96,0,5
15834.484,0.269,0.04,1.045,-8.73,-4.76,-11.38,0,5
15834.5,0.273,0.03,1.026,0.27,-1.59,-15.26,0,5
15834.515,0.274,0.027,0.996,11.87,-1.07,-19.04,0,5
15834.515,0.259,0.036,0.964,26.58,0.0,-22.03,0,5
15834.531,0.272,0.029,0.942,41.54,-2.26,-23.35,0,5
15834.531,0.258,0.073,0.928,53.47,-11.29,-27.19,0,5
15834.546,0.198,0.132,0.98,63.23,-22.8,-26.7,0,5
15834.562,0.163,0.186,1.0,73.98,-37.23,-21.0,0,5
15834.562,0.231,0.231,0.974,78.95,-51.09,-9.58,0,5
15834.578,0.329,0.274,0.92,69.12,-61.22,-5.8,0,5
15834.593,0.366,0.306,0.85,49.41,-63.97,-7.08,0,5
15834.593,0.426,0.292,0.845,26.12,-59.45,-8.79,0,5
15834.609,0.435,0.245,0.832,7.39,-50.2,-13.0,0,5
15834.625,0.448,0.223,0.832,-5.58,-38.54,-16.02,0,5
15834.625,0.45,0.201,0.842,-11.51,-26.83,-18.77,0,5
15834.64,0.432,0.183,0.863,-11.41,-16.24,-21.42,0,5
15834.64,0.4,0.177,0.878,-5.68,-8.18,-23.1,0,5
15834.656,0.37,0.178,0.876,2.96,-3.39,-22.71,0,5
15834.671,0.358,0.195,0.871,11.66,-0.82,-21.97,0,5
15834.671,0.339,0.2,0.85,17.79,1.83,-21.55,0,5
15834.687,0.328,0.239,0.829,19.84,5.04,-20.36,0,5
15834.703,0.319,0.257,0.83,18.8,9.4,-18.43,0,5
15834.703,0.297,0.269,0.849,15.08,13.18,-16.91,0,5
15834.718,0.286,0.287,0.874,9.55,14.4,-15.75,0,5
15834.734,0.283,0.289,0.889,3.48,12.82,-14.62,0,5
15834.734,0.282,0.283,0.905,-0.46,10.8,-12.91,0,5
15834.75,0.293,0.274,0.914,-1.46,9.28,-11.17,0,5
15834.765,0.303,0.272,0.918,-0.24,8.15,-10.62,0,5
15834.765,0.307,0.28,0.916,2.2,7.51,-11.05,0,5
15834.781,0.308,0.293,0.906,3.69,7.84,-11.47,0,5
15834.781,0.3,0.299,0.901,3.17,8.94,-11.69,0,5
15834.796,0.287,0.307,0.896,1.53,10.5,-11.38,0,5
15834.812,0.235,0.346,0.959,0.24,11.47,-8.91,0,5
15834.812,0.24,0.328,1.05,2.56,5.46,-2.99,0,5
15834.828,0.288,0.31,1.016,3.69,-5.25,-0.18,0,5
15834.843,0.296,0.333,0.984,0.85,-10.04,0.37,0,5
15834.843,0.313,0.296,0.97,1.13,-9.31,2.66,0,5
15834.859,0.332,0.277,0.947,3.27,-6.38,5.28,0,5
15834.875,0.334,0.276,0.928,5.28,-2.62,6.41,0,5
15834.875,0.329,0.266,0.918,6.68,0.82,6.74,0,5
15834.89,0.322,0.27,0.91,6.16,2.96,7.97,0,5
15834.89,0.325,0.281,0.909,5.28,4.36,8.82,0,5
15834.906,0.319,0.272,0.91,5.58,5.25,9.06,0,5
15834.921,0.311,0.264,0.907,5.92,4.85,8.64,0,5
15834.921,0.311,0.247,0.901,5.62,4.61,8.21,0,5
15834.937,0.308,0.254,0.907,4.18,4.73,7.17,0,5
15834.953,0.303,0.248,0.916,2.9,4.73,5.25,0,5
15834.953,0.3,0.233,0.916,1.22,3.23,2.2,0,5
15834.968,0.3,0.236,0.913,0.52,2.78,0.95,0,5
15834.984,0.295,0.24,0.913,0.58,1.98,0.37,0,5
15834.984,0.292,0.234,0.913,1.62,1.01,0.34,0,5
15835.0,0.315,0.229,0.902,4.06,0.46,-0.76,0,5
15835.0,0.315,0.234,0.904,7.2,1.13,-2.81,0,5
15835.015,0.307,0.254,0.907,9.98,2.29,-4.24,0,5
15835.031,0.291,0.267,0.914,10.68,2.01,-4.39,0,5
15835.046,0.286,0.298,0.914,8.39,0.31,-3.51,0,5
15835.046,0.292,0.313,0.913,4.15,-1.22,-2.29,0,5
15835.062,0.29,0.299,0.911,0.0,-1.77,-1.34,0,5
15835.062,0.294,0.28,0.905,-3.02,-1.56,0.43,0,5
15835.078,0.298,0.275,0.917,-4.09,-1.07,2.04,0,5
15835.093,0.307,0.251,0.914,-2.41,-1.19,2.2,0,5
15835.093,0.312,0.241,0.914,0.12,-1.07,1.43,0,5
15835.109,0.309,0.237,0.918,2.96,-0.73,0.24,0,5
15835.125,0.308,0.241,0.914,4.61,-0.85,-0.95,0,5
15835.125,0.308,0.248,0.919,4.91,-1.19,-1.77,0,5
15835.14,0.311,0.25,0.92,4.82,-1.46,-2.41,0,5
15835.156,0.306,0.264,0.922,3.69,-1.16,-3.23,0,5
15835.156,0.304,0.266,0.927,1.92,-0.79,-3.6,0,5
15835.171,0.306,0.265,0.935,0.4,-0.21,-3.54,0,5
15835.171,0.303,0.265,0.935,-0.06,0.95,-3.6,0,5
15835.187,0.294,0.268,0.946,-0.06,1.89,-3.97,0,5
15835.203,0.294,0.255,0.939,0.4,1.86,-3.94,0,5
15835.203,0.29,0.257,0.94,0.27,1.71,-4.49,0,5
15835.218,0.287,0.255,0.94,0.52,0.95,-6.01,0,5
15835.234,0.286,0.253,0.928,0.79,-0.09,-7.32,0,5
15835.234,0.284,0.249,0.92,2.08,-0.67,-8.24,0,5
15835.25,0.288,0.248,0.91,4.3,-1.19,-9.22,0,5
15835.265,0.283,0.262,0.9,6.81,-1.13,-10.13,0,5
15835.265,0.281,0.273,0.891,8.79,-1.04,-10.35,0,5
15835.281,0.285,0.285,0.886,9.52,-0.85,-10.13,0,5
15835.281,0.282,0.305,0.884,9.67,-0.03,-9.67,0,5
15835.296,0.281,0.311,0.886,9.28,0.64,-8.39,0,5
15835.312,0.281,0.313,0.894,7.69,0.67,-7.57,0,5
15835.312,0.278,0.316,0.905,6.01,0.27,-7.51,0,5
15835.328,0.28,0.314,0.907,4.43,-1.1,-7.51,0,5
15835.343,0.279,0.305,0.907,2.44,-2.96,-7.63,0,5
15835.343,0.284,0.295,0.909,0.89,-4.52,-7.69,0,5
15835.359,0.287,0.285,0.912,-0.27,-5.46,-8.0,0,5
15835.375,0.292,0.268,0.915,-0.34,-5.89,-8.3,0,5
15835.375,0.3,0.258,0.916,0.61,-6.07,-9.06,0,5
15835.39,0.3,0.264,0.918,2.2,-5.92,-10.01,0,5
15835.39,0.302,0.269,0.914,3.17,-6.38,-10.38,0,5
15835.406,0.305,0.276,0.911,3.14,-7.29,-10.9,0,5
15835.421,0.306,0.29,0.91,2.93,-7.54,-11.35,0,5
15835.437,0.306,0.299,0.906,2.23,-7.51,-11.51,0,5
15835.437,0.308,0.308,0.903,1.34,-7.39,-11.14,0,5
15835.453,0.309,0.311,0.902,1.16,-7.14,-10.59,0,5
15835.453,0.311,0.314,0.899,1.86,-6.84,-10.22,0,5
15835.468,0.308,0.316,0.892,3.05,-6.47,-9.64,0,5
15835.484,0.309,0.321,0.882,4.79,-5.83,-8.76,0,5
15835.484,0.314,0.321,0.873,6.74,-5.13,-7.45,0,5
15835.5,0.314,0.319,0.866,8.45,-4.27,-6.5,0,5
15835.515,0.31,0.329,0.861,9.58,-3.08,-5.98,0,5
15835.515,0.307,0.343,0.861,9.43,-1.89,-4.82,0,5
15835.531,0.304,0.352,0.87,7.63,-1.28,-3.6,0,5
15835.531,0.303,0.353,0.874,5.07,-1.62,-2.32,0,5
15835.546,0.304,0.346,0.876,2.87,-2.32,-0.89,0,5
15835.562,0.304,0.341,0.875,1.65,-2.62,0.15,0,5
15835.562,0.31,0.336,0.878,1.5,-2.26,0.95,0,5
15835.578,0.312,0.331,0.879,1.8,-1.65,1.43,0,5
15835.593,0.31,0.327,0.885,2.01,-1.59,1.53,0,5
15835.593,0.306,0.321,0.886,1.31,-2.53,1.43,0,5
15835.609,0.309,0.326,0.886,-0.21,-4.12,1.83,0,5
15835.625,0.314,0.327,0.883,-1.95,-5.52,2.59,0,5
15835.625,0.322,0.316,0.881,-3.42,-6.35,3.33,0,5
15835.64,0.33,0.309,0.894,-4.46,-6.41,3.45,0,5
15835.64,0.327,0.316,0.916,-5.4,-6.07,3.08,0,5
15835.656,0.321,0.337,0.932,-7.14,-6.99,2.66,0,5
15835.671,0.32,0.351,0.929,-9.86,-8.64,3.85,0,5
15835.671,0.334,0.369,0.946,-16.57,-8.94,6.9,0,5
15835.687,0.337,0.369,0.938,-27.8,-9.49,10.25,0,5
15835.703,0.344,0.343,0.929,-44.34,-12.18,10.96,0,5
15835.718,0.374,0.31,0.921,-58.96,-14.5,11.81,0,5
15835.718,0.387,0.248,0.884,-60.79,-11.66,12.85,0,5
15835.734,0.386,0.226,0.868,-57.86,-8.21,10.35,0,5
15835.734,0.38,0.229,0.892,-51.27,-4.61,7.75,0,5
15835.75,0.359,0.214,0.92,-37.11,2.11,8.48,0,5
15835.765,0.361,0.212,0.933,-25.09,9.64,8.85,0,5
15835.765,0.347,0.211,0.987,-18.1,16.88,7.29,0,5
15835.781,0.35,0.168,1.025,-11.41,23.01,6.16,0,5
15835.781,0.373,0.113,1.028,-3.94,27.28,5.83,0,5
15835.796,0.397,0.064,1.03,7.26,28.96,3.54,0,5
15835.812,0.395,0.065,1.005,22.4,27.19,-1.74,0,5
15835.812,0.341,0.109,0.966,37.23,23.62,-7.69,0,5
15835.828,0.299,0.156,0.913,47.55,18.01,-9.0,0,5
15835.843,0.29,0.241,0.855,51.39,12.33,-7.81,0,5
15835.843,0.251,0.273,0.852,52.64,9.43,-4.61,0,5
15835.859,0.258,0.267,0.868,51.76,6.59,-1.31,0,5
15835.875,0.258,0.269,0.894,50.2,3.88,-0.31,0,5
15835.875,0.249,0.257,0.944,51.76,0.0,-0.18,0,5
15835.89,0.24,0.269,1.001,57.59,-5.8,0.7,0,5
15835.906,0.263,0.286,1.033,64.39,-14.37,2.29,0,5
15835.906,0.326,0.317,1.012,64.39,-24.14,0.55,0,5
15835.921,0.339,0.363,0.979,53.9,-31.25,-4.27,0,5
15835.921,0.353,0.355,0.967,36.77,-36.68,-8.3,0,5
15835.937,0.376,0.323,0.958,3.39,-43.4,-15.72,0,5
15835.953,0.385,0.286,0.955,-7.26,-44.62,-18.83,0,5
15835.968,0.391,0.26,0.936,-11.32,-43.7,-20.42,0,5
15835.968,0.399,0.247,0.916,-9.34,-41.26,-22.0,0,5
15835.984,0.398,0.188,0.883,-4.73,-38.48,-24.93,0,5
15835.984,0.392,0.186,0.858,0.27,-35.65,-28.38,0,5
15836.0,0.389,0.199,0.826,5.25,-32.07,-31.56,0,5
15836.015,0.388,0.198,0.793,9.52,-27.28,-34.73,0,5
15836.015,0.389,0.212,0.761,10.38,-21.82,-38.18,0,5
15836.031,0.387,0.24,0.728,7.29,-15.99,-42.33,0,5
15836.031,0.384,0.262,0.708,0.34,-9.25,-47.27,0,5
15836.046,0.376,0.285,0.696,-10.44,-0.27,-53.83,0,5
15836.062,0.367,0.283,0.698,-23.77,9.83,-60.82,0,5
15836.078,0.339,0.298,0.717,-35.34,20.63,-67.81,0,5
15836.078,0.294,0.297,0.748,-43.76,30.4,-71.84,0,5
15836.093,0.253,0.278,0.784,-48.8,36.87,-72.63,0,5
15836.093,0.209,0.271,0.832,-49.96,39.67,-71.87,0,5
15836.109,0.174,0.294,0.882,-47.46,37.69,-70.96,0,5
15836.125,0.136,0.299,0.92,-41.23,31.07,-69.31,0,5
15836.14,0.117,0.303,0.953,-32.56,21.15,-66.29,0,5
15836.14,0.116,0.327,0.971,-22.13,9.46,-62.99,0,5
15836.14,0.127,0.353,0.959,-11.2,-2.01,-59.39,0,5
15836.156,0.145,0.382,0.939,-0.55,-10.07,-55.76,0,5
15836.171,0.154,0.416,0.923,8.27,-13.0,-52.31,0,5
15836.187,0.162,0.449,0.908,14.25,-12.21,-49.47,0,5
15836.187,0.167,0.464,0.904,15.99,-11.02,-46.54,0,5
15836.203,0.185,0.474,0.902,16.36,-10.19,-43.64,0,5
15836.218,0.207,0.477,0.893,18.22,-9.61,-41.44,0,5
15836.218,0.227,0.472,0.883,19.56,-9.61,-39.28,0,5
15836.234,0.251,0.465,0.872,20.84,-8.76,-38.27,0,5
15836.234,0.262,0.467,0.868,22.16,-6.62,-37.9,0,5
15836.25,0.259,0.476,0.866,23.99,-3.66,-36.68,0,5
15836.25,0.244,0.486,0.866,25.06,-1.22,-33.72,0,5
15836.265,0.229,0.499,0.876,24.54,0.06,-30.37,0,5
15836.281,0.22,0.511,0.884,22.86,-0.09,-27.95,0,5
15836.296,0.216,0.524,0.887,20.08,-1.65,-26.15,0,5
15836.296,0.208,0.521,0.883,17.0,-4.12,-24.51,0,5
15836.312,0.207,0.506,0.882,14.37,-6.9,-22.13,0,5
15836.312,0.215,0.502,0.88,13.25,-9.89,-18.86,0,5
15836.328,0.225,0.498,0.868,13.95,-12.51,-16.63,0,5
15836.343,0.231,0.49,0.849,15.11,-14.1,-15.2,0,5
15836.343,0.246,0.487,0.831,16.11,-14.59,-14.01,0,5
15836.359,0.254,0.493,0.82,16.82,-14.28,-13.61,0,5
15836.375,0.258,0.499,0.804,17.64,-12.91,-13.46,0,5
15836.375,0.257,0.506,0.79,18.01,-11.08,-12.79,0,5
15836.39,0.259,0.507,0.786,18.28,-8.21,-10.56,0,5
15836.406,0.258,0.505,0.788,19.23,-4.33,-7.11,0,5
15836.406,0.257,0.501,0.796,21.3,-0.24,-3.2,0,5
15836.421,0.255,0.489,0.808,24.75,3.81,0.46,0,5
15836.421,0.252,0.483,0.817,28.93,7.69,3.14,0,5
15836.437,0.249,0.486,0.823,32.96,10.65,4.12,0,5
15836.453,0.244,0.493,0.823,34.91,11.96,4.39,0,5
15836.468,0.242,0.495,0.821,33.75,11.26,3.72,0,5
15836.468,0.234,0.502,0.822,30.0,9.46,3.17,0,5
15836.484,0.233,0.501,0.82,24.05,7.78,3.2,0,5
15836.484,0.233,0.487,0.821,17.24,6.65,4.15,0,5
15836.5,0.233,0.462,0.825,11.93,6.04,5.31,0,5
15836.515,0.234,0.447,0.833,8.91,6.2,5.71,0,5
15836.515,0.229,0.447,0.838,8.09,7.08,4.76,0,5
15836.531,0.22,0.446,0.842,8.79,8.58,3.45,0,5
15836.546,0.216,0.446,0.845,10.19,10.1,2.87,0,5
15836.546,0.215,0.455,0.851,12.15,11.38,2.23,0,5
15836.562,0.215,0.46,0.848,13.58,12.02,1.4,0,5
15836.562,0.211,0.471,0.849,13.49,12.18,1.04,0,5
15836.578,0.203,0.475,0.854,12.45,11.29,0.95,0,5
15836.593,0.202,0.469,0.856,11.66,9.64,1.71,0,5
15836.593,0.203,0.464,0.857,11.75,7.23,2.69,0,5
15836.609,0.202,0.47,0.855,11.44,4.43,3.02,0,5
15836.609,0.203,0.474,0.852,9.8,2.11,2.75,0,5
15836.625,0.202,0.487,0.849,6.35,0.64,1.53,0,5
15836.64,0.202,0.483,0.849,2.32,-0.34,0.64,0,5
15836.64,0.209,0.469,0.851,-0.46,-0.64,0.49,0,5
15836.656,0.215,0.456,0.853,-1.34,-0.58,0.15,0,5
15836.671,0.213,0.448,0.853,-0.31,-0.31,-0.82,0,5
15836.671,0.214,0.45,0.854,1.95,-0.06,-2.2,0,5
15836.687,0.215,0.452,0.854,4.46,0.03,-3.57,0,5
15836.703,0.212,0.463,0.854,6.13,0.09,-4.7,0,5
15836.703,0.212,0.482,0.856,6.04,0.61,-5.8,0,5
15836.718,0.215,0.486,0.861,4.64,0.85,-6.53,0,5
15836.734,0.217,0.483,0.866,3.14,0.52,-6.93,0,5
15836.734,0.216,0.481,0.865,2.84,-0.4,-7.69,0,5
15836.75,0.208,0.481,0.86,3.42,-2.08,-8.58,0,5
15836.75,0.2,0.491,0.853,3.54,-3.88,-9.22,0,5
15836.765,0.194,0.498,0.843,3.02,-5.52,-9.92,0,5
15836.781,0.184,0.502,0.834,2.01,-6.81,-10.04,0,5
15836.781,0.18,0.512,0.826,0.85,-8.09,-9.92,0,5
15836.796,0.184,0.525,0.817,-0.73,-9.03,-9.98,0,5
15836.812,0.187,0.534,0.806,-2.44,-8.88,-10.28,0,5
15836.812,0.185,0.54,0.808,-4.39,-7.78,-10.44,0,5
15836.828,0.183,0.545,0.81,-5.92,-6.62,-9.52,0,5
15836.843,0.179,0.546,0.807,-7.42,-5.95,-8.36,0,5
15836.843,0.179,0.543,0.808,-8.67,-5.31,-6.87,0,5
15836.859,0.179,0.532,0.811,-9.98,-5.19,-5.22,0,5
15836.875,0.18,0.522,0.811,-10.56,-5.65,-4.21,0,5
15836.875,0.179,0.515,0.812,-10.19,-6.13,-3.27,0,5
15836.89,0.178,0.506,0.807,-9.77,-6.56,-1.59,0,5
15836.89,0.184,0.494,0.81,-9.55,-6.1,0.7,0,5
15836.906,0.189,0.477,0.818,-9.67,-4.94,2.59,0,5
15836.921,0.199,0.458,0.835,-10.8,-3.45,3.85,0,5
15836.921,0.211,0.449,0.85,-15.81,-2.14,3.23,0,5
15836.937,0.217,0.439,0.87,-18.65,-2.72,2.01,0,5
15836.953,0.219,0.426,0.891,-19.04,-4.61,0.37,0,5
15836.953,0.228,0.421,0.906,-17.49,-6.93,-1.77,0,5
15836.968,0.232,0.43,0.902,-14.44,-8.76,-4.27,0,5
15836.984,0.229,0.448,0.895,-11.29,-9.61,-6.81,0,5
15836.984,0.224,0.451,0.891,-8.58,-9.61,-8.51,0,5
15837.0,0.222,0.456,0.887,-5.19,-9.46,-8.36,0,5
15837.015,0.222,0.459,0.877,-1.16,-9.4,-7.57,0,5
15837.015,0.221,0.457,0.864,3.51,-9.19,-6.62,0,5
15837.031,0.224,0.46,0.854,7.51,-8.61,-5.62,0,5
15837.031,0.226,0.46,0.845,10.38,-7.57,-5.07,0,5
15837.046,0.225,0.461,0.839,12.3,-6.62,-4.88,0,5
15837.062,0.228,0.462,0.834,13.4,-6.07,-4.94,0,5
15837.062,0.231,0.469,0.827,13.55,-5.8,-5.62,0,5
15837.078,0.231,0.481,0.818,12.18,-5.83,-6.65,0,5
15837.093,0.229,0.49,0.814,9.95,-5.8,-7.35,0,5
15837.093,0.231,0.499,0.813,7.66,-5.52,-7.48,0,5
15837.109,0.231,0.51,0.813,5.58,-5.04,-7.23,0,5
15837.125,0.227,0.521,0.814,4.27,-4.39,-6.32,0,5
15837.125,0.223,0.529,0.818,3.36,-3.3,-4.52,0,5
15837.14,0.217,0.533,0.824,3.05,-2.08,-1.92,0,5
15837.156,0.217,0.529,0.827,2.84,-1.13,0.92,0,5
15837.156,0.216,0.517,0.827,2.26,-0.4,3.17,0,5
15837.171,0.216,0.503,0.828,1.28,-0.15,4.49,0,5
15837.171,0.218,0.49,0.828,0.21,0.03,5.31,0,5
15837.187,0.221,0.477,0.828,-0.37,-0.06,5.43,0,5
15837.203,0.225,0.476,0.83,-1.22,-0.34,4.94,0,5
15837.203,0.226,0.473,0.836,-2.59,-0.64,3.63,0,5
15837.218,0.221,0.474,0.845,-4.33,-1.46,2.11,0,5
15837.234,0.219,0.471,0.851,-4.7,-2.75,0.98,0,5
15837.234,0.226,0.471,0.855,-3.63,-3.75,0.7,0,5
15837.25,0.227,0.476,0.855,-1.92,-4.12,0.64,0,5
15837.265,0.226,0.476,0.853,0.37,-4.39,0.52,0,5
15837.265,0.226,0.478,0.851,2.78,-4.58,0.85,0,5
15837.281,0.227,0.482,0.846,4.43,-4.61,1.25,0,5
15837.281,0.229,0.485,0.84,5.31,-4.73,1.28,0,5
15837.296,0.229,0.487,0.834,5.34,-4.94,1.43,0,5
15837.312,0.232,0.491,0.829,4.79,-5.22,1.62,0,5
15837.312,0.237,0.495,0.825,3.45,-5.31,1.28,0,5
15837.328,0.234,0.495,0.821,1.98,-5.34,0.58,0,5
15837.343,0.233,0.494,0.82,0.4,-5.77,0.31,0,5
15837.343,0.241,0.496,0.823,-1.04,-5.86,0.34,0,5
15837.359,0.242,0.49,0.825,-1.68,-5.22,0.4,0,5
15837.375,0.24,0.483,0.823,-1.4,-4.52,0.27,0,5
15837.375,0.242,0.48,0.826,-0.61,-3.81,0.21,0,5
15837.39,0.242,0.48,0.831,0.4,-3.05,0.18,0,5
15837.406,0.241,0.478,0.831,1.65,-2.2,0.43,0,5
15837.406,0.244,0.48,0.829,2.53,-1.62,0.4,0,5
15837.421,0.243,0.481,0.829,2.93,-1.07,0.09,0,5
15837.421,0.244,0.488,0.831,2.62,-0.82,-0.27,0,5
15837.437,0.246,0.497,0.835,1.43,-0.85,-0.43,0,5
15837.453,0.245,0.503,0.839,-0.15,-1.25,-0.46,0,5
15837.453,0.239,0.489,0.83,-0.79,-2.38,-0.7,0,5
15837.468,0.24,0.465,0.814,0.76,-4.0,-0.95,0,5
15837.484,0.251,0.477,0.817,1.98,-3.88,-1.28,0,5
15837.484,0.245,0.498,0.822,1.07,-1.59,-2.47,0,5
15837.5,0.226,0.481,0.82,1.4,0.27,-3.97,0,5
15837.5,0.224,0.471,0.815,3.69,0.92,-4.15,0,5
15837.515,0.228,0.491,0.823,4.97,2.11,-3.36,0,5
15837.531,0.227,0.506,0.84,4.24,3.27,-2.72,0,5
15837.531,0.222,0.507,0.85,3.48,2.62,-1.89,0,5
15837.546,0.226,0.507,0.851,3.42,0.18,-0.46,0,5
15837.562,0.237,0.513,0.85,2.87,-2.2,0.82,0,5
15837.562,0.237,0.512,0.848,1.22,-4.15,1.1,0,5
15837.578,0.233,0.501,0.839,-0.09,-6.2,0.7,0,5
15837.593,0.232,0.49,0.822,-0.46,-7.81,0.37,0,5
15837.593,0.236,0.489,0.814,-0.61,-7.93,0.34,0,5
15837.609,0.238,0.493,0.813,-0.95,-6.84,0.15,0,5
15837.625,0.233,0.491,0.81,-0.7,-5.37,-0.09,0,5
15837.625,0.232,0.495,0.814,-0.18,-4.33,-0.09,0,5
15837.64,0.234,0.503,0.822,-0.18,-3.81,0.4,0,5
15837.64,0.235,0.509,0.836,-0.98,-3.94,0.82,0,5
15837.656,0.23,0.512,0.841,-1.8,-5.1,1.19,0,5
15837.671,0.231,0.507,0.842,-2.66,-7.11,2.2,0,5
15837.671,0.239,0.504,0.839,-3.36,-9.16,3.17,0,5
15837.687,0.245,0.498,0.833,-4.06,-10.53,3.11,0,5
15837.703,0.247,0.481,0.824,-4.88,-10.99,2.5,0,5
15837.703,0.254,0.471,0.818,-5.01,-10.71,1.8,0,5
15837.718,0.258,0.468,0.816,-4.58,-9.7,1.25,0,5
15837.734,0.263,0.469,0.818,-3.94,-8.51,0.46,0,5
15837.734,0.265,0.469,0.821,-3.11,-7.17,-0.52,0,5
15837.75,0.264,0.47,0.825,-2.23,-5.92,-1.5,0,5
15837.765,0.264,0.476,0.831,-1.31,-5.16,-2.23,0,5
15837.765,0.26,0.48,0.837,-0.46,-5.04,-2.59,0,5
15837.781,0.255,0.48,0.839,0.34,-5.34,-2.93,0,5
15837.796,0.258,0.478,0.841,0.92,-5.71,-3.36,0,5
15837.796,0.253,0.475,0.844,1.37,-6.26,-4.12,0,5
15837.812,0.244,0.474,0.844,1.62,-7.57,-4.97,0,5
15837.812,0.242,0.475,0.848,1.25,-9.37,-5.95,0,5
15837.828,0.245,0.478,0.846,0.7,-11.2,-6.96,0,5
15837.843,0.245,0.475,0.84,0.46,-12.85,-8.09,0,5
15837.859,0.247,0.465,0.84,0.61,-14.16,-8.91,0,5
15837.859,0.258,0.469,0.842,0.46,-15.99,-10.9,0,5
15837.875,0.261,0.47,0.844,-0.58,-18.13,-14.13,0,5
15837.875,0.26,0.464,0.845,-2.87,-20.84,-18.28,0,5
15837.89,0.263,0.455,0.846,-5.52,-24.32,-22.64,0,5
15837.89,0.268,0.451,0.851,-8.97,-28.11,-27.8,0,5
15837.906,0.269,0.436,0.855,-18.56,-38.15,-44.01,0,5
15837.921,0.272,0.408,0.869,-28.02,-47.03,-58.72,0,5
15837.921,0.265,0.389,0.888,-43.03,-59.79,-78.95,0,5
15837.937,0.252,0.417,0.876,-62.26,-73.46,-99.31,0,5
15837.953,0.247,0.429,0.85,-81.39,-84.63,-114.05,0,5
15837.953,0.26,0.445,0.838,-93.87,-90.67,-119.63,0,5
15837.968,0.285,0.453,0.813,-94.79,-89.21,-115.15,0,5
15837.984,0.308,0.458,0.788,-86.28,-80.66,-105.14,0,5
15837.984,0.324,0.451,0.777,-70.68,-66.59,-92.96,0,5
15838.0,0.332,0.436,0.779,-49.68,-50.05,-83.16,0,5
15838.015,0.341,0.444,0.777,-27.22,-34.0,-76.17,0,5
15838.015,0.334,0.456,0.758,-7.23,-19.1,-69.92,0,5
15838.031,0.315,0.497,0.747,6.01,-6.32,-63.14,0,5
15838.031,0.296,0.529,0.751,11.2,3.36,-54.51,0,5
15838.046,0.272,0.546,0.758,11.38,10.68,-46.17,0,5
15838.062,0.25,0.549,0.772,9.19,15.81,-39.03,0,5
15838.078,0.236,0.548,0.79,6.5,19.1,-33.39,0,5
15838.078,0.219,0.55,0.814,3.42,20.78,-28.6,0,5
15838.093,0.207,0.548,0.838,0.64,20.75,-23.74,0,5
15838.093,0.194,0.543,0.851,-1.1,19.81,-17.98,0,5
15838.109,0.168,0.548,0.874,-2.78,18.01,-11.84,0,5
15838.125,0.154,0.558,0.9,-7.2,13.21,-5.04,0,5
15838.125,0.172,0.525,0.877,-9.61,7.57,0.89,0,5
15838.14,0.18,0.501,0.849,-10.96,4.12,5.71,0,5
15838.14,0.198,0.482,0.842,-12.76,2.5,10.04,0,5
15838.156,0.21,0.449,0.851,-14.71,1.71,12.12,0,5
15838.171,0.226,0.426,0.865,-16.66,0.0,11.08,0,5
15838.171,0.24,0.422,0.88,-17.79,-1.89,8.33,0,5
15838.187,0.241,0.416,0.886,-16.94,-3.2,5.65,0,5
15838.203,0.248,0.399,0.885,-13.34,-4.03,4.67,0,5
15838.203,0.256,0.405,0.867,-9.43,-3.42,3.51,0,5
15838.218,0.253,0.404,0.869,-5.55,-1.56,2.47,0,5
15838.218,0.251,0.406,0.871,-2.72,-0.24,1.92,0,5
15838.234,0.252,0.409,0.874,-0.31,0.46,1.37,0,5
15838.25,0.247,0.414,0.876,2.44,1.13,1.19,0,5
15838.265,0.24,0.419,0.875,4.73,1.4,0.89,0,5
15838.265,0.238,0.419,0.875,7.11,1.4,0.4,0,5
15838.281,0.233,0.433,0.87,8.42,1.01,-0.34,0,5
15838.281,0.234,0.444,0.864,9.16,0.34,-0.4,0,5
15838.296,0.23,0.452,0.853,9.28,-0.21,-0.79,0,5
15838.312,0.228,0.459,0.85,9.22,-0.49,-0.58,0,5
15838.312,0.222,0.471,0.856,8.55,-0.73,0.09,0,5
15838.328,0.219,0.473,0.857,8.18,-1.5,1.19,0,5
15838.343,0.219,0.473,0.856,7.39,-2.66,2.14,0,5
15838.343,0.222,0.472,0.85,6.1,-3.72,2.84,0,5
15838.359,0.225,0.471,0.844,4.46,-4.52,3.81,0,5
15838.375,0.233,0.469,0.846,2.72,-5.22,4.64,0,5
15838.375,0.236,0.469,0.846,3.97,-4.97,6.47,0,5
15838.39,0.243,0.462,0.842,3.72,-4.76,7.97,0,5
15838.39,0.243,0.45,0.861,-0.24,-5.71,5.95,0,5
15838.406,0.241,0.442,0.877,-0.55,-7.51,4.67,0,5
15838.421,0.243,0.447,0.878,-0.06,-9.64,4.39,0,5
15838.421,0.242,0.445,0.878,1.53,-11.26,4.39,0,5
15838.437,0.241,0.442,0.874,3.57,-12.6,4.36,0,5
15838.453,0.244,0.447,0.868,5.34,-13.86,4.27,0,5
15838.453,0.245,0.443,0.86,6.26,-14.86,4.0,0,5
15838.468,0.248,0.442,0.849,5.86,-15.69,3.57,0,5
15838.484,0.255,0.442,0.843,5.16,-16.05,3.3,0,5
15838.5,0.263,0.445,0.839,5.55,-15.72,3.51,0,5
15838.5,0.269,0.448,0.835,6.32,-14.8,3.88,0,5
15838.515,0.276,0.444,0.834,7.08,-13.55,3.78,0,5
15838.515,0.28,0.44,0.835,7.54,-12.76,2.87,0,5
15838.531,0.281,0.443,0.831,7.66,-12.33,1.59,0,5
15838.546,0.284,0.451,0.828,7.39,-11.87,0.58,0,5
15838.546,0.285,0.453,0.825,7.29,-11.17,-0.12,0,5
15838.562,0.286,0.458,0.823,7.9,-9.92,-0.18,0,5
15838.578,0.286,0.464,0.818,8.7,-8.24,-0.09,0,5
15838.578,0.287,0.465,0.813,9.46,-6.53,0.4,0,5
15838.593,0.288,0.463,0.813,9.89,-4.61,0.67,0,5
15838.593,0.283,0.467,0.816,9.7,-2.9,0.61,0,5
15838.609,0.279,0.471,0.819,8.58,-1.95,0.52,0,5
15838.625,0.276,0.472,0.819,7.17,-1.5,0.27,0,5
15838.625,0.272,0.47,0.82,5.62,-1.43,-0.21,0,5
15838.64,0.269,0.474,0.824,3.63,-2.11,-1.04,0,5
15838.656,0.269,0.483,0.832,1.28,-3.33,-1.65,0,5
15838.656,0.271,0.486,0.832,-0.58,-4.55,-1.8,0,5
15838.671,0.272,0.486,0.831,-1.46,-5.34,-1.31,0,5
15838.687,0.274,0.485,0.829,-1.01,-5.49,-0.34,0,5
15838.687,0.277,0.482,0.829,-0.12,-5.22,1.04,0,5
15838.703,0.277,0.478,0.827,0.64,-4.88,2.41,0,5
15838.703,0.279,0.471,0.825,1.01,-4.73,3.17,0,5
15838.718,0.282,0.465,0.821,0.82,-4.3,3.48,0,5
15838.734,0.287,0.462,0.819,0.37,-3.94,3.39,0,5
15838.734,0.286,0.463,0.821,0.0,-3.36,3.11,0,5
15838.75,0.286,0.464,0.825,-0.24,-2.9,2.96,0,5
15838.765,0.287,0.466,0.827,-0.27,-2.59,2.78,0,5
15838.765,0.289,0.469,0.824,-0.06,-1.92,2.78,0,5
15838.781,0.289,0.465,0.821,0.67,-1.31,2.75,0,5
15838.781,0.29,0.465,0.819,1.53,-0.49,2.9,0,5
15838.796,0.293,0.462,0.814,2.32,0.58,3.05,0,5
15838.812,0.292,0.46,0.811,3.17,2.04,3.11,0,5
15838.812,0.292,0.459,0.814,3.54,3.57,2.62,0,5
15838.828,0.289,0.463,0.822,3.42,4.43,1.74,0,5
15838.843,0.288,0.467,0.827,2.75,4.43,0.61,0,5
15838.843,0.284,0.471,0.832,2.11,3.97,-0.18,0,5
15838.859,0.28,0.475,0.835,1.92,3.23,-0.52,0,5
15838.875,0.279,0.483,0.835,1.65,1.98,-0.61,0,5
15838.875,0.276,0.487,0.832,0.85,0.89,-0.46,0,5
15838.89,0.275,0.485,0.828,-0.89,-0.95,0.49,0,5
15838.89,0.275,0.484,0.829,-1.53,-1.5,1.07,0,5
15838.906,0.274,0.478,0.828,-1.74,-1.56,1.68,0,5
15838.921,0.276,0.473,0.827,-1.8,-1.5,2.04,0,5
15838.921,0.279,0.462,0.821,-1.68,-1.04,1.92,0,5
15838.937,0.282,0.46,0.824,-1.46,-0.46,1.59,0,5
15838.953,0.283,0.46,0.829,-1.4,-0.09,1.28,0,5
15838.953,0.283,0.459,0.832,-0.79,0.27,1.1,0,5
15838.968,0.29,0.46,0.832,0.21,0.49,0.89,0,5
15838.984,0.289,0.464,0.833,1.53,0.7,0.46,0,5
15838.984,0.29,0.465,0.832,2.72,1.04,0.37,0,5
15839.0,0.29,0.464,0.827,3.66,1.28,0.4,0,5
15839.015,0.288,0.463,0.822,4.43,2.01,0.24,0,5
15839.015,0.283,0.463,0.824,4.79,2.69,0.24,0,5
15839.031,0.282,0.467,0.828,5.04,2.78,0.03,0,5
15839.031,0.281,0.47,0.827,4.79,2.81,-0.27,0,5
15839.046,0.276,0.47,0.827,4.36,2.78,-0.7,0,5
15839.062,0.272,0.474,0.83,4.03,2.35,-0.95,0,5
15839.062,0.271,0.479,0.831,3.72,1.95,-0.85,0,5
15839.078,0.271,0.483,0.832,3.45,1.34,-0.89,0,5
15839.093,0.271,0.486,0.828,3.27,0.49,-0.79,0,5
15839.109,0.269,0.49,0.824,2.93,0.03,-0.55,0,5
15839.109,0.274,0.493,0.819,2.44,-0.4,0.03,0,5
15839.125,0.275,0.491,0.818,1.43,-0.55,0.58,0,5
15839.125,0.276,0.486,0.816,0.46,-0.43,0.92,0,5
15839.14,0.277,0.485,0.82,-0.31,-0.49,1.31,0,5
15839.14,0.28,0.48,0.823,-0.82,-0.55,1.4,0,5
15839.156,0.281,0.474,0.824,-1.31,-0.61,1.31,0,5
15839.171,0.278,0.47,0.823,-1.43,-0.34,1.13,0,5
15839.171,0.278,0.468,0.824,-1.07,0.15,0.95,0,5
15839.187,0.278,0.471,0.827,-0.52,0.49,0.73,0,5
15839.203,0.275,0.47,0.831,0.15,0.7,0.67,0,5
15839.218,0.276,0.47,0.833,1.01,0.79,0.73,0,5
15839.218,0.273,0.472,0.832,2.11,0.82,0.7,0,5
15839.234,0.271,0.474,0.829,3.42,0.61,0.67,0,5
15839.234,0.27,0.474,0.825,4.03,0.55,0.4,0,5
15839.25,0.272,0.477,0.818,4.21,0.52,0.0,0,5
15839.265,0.273,0.487,0.81,3.48,0.98,-0.06,0,5
15839.265,0.27,0.49,0.812,2.01,1.31,0.4,0,5
15839.281,0.277,0.493,0.826,-0.31,1.34,1.4,0,5
15839.296,0.278,0.494,0.834,-2.17,0.85,2.29,0,5
15839.296,0.278,0.483,0.834,-2.08,-0.31,3.11,0,5
15839.312,0.284,0.48,0.835,-1.37,-1.34,4.06,0,5
15839.328,0.285,0.475,0.831,-0.15,-1.46,4.06,0,5
15839.328,0.283,0.462,0.825,0.85,-1.1,3.42,0,5
15839.343,0.276,0.462,0.816,1.98,-0.27,2.26,0,5
15839.343,0.274,0.46,0.81,3.17,0.73,1.22,0,5
15839.359,0.272,0.469,0.81,3.6,2.11,0.55,0,5
15839.375,0.271,0.479,0.813,3.11,3.36,0.34,0,5
15839.375,0.274,0.484,0.819,2.2,4.03,0.64,0,5
15839.39,0.272,0.491,0.83,0.79,4.0,1.28,0,5
15839.406,0.272,0.489,0.839,-0.12,3.05,1.98,0,5
15839.406,0.276,0.484,0.844,-0.24,1.71,2.75,0,5
15839.421,0.279,0.484,0.841,0.52,0.43,3.33,0,5
15839.421,0.282,0.48,0.839,1.5,-0.73,3.85,0,5
15839.437,0.285,0.473,0.831,2.5,-1.1,4.0,0,5
15839.453,0.283,0.462,0.815,3.75,-0.95,2.96,0,5
15839.453,0.282,0.466,0.801,4.55,0.27,1.62,0,5
15839.468,0.278,0.474,0.796,4.15,2.14,0.31,0,5
15839.484,0.275,0.481,0.802,3.23,3.78,-0.46,0,5
15839.484,0.271,0.492,0.811,1.68,4.79,-0.43,0,5
15839.5,0.27,0.497,0.821,0.4,4.97,0.03,0,5
15839.515,0.271,0.501,0.831,-0.73,4.15,0.82,0,5
15839.515,0.272,0.503,0.838,-1.68,2.81,1.5,0,5
15839.531,0.269,0.497,0.838,-2.29,1.07,2.08,0,5
15839.531,0.27,0.493,0.833,-2.56,-0.37,2.35,0,5
15839.546,0.271,0.485,0.824,-3.05,-1.46,2.69,0,5
15839.562,0.273,0.471,0.819,-3.23,-1.68,2.75,0,5
15839.562,0.274,0.468,0.815,-3.48,-1.07,2.47,0,5
15839.578,0.272,0.463,0.817,-3.85,0.03,2.01,0,5
15839.593,0.271,0.458,0.825,-3.57,0.92,1.53,0,5
15839.593,0.271,0.458,0.831,-2.96,1.16,0.85,0,5
15839.609,0.27,0.462,0.839,-2.35,1.13,0.18,0,5
15839.625,0.27,0.467,0.845,-1.86,0.64,-0.21,0,5
15839.625,0.268,0.469,0.848,-0.76,-0.15,-0.24,0,5
15839.64,0.268,0.472,0.846,0.67,-0.85,-0.03,0,5
15839.64,0.27,0.472,0.84,1.89,-1.37,0.09,0,5
15839.656,0.27,0.471,0.83,2.59,-1.71,0.09,0,5
15839.671,0.272,0.473,0.824,2.75,-1.8,0.15,0,5
15839.671,0.277,0.477,0.818,2.5,-1.68,0.27,0,5
15839.687,0.278,0.48,0.818,2.23,-1.16,-0.06,0,5
15839.703,0.276,0.482,0.819,2.08,-0.49,-0.03,0,5
15839.703,0.273,0.485,0.818,2.29,0.03,0.18,0,5
15839.718,0.274,0.486,0.816,1.89,0.31,0.21,0,5
15839.734,0.27,0.486,0.818,0.73,0.46,0.0,0,5
15839.75,0.268,0.49,0.822,-0.82,-0.03,0.09,0,5
15839.75,0.268,0.49,0.826,-2.32,-0.61,0.12,0,5
15839.75,0.271,0.486,0.829,-3.23,-1.13,0.34,0,5
15839.765,0.271,0.482,0.828,-3.51,-1.53,0.7,0,5
15839.781,0.276,0.473,0.828,-3.14,-1.65,0.98,0,5
15839.796,0.276,0.467,0.829,-2.9,-1.5,0.89,0,5
15839.796,0.275,0.461,0.827,-2.56,-1.37,0.49,0,5
15839.812,0.275,0.462,0.823,-1.95,-1.13,0.06,0,5
15839.812,0.274,0.468,0.821,-1.04,-0.34,-0.4,0,5
15839.828,0.268,0.469,0.824,-0.43,0.58,-0.58,0,5
15839.843,0.265,0.471,0.83,-0.21,0.98,-0.55,0,5
15839.859,0.265,0.475,0.834,-0.43,0.85,-0.34,0,5
15839.859,0.267,0.482,0.842,-0.61,0.21,0.12,0,5
15839.875,0.269,0.485,0.844,-0.49,-2.2,0.85,0,5
15839.875,0.271,0.48,0.845,0.03,-3.48,0.92,0,5
15839.89,0.274,0.474,0.837,0.43,-3.85,0.58,0,5
15839.89,0.277,0.468,0.828,0.4,-3.78,0.15,0,5
15839.906,0.278,0.469,0.814,0.27,-3.17,-0.46,0,5
15839.921,0.278,0.471,0.813,0.15,-2.23,-0.85,0,5
15839.921,0.276,0.474,0.816,0.18,-0.92,-0.98,0,5
15839.937,0.274,0.478,0.821,0.12,0.09,-0.89,0,5
15839.953,0.273,0.48,0.824,0.0,0.58,-0.55,0,5
15839.968,0.27,0.48,0.832,-0.46,0.46,-0.4,0,5
15839.968,0.268,0.478,0.839,-0.82,-0.24,-0.15,0,5
15839.984,0.268,0.477,0.844,-0.95,-1.13,0.18,0,5
15839.984,0.27,0.475,0.84,-0.61,-2.08,0.43,0,5
15840.0,0.272,0.472,0.837,0.06,-2.93,0.52,0,5
15840.0,0.275,0.471,0.831,0.7,-3.33,0.61,0,5
15840.015,0.277,0.469,0.825,1.46,-3.3,0.58,0,5
15840.031,0.277,0.467,0.816,1.89,-2.81,0.34,0,5
15840.031,0.277,0.47,0.816,1.8,-2.01,0.03,0,5
15840.046,0.275,0.472,0.817,1.65,-1.28,-0.18,0,5
15840.062,0.275,0.474,0.822,1.34,-0.67,-0.18,0,5
15840.062,0.274,0.477,0.827,0.95,-0.55,-0.15,0,5
15840.078,0.271,0.478,0.834,0.61,-0.85,-0.21,0,5
15840.093,0.269,0.479,0.84,0.64,-1.4,-0.06,0,5
15840.093,0.269,0.478,0.842,1.19,-2.26,0.4,0,5
15840.109,0.27,0.475,0.843,1.98,-3.3,0.76,0,5
15840.125,0.271,0.474,0.84,2.66,-4.27,0.98,0,5
15840.125,0.272,0.474,0.835,3.3,-5.1,0.98,0,5
15840.14,0.276,0.474,0.832,3.81,-5.71,0.89,0,5
15840.156,0.28,0.474,0.826,4.52,-5.77,1.04,0,5
15840.156,0.283,0.473,0.82,5.34,-5.46,1.04,0,5
15840.171,0.287,0.472,0.818,6.04,-4.82,1.01,0,5
15840.171,0.291,0.469,0.821,6.93,-4.12,1.04,0,5
15840.187,0.29,0.464,0.828,8.33,-3.11,0.95,0,5
15840.203,0.286,0.459,0.843,10.62,-2.53,0.98,0,5
15840.203,0.281,0.456,0.862,14.28,-1.95,1.37,0,5
15840.218,0.261,0.454,0.889,19.81,-1.77,2.23,0,5
15840.234,0.237,0.454,0.927,27.25,-2.35,3.88,0,5
15840.234,0.21,0.457,0.976,37.63,-4.03,7.05,0,5
15840.25,0.185,0.467,1.022,51.48,-6.74,12.12,0,5
15840.265,0.155,0.467,1.04,69.34,-9.92,19.75,0,5
15840.265,0.148,0.485,1.037,89.91,-11.51,29.76,0,5
15840.281,0.108,0.528,0.989,110.23,-9.34,37.26,0,5
15840.296,-0.006,0.602,0.926,121.4,3.02,38.91,0,5
15840.296,-0.122,0.623,0.908,117.92,16.42,31.34,0,5
15840.312,-0.145,0.696,0.895,106.23,25.3,23.01,0,5
15840.312,-0.188,0.771,0.875,92.47,29.73,18.52,0,5
15840.328,-0.225,0.77,0.827,79.35,28.99,16.42,0,5
15840.343,-0.114,0.83,0.788,64.3,27.28,19.07,0,5
15840.343,-0.141,0.849,0.754,46.78,27.62,23.74,0,5
15840.359,-0.147,0.804,0.752,27.04,26.15,31.4,0,5
15840.375,-0.11,0.776,0.742,11.17,24.81,39.89,0,5
15840.375,-0.07,0.715,0.714,-0.06,24.05,48.19,0,5
15840.39,-0.015,0.64,0.685,-8.39,24.14,56.92,0,5
15840.406,0.038,0.59,0.673,-13.7,27.31,64.91,0,5
15840.406,0.08,0.527,0.663,-15.66,32.56,69.83,0,5
15840.421,0.111,0.487,0.657,-16.02,38.54,72.42,0,5
15840.421,0.146,0.47,0.645,-15.17,45.38,74.92,0,5
15840.437,0.173,0.429,0.625,-13.67,51.79,77.46,0,5
15840.453,0.202,0.386,0.609,-11.99,57.34,81.64,0,5
15840.453,0.231,0.368,0.591,-8.21,63.39,86.98,0,5
15840.468,0.256,0.353,0.574,-2.47,70.93,92.5,0,5
15840.484,0.254,0.371,0.573,6.41,80.42,100.16,0,5
15840.5,0.243,0.406,0.568,18.37,91.8,112.37,0,5
15840.5,0.237,0.412,0.571,29.85,103.79,128.18,0,5
15840.515,0.286,0.347,0.565,39.89,118.26,142.95,0,5
15840.515,0.381,0.284,0.595,44.74,139.19,148.29,0,5
15840.531,0.395,0.263,0.624,51.06,158.33,142.19,0,5
15840.546,0.425,0.182,0.638,60.52,172.37,123.14,0,5
15840.546,0.449,0.11,0.657,66.65,182.47,95.13,0,5
15840.562,0.448,0.076,0.672,70.77,188.39,61.19,0,5
15840.578,0.424,0.076,0.686,73.46,190.1,25.36,0,5
15840.578,0.38,0.087,0.709,74.16,188.09,-6.71,0,5
15840.593,0.324,0.107,0.726,73.7,182.23,-33.23,0,5
15840.593,0.286,0.126,0.74,71.35,173.71,-53.53,0,5
15840.609,0.258,0.142,0.745,68.97,164.16,-69.06,0,5
15840.625,0.226,0.162,0.739,66.04,154.94,-81.3,0,5
15840.625,0.194,0.192,0.741,61.86,146.37,-92.17,0,5
15840.64,0.157,0.226,0.73,57.34,138.68,-102.3,0,5
15840.656,0.117,0.288,0.711,50.6,132.39,-112.49,0,5
15840.656,0.084,0.349,0.69,40.01,126.59,-124.03,0,5
15840.671,0.052,0.38,0.664,28.72,122.84,-135.69,0,5
15840.687,0.029,0.404,0.651,19.53,121.4,-145.66,0,5
15840.687,0.017,0.401,0.648,13.09,120.18,-154.0,0,5
15840.703,0.047,0.371,0.647,9.77,118.14,-159.98,0,5
15840.703,0.135,0.352,0.655,10.25,116.95,-162.69,0,5
15840.718,0.24,0.378,0.662,12.24,120.88,-162.08,0,5
15840.734,0.288,0.394,0.649,12.73,129.18,-161.5,0,5
15840.734,0.215,0.368,0.63,14.53,137.06,-162.02,0,5
15840.75,0.066,0.349,0.64,18.86,141.39,-158.6,0,5
15840.765,-0.082,0.337,0.697,27.92,140.72,-148.87,0,5
15840.765,-0.195,0.309,0.744,43.03,132.6,-136.72,0,5
15840.781,-0.273,0.309,0.743,64.06,119.24,-126.29,0,5
15840.781,-0.371,0.42,0.712,85.82,104.95,-120.24,0,5
15840.796,-0.479,0.608,0.641,94.55,88.47,-116.76,0,5
15840.812,-0.533,0.679,0.573,83.16,67.72,-115.6,0,5
15840.828,-0.558,0.621,0.532,62.59,46.57,-116.7,0,5
15840.828,-0.555,0.562,0.504,41.78,26.83,-120.58,0,5
15840.843,-0.542,0.514,0.462,26.15,9.61,-129.4,0,5
15840.843,-0.574,0.482,0.411,16.82,-2.04,-141.85,0,5
15840.859,-0.623,0.507,0.347,3.2,-9.77,-171.88,0,5
15840.875,-0.672,0.641,0.304,-10.56,-7.72,-182.59,0,5
15840.875,-0.841,0.737,0.258,-39.4,-13.46,-180.3,0,5
15840.89,-0.872,0.866,0.27,-69.15,-12.02,-166.6,0,5
15840.89,-0.918,0.818,0.297,-89.97,-3.33,-159.49,0,5
15840.906,-0.905,0.623,0.365,-101.69,2.81,-142.0,0,5
15840.921,-0.848,0.508,0.435,-92.9,14.62,-125.8,0,5
15840.921,-0.857,0.432,0.453,-62.84,30.18,-116.92,0,5
15840.937,-0.874,0.403,0.459,-24.08,49.04,-112.49,0,5
15840.953,-0.893,0.423,0.453,14.95,68.39,-113.13,0,5
15840.953,-0.956,0.447,0.423,46.54,86.4,-114.2,0,5
15840.968,-1.048,0.535,0.416,65.98,101.54,-111.97,0,5
15840.984,-1.1,0.605,0.409,72.36,108.25,-99.95,0,5
15840.984,-1.101,0.595,0.418,67.48,107.12,-79.07,0,5
15841.0,-1.08,0.541,0.436,61.8,100.59,-57.99,0,5
15841.015,-1.047,0.482,0.451,63.11,91.56,-42.09,0,5
15841.015,-1.054,0.472,0.436,67.42,83.71,-35.16,0,5
15841.031,-1.06,0.5,0.422,66.99,76.97,-36.71,0,5
15841.046,-1.047,0.489,0.412,62.5,69.86,-41.29,0,5
15841.046,-1.039,0.443,0.405,58.41,64.55,-44.86,0,5
15841.062,-1.036,0.405,0.397,56.83,62.72,-47.15,0,5
15841.062,-1.023,0.373,0.391,56.4,64.7,-48.13,0,5
15841.078,-1.018,0.35,0.394,55.82,69.77,-49.07,0,5
15841.093,-1.029,0.349,0.412,55.18,74.65,-50.69,0,5
15841.093,-1.059,0.365,0.422,54.26,76.69,-50.87,0,5
15841.109,-1.073,0.362,0.427,52.25,74.65,-48.1,0,5
15841.125,-1.079,0.342,0.434,51.82,69.92,-44.1,0,5
15841.125,-1.078,0.342,0.429,53.5,64.33,-40.8,0,5
15841.14,-1.064,0.341,0.414,56.03,57.41,-40.16,0,5
15841.14,-1.061,0.334,0.395,58.72,50.51,-41.38,0,5
15841.156,-1.057,0.341,0.373,60.82,45.29,-43.21,0,5
15841.171,-1.05,0.355,0.345,61.43,41.9,-45.66,0,5
15841.187,-1.05,0.367,0.314,59.51,40.28,-47.73,0,5
15841.187,-1.049,0.366,0.29,54.9,40.28,-48.8,0,5
15841.203,-1.05,0.36,0.274,48.83,41.87,-49.35,0,5
15841.203,-1.051,0.373,0.26,41.81,44.37,-50.08,0,5
15841.218,-1.046,0.362,0.261,32.2,49.04,-50.57,0,5
15841.234,-1.05,0.319,0.272,19.1,53.13,-47.55,0,5
15841.234,-1.019,0.334,0.296,7.45,59.33,-46.51,0,5
15841.25,-1.031,0.311,0.302,-1.62,63.84,-49.01,0,5
15841.265,-1.05,0.25,0.314,-10.38,63.66,-49.93,0,5
15841.265,-1.051,0.261,0.331,-15.5,61.77,-51.52,0,5
15841.281,-1.058,0.252,0.327,-17.3,56.98,-53.07,0,5
15841.296,-1.067,0.238,0.318,-18.22,51.18,-52.83,0,5
15841.296,-1.057,0.256,0.306,-18.46,45.35,-51.21,0,5
15841.312,-1.037,0.261,0.29,-18.25,40.19,-47.49,0,5
15841.328,-1.029,0.257,0.277,-17.88,36.65,-43.06,0,5
15841.328,-1.009,0.259,0.263,-17.21,34.52,-39.22,0,5
15841.343,-0.989,0.261,0.252,-17.91,34.42,-35.95,0,5
15841.343,-0.982,0.254,0.248,-20.6,36.71,-33.33,0,5
15841.359,-0.977,0.246,0.256,-24.69,39.98,-31.77,0,5
15841.375,-1.041,0.279,0.378,-28.41,42.57,-30.67,0,5
15841.375,-1.287,0.413,0.704,-21.24,35.49,-18.8,0,5
15841.39,-1.01,0.253,0.719,-9.74,2.59,4.85,0,5
15841.406,-0.91,0.251,0.478,-19.47,-27.31,-5.74,0,5
15841.406,-1.049,0.25,0.46,-24.96,-24.11,-12.39,0,5
15841.421,-0.945,0.156,0.399,-21.36,-24.08,-14.53,0,5
15841.437,-0.941,0.175,0.298,-16.27,-17.88,-21.09,0,5
15841.437,-0.976,0.173,0.224,-11.81,-5.74,-22.92,0,5
15841.453,-0.97,0.17,0.225,-9.16,3.23,-22.13,0,5
15841.453,-0.973,0.174,0.231,-4.12,8.51,-18.89,0,5
15841.468,-0.978,0.175,0.218,0.92,10.83,-14.65,0,5
15841.484,-0.973,0.178,0.218,4.06,11.99,-10.93,0,5
15841.5,-0.989,0.185,0.255,7.2,12.48,-7.08,0,5
15841.5,-0.985,0.157,0.268,11.81,9.25,-1.5,0,5
15841.515,-0.986,0.155,0.25,15.29,4.61,1.46,0,5
15841.515,-0.987,0.148,0.239,19.1,0.64,2.9,0,5
15841.531,-0.986,0.134,0.224,23.35,-3.97,3.17,0,5
15841.531,-0.983,0.135,0.196,26.52,-8.42,2.38,0,5
15841.546,-0.987,0.138,0.168,27.83,-11.75,1.31,0,5
15841.562,-0.992,0.144,0.149,27.28,-13.49,0.03,0,5
15841.562,-0.985,0.148,0.129,25.03,-14.04,-1.13,0,5
15841.578,-0.973,0.158,0.116,21.49,-13.61,-2.5,0,5
15841.593,-0.967,0.169,0.105,17.33,-12.57,-3.51,0,5
15841.593,-0.966,0.174,0.1,13.12,-11.81,-3.6,0,5
15841.609,-0.962,0.178,0.103,10.62,-11.78,-2.69,0,5
15841.625,-0.97,0.183,0.102,9.4,-12.3,-1.13,0,5
15841.625,-0.975,0.185,0.096,7.75,-13.09,0.89,0,5
15841.64,-0.967,0.187,0.09,4.39,-13.25,2.75,0,5
15841.64,-0.958,0.183,0.091,-0.15,-12.12,3.57,0,5
15841.656,-0.961,0.17,0.095,-5.01,-10.22,3.45,0,5
15841.671,-0.958,0.158,0.1,-9.43,-8.18,2.72,0,5
15841.671,-0.951,0.151,0.106,-13.7,-6.01,1.68,0,5
15841.687,-0.949,0.149,0.107,-17.3,-4.03,-0.18,0,5
15841.703,-0.942,0.141,0.11,-20.11,-2.93,-1.74,0,5
15841.703,-0.942,0.147,0.11,-22.19,-1.53,-3.23,0,5
15841.718,-0.949,0.156,0.1,-24.84,0.27,-4.39,0,5
15841.734,-0.953,0.174,0.098,-29.97,2.96,-5.13,0,5
15841.734,-0.951,0.188,0.116,-37.35,6.84,-5.71,0,5
15841.75,-0.958,0.179,0.142,-44.89,11.99,-5.98,0,5
15841.765,-0.976,0.166,0.165,-50.29,16.14,-6.26,0,5
15841.765,-0.984,0.152,0.185,-53.53,18.1,-6.44,0,5
15841.781,-0.978,0.145,0.212,-55.21,19.01,-5.95,0,5
15841.796,-0.97,0.139,0.232,-54.32,18.49,-5.43,0,5
15841.796,-0.973,0.127,0.243,-50.78,16.94,-5.25,0,5
15841.812,-0.978,0.114,0.251,-44.95,14.25,-4.36,0,5
15841.828,-0.98,0.116,0.248,-37.26,10.83,-3.39,0,5
15841.828,-0.972,0.117,0.242,-29.85,8.3,-1.71,0,5
15841.843,-0.961,0.129,0.242,-18.56,7.66,1.95,0,5
15841.843,-0.958,0.123,0.241,-13.46,8.24,4.06,0,5
15841.859,-0.973,0.118,0.242,-7.97,7.35,5.89,0,5
15841.875,-0.987,0.107,0.24,-2.41,6.23,7.63,0,5
15841.875,-0.98,0.095,0.233,2.62,4.88,8.76,0,5
15841.89,-0.978,0.088,0.22,7.6,3.02,9.09,0,5
15841.906,-0.979,0.081,0.207,12.54,0.52,9.34,0,5
15841.906,-0.974,0.082,0.193,17.09,-1.83,9.67,0,5
15841.921,-0.963,0.088,0.182,20.81,-3.2,9.86,0,5
15841.921,-0.958,0.093,0.169,23.26,-3.39,9.43,0,5
15841.937,-0.955,0.099,0.153,23.74,-2.72,8.55,0,5
15841.953,-0.954,0.106,0.144,22.46,-1.65,7.6,0,5
15841.953,-0.964,0.106,0.143,20.11,-0.37,6.74,0,5
15841.968,-0.976,0.101,0.14,17.85,0.09,5.89,0,5
15841.984,-0.974,0.096,0.141,15.63,-0.03,4.91,0,5
15842.0,-0.964,0.095,0.142,13.73,-0.24,4.15,0,5
15842.0,-0.959,0.096,0.14,12.45,-0.55,2.9,0,5
15842.015,-0.96,0.099,0.136,11.9,-0.46,1.65,0,5
15842.015,-0.963,0.098,0.133,11.99,-0.43,0.43,0,5
15842.031,-0.968,0.101,0.132,12.15,-0.15,-0.27,0,5
15842.046,-0.967,0.105,0.131,12.33,0.64,-0.79,0,5
15842.046,-0.959,0.108,0.131,12.63,2.11,-1.07,0,5
15842.062,-0.958,0.112,0.132,12.79,3.94,-1.31,0,5
15842.062,-0.96,0.109,0.139,12.82,5.16,-1.01,0,5
15842.078,-0.964,0.103,0.144,14.1,5.31,-0.37,0,5
15842.093,-0.965,0.099,0.146,16.94,5.13,0.43,0,5
15842.093,-0.96,0.097,0.143,19.71,4.97,0.85,0,5
15842.109,-0.955,0.099,0.141,21.42,5.07,0.76,0,5
15842.125,-0.959,0.099,0.139,22.22,5.68,0.03,0,5
15842.125,-0.962,0.097,0.139,22.58,6.1,-0.85,0,5
15842.14,-0.962,0.099,0.138,22.46,6.59,-1.71,0,5
15842.156,-0.961,0.103,0.137,21.39,6.68,-2.78,0,5
15842.156,-0.958,0.113,0.138,19.47,6.93,-3.97,0,5
15842.171,-0.961,0.125,0.145,17.06,7.57,-5.31,0,5
15842.171,-0.969,0.135,0.154,14.53,8.42,-5.65,0,5
15842.187,-0.977,0.142,0.175,12.48,9.37,-4.52,0,5
15842.203,-0.988,0.145,0.204,12.05,10.1,-2.53,0,5
15842.218,-0.994,0.15,0.229,13.95,10.13,-0.09,0,5
15842.218,-0.999,0.161,0.252,17.49,9.46,2.59,0,5
15842.234,-1.008,0.171,0.271,22.83,7.87,5.98,0,5
15842.234,-1.018,0.18,0.292,29.85,5.13,9.64,0,5
15842.25,-1.02,0.184,0.305,38.7,1.62,13.61,0,5
15842.265,-1.016,0.189,0.309,49.35,-2.14,17.0,0,5
15842.265,-1.02,0.207,0.308,59.97,-5.04,19.59,0,5
15842.281,-1.022,0.229,0.301,69.06,-6.9,21.7,0,5
15842.281,-1.029,0.258,0.294,75.69,-8.09,23.16,0,5
15842.296,-1.045,0.301,0.312,79.53,-7.63,25.51,0,5
15842.312,-1.072,0.344,0.345,81.67,-6.47,29.69,0,5
15842.312,-1.097,0.367,0.371,84.75,-7.42,35.86,0,5
15842.328,-1.113,0.381,0.389,90.46,-11.32,43.43,0,5
15842.343,-1.132,0.398,0.407,99.22,-17.37,51.7,0,5
15842.343,-1.144,0.422,0.408,111.15,-24.57,59.51,0,5
15842.359,-1.149,0.467,0.415,123.66,-30.12,66.59,0,5
15842.375,-1.156,0.524,0.431,134.74,-33.33,73.31,0,5
15842.375,-1.176,0.577,0.432,142.86,-36.19,79.81,0,5
15842.39,-1.196,0.654,0.423,144.35,-40.74,85.76,0,5
15842.406,-1.211,0.728,0.416,137.55,-47.3,90.43,0,5
15842.406,-1.245,0.788,0.402,125.61,-56.25,93.78,0,5
15842.421,-1.284,0.866,0.398,110.51,-65.71,98.24,0,5
15842.421,-1.315,0.91,0.403,94.85,-75.66,105.62,0,5
15842.437,-1.348,0.929,0.408,82.89,-87.16,115.27,0,5
15842.453,-1.365,0.944,0.429,80.08,-97.93,126.74,0,5
15842.453,-1.357,0.906,0.445,88.26,-104.62,140.54,0,5
15842.468,-1.333,0.855,0.421,103.43,-109.23,153.81,0,5
15842.484,-1.291,0.85,0.375,121.49,-112.8,162.69,0,5
15842.484,-1.243,0.861,0.317,138.25,-114.38,167.49,0,5
15842.5,-1.23,0.907,0.25,146.28,-114.84,170.87,0,5
15842.515,-1.225,0.99,0.205,142.52,-116.46,174.23,0,5
15842.515,-1.198,1.048,0.153,129.98,-119.21,178.56,0,5
15842.531,-1.169,1.072,0.1,111.42,-121.89,185.4,0,5
15842.546,-1.142,1.08,0.062,91.04,-123.78,193.7,0,5
15842.546,-1.09,1.073,0.026,71.6,-122.87,201.94,0,5
15842.562,-1.031,1.059,-0.002,53.74,-116.73,209.78,0,5
15842.562,-0.946,1.048,-0.029,38.54,-105.72,217.29,0,5
15842.578,-0.844,1.051,-0.065,25.33,-89.21,224.52,0,5
15842.593,-0.765,1.063,-0.107,13.98,-67.69,231.15,0,5
15842.593,-0.69,1.075,-0.128,5.77,-41.41,237.92,0,5
15842.609,-0.625,1.09,-0.166,2.2,-11.54,246.65,0,5
15842.625,-0.502,1.008,-0.232,-5.89,19.53,254.89,0,5
15842.625,-0.58,1.102,-0.172,-18.86,45.93,245.4,0,5
15842.64,-0.552,1.206,-0.162,-24.96,67.93,253.15,0,5
15842.64,-0.433,1.06,-0.194,-42.82,83.44,264.08,0,5
15842.656,-0.463,0.933,0.019,-74.95,82.8,252.36,0,5
15842.671,-0.415,0.912,0.041,-83.04,69.46,264.2,0,5
15842.687,-0.305,0.752,-0.049,-85.48,60.52,277.05,0,5
15842.687,-0.223,0.644,0.024,-92.32,49.59,257.0,0,5
15842.703,-0.057,0.497,0.08,-93.75,35.25,241.46,0,5
15842.718,0.034,0.423,0.086,-92.68,22.19,221.87,0,5
15842.718,0.069,0.429,0.093,-91.25,13.61,202.15,0,5
15842.734,0.12,0.428,0.11,-91.19,8.67,187.93,0,5
15842.734,0.146,0.426,0.113,-93.66,8.24,175.94,0,5
15842.75,0.136,0.479,0.108,-101.32,9.67,164.01,0,5
15842.765,0.142,0.555,0.118,-115.85,9.58,151.74,0,5
15842.765,0.157,0.562,0.142,-134.31,6.78,140.84,0,5
15842.781,0.161,0.528,0.173,-150.33,1.68,132.91,0,5
15842.796,0.175,0.485,0.197,-159.4,-6.04,125.71,0,5
15842.796,0.208,0.423,0.225,-161.75,-16.05,117.68,0,5
15842.812,0.242,0.352,0.247,-159.61,-25.85,109.53,0,5
15842.812,0.256,0.282,0.255,-146.09,-37.78,89.79,0,5
15842.828,0.263,0.221,0.25,-140.45,-37.93,78.98,0,5
15842.843,0.281,0.184,0.259,-134.16,-32.14,68.27,0,5
15842.843,0.301,0.138,0.256,-125.71,-20.51,56.4,0,5
15842.859,0.303,0.028,0.249,-114.99,-3.72,43.24,0,5
15842.875,0.268,0.043,0.296,-101.69,11.75,26.55,0,5
15842.875,0.221,0.078,0.331,-85.48,22.16,7.9,0,5
15842.89,0.162,0.116,0.371,-70.65,27.65,-8.42,0,5
15842.906,0.083,0.2,0.405,-59.57,28.41,-20.54,0,5
15842.906,-0.013,0.293,0.424,-52.86,25.15,-25.67,0,5
15842.921,-0.095,0.367,0.422,-53.77,19.99,-23.62,0,5
15842.937,-0.154,0.469,0.435,-64.39,14.71,-19.81,0,5
15842.937,-0.183,0.529,0.454,-79.23,8.64,-18.49,0,5
15842.953,-0.183,0.506,0.471,-94.09,3.39,-20.66,0,5
15842.953,-0.164,0.443,0.492,-105.29,0.73,-25.24,0,5
15842.968,-0.179,0.411,0.527,-105.81,2.56,-31.46,0,5
15842.984,-0.193,0.405,0.55,-93.87,7.97,-35.52,0,5
15842.984,-0.203,0.409,0.561,-73.82,17.03,-37.84,0,5
15843.0,-0.267,0.483,0.604,-53.77,30.61,-39.8,0,5
15843.015,-0.339,0.604,0.65,-41.08,41.99,-39.7,0,5
15843.015,-0.388,0.689,0.692,-37.87,48.4,-40.22,0,5
15843.031,-0.438,0.703,0.73,-43.31,48.95,-39.34,0,5
15843.031,-0.448,0.697,0.772,-53.8,43.73,-35.65,0,5
15843.046,-0.42,0.693,0.807,-66.44,34.18,-32.53,0,5
15843.062,-0.412,0.681,0.817,-80.08,23.47,-31.71,0,5
15843.078,-0.403,0.697,0.841,-95.37,14.25,-32.35,0,5
15843.078,-0.383,0.708,0.878,-108.19,7.26,-33.02,0,5
15843.093,-0.376,0.693,0.915,-114.96,2.11,-32.04,0,5
15843.093,-0.346,0.649,0.945,-114.84,-3.57,-29.02,0,5
15843.109,-0.292,0.59,0.957,-106.33,-9.13,-25.48,0,5
15843.125,-0.229,0.537,0.947,-91.22,-12.42,-21.73,0,5
15843.125,-0.179,0.515,0.934,-71.9,-12.15,-17.73,0,5
15843.14,-0.148,0.527,0.925,-50.36,-7.66,-14.19,0,5
15843.14,-0.132,0.567,0.903,-30.24,-0.82,-10.19,0,5
15843.156,-0.111,0.603,0.888,-14.16,5.55,-5.74,0,5
15843.171,-0.088,0.62,0.871,-5.68,7.87,-4.12,0,5
15843.171,-0.066,0.635,0.849,-5.68,7.17,-3.94,0,5
15843.187,-0.046,0.632,0.821,-11.11,5.52,-3.08,0,5
15843.203,-0.028,0.607,0.792,-19.17,3.69,-1.74,0,5
15843.203,-0.003,0.592,0.762,-28.53,4.39,0.12,0,5
15843.218,-0.015,0.558,0.751,-36.77,7.75,4.12,0,5
15843.234,0.037,0.506,0.766,-40.53,11.99,9.83,0,5
15843.234,0.097,0.497,0.765,-38.51,19.41,6.93,0,5
15843.25,0.002,0.463,0.758,-37.32,29.33,-0.06,0,5
15843.265,-0.022,0.421,0.799,-41.93,34.12,0.31,0,5
15843.265,-0.041,0.441,0.839,-40.99,38.12,2.44,0,5
15843.281,-0.052,0.45,0.849,-38.24,42.09,3.81,0,5
15843.296,-0.117,0.461,0.929,-37.54,44.37,2.72,0,5
15843.296,-0.18,0.479,1.1,-35.55,38.0,2.5,0,5
15843.312,-0.204,0.455,1.148,-34.58,19.44,0.76,0,5
15843.312,-0.287,0.627,1.265,-39.0,-4.06,0.46,0,5
15843.328,-0.207,0.508,1.132,-38.67,-28.93,6.41,0,5
15843.343,-0.072,0.441,0.922,-54.57,-46.17,3.54,0,5
15843.343,-0.016,0.495,0.85,-58.69,-39.92,1.89,0,5
15843.359,0.003,0.412,0.816,-47.61,-25.85,1.95,0,5
15843.375,-0.022,0.356,0.808,-36.26,-10.83,0.64,0,5
15843.375,-0.066,0.352,0.862,-26.89,3.66,-1.34,0,5
15843.39,-0.145,0.402,0.907,-21.39,15.11,-4.82,0,5
15843.406,-0.227,0.458,0.944,-23.62,21.52,-7.54,0,5
15843.406,-0.287,0.495,0.961,-33.08,21.79,-12.57,0,5
15843.421,-0.336,0.483,0.99,-46.88,17.91,-17.98,0,5
15843.421,-0.386,0.506,1.064,-61.25,9.0,-22.61,0,5
15843.437,-0.375,0.45,1.211,-65.25,-6.16,-22.25,0,5
15843.453,-0.338,0.242,1.016,-70.25,-32.35,-30.3,0,5
15843.453,-0.332,0.309,1.027,-75.38,-48.25,-38.88,0,5
15843.468,-0.19,0.234,1.047,-57.65,-61.49,-35.62,0,5
15843.484,-0.061,0.177,0.994,-36.81,-74.68,-33.36,0,5
15843.484,0.009,0.139,0.933,-18.31,-82.31,-34.88,0,5
15843.5,0.096,0.157,0.893,-4.03,-87.95,-39.89,0,5
15843.515,0.167,0.178,0.843,4.33,-88.32,-44.4,0,5
15843.515,0.222,0.202,0.801,4.18,-84.51,-49.81,0,5
15843.531,0.264,0.223,0.782,-2.35,-76.82,-54.32,0,5
15843.531,0.295,0.252,0.778,-13.37,-66.32,-58.53,0,5
15843.546,0.324,0.255,0.765,-27.89,-57.31,-61.98,0,5
15843.562,0.334,0.234,0.771,-39.46,-47.82,-62.29,0,5
15843.578,0.334,0.225,0.795,-43.37,-35.43,-61.89,0,5
15843.578,0.326,0.219,0.804,-41.05,-22.43,-59.69,0,5
15843.593,0.319,0.235,0.82,-34.7,-9.22,-54.48,0,5
15843.593,0.291,0.272,0.85,-24.26,3.66,-48.68,0,5
15843.609,0.287,0.273,0.867,-10.5,12.91,-41.26,0,5
15843.625,0.261,0.279,0.891,4.97,19.14,-33.66,0,5
15843.625,0.226,0.286,0.905,20.84,21.27,-24.63,0,5
15843.64,0.215,0.291,0.903,35.89,20.63,-16.21,0,5
15843.64,0.186,0.303,0.897,47.98,20.36,-9.55,0,5
15843.656,0.167,0.323,0.889,54.05,20.54,-5.13,0,5
15843.671,0.141,0.331,0.872,53.96,22.06,-4.52,0,5
15843.687,0.095,0.359,0.867,47.67,26.7,-7.2,0,5
15843.687,0.025,0.377,0.919,35.98,31.04,-10.5,0,5
15843.703,-0.08,0.471,1.083,10.1,23.77,-12.42,0,5
15843.703,-0.055,0.569,1.161,-24.87,1.8,-6.96,0,5
15843.718,0.015,0.341,1.052,-26.76,-11.02,-1.59,0,5
15843.734,-0.036,0.279,1.048,-16.82,-13.76,-2.59,0,5
15843.75,0.043,0.438,1.074,-16.75,-22.13,1.1,0,5
15843.75,0.071,0.29,1.011,1.46,-24.35,3.42,0,5
15843.75,0.053,0.285,0.965,15.26,-23.07,2.44,0,5
15843.765,0.077,0.352,0.956,21.3,-20.11,1.31,0,5
15843.781,0.042,0.38,0.949,21.67,-14.95,-2.41,0,5
15843.796,0.016,0.409,0.955,15.08,-10.65,-4.06,0,5
15843.796,0.003,0.431,0.977,8.18,-7.32,-3.66,0,5
15843.812,-0.011,0.43,0.992,7.35,-7.08,-1.04,0,5
15843.812,-0.006,0.416,0.994,10.22,-11.51,0.31,0,5
15843.828,0.006,0.402,0.981,14.31,-17.06,1.1,0,5
15843.843,0.025,0.368,0.965,18.22,-22.49,1.8,0,5
15843.843,0.062,0.425,0.931,14.83,-29.82,4.3,0,5
15843.859,0.126,0.294,0.856,22.25,-28.26,6.41,0,5
15843.875,0.099,0.303,0.854,23.26,-22.46,5.4,0,5
15843.875,0.143,0.36,0.858,16.94,-19.93,5.95,0,5
15843.89,0.141,0.367,0.841,16.57,-14.59,7.32,0,5
15843.89,0.138,0.359,0.851,12.94,-9.4,9.34,0,5
15843.906,0.15,0.343,0.865,7.84,-6.26,9.16,0,5
15843.921,0.142,0.344,0.882,2.93,-4.61,7.35,0,5
15843.921,0.143,0.344,0.895,-2.04,-4.27,5.22,0,5
15843.937,0.142,0.332,0.901,-5.89,-4.21,2.96,0,5
15843.953,0.148,0.323,0.905,-8.36,-4.21,0.82,0,5
15843.953,0.148,0.318,0.906,-9.16,-3.69,-0.64,0,5
15843.968,0.146,0.31,0.913,-7.51,-2.26,-1.16,0,5
15843.984,0.139,0.308,0.92,-4.43,0.12,-0.89,0,5
15843.984,0.134,0.306,0.93,-1.1,2.56,-0.76,0,5
15844.0,0.124,0.313,0.939,2.38,5.13,-1.5,0,5
15844.015,0.11,0.333,0.946,3.81,6.99,-2.84,0,5
15844.015,0.101,0.348,0.95,2.32,6.56,-3.75,0,5
15844.031,0.096,0.352,0.951,-1.16,4.64,-4.03,0,5
15844.046,0.094,0.352,0.948,-4.61,2.23,-4.09,0,5
15844.046,0.099,0.349,0.946,-7.35,-0.15,-4.09,0,5
15844.062,0.108,0.342,0.938,-8.48,-1.92,-4.49,0,5
15844.062,0.117,0.331,0.928,-8.39,-2.56,-4.85,0,5
15844.078,0.12,0.328,0.922,-6.96,-1.65,-5.19,0,5
15844.093,0.12,0.33,0.921,-4.39,0.12,-5.13,0,5
15844.093,0.116,0.331,0.921,-1.8,1.86,-4.49,0,5
15844.109,0.114,0.333,0.926,0.4,2.96,-4.18,0,5
15844.125,0.118,0.34,0.923,1.68,2.99,-4.3,0,5
15844.125,0.117,0.342,0.916,1.37,2.47,-4.52,0,5
15844.14,0.115,0.338,0.906,-0.31,1.83,-4.49,0,5
15844.156,0.117,0.324,0.9,-2.84,1.28,-4.46,0,5
15844.156,0.117,0.315,0.896,-4.7,1.65,-4.79,0,5
15844.171,0.114,0.319,0.895,-5.83,3.45,-5.65,0,5
15844.171,0.099,0.313,0.911,-6.35,6.16,-6.65,0,5
15844.187,0.071,0.335,0.94,-6.81,7.78,-6.93,0,5
15844.203,0.066,0.355,0.955,-6.13,6.56,-5.34,0,5
15844.203,0.068,0.356,0.958,-5.89,3.72,-3.94,0,5
15844.218,0.072,0.349,0.954,-5.89,0.64,-3.36,0,5
15844.234,0.081,0.345,0.945,-5.95,-1.95,-2.87,0,5
15844.234,0.089,0.341,0.94,-5.19,-2.93,-2.26,0,5
15844.25,0.096,0.333,0.933,-4.21,-2.81,-1.92,0,5
15844.265,0.098,0.321,0.934,-3.11,-2.23,-2.08,0,5
15844.265,0.095,0.318,0.943,-1.98,-1.59,-1.89,0,5
15844.281,0.097,0.316,0.944,-0.4,-1.43,-1.37,0,5
15844.281,0.107,0.306,0.941,1.28,-1.68,-1.04,0,5
15844.296,0.157,0.242,0.867,5.95,1.56,-1.46,0,5
15844.312,-0.001,0.304,0.959,12.54,8.91,-5.4,0,5
15844.312,0.032,0.431,1.071,5.65,2.62,-1.4,0,5
15844.328,0.024,0.375,1.031,3.94,-2.56,-1.16,0,5
15844.343,-0.019,0.415,1.022,-5.01,-3.14,-2.69,0,5
15844.343,0.003,0.415,1.029,-9.22,-2.14,-2.5,0,5
15844.359,-0.033,0.405,1.018,-4.27,0.82,-1.59,0,5
15844.375,-0.048,0.422,1.009,3.91,3.72,1.59,0,5
15844.375,-0.063,0.441,1.003,13.52,4.82,4.79,0,5
15844.39,-0.088,0.43,0.997,24.35,4.67,7.6,0,5
15844.406,-0.099,0.438,0.988,30.52,1.59,8.27,0,5
15844.406,-0.126,0.483,1.003,29.51,-3.63,8.18,0,5
15844.421,-0.12,0.562,1.002,20.17,-12.48,11.72,0,5
15844.421,-0.067,0.42,0.932,7.6,-19.47,10.93,0,5
15844.437,-0.103,0.425,0.989,-11.23,-23.29,7.42,0,5
15844.453,-0.098,0.462,1.022,-18.95,-28.02,13.73,0,5
15844.453,-0.074,0.402,0.997,-18.22,-31.4,17.64,0,5
15844.468,-0.06,0.335,0.991,-17.21,-30.37,16.72,0,5
15844.484,-0.079,0.309,1.002,-13.64,-26.52,11.41,0,5
15844.484,-0.113,0.311,1.014,-6.68,-21.73,5.71,0,5
15844.5,-0.127,0.309,1.004,1.83,-17.21,0.95,0,5
15844.5,-0.169,0.333,0.987,8.91,-12.57,-2.5,0,5
15844.515,-0.201,0.354,0.974,14.25,-8.7,-2.75,0,5
15844.531,-0.226,0.362,0.963,18.37,-5.74,0.03,0,5
15844.531,-0.224,0.347,0.95,22.19,-4.58,5.49,0,5
15844.546,-0.208,0.319,0.939,27.74,-4.24,11.41,0,5
15844.562,-0.192,0.298,0.925,35.34,-4.33,16.05,0,5
15844.562,-0.179,0.289,0.908,44.07,-5.58,19.5,0,5
15844.578,-0.159,0.277,0.886,53.29,-8.03,22.22,0,5
15844.593,-0.133,0.279,0.855,61.25,-10.68,23.68,0,5
15844.593,-0.105,0.287,0.821,66.96,-13.06,24.23,0,5
15844.609,-0.083,0.307,0.803,69.37,-14.56,24.2,0,5
15844.625,-0.047,0.308,0.782,68.88,-16.21,24.99,0,5
15844.625,-0.012,0.29,0.751,67.66,-17.18,26.49,0,5
15844.64,0.031,0.302,0.73,66.87,-15.02,26.31,0,5
15844.656,0.099,0.279,0.701,66.53,-14.01,24.29,0,5
15844.656,0.15,0.265,0.68,68.36,-13.4,21.79,0,5
15844.671,0.165,0.297,0.657,72.88,-10.96,19.04,0,5
15844.671,0.19,0.299,0.647,75.81,-7.17,18.46,0,5
15844.687,0.233,0.311,0.654,77.94,-3.57,19.65,0,5
15844.703,0.246,0.334,0.65,81.79,2.66,22.55,0,5
15844.718,0.293,0.329,0.637,82.03,10.68,28.38,0,5
15844.718,0.328,0.343,0.624,80.6,22.1,33.08,0,5
15844.734,0.344,0.371,0.618,76.02,36.1,34.97,0,5
15844.734,0.37,0.359,0.629,68.61,47.85,33.11,0,5
15844.75,0.358,0.36,0.646,62.14,57.65,28.44,0,5
15844.765,0.34,0.382,0.655,57.47,67.02,24.93,0,5
15844.765,0.353,0.336,0.674,50.45,74.04,20.63,0,5
15844.781,0.369,0.305,0.714,40.1,79.23,12.02,0,5
15844.781,0.381,0.315,0.734,28.9,87.77,-9.58,0,5
15844.796,0.385,0.28,0.731,28.08,90.67,-16.42,0,5
15844.812,0.382,0.22,0.713,29.88,94.94,-19.23,0,5
15844.812,0.378,0.189,0.678,33.85,101.11,-21.67,0,5
15844.828,0.36,0.141,0.636,37.45,107.43,-28.47,0,5
15844.843,0.333,0.106,0.64,41.11,112.28,-43.82,0,5
15844.859,0.308,0.099,0.626,45.99,115.76,-69.28,0,5
15844.859,0.254,0.151,0.588,50.9,118.87,-98.24,0,5
15844.875,0.172,0.229,0.541,55.88,123.39,-120.67,0,5
15844.89,0.088,0.319,0.508,55.94,130.1,-133.21,0,5
15844.89,0.036,0.383,0.487,49.13,138.49,-138.8,0,5
15844.906,-0.026,0.42,0.486,39.16,148.26,-141.79,0,5
15844.906,-0.094,0.446,0.484,28.29,156.01,-143.59,0,5
15844.921,-0.116,0.419,0.493,17.85,159.64,-144.08,0,5
15844.921,-0.127,0.333,0.499,12.48,160.25,-145.12,0,5
15844.937,-0.134,0.251,0.482,16.63,160.25,-147.59,0,5
15844.953,-0.168,0.226,0.464,30.06,162.3,-153.48,0,5
15844.953,-0.223,0.29,0.44,45.17,164.07,-161.44,0,5
15844.968,-0.306,0.387,0.426,55.42,163.85,-168.16,0,5
15844.984,-0.428,0.517,0.42,57.83,160.56,-172.06,0,5
15845.0,-0.535,0.645,0.415,48.43,151.65,-170.38,0,5
15845.0,-0.577,0.67,0.414,29.3,136.36,-163.95,0,5
15845.015,-0.586,0.623,0.417,10.65,121.65,-154.52,0,5
15845.015,-0.564,0.595,0.429,-0.27,110.11,-146.73,0,5
15845.031,-0.513,0.523,0.422,-2.29,99.8,-140.96,0,5
15845.031,-0.538,0.464,0.412,2.5,93.2,-137.3,0,5
15845.046,-0.612,0.51,0.411,8.88,89.14,-134.53,0,5
15845.062,-0.666,0.574,0.408,7.87,81.55,-130.99,0,5
15845.078,-0.705,0.575,0.384,-1.56,70.1,-128.18,0,5
15845.078,-0.783,0.592,0.361,-12.82,62.14,-127.17,0,5
15845.093,-0.821,0.617,0.348,-25.33,57.74,-127.26,0,5
15845.093,-0.848,0.594,0.339,-37.35,56.22,-125.95,0,5
15845.109,-0.912,0.621,0.361,-44.5,60.67,-121.43,0,5
15845.125,-0.918,0.621,0.39,-45.32,65.61,-112.09,0,5
15845.125,-0.951,0.551,0.41,-38.15,70.28,-98.54,0,5
15845.14,-1.082,0.53,0.425,-25.48,76.14,-83.25,0,5
15845.156,-1.154,0.557,0.425,-15.23,77.36,-66.13,0,5
15845.156,-1.129,0.707,0.41,-8.06,82.55,-63.36,0,5
15845.171,-1.18,0.8,0.386,-12.39,88.44,-69.43,0,5
15845.171,-1.236,0.808,0.388,-34.18,88.69,-72.42,0,5
15845.187,-1.236,0.75,0.419,-61.43,83.47,-68.94,0,5
15845.203,-1.237,0.65,0.45,-78.95,77.18,-60.06,0,5
15845.218,-1.213,0.576,0.471,-82.83,69.67,-48.43,0,5
15845.218,-1.166,0.52,0.469,-74.68,62.29,-38.51,0,5
15845.234,-1.129,0.457,0.46,-61.22,56.28,-30.34,0,5
15845.234,-1.107,0.376,0.452,-46.82,52.95,-21.85,0,5
15845.25,-1.101,0.292,0.45,-32.17,54.9,-12.24,0,5
15845.265,-1.091,0.226,0.457,-16.33,61.04,-3.48,0,5
15845.265,-1.077,0.18,0.486,2.04,69.22,1.04,0,5
15845.281,-1.082,0.158,0.507,19.5,77.61,0.21,0,5
15845.281,-1.089,0.171,0.495,28.81,82.46,-5.19,0,5
15845.296,-1.072,0.213,0.471,24.99,82.13,-17.61,0,5
15845.312,-1.08,0.22,0.45,10.41,78.86,-33.88,0,5
15845.328,-1.104,0.203,0.438,-10.62,74.1,-49.32,0,5
15845.328,-1.109,0.211,0.442,-32.5,68.18,-62.04,0,5
15845.343,-1.114,0.223,0.441,-50.29,61.28,-70.93,0,5
15845.343,-1.119,0.224,0.436,-62.62,54.29,-75.05,0,5
15845.359,-1.129,0.217,0.438,-68.36,47.88,-74.77,0,5
15845.375,-1.13,0.206,0.437,-66.81,42.36,-71.54,0,5
15845.375,-1.124,0.205,0.428,-60.37,39.28,-66.47,0,5
15845.39,-1.118,0.186,0.422,-51.55,38.42,-59.05,0,5
15845.406,-1.109,0.186,0.427,-41.6,39.7,-52.8,0,5
15845.406,-1.139,0.124,0.454,-31.22,41.38,-44.4,0,5
15845.421,-1.141,0.056,0.489,-17.27,41.02,-33.48,0,5
15845.421,-1.111,0.088,0.509,2.56,43.03,-29.05,0,5
15845.437,-1.123,0.066,0.504,20.42,43.31,-27.1,0,5
15845.453,-1.132,0.065,0.509,32.56,40.44,-25.12,0,5
15845.453,-1.127,0.091,0.503,43.43,34.58,-24.23,0,5
15845.468,-1.125,0.09,0.481,51.7,25.64,-22.03,0,5
15845.484,-1.13,0.107,0.454,57.28,15.17,-19.01,0,5
15845.484,-1.122,0.122,0.408,61.56,4.7,-15.53,0,5
15845.5,-1.109,0.134,0.358,61.43,-3.81,-11.08,0,5
15845.515,-1.102,0.138,0.324,57.07,-9.13,-5.37,0,5
15845.515,-1.093,0.143,0.3,51.64,-11.08,-0.64,0,5
15845.531,-1.065,0.128,0.276,46.78,-10.65,3.2,0,5
15845.531,-1.034,0.121,0.262,41.23,-9.13,6.13,0,5
15845.546,-1.005,0.119,0.254,35.49,-6.32,8.64,0,5
15845.562,-0.984,0.102,0.253,30.34,-1.74,9.86,0,5
15845.578,-0.956,0.088,0.26,25.27,1.92,9.86,0,5
15845.578,-0.943,0.086,0.265,20.45,3.78,9.58,0,5
15845.593,-0.943,0.088,0.268,16.51,4.76,9.67,0,5
15845.593,-0.935,0.075,0.279,12.39,3.72,10.01,0,5
15845.609,-0.922,0.072,0.287,9.4,1.16,9.83,0,5
15845.625,-0.921,0.072,0.286,6.13,-0.89,9.52,0,5
15845.625,-0.918,0.078,0.283,1.16,-2.96,9.52,0,5
15845.64,-0.907,0.09,0.283,-5.04,-4.55,7.29,0,5
15845.656,-0.907,0.07,0.285,-12.48,-6.07,5.52,0,5
15845.656,-0.906,0.064,0.296,-18.01,-6.9,3.57,0,5
15845.671,-0.897,0.05,0.305,-20.6,-6.96,1.04,0,5
15845.687,-0.889,0.044,0.317,-21.15,-5.74,-1.37,0,5
15845.687,-0.889,0.048,0.329,-19.93,-3.51,-4.18,0,5
15845.703,-0.903,0.047,0.34,-18.01,-0.73,-6.74,0,5
15845.703,-0.904,0.052,0.354,-15.41,1.56,-9.06,0,5
15845.718,-0.891,0.068,0.365,-11.9,3.08,-11.38,0,5
15845.734,-0.883,0.087,0.376,-7.11,4.67,-13.67,0,5
15845.734,-0.881,0.1,0.383,-2.44,6.62,-15.08,0,5
15845.75,-0.875,0.118,0.392,1.19,8.42,-15.44,0,5
15845.765,-0.879,0.134,0.402,3.57,9.46,-15.14,0,5
15845.765,-0.886,0.141,0.41,5.77,7.05,-13.76,0,5
15845.781,-0.885,0.148,0.422,5.43,3.57,-12.76,0,5
15845.781,-0.881,0.156,0.434,4.49,-1.59,-11.93,0,5
15845.796,-0.87,0.155,0.43,6.35,-4.85,-10.65,0,5
15845.812,-0.862,0.128,0.337,11.29,-4.73,-8.7,0,5
15845.812,-0.876,0.135,0.333,14.37,-5.98,-7.14,0,5
15845.828,-0.874,0.133,0.314,17.18,-8.42,-6.1,0,5
15845.843,-0.873,0.12,0.268,20.26,-9.49,-5.46,0,5
15845.843,-0.873,0.13,0.243,21.52,-9.34,-5.34,0,5
15845.859,-0.862,0.135,0.221,22.22,-9.58,-5.62,0,5
15845.875,-0.858,0.141,0.191,21.73,-10.07,-6.78,0,5
15845.89,-0.857,0.143,0.17,19.87,-9.8,-7.45,0,5
15845.89,-0.855,0.153,0.149,18.49,-8.51,-7.39,0,5
15845.89,-0.855,0.155,0.13,17.27,-5.98,-7.75,0,5
15845.906,-0.854,0.146,0.123,14.5,-2.17,-7.57,0,5
15845.921,-0.856,0.144,0.122,11.47,2.2,-7.45,0,5
15845.921,-0.853,0.133,0.125,8.85,6.93,-8.0,0,5
15845.937,-0.86,0.118,0.129,6.38,12.02,-9.0,0,5
15845.953,-0.859,0.115,0.13,4.06,17.94,-11.63,0,5
15845.953,-0.862,0.125,0.135,0.52,23.65,-15.29,0,5
15845.968,-0.857,0.135,0.148,-4.67,29.21,-18.52,0,5
15845.984,-0.842,0.145,0.17,-10.56,35.65,-21.49,0,5
15845.984,-0.833,0.16,0.204,-17.52,40.99,-23.44,0,5
15846.0,-0.83,0.16,0.232,-23.19,44.74,-24.14,0,5
15846.015,-0.844,0.158,0.257,-26.55,46.82,-23.68,0,5
15846.015,-0.869,0.15,0.28,-27.65,46.88,-22.89,0,5
15846.031,-0.916,0.14,0.296,-27.1,45.59,-21.24,0,5
15846.046,-0.962,0.129,0.308,-25.85,43.09,-19.26,0,5
15846.046,-0.998,0.115,0.315,-24.63,38.76,-17.21,0,5
15846.062,-1.031,0.102,0.311,-23.87,32.78,-15.99,0,5
15846.062,-1.046,0.096,0.286,-23.5,25.03,-15.87,0,5
15846.078,-1.051,0.096,0.255,-23.8,17.15,-16.08,0,5
15846.093,-1.062,0.088,0.221,-23.9,10.71,-16.17,0,5
15846.109,-1.045,0.084,0.197,-24.38,6.16,-15.93,0,5
15846.109,-1.019,0.089,0.185,-25.09,5.43,-15.32,0,5
15846.125,-1.004,0.089,0.178,-25.48,6.96,-14.25,0,5
15846.125,-0.992,0.085,0.175,-25.27,9.98,-11.78,0,5
15846.14,-0.987,0.073,0.184,-23.83,13.18,-8.06,0,5
15846.156,-0.99,0.05,0.196,-20.87,15.11,-3.88,0,5
15846.156,-1.0,0.026,0.201,-16.27,16.85,-0.4,0,5
15846.171,-1.011,0.01,0.214,-12.18,17.79,1.28,0,5
15846.171,-1.023,-0.012,0.233,-9.34,18.89,0.7,0,5
15846.187,-1.047,-0.025,0.262,-8.12,21.88,-2.01,0,5
15846.203,-1.071,-0.043,0.288,-8.45,26.46,-6.41,0,5
15846.203,-1.089,-0.055,0.304,-9.8,30.3,-11.69,0,5
15846.218,-1.1,-0.056,0.314,-10.65,32.62,-17.37,0,5
15846.234,-1.106,-0.054,0.329,-10.71,33.51,-22.77,0,5
15846.234,-1.125,-0.047,0.333,-9.8,32.9,-27.1,0,5
15846.25,-1.154,-0.046,0.322,-6.93,30.55,-30.09,0,5
15846.265,-1.216,-0.041,0.292,-2.41,26.28,-32.04,0,5
15846.265,-1.312,-0.037,0.244,1.77,19.71,-33.05,0,5
15846.281,-1.394,-0.017,0.171,0.64,11.08,-33.27,0,5
15846.296,-1.412,0.043,0.142,-13.25,3.02,-33.48,0,5
15846.296,-1.404,0.063,0.127,-37.97,2.23,-34.15,0,5
15846.312,-1.378,0.044,0.146,-72.73,7.11,-33.94,0,5
15846.312,-1.348,-0.041,0.194,-103.09,8.73,-34.39,0,5
15846.328,-1.339,-0.154,0.206,-112.92,3.14,-35.62,0,5
15846.343,-1.318,-0.222,0.189,-101.87,-8.24,-36.32,0,5
15846.343,-1.297,-0.248,0.163,-74.19,-20.11,-36.96,0,5
15846.359,-1.291,-0.247,0.127,-38.09,-29.73,-37.63,0,5
15846.375,-1.273,-0.23,0.09,-1.01,-35.83,-37.9,0,5
15846.375,-1.25,-0.196,0.044,33.91,-36.93,-38.82,0,5
15846.39,-1.235,-0.145,0.003,63.78,-32.69,-40.31,0,5
15846.39,-1.218,-0.114,-0.024,87.01,-25.33,-41.05,0,5
15846.406,-1.205,-0.079,-0.039,102.73,-15.78,-40.22,0,5
15846.421,-1.19,-0.027,-0.061,109.71,-4.43,-37.02,0,5
15846.437,-1.19,0.025,-0.083,104.46,4.97,-32.84,0,5
15846.437,-1.199,0.058,-0.099,87.44,12.82,-29.42,0,5
15846.453,-1.197,0.064,-0.087,60.06,20.81,-24.9,0,5
15846.453,-1.185,0.055,-0.041,28.14,29.69,-20.63,0,5
15846.468,-1.188,0.009,0.015,0.0,39.74,-17.79,0,5
15846.484,-1.18,-0.031,0.074,-20.97,50.26,-16.14,0,5
15846.484,-1.17,-0.045,0.13,-33.3,60.09,-15.66,0,5
15846.5,-1.187,-0.039,0.178,-38.85,67.54,-16.05,0,5
15846.515,-1.203,-0.023,0.209,-43.95,69.58,-16.48,0,5
15846.515,-1.217,-0.018,0.239,-49.29,67.63,-16.08,0,5
15846.531,-1.241,-0.022,0.266,-53.13,64.12,-13.61,0,5
15846.531,-1.27,-0.032,0.288,-55.09,58.05,-9.4,0,5
15846.546,-1.303,-0.06,0.302,-53.65,48.13,-3.11,0,5
15846.562,-1.315,-0.104,0.302,-47.49,35.19,5.31,0,5
15846.562,-1.29,-0.135,0.303,-37.26,20.78,15.53,0,5
15846.578,-1.251,-0.162,0.291,-23.16,6.38,25.54,0,5
15846.593,-1.2,-0.191,0.256,-6.07,-6.71,33.81,0,5
15846.593,-1.157,-0.2,0.214,11.14,-17.82,39.95,0,5
15846.609,-1.125,-0.187,0.164,25.3,-28.38,43.0,0,5
15846.625,-1.102,-0.173,0.114,35.77,-36.96,43.31,0,5
15846.625,-1.091,-0.154,0.067,41.47,-42.45,42.85,0,5
15846.64,-1.086,-0.149,0.015,42.85,-46.42,42.15,0,5
15846.64,-1.079,-0.147,-0.021,40.68,-48.74,41.26,0,5
15846.656,-1.073,-0.144,-0.052,37.32,-48.8,40.35,0,5
15846.671,-1.073,-0.144,-0.08,32.96,-47.3,39.43,0,5
15846.687,-1.071,-0.133,-0.109,27.07,-44.95,38.06,0,5
15846.687,-1.068,-0.116,-0.135,19.1,-42.45,35.71,0,5
15846.703,-1.064,-0.118,-0.139,9.67,-40.25,31.8,0,5
15846.718,-1.051,-0.122,-0.123,1.95,-37.35,26.61,0,5
15846.718,-1.031,-0.113,-0.103,-2.38,-33.17,21.03,0,5
15846.734,-1.012,-0.109,-0.089,-3.63,-27.8,16.05,0,5
15846.734,-0.983,-0.101,-0.075,-3.08,-21.94,13.28,0,5
15846.75,-0.941,-0.096,-0.062,-0.61,-15.99,12.36,0,5
15846.75,-0.902,-0.094,-0.061,2.96,-6.04,11.66,0,5
15846.765,-0.874,-0.091,-0.054,3.39,-2.11,11.29,0,5
15846.781,-0.841,-0.074,-0.038,1.8,0.34,10.86,0,5
15846.781,-0.769,-0.065,-0.012,-0.7,2.23,10.13,0,5
15846.796,-0.731,-0.068,0.005,-3.08,3.88,10.04,0,5
15846.812,-0.681,-0.063,0.026,-3.91,5.19,10.38,0,5
15846.812,-0.634,-0.064,0.042,-2.9,6.87,10.16,0,5
15846.828,-0.597,-0.066,0.057,-1.28,8.36,9.31,0,5
15846.843,-0.578,-0.065,0.073,0.37,9.22,8.55,0,5
15846.843,-0.581,-0.074,0.094,3.08,9.28,7.93,0,5
15846.859,-0.585,-0.079,0.111,6.62,8.61,8.18,0,5
15846.875,-0.589,-0.077,0.118,9.89,7.54,8.18,0,5
15846.875,-0.601,-0.072,0.124,11.6,6.44,7.26,0,5
15846.89,-0.615,-0.067,0.139,11.41,4.94,5.95,0,5
15846.89,-0.624,-0.061,0.152,10.35,2.62,4.58,0,5
15846.906,-0.64,-0.06,0.161,10.41,-0.4,3.63,0,5
15846.921,-0.655,-0.066,0.169,12.67,-3.94,3.27,0,5
15846.921,-0.665,-0.074,0.174,18.07,-7.87,3.69,0,5
15846.937,-0.681,-0.075,0.17,26.34,-12.02,4.58,0,5
15846.953,-0.687,-0.062,0.152,35.92,-16.08,5.62,0,5
15846.968,-0.687,-0.043,0.123,44.74,-19.68,6.62,0,5
15846.968,-0.69,-0.027,0.09,50.57,-22.06,7.35,0,5
15846.984,-0.697,-0.012,0.061,52.13,-22.68,7.39,0,5
15846.984,-0.711,0.003,0.044,49.53,-21.03,6.62,0,5
15847.0,-0.735,0.004,0.042,44.28,-17.55,5.65,0,5
15847.015,-0.755,-0.007,0.047,37.66,-13.58,4.88,0,5
15847.015,-0.774,-0.011,0.064,31.89,-9.4,3.88,0,5
15847.031,-0.795,-0.013,0.084,27.53,-6.56,2.35,0,5
15847.031,-0.819,-0.015,0.099,24.41,-4.76,1.01,0,5
15847.046,-0.84,-0.018,0.112,22.68,-4.12,0.89,0,5
15847.062,-0.858,-0.024,0.118,22.55,-4.49,1.28,0,5
15847.062,-0.873,-0.02,0.12,22.77,-4.85,1.31,0,5
15847.078,-0.877,-0.004,0.121,21.67,-4.88,0.34,0,5
15847.093,-0.878,0.015,0.12,18.46,-4.85,-1.62,0,5
15847.093,-0.889,0.018,0.119,13.06,-3.85,-3.14,0,5
15847.109,-0.904,0.021,0.126,6.26,-1.83,-3.66,0,5
15847.125,-0.913,0.03,0.138,-1.86,-0.4,-4.12,0,5
15847.125,-0.917,0.02,0.157,-9.58,0.0,-4.7,0,5
15847.14,-0.92,0.007,0.175,-16.02,0.37,-4.88,0,5
15847.14,-0.918,0.007,0.194,-20.2,1.04,-5.16,0,5
15847.156,-0.924,-0.004,0.207,-21.88,1.37,-5.43,0,5
15847.171,-0.928,-0.017,0.222,-21.85,0.18,-5.25,0,5
15847.187,-0.924,-0.011,0.228,-20.02,-2.35,-4.79,0,5
15847.187,-0.919,0.003,0.221,-17.09,-5.22,-4.24,0,5
15847.203,-0.92,0.016,0.215,-15.14,-8.33,-2.41,0,5
15847.203,-0.923,0.021,0.214,-14.22,-11.08,0.09,0,5
15847.218,-0.926,0.019,0.207,-13.82,-13.09,2.84,0,5
15847.234,-0.929,0.013,0.196,-13.92,-14.65,5.8,0,5
15847.25,-0.927,-0.001,0.187,-14.13,-16.36,8.85,0,5
15847.25,-0.927,-0.015,0.176,-13.82,-17.73,11.17,0,5
15847.265,-0.928,-0.019,0.165,-13.64,-18.52,12.24,0,5
15847.265,-0.932,-0.023,0.15,-13.55,-18.86,12.21,0,5
15847.281,-0.945,-0.023,0.135,-13.64,-18.8,11.96,0,5
15847.296,-0.959,-0.024,0.123,-13.79,-18.4,12.21,0,5
15847.296,-0.969,-0.013,0.119,-14.25,-16.88,13.55,0,5
15847.312,-0.97,0.001,0.114,-15.5,-15.08,15.69,0,5
15847.312,-0.962,0.004,0.108,-17.33,-13.12,18.16,0,5
15847.328,-0.952,-0.002,0.109,-19.53,-10.71,20.02,0,5
15847.343,-0.937,-0.011,0.109,-21.91,-8.67,20.78,0,5
15847.343,-0.919,-0.029,0.109,-23.83,-5.98,20.23,0,5
15847.359,-0.912,-0.023,0.11,-26.28,-2.69,18.92,0,5
15847.375,-0.893,-0.014,0.113,-30.03,0.92,16.63,0,5
15847.375,-0.883,-0.016,0.123,-34.12,5.65,13.46,0,5
15847.39,-0.88,-0.019,0.141,-37.51,10.65,10.71,0,5
15847.406,-0.877,-0.019,0.162,-38.06,15.11,8.39,0,5
15847.406,-0.882,-0.021,0.174,-35.46,18.13,7.45,0,5
15847.421,-0.889,-0.017,0.183,-30.7,19.2,7.32,0,5
15847.421,-0.899,-0.005,0.185,-25.33,18.98,6.41,0,5
15847.437,-0.915,0.007,0.185,-20.78,18.52,4.61,0,5
15847.453,-0.925,0.027,0.189,-18.22,18.28,3.05,0,5
15847.453,-0.939,0.043,0.182,-17.06,17.7,1.89,0,5
15847.468,-0.962,0.046,0.168,-16.45,16.54,1.56,0,5
15847.484,-0.981,0.066,0.148,-17.43,14.92,1.34,0,5
15847.484,-1.002,0.092,0.122,-20.87,12.21,0.06,0,5
15847.5,-1.022,0.101,0.106,-27.22,8.85,-1.19,0,5
15847.515,-1.033,0.107,0.097,-34.36,5.92,-1.31,0,5
15847.515,-1.04,0.104,0.093,-40.07,3.33,-0.09,0,5
15847.531,-1.038,0.086,0.09,-42.33,0.61,2.08,0,5
15847.531,-1.025,0.075,0.086,-40.8,-2.11,4.79,0,5
15847.546,-1.011,0.072,0.073,-36.77,-4.15,7.54,0,5
15847.562,-0.996,0.072,0.057,-31.8,-5.43,9.92,0,5
15847.562,-0.989,0.072,0.042,-27.22,-5.58,12.33,0,5
15847.578,-0.989,0.074,0.031,-23.83,-5.01,14.83,0,5
15847.593,-0.989,0.067,0.02,-21.58,-3.75,17.55,0,5
15847.593,-0.982,0.057,0.018,-20.23,-1.74,20.87,0,5
15847.609,-0.979,0.044,0.021,-18.83,1.19,24.54,0,5
15847.625,-0.967,0.021,0.024,-17.15,4.36,28.9,0,5
15847.625,-0.952,0.006,0.031,-15.63,7.9,32.5,0,5
15847.64,-0.931,-0.011,0.034,-14.28,11.23,33.97,0,5
15847.656,-0.912,-0.021,0.036,-13.61,14.04,33.57,0,5
15847.656,-0.893,-0.019,0.039,-14.31,16.57,31.43,0,5
15847.671,-0.895,-0.019,0.043,-16.11,18.77,28.63,0,5
15847.671,-0.902,-0.013,0.054,-19.17,20.94,25.76,0,5
15847.687,-0.913,0.004,0.063,-23.04,22.25,23.04,0,5
15847.703,-0.931,0.016,0.069,-27.59,22.77,20.57,0,5
15847.703,-0.958,0.024,0.084,-31.95,22.74,18.59,0,5
15847.718,-0.989,0.025,0.094,-35.07,21.97,17.15,0,5
15847.734,-1.004,0.021,0.099,-36.53,20.54,16.51,0,5
15847.75,-1.004,0.022,0.103,-34.73,18.04,15.23,0,5
15847.75,-1.002,0.014,0.102,-32.04,17.98,14.56,0,5
15847.765,-0.994,0.009,0.099,-28.96,18.62,13.49,0,5
15847.765,-0.978,0.015,0.1,-25.42,19.47,11.72,0,5
15847.781,-0.968,0.026,0.097,-22.16,20.54,9.7,0,5
15847.781,-0.963,0.041,0.094,-19.9,21.3,7.63,0,5
15847.796,-0.962,0.045,0.1,-17.79,21.49,5.86,0,5
15847.812,-0.949,0.041,0.107,-14.53,22.0,4.79,0,5
15847.812,-0.939,0.048,0.115,-9.49,23.56,3.48,0,5
15847.828,-0.931,0.053,0.126,-2.04,26.0,1.8,0,5
15847.843,-0.932,0.066,0.132,6.81,28.93,0.09,0,5
15847.859,-0.939,0.081,0.135,15.9,31.37,-0.85,0,5
15847.859,-0.944,0.094,0.137,22.86,31.98,-0.92,0,5
15847.875,-0.961,0.107,0.135,27.13,31.74,-0.49,0,5
15847.875,-0.975,0.11,0.138,28.2,31.65,-0.06,0,5
15847.89,-0.987,0.118,0.146,26.86,32.29,-0.18,0,5
15847.906,-1.006,0.133,0.152,23.32,32.17,-1.13,0,5
15847.906,-1.028,0.147,0.147,18.34,30.15,-2.08,0,5
15847.921,-1.043,0.169,0.141,12.76,26.58,-1.62,0,5
15847.921,-1.051,0.173,0.152,9.67,21.94,0.49,0,5
15847.937,-1.066,0.155,0.155,11.35,16.33,3.23,0,5
15847.953,-1.069,0.15,0.14,15.29,10.19,6.44,0,5
15847.968,-1.063,0.147,0.12,18.52,5.04,8.76,0,5
15847.968,-1.058,0.137,0.106,20.63,1.92,9.8,0,5
15847.984,-1.053,0.129,0.093,21.33,0.03,10.1,0,5
15847.984,-1.043,0.123,0.076,21.45,-1.04,9.83,0,5
15848.0,-1.032,0.12,0.063,21.39,-2.08,8.97,0,5
15848.015,-1.012,0.115,0.051,21.0,-2.9,7.93,0,5
15848.015,-0.992,0.112,0.043,20.29,-2.78,6.87,0,5
15848.031,-0.975,0.108,0.041,18.95,-1.53,5.8,0,5
15848.046,-0.967,0.099,0.041,17.33,0.0,4.79,0,5
15848.046,-0.964,0.092,0.05,15.63,1.01,3.97,0,5
15848.062,-0.96,0.084,0.055,13.86,1.25,3.33,0,5
15848.062,-0.964,0.077,0.056,12.79,0.24,2.29,0,5
15848.078,-0.971,0.063,0.051,12.27,-1.5,1.28,0,5
15848.093,-0.981,0.056,0.05,11.6,-3.88,0.18,0,5
15848.093,-0.991,0.052,0.045,11.72,-5.89,-1.68,0,5
15848.109,-1.004,0.051,0.038,11.32,-7.08,-4.36,0,5
15848.125,-1.015,0.054,0.029,9.61,-7.57,-7.51,0,5
15848.125,-1.027,0.061,0.027,7.48,-7.66,-10.5,0,5
15848.14,-1.037,0.072,0.023,6.13,-8.12,-13.12,0,5
15848.14,-1.039,0.086,0.012,5.92,-8.27,-14.95,0,5
15848.156,-1.042,0.102,0.002,5.8,-8.0,-15.81,0,5
15848.171,-1.045,0.109,0.001,6.13,-7.51,-15.59,0,5
15848.171,-1.042,0.112,0.003,7.6,-6.47,-14.37,0,5
15848.187,-1.033,0.114,0.003,10.32,-5.4,-12.33,0,5
15848.203,-1.017,0.112,0.004,13.55,-4.06,-9.89,0,5
15848.203,-1.001,0.114,0.004,16.6,-2.72,-7.45,0,5
15848.218,-0.989,0.116,0.006,18.8,-1.89,-5.07,0,5
15848.234,-0.977,0.112,0.003,20.14,-1.71,-2.93,0,5
15848.234,-0.963,0.102,0.002,20.78,-2.08,-1.01,0,5
15848.25,-0.953,0.094,0.002,21.06,-2.35,0.43,0,5
15848.265,-0.946,0.085,0.0,21.21,-2.62,1.13,0,5
15848.265,-0.936,0.08,-0.001,20.94,-2.53,1.22,0,5
15848.281,-0.93,0.079,-0.005,20.26,-1.74,0.98,0,5
15848.281,-0.928,0.077,-0.009,18.65,-0.61,0.49,0,5
15848.296,-0.925,0.08,-0.006,15.87,0.49,-0.21,0,5
15848.312,-0.93,0.079,-0.003,13.46,1.1,-1.28,0,5
15848.312,-0.936,0.071,-0.002,11.72,1.16,-2.53,0,5
15848.328,-0.945,0.075,-0.002,10.38,1.04,-3.85,0,5
15848.343,-0.955,0.078,-0.005,9.64,0.49,-5.07,0,5
15848.359,-0.964,0.08,-0.012,9.89,-0.12,-5.68,0,5
15848.359,-0.965,0.087,-0.019,10.44,0.09,-5.89,0,5
15848.375,-0.964,0.097,-0.02,10.56,0.79,-6.1,0,5
15848.375,-0.967,0.108,-0.024,9.67,2.01,-6.96,0,5
15848.39,-0.974,0.113,-0.028,8.27,3.3,-7.78,0,5
15848.406,-0.983,0.115,-0.027,6.99,3.97,-7.93,0,5
15848.406,-0.988,0.116,-0.03,6.13,4.06,-7.57,0,5
15848.421,-0.991,0.116,-0.037,6.01,3.63,-6.9,0,5
15848.421,-0.981,0.119,-0.043,5.8,3.33,-5.98,0,5
15848.437,-0.972,0.127,-0.042,5.31,4.24,-5.68,0,5
15848.453,-0.975,0.13,-0.04,4.67,6.04,-5.68,0,5
15848.453,-0.977,0.132,-0.034,3.78,7.69,-5.55,0,5
15848.468,-0.983,0.132,-0.035,2.47,8.76,-5.31,0,5
15848.484,-0.987,0.136,-0.03,0.76,9.22,-5.1,0,5
15848.484,-0.997,0.137,-0.026,-0.37,9.0,-4.91,0,5
15848.5,-1.005,0.134,-0.025,-1.22,8.18,-4.27,0,5
15848.515,-1.005,0.131,-0.02,-1.86,7.51,-3.2,0,5
15848.515,-1.005,0.131,-0.015,-2.08,7.42,-2.17,0,5
15848.531,-1.004,0.128,-0.01,-1.95,7.48,-1.28,0,5
15848.531,-1.0,0.123,-0.007,-1.77,7.2,-0.52,0,5
15848.546,-1.002,0.117,-0.008,-1.28,6.41,0.21,0,5
15848.562,-1.004,0.106,-0.013,-0.46,4.88,0.95,0,5
15848.562,-1.008,0.097,-0.019,0.95,3.23,1.74,0,5
15848.578,-1.008,0.09,-0.026,1.89,2.14,2.29,0,5
15848.593,-1.003,0.089,-0.031,1.8,2.32,2.62,0,5
15848.593,-1.005,0.089,-0.03,0.4,3.66,2.66,0,5
15848.609,-1.002,0.086,-0.024,-2.23,5.43,2.35,0,5
15848.625,-1.0,0.086,-0.012,-5.31,7.08,2.01,0,5
15848.625,-1.002,0.085,0.004,-8.12,8.09,1.68,0,5
15848.64,-1.002,0.082,0.016,-10.16,8.15,1.28,0,5
15848.656,-1.001,0.08,0.029,-11.02,7.23,1.53,0,5
15848.656,-1.002,0.075,0.037,-10.01,5.55,2.53,0,5
15848.671,-1.004,0.069,0.039,-7.39,3.33,4.15,0,5
15848.671,-1.0,0.06,0.04,-3.75,0.73,5.92,0,5
15848.687,-0.992,0.052,0.03,0.15,-1.86,7.45,0,5
15848.703,-0.984,0.051,0.02,3.36,-3.81,7.9,0,5
15848.703,-0.977,0.046,0.008,5.37,-4.88,7.57,0,5
15848.718,-0.965,0.043,-0.006,5.71,-4.21,5.07,0,5
15848.734,-0.961,0.047,-0.012,3.91,-2.99,3.45,0,5
15848.734,-0.958,0.055,-0.019,1.68,-1.28,1.89,0,5
15848.75,-0.958,0.057,-0.025,-0.76,0.37,0.73,0,5
15848.765,-0.965,0.063,-0.014,-2.9,1.46,-0.55,0,5
15848.765,-0.968,0.061,-0.006,-4.15,2.04,-1.5,0,5
15848.781,-0.972,0.062,0.001,-4.49,2.01,-2.11,0,5
15848.796,-0.976,0.062,0.006,-3.94,1.71,-2.44,0,5
15848.796,-0.978,0.062,0.008,-2.81,0.79,-2.44,0,5
15848.812,-0.98,0.06,0.008,-0.89,-0.79,-2.2,0,5
15848.812,-0.978,0.062,-0.003,1.43,-2.23,-1.98,0,5
15848.828,-0.974,0.066,-0.011,2.84,-3.36,-2.2,0,5
15848.843,-0.977,0.073,-0.02,3.02,-3.78,-2.84,0,5
15848.843,-0.978,0.075,-0.024,2.29,-3.54,-3.33,0,5
15848.859,-0.975,0.076,-0.024,0.92,-2.9,-3.6,0,5
15848.875,-0.971,0.075,-0.026,-0.43,-1.86,-3.97,0,5
15848.875,-0.969,0.073,-0.022,-1.59,-1.04,-4.64,0,5
15848.89,-0.971,0.073,-0.018,-2.11,-0.49,-5.43,0,5
15848.89,-0.974,0.074,-0.017,-2.11,-0.55,-5.98,0,5
15848.906,-0.97,0.078,-0.018,-1.98,-0.67,-6.35,0,5
15848.921,-0.972,0.084,-0.017,-1.65,-0.89,-6.29,0,5
15848.921,-0.977,0.088,-0.015,-1.13,-1.13,-6.01,0,5
15848.937,-0.978,0.089,-0.021,-0.52,-1.34,-5.58,0,5
15848.953,-0.977,0.089,-0.022,-0.4,-1.74,-5.13,0,5
15848.953,-0.977,0.089,-0.023,-0.34,-2.41,-4.58,0,5
15848.968,-0.977,0.087,-0.023,0.0,-2.66,-4.15,0,5
15848.984,-0.974,0.088,-0.026,0.61,-2.44,-3.91,0,5
15848.984,-0.97,0.088,-0.027,1.1,-2.08,-3.85,0,5
15849.0,-0.97,0.089,-0.03,0.73,-1.53,-4.06,0,5
15849.015,-0.971,0.093,-0.03,0.43,-1.01,-4.09,0,5
15849.015,-0.973,0.089,-0.03,0.64,-0.67,-3.91,0,5
15849.031,-0.976,0.088,-0.031,0.98,-0.31,-3.85,0,5
15849.046,-0.976,0.088,-0.032,1.37,0.09,-3.69,0,5
15849.046,-0.978,0.09,-0.031,1.46,0.61,-3.57,0,5
15849.062,-0.979,0.092,-0.028,1.31,1.13,-3.6,0,5
15849.078,-0.979,0.094,-0.026,0.98,1.43,-3.39,0,5
15849.078,-0.98,0.096,-0.022,0.52,1.5,-3.17,0,5
15849.093,-0.986,0.095,-0.022,0.06,1.19,-3.11,0,5
15849.093,-0.988,0.093,-0.025,0.12,0.43,-2.69,0,5
15849.109,-0.991,0.091,-0.03,0.49,-0.49,-2.11,0,5
15849.125,-0.989,0.089,-0.037,1.13,-0.92,-1.53,0,5
15849.125,-0.984,0.089,-0.038,1.65,-0.7,-0.98,0,5
15849.14,-0.98,0.089,-0.041,1.56,0.03,-0.67,0,5
15849.14,-0.979,0.089,-0.037,0.92,1.31,-0.73,0,5
15849.156,-0.979,0.086,-0.033,0.15,2.35,-0.76,0,5
15849.171,-0.98,0.085,-0.031,-0.52,3.17,-0.64,0,5
15849.187,-0.984,0.085,-0.024,-1.13,3.36,-0.67,0,5
15849.187,-0.986,0.083,-0.016,-1.22,3.02,-0.58,0,5
15849.203,-0.985,0.081,-0.012,-1.01,2.38,-0.37,0,5
15849.203,-0.984,0.077,-0.013,-0.46,1.46,-0.21,0,5
15849.218,-0.984,0.078,-0.013,0.0,0.7,-0.31,0,5
15849.234,-0.983,0.079,-0.016,0.24,0.09,-0.49,0,5
15849.234,-0.982,0.082,-0.02,0.18,-0.37,-0.85,0,5
15849.25,-0.98,0.084,-0.023,-0.37,-0.61,-0.92,0,5
15849.265,-0.98,0.082,-0.026,-1.28,-0.67,-1.04,0,5
15849.265,-0.979,0.085,-0.026,-2.2,-0.58,-1.19,0,5
15849.281,-0.98,0.083,-0.024,-2.9,-0.09,-1.19,0,5
15849.296,-0.984,0.077,-0.021,-3.14,0.31,-1.01,0,5
15849.296,-0.987,0.074,-0.02,-2.84,0.27,-0.7,0,5
15849.312,-0.99,0.076,-0.019,-1.95,0.18,-0.34,0,5
15849.312,-0.989,0.078,-0.018,-1.16,-0.18,0.03,0,5
15849.328,-0.989,0.077,-0.019,-0.58,-0.55,0.43,0,5
15849.343,-0.986,0.075,-0.021,-0.21,-0.7,0.98,0,5
15849.343,-0.982,0.07,-0.022,-0.24,-0.95,1.34,0,5
15849.359,-0.984,0.064,-0.023,-0.21,-1.4,1.56,0,5
15849.375,-0.983,0.062,-0.026,-0.24,-1.92,1.28,0,5
15849.375,-0.984,0.062,-0.027,-0.67,-2.2,0.82,0,5
15849.39,-0.985,0.062,-0.031,-1.68,-2.32,0.4,0,5
15849.406,-0.984,0.064,-0.03,-2.99,-2.29,0.06,0,5
15849.406,-0.981,0.064,-0.025,-4.18,-2.2,-0.15,0,5
15849.421,-0.979,0.062,-0.027,-4.85,-2.29,-0.31,0,5
15849.421,-0.979,0.06,-0.025,-5.01,-2.53,-0.46,0,5
15849.437,-0.982,0.056,-0.024,-4.27,-2.75,-0.46,0,5
15849.453,-0.983,0.049,-0.029,-3.36,-3.11,-0.49,0,5
15849.453,-0.986,0.046,-0.035,-2.59,-3.51,-0.61,0,5
15849.468,-0.987,0.046,-0.04,-2.44,-3.66,-1.07,0,5
15849.484,-0.984,0.041,-0.05,-3.3,-3.17,-1.77,0,5
15849.484,-0.977,0.039,-0.058,-4.12,-1.37,-2.72,0,5
15849.5,-0.976,0.035,-0.042,-4.09,-0.15,-4.24,0,5
15849.5,-0.965,0.024,-0.076,-2.59,0.24,-6.44,0,5
15849.531,-0.972,0.032,-0.067,-3.66,1.98,-8.82,0,5
15849.531,-0.965,0.024,-0.084,-5.04,2.38,-10.32,0,5
15849.546,-0.978,0.013,-0.097,-6.65,3.42,-12.63,0,5
15849.562,-0.978,0.046,-0.08,-10.68,4.49,-12.24,0,5
15849.562,-0.972,0.057,-0.081,-14.62,3.69,-11.63,0,5
15849.578,-0.973,0.049,-0.085,-19.32,2.99,-11.78,0,5
15849.593,-0.969,0.05,-0.082,-24.05,2.44,-12.05,0,5
15849.609,-0.973,0.048,-0.081,-27.5,2.17,-12.15,0,5
15849.625,-0.984,0.054,-0.075,-30.4,1.8,-12.18,0,5
15849.625,-0.991,0.055,-0.072,-33.14,1.19,-12.27,0,5
15849.64,-1.001,0.056,-0.074,-35.49,0.79,-12.21,0,5
15849.64,-1.012,0.06,-0.067,-37.45,0.64,-11.9,0,5
15849.656,-1.018,0.065,-0.062,-38.42,0.31,-11.38,0,5
15849.656,-1.023,0.069,-0.067,-39.03,0.03,-10.99,0,5
15849.656,-1.029,0.07,-0.063,-38.58,0.55,-10.32,0,5
15849.671,-1.036,0.074,-0.056,-36.68,1.37,-9.25,0,5
15849.687,-1.04,0.081,-0.053,-34.0,2.38,-7.93,0,5
15849.687,-1.044,0.093,-0.047,-31.65,3.48,-6.5,0,5
15849.703,-1.039,0.109,-0.038,-28.9,5.95,-4.49,0,5
15849.703,-1.034,0.127,-0.036,-29.24,6.9,-3.2,0,5
15849.718,-1.028,0.14,-0.035,-31.37,6.68,-1.01,0,5
15849.734,-1.028,0.149,-0.038,-35.1,5.89,1.98,0,5
15849.734,-1.035,0.15,-0.031,-40.31,4.27,5.58,0,5
15849.75,-1.038,0.122,-0.023,-45.53,1.31,9.43,0,5
15849.765,-1.033,0.087,-0.016,-48.55,-2.72,12.85,0,5
15849.765,-1.032,0.035,-0.015,-46.85,-6.81,15.32,0,5
15849.781,-1.016,-0.011,-0.019,-41.51,-9.58,17.4,0,5
15849.781,-0.984,-0.038,-0.02,-33.94,-9.8,17.91,0,5
15849.796,-0.966,-0.058,-0.021,-25.09,-5.89,16.27,0,5
15849.812,-0.961,-0.055,-0.031,-17.61,0.58,13.06,0,5
15849.828,-0.973,-0.036,-0.045,-12.42,6.78,7.6,0,5
15849.843,-0.985,-0.028,-0.056,-9.8,10.53,1.83,0,5
15849.843,-0.986,-0.003,-0.063,-9.64,11.6,-2.11,0,5
15849.859,-0.989,0.029,-0.068,-11.32,10.83,-4.39,0,5
15849.859,-0.994,0.03,-0.073,-12.97,8.61,-4.55,0,5
15849.875,-1.001,0.02,-0.08,-13.52,5.86,-2.87,0,5
15849.875,-0.999,-0.012,-0.081,-9.98,2.75,-0.31,0,5
15849.89,-1.022,-0.049,-0.102,-0.73,1.56,2.75,0,5
15849.906,-1.01,-0.051,-0.129,11.29,3.3,6.38,0,5
15849.906,-0.962,-0.032,-0.145,23.19,8.45,9.86,0,5
15849.921,-0.935,-0.022,-0.155,34.61,16.42,11.08,0,5
15849.921,-0.925,-0.018,-0.149,43.92,24.69,9.7,0,5
15849.937,-0.928,-0.005,-0.147,48.8,30.76,6.65,0,5
15849.953,-0.93,0.02,-0.134,45.81,32.93,2.72,0,5
15849.953,-0.931,0.044,-0.103,35.55,32.5,-2.78,0,5
15849.968,-0.94,0.042,-0.062,21.91,31.13,-8.51,0,5
15849.984,-0.956,0.047,-0.011,8.0,29.69,-13.52,0,5
15849.984,-0.978,0.056,0.059,-3.48,27.62,-16.79,0,5
15850.0,-0.999,0.053,0.133,-13.18,20.57,-18.16,0,5
15850.015,-1.005,0.061,0.177,-19.56,9.16,-19.2,0,5
15850.015,-1.004,0.076,0.195,-21.85,-1.31,-20.29,0,5
15850.031,-1.005,0.084,0.207,-23.16,-8.61,-21.09,0,5
15850.046,-1.005,0.089,0.22,-25.57,-12.67,-21.18,0,5
15850.046,-1.009,0.086,0.235,-27.68,-13.82,-19.96,0,5
15850.062,-1.021,0.06,0.267,-27.95,-13.73,-17.21,0,5
15850.078,-1.033,0.022,0.318,-23.59,-12.91,-13.79,0,5
15850.078,-1.05,-0.003,0.351,-13.06,-11.78,-10.93,0,5
15850.093,-1.061,-0.003,0.352,-0.52,-12.05,-7.87,0,5
15850.093,-1.073,0.017,0.32,9.16,-14.47,-5.13,0,5
15850.109,-1.079,0.039,0.282,11.75,-18.68,-3.05,0,5
15850.125,-1.07,0.041,0.25,7.72,-24.35,-1.5,0,5
15850.125,-1.059,0.028,0.228,-0.31,-31.43,-1.1,0,5
15850.14,-1.029,0.011,0.21,-9.58,-38.76,-2.04,0,5
15850.156,-1.015,-0.01,0.187,-17.33,-45.11,-4.88,0,5
15850.156,-1.005,-0.01,0.163,-23.19,-49.99,-8.39,0,5
15850.171,-0.993,0.005,0.146,-27.65,-52.89,-12.3,0,5
15850.187,-1.001,-0.001,0.13,-30.21,-54.26,-15.56,0,5
15850.187,-1.014,-0.005,0.12,-31.16,-54.66,-17.06,0,5
15850.203,-1.024,0.001,0.115,-29.88,-55.15,-17.7,0,5
15850.203,-1.031,-0.004,0.102,-26.28,-56.55,-18.46,0,5
15850.218,-1.028,0.002,0.083,-22.0,-58.29,-18.98,0,5
15850.234,-1.027,0.008,0.063,-17.79,-59.21,-19.32,0,5
15850.25,-1.027,0.011,0.046,-13.7,-59.18,-19.01,0,5
15850.25,-1.027,0.018,0.034,-9.83,-58.41,-18.1,0,5
15850.265,-1.032,0.02,0.024,-5.92,-57.37,-17.12,0,5
15850.265,-1.034,0.017,0.017,-1.92,-56.83,-15.9,0,5
15850.281,-1.025,0.028,0.011,1.43,-56.06,-14.53,0,5
15850.296,-1.011,0.054,0.009,2.47,-54.2,-13.55,0,5
15850.296,-0.999,0.081,0.018,-0.12,-50.87,-13.0,0,5
15850.312,-1.013,0.091,0.039,-4.06,-46.78,-11.78,0,5
15850.312,-1.03,0.077,0.076,-6.01,-42.94,-8.7,0,5
15850.328,-1.03,0.057,0.108,-3.63,-40.86,-3.36,0,5
15850.343,-1.026,0.053,0.125,1.83,-41.14,2.53,0,5
15850.343,-1.004,0.039,0.148,6.99,-42.76,7.45,0,5
15850.359,-0.993,0.026,0.165,10.53,-43.28,10.93,0,5
15850.375,-0.984,0.032,0.171,9.55,-42.54,12.63,0,5
15850.375,-0.98,0.04,0.191,1.59,-40.65,11.78,0,5
15850.39,-0.99,0.033,0.228,-12.05,-38.88,8.42,0,5
15850.39,-1.008,0.037,0.264,-28.84,-39.31,4.09,0,5
15850.406,-1.025,0.03,0.301,-45.59,-43.09,0.49,0,5
15850.421,-1.044,0.012,0.333,-59.54,-50.69,-1.62,0,5
15850.421,-1.052,0.0,0.344,-68.73,-60.98,-2.35,0,5
15850.437,-1.05,-0.011,0.341,-72.3,-72.08,-2.38,0,5
15850.453,-1.051,-0.009,0.317,-70.96,-82.22,-1.62,0,5
15850.453,-1.04,0.009,0.306,-68.06,-90.76,0.12,0,5
15850.468,-1.033,0.015,0.295,-63.05,-95.61,2.44,0,5
15850.484,-1.03,0.013,0.261,-55.73,-95.98,4.3,0,5
15850.484,-1.019,0.025,0.253,-48.95,-92.93,6.32,0,5
15850.5,-1.008,0.01,0.259,-42.27,-89.63,7.54,0,5
15850.515,-1.004,-0.016,0.267,-36.99,-87.04,8.48,0,5
15850.515,-0.992,-0.024,0.27,-34.27,-85.91,9.8,0,5
15850.531,-0.98,-0.037,0.275,-33.36,-85.18,11.08,0,5
15850.546,-0.97,-0.049,0.281,-34.67,-85.02,11.93,0,5
15850.546,-0.957,-0.056,0.291,-38.67,-85.48,11.9,0,5
15850.562,-0.949,-0.071,0.305,-42.3,-85.33,11.05,0,5
15850.562,-0.936,-0.087,0.323,-43.52,-84.29,10.25,0,5
15850.578,-0.918,-0.09,0.343,-42.73,-83.07,9.31,0,5
15850.593,-0.911,-0.1,0.361,-40.25,-81.06,8.21,0,5
15850.593,-0.899,-0.111,0.368,-35.89,-78.25,6.59,0,5
15850.609,-0.884,-0.106,0.36,-29.79,-74.74,3.39,0,5
15850.625,-0.884,-0.097,0.358,-22.74,-70.96,-0.4,0,5
15850.625,-0.878,-0.078,0.365,-15.87,-67.81,-3.51,0,5
15850.64,-0.876,-0.069,0.373,-9.19,-63.88,-5.55,0,5
15850.656,-0.875,-0.052,0.393,-3.97,-59.85,-6.04,0,5
15850.656,-0.879,-0.043,0.423,0.76,-56.18,-5.1,0,5
15850.671,-0.886,-0.044,0.444,5.4,-53.1,-3.51,0,5
15850.671,-0.896,-0.039,0.461,8.58,-52.55,-1.86,0,5
15850.687,-0.899,-0.045,0.469,9.89,-55.94,1.07,0,5
15850.703,-0.88,-0.042,0.471,8.76,-56.98,1.68,0,5
15850.703,-0.874,-0.041,0.48,6.81,-57.34,2.47,0,5
15850.718,-0.846,-0.058,0.503,4.12,-56.06,2.72,0,5
15850.734,-0.837,-0.064,0.514,2.53,-53.47,1.65,0,5
15850.734,-0.822,-0.068,0.52,1.83,-49.75,-0.37,0,5
15850.75,-0.807,-0.056,0.54,1.95,-45.11,-2.84,0,5
15850.765,-0.82,-0.057,0.562,3.94,-39.58,-4.43,0,5
15850.765,-0.829,-0.051,0.588,6.29,-35.34,-4.43,0,5
15850.781,-0.835,-0.037,0.62,8.88,-33.54,-3.3,0,5
15850.796,-0.846,-0.039,0.637,11.14,-33.02,-1.16,0,5
15850.796,-0.842,-0.038,0.646,11.69,-34.18,0.95,0,5
15850.812,-0.841,-0.044,0.659,11.75,-37.11,2.59,0,5
15850.812,-0.832,-0.044,0.659,11.08,-41.08,3.17,0,5
15850.828,-0.823,-0.035,0.643,9.55,-44.98,2.23,0,5
15850.843,-0.815,-0.036,0.63,7.35,-47.85,1.25,0,5
15850.843,-0.797,-0.036,0.624,4.88,-49.2,0.89,0,5
15850.859,-0.795,-0.045,0.625,3.81,-47.82,1.4,0,5
15850.875,-0.777,-0.056,0.629,4.03,-45.99,2.2,0,5
15850.875,-0.77,-0.066,0.64,5.55,-43.15,2.32,0,5
15850.89,-0.777,-0.076,0.651,6.62,-40.59,1.74,0,5
15850.89,-0.769,-0.08,0.663,7.2,-39.37,1.1,0,5
15850.906,-0.767,-0.075,0.673,7.9,-39.25,0.27,0,5
15850.921,-0.776,-0.073,0.684,8.76,-39.16,-0.34,0,5
15850.937,-0.777,-0.069,0.695,9.58,-39.92,0.15,0,5
15850.937,-0.771,-0.064,0.699,10.47,-41.51,0.55,0,5
15850.953,-0.753,-0.06,0.699,10.38,-42.66,0.03,0,5
15850.953,-0.739,-0.052,0.698,8.55,-42.91,-1.16,0,5
15850.968,-0.737,-0.052,0.706,5.34,-42.57,-2.32,0,5
15850.984,-0.737,-0.051,0.713,2.23,-42.45,-3.05,0,5
15850.984,-0.74,-0.055,0.715,0.34,-42.73,-3.57,0,5
15851.0,-0.739,-0.057,0.718,-0.55,-43.73,-4.09,0,5
15851.015,-0.732,-0.055,0.718,0.09,-44.92,-4.46,0,5
15851.015,-0.722,-0.046,0.718,0.98,-45.17,-4.52,0,5
15851.031,-0.716,-0.043,0.722,1.53,-44.43,-3.94,0,5
15851.031,-0.712,-0.039,0.722,1.59,-43.55,-3.78,0,5
15851.046,-0.714,-0.031,0.726,0.95,-43.55,-3.81,0,5
15851.062,-0.718,-0.029,0.731,0.73,-44.13,-3.51,0,5
15851.062,-0.717,-0.032,0.734,1.5,-45.38,-2.35,0,5
15851.078,-0.706,-0.032,0.737,2.53,-46.51,-1.22,0,5
15851.093,-0.694,-0.039,0.73,3.45,-46.94,-0.67,0,5
15851.093,-0.684,-0.042,0.721,3.42,-46.94,-0.37,0,5
15851.109,-0.671,-0.032,0.712,1.77,-47.06,-0.98,0,5
15851.125,-0.657,-0.027,0.711,-1.53,-47.03,-1.86,0,5
15851.125,-0.662,-0.038,0.709,-4.46,-46.27,-2.14,0,5
15851.14,-0.653,-0.05,0.712,-6.53,-45.56,-1.83,0,5
15851.156,-0.646,-0.069,0.722,-7.39,-44.1,-1.59,0,5
15851.156,-0.638,-0.083,0.733,-8.06,-41.47,-2.11,0,5
15851.171,-0.631,-0.079,0.752,-10.1,-38.51,-4.09,0,5
15851.171,-0.632,-0.078,0.775,-13.09,-35.31,-6.84,0,5
15851.187,-0.637,-0.075,0.806,-15.56,-33.14,-9.28,0,5
15851.203,-0.64,-0.07,0.835,-14.98,-32.44,-10.44,0,5
15851.218,-0.65,-0.076,0.859,-11.2,-32.38,-9.89,0,5
15851.218,-0.656,-0.079,0.875,-6.26,-33.72,-7.84,0,5
15851.234,-0.653,-0.067,0.874,-2.01,-36.23,-6.23,0,5
15851.234,-0.64,-0.053,0.857,0.64,-38.97,-6.5,0,5
15851.25,-0.621,-0.037,0.842,0.21,-41.26,-8.33,0,5
15851.265,-0.613,-0.031,0.838,-2.44,-42.18,-9.83,0,5
15851.265,-0.612,-0.042,0.826,-4.82,-42.85,-10.1,0,5
15851.281,-0.595,-0.057,0.826,-4.64,-42.94,-9.03,0,5
15851.281,-0.585,-0.063,0.831,-1.68,-41.93,-8.06,0,5
15851.296,-0.586,-0.073,0.829,2.38,-41.14,-8.0,0,5
15851.312,-0.576,-0.071,0.837,5.52,-40.53,-7.97,0,5
15851.312,-0.57,-0.061,0.842,7.6,-39.92,-8.09,0,5
15851.328,-0.569,-0.044,0.844,7.54,-39.83,-8.18,0,5
15851.343,-0.567,-0.032,0.852,5.52,-40.22,-8.45,0,5
15851.343,-0.567,-0.024,0.852,2.93,-41.47,-8.3,0,5
15851.359,-0.564,-0.023,0.855,1.1,-42.97,-7.45,0,5
15851.375,-0.561,-0.022,0.859,0.34,-44.59,-6.16,0,5
15851.375,-0.557,-0.032,0.859,0.55,-46.27,-4.76,0,5
15851.39,-0.543,-0.04,0.852,1.28,-47.58,-3.57,0,5
15851.406,-0.525,-0.047,0.845,2.41,-47.67,-2.87,0,5
15851.406,-0.516,-0.052,0.844,3.02,-46.33,-2.81,0,5
15851.421,-0.515,-0.052,0.842,2.38,-44.56,-3.23,0,5
15851.437,-0.504,-0.056,0.845,1.77,-44.07,-3.75,0,5
15851.437,-0.502,-0.056,0.853,2.04,-43.15,-4.0,0,5
15851.453,-0.501,-0.066,0.865,2.62,-42.54,-4.27,0,5
15851.453,-0.496,-0.065,0.869,3.42,-43.12,-4.06,0,5
15851.468,-0.497,-0.058,0.856,4.43,-43.98,-3.66,0,5
15851.484,-0.488,-0.059,0.841,4.0,-44.8,-4.0,0,5
15851.484,-0.481,-0.053,0.83,2.32,-45.56,-4.61,0,5
15851.5,-0.471,-0.043,0.818,0.52,-46.02,-5.49,0,5
15851.515,-0.45,-0.033,0.814,-0.58,-45.99,-5.95,0,5
15851.515,-0.438,-0.029,0.812,-0.24,-44.34,-5.19,0,5
15851.531,-0.431,-0.025,0.813,1.07,-41.84,-4.0,0,5
15851.531,-0.427,-0.021,0.814,1.34,-39.46,-3.11,0,5
15851.546,-0.428,-0.019,0.811,-0.55,-37.66,-2.38,0,5
15851.562,-0.43,-0.021,0.807,-4.24,-36.68,-1.71,0,5
15851.562,-0.415,-0.028,0.807,-8.76,-36.23,-0.95,0,5
15851.578,-0.401,-0.034,0.817,-13.4,-34.7,0.06,0,5
15851.593,-0.389,-0.052,0.835,-16.24,-33.14,0.79,0,5
15851.593,-0.384,-0.075,0.852,-16.05,-31.4,1.53,0,5
15851.609,-0.382,-0.085,0.869,-14.34,-30.03,1.77,0,5
15851.625,-0.394,-0.085,0.886,-12.51,-29.36,0.95,0,5
15851.625,-0.394,-0.084,0.908,-10.8,-29.39,-0.34,0,5
15851.64,-0.387,-0.088,0.912,-8.45,-29.57,-1.34,0,5
15851.656,-0.363,-0.073,0.904,-6.68,-30.7,-2.72,0,5
15851.656,-0.338,-0.057,0.904,-5.68,-31.1,-3.6,0,5
15851.671,-0.333,-0.05,0.91,-7.57,-29.21,-2.59,0,5
15851.671,-0.325,-0.05,0.919,-9.19,-29.39,-2.2,0,5
15851.687,-0.332,-0.055,0.931,-9.86,-30.76,-1.59,0,5
15851.703,-0.335,-0.064,0.942,-9.25,-32.56,-0.73,0,5
15851.703,-0.317,-0.072,0.933,-8.51,-33.78,-0.21,0,5
15851.718,-0.317,-0.072,0.923,-9.06,-34.12,0.09,0,5
15851.734,-0.319,-0.079,0.924,-10.35,-33.63,0.24,0,5
15851.734,-0.321,-0.083,0.925,-11.63,-33.36,0.24,0,5
15851.75,-0.311,-0.083,0.929,-12.21,-33.91,0.43,0,5
15851.765,-0.308,-0.09,0.934,-11.32,-33.88,1.04,0,5
15851.765,-0.306,-0.105,0.938,-8.73,-33.3,2.08,0,5
15851.781,-0.295,-0.114,0.941,-5.58,-32.11,2.96,0,5
15851.781,-0.274,-0.113,0.944,-3.08,-30.79,2.9,0,5
15851.796,-0.263,-0.11,0.959,-1.13,-28.35,2.17,0,5
15851.812,-0.263,-0.108,0.975,-0.06,-26.18,0.82,0,5
15851.812,-0.269,-0.121,0.997,1.22,-25.27,0.46,0,5
15851.828,-0.268,-0.108,1.01,6.74,-25.33,0.21,0,5
15851.843,-0.278,-0.1,1.015,13.09,-26.31,-1.53,0,5
15851.859,-0.278,-0.117,1.022,17.49,-28.17,-1.62,0,5
15851.859,-0.277,-0.089,1.019,22.64,-30.15,-0.55,0,5
15851.875,-0.269,-0.067,0.997,25.51,-32.41,0.61,0,5
15851.875,-0.263,-0.05,0.963,21.76,-34.73,0.82,0,5
15851.89,-0.262,-0.055,0.943,12.15,-36.41,2.11,0,5
15851.906,-0.248,-0.062,0.932,1.07,-38.06,2.75,0,5
15851.906,-0.225,-0.086,0.921,-8.09,-39.03,1.8,0,5
15851.921,-0.207,-0.111,0.93,-13.21,-37.57,-0.03,0,5
15851.921,-0.197,-0.128,0.949,-12.21,-34.3,-1.4,0,5
15851.937,-0.198,-0.13,0.958,-6.1,-30.4,-1.89,0,5
15851.953,-0.2,-0.117,0.956,0.89,-27.65,-2.44,0,5
15851.953,-0.21,-0.109,0.956,5.95,-26.58,-2.87,0,5
15851.968,-0.214,-0.099,0.951,9.03,-26.7,-2.72,0,5
15851.984,-0.203,-0.089,0.943,11.17,-27.56,-2.11,0,5
15851.984,-0.194,-0.077,0.93,10.93,-27.56,-1.8,0,5
15852.0,-0.187,-0.076,0.922,7.81,-27.22,-1.53,0,5
15852.0,-0.182,-0.079,0.92,2.99,-26.76,-1.07,0,5
15852.015,-0.176,-0.084,0.914,-2.26,-27.19,-0.85,0,5
15852.031,-0.173,-0.093,0.914,-6.5,-27.04,-1.19,0,5
15852.046,-0.173,-0.098,0.91,-9.13,-27.07,-2.2,0,5
15852.046,-0.165,-0.099,0.915,-10.07,-27.1,-3.36,0,5
15852.062,-0.156,-0.093,0.921,-9.28,-25.42,-3.78,0,5
15852.062,-0.149,-0.097,0.925,-7.05,-23.32,-3.91,0,5
15852.078,-0.146,-0.097,0.93,-3.75,-20.87,-3.2,0,5
15852.093,-0.149,-0.093,0.933,-0.09,-18.77,-2.62,0,5
15852.093,-0.158,-0.097,0.934,3.27,-17.3,-2.29,0,5
15852.109,-0.155,-0.095,0.938,5.68,-17.18,-1.89,0,5
15852.125,-0.142,-0.083,0.948,7.08,-17.0,-1.31,0,5
15852.125,-0.137,-0.077,0.952,7.54,-16.88,-1.01,0,5
15852.14,-0.141,-0.075,0.957,7.14,-16.36,-0.89,0,5
15852.156,-0.141,-0.078,0.96,6.9,-16.54,-0.82,0,5
15852.156,-0.139,-0.077,0.957,7.26,-17.52,-0.67,0,5
15852.171,-0.122,-0.072,0.946,7.75,-19.23,-0.85,0,5
15852.187,-0.123,-0.062,0.941,7.29,-19.84,-0.98,0,5
15852.187,-0.124,-0.061,0.933,5.95,-20.36,-1.19,0,5
15852.203,-0.123,-0.06,0.935,4.76,-20.39,-1.07,0,5
15852.203,-0.117,-0.055,0.93,3.97,-20.08,-0.89,0,5
15852.218,-0.104,-0.051,0.925,1.95,-19.41,-0.95,0,5
15852.234,-0.1,-0.056,0.92,-0.15,-18.56,-1.43,0,5
15852.234,-0.095,-0.055,0.917,-1.5,-17.82,-1.8,0,5
15852.25,-0.101,-0.047,0.92,-3.17,-16.75,-1.98,0,5
15852.265,-0.095,-0.05,0.924,-4.73,-15.59,-1.43,0,5
15852.265,-0.099,-0.042,0.936,-6.23,-13.67,-0.49,0,5
15852.281,-0.104,-0.053,0.943,-8.09,-12.67,0.12,0,5
15852.281,-0.1,-0.07,0.946,-8.91,-12.57,0.79,0,5
15852.296,-0.091,-0.067,0.943,-8.48,-13.21,0.73,0,5
15852.312,-0.083,-0.065,0.945,-7.39,-13.73,0.09,0,5
15852.312,-0.083,-0.06,0.945,-6.78,-13.34,-0.4,0,5
15852.328,-0.081,-0.047,0.961,-7.6,-11.75,-0.27,0,5
15852.343,-0.086,-0.046,0.981,-9.98,-9.19,0.21,0,5
15852.359,-0.081,-0.054,0.992,-12.09,-7.6,0.49,0,5
15852.359,-0.083,-0.052,1.01,-13.55,-6.59,0.73,0,5
15852.375,-0.071,-0.054,1.015,-13.82,-7.26,0.61,0,5
15852.375,-0.069,-0.058,1.024,-13.49,-7.35,1.13,0,5
15852.39,-0.081,-0.068,1.031,-13.0,-7.69,2.23,0,5
15852.406,-0.085,-0.092,1.036,-10.77,-9.22,3.78,0,5
15852.406,-0.088,-0.107,1.037,-6.5,-10.99,5.52,0,5
15852.421,-0.078,-0.126,1.027,-1.5,-12.79,6.53,0,5
15852.437,-0.064,-0.138,1.014,4.27,-14.04,6.35,0,5
15852.437,-0.053,-0.126,1.005,9.13,-13.98,5.1,0,5
15852.453,-0.06,-0.123,0.99,11.2,-12.76,3.3,0,5
15852.453,-0.063,-0.118,0.972,11.08,-12.7,1.92,0,5
15852.468,-0.064,-0.107,0.968,10.19,-13.37,1.1,0,5
15852.484,-0.058,-0.109,0.95,8.7,-14.65,0.55,0,5
15852.484,-0.043,-0.103,0.94,7.63,-14.92,0.06,0,5
15852.5,-0.045,-0.098,0.937,6.26,-13.15,-0.76,0,5
15852.515,-0.041,-0.103,0.933,4.97,-11.63,-1.77,0,5
15852.515,-0.043,-0.098,0.936,5.52,-10.59,-2.17,0,5
15852.531,-0.044,-0.092,0.927,7.78,-10.96,-2.59,0,5
15852.531,-0.038,-0.088,0.919,10.93,-11.51,-2.44,0,5
15852.546,-0.024,-0.073,0.904,14.37,-12.02,-1.98,0,5
15852.562,-0.01,-0.048,0.913,15.66,-10.38,-0.55,0,5
15852.562,-0.028,-0.045,0.928,13.89,-6.53,1.19,0,5
15852.578,-0.036,-0.056,0.94,10.5,-4.43,1.98,0,5
15852.593,-0.04,-0.064,0.952,8.85,-4.79,1.95,0,5
15852.593,-0.046,-0.058,0.959,7.87,-6.1,1.95,0,5
15852.609,-0.035,-0.055,0.961,6.1,-7.75,2.23,0,5
15852.625,-0.031,-0.048,0.97,4.0,-9.09,2.59,0,5
15852.625,-0.045,-0.05,0.99,1.22,-10.47,3.27,0,5
15852.64,-0.05,-0.052,1.014,-2.38,-13.37,4.39,0,5
15852.656,-0.042,-0.047,1.01,-7.9,-19.47,3.57,0,5
15852.656,-0.037,-0.05,1.026,-8.79,-21.45,1.68,0,5
15852.671,-0.032,-0.052,1.019,-7.48,-21.42,1.13,0,5
15852.671,-0.027,-0.039,0.994,-6.01,-19.32,1.86,0,5
15852.687,-0.028,-0.037,0.988,-6.07,-16.48,2.29,0,5
15852.703,-0.022,-0.032,0.975,-6.5,-14.47,3.17,0,5
15852.703,-0.025,-0.022,0.978,-7.42,-12.57,3.2,0,5
15852.718,-0.034,-0.037,0.988,-7.26,-11.66,3.78,0,5
15852.734,-0.035,-0.047,0.985,-3.88,-12.36,4.76,0,5
15852.734,-0.021,-0.046,0.98,1.68,-12.6,6.23,0,5
15852.75,-0.023,-0.052,0.971,9.61,-11.99,7.42,0,5
15852.765,-0.02,-0.073,0.958,19.62,-11.44,8.64,0,5
15852.765,0.003,-0.061,0.949,29.51,-9.46,10.04,0,5
15852.781,0.01,-0.059,0.944,36.71,-5.25,11.02,0,5
15852.796,0.02,-0.052,0.942,39.83,-0.61,11.23,0,5
15852.796,0.014,-0.045,0.946,39.77,3.27,10.62,0,5
15852.812,0.015,-0.046,0.948,36.81,5.25,9.98,0,5
15852.812,0.004,-0.041,0.944,32.93,5.34,9.03,0,5
15852.828,0.002,-0.03,0.939,26.76,4.06,8.27,0,5
15852.843,-0.006,-0.016,0.94,17.09,2.2,7.51,0,5
15852.843,-0.005,-0.026,0.942,5.98,-0.67,7.32,0,5
15852.859,0.008,-0.039,0.952,-4.27,-3.54,7.29,0,5
15852.875,0.012,-0.063,0.955,-10.04,-5.28,6.84,0,5
15852.875,0.022,-0.072,0.953,-11.54,-5.37,5.95,0,5
15852.89,0.026,-0.065,0.951,-11.51,-3.54,4.91,0,5
15852.89,0.016,-0.073,0.955,-10.65,-1.28,4.21,0,5
15852.906,0.015,-0.074,0.962,-9.0,0.37,4.39,0,5
15852.921,0.007,-0.077,0.975,-7.05,1.86,4.58,0,5
15852.921,0.008,-0.093,0.978,-5.4,2.47,4.76,0,5
15852.937,0.006,-0.099,0.979,-3.69,2.9,4.61,0,5
15852.953,0.005,-0.1,0.983,-2.96,3.33,3.88,0,5
15852.968,0.009,-0.093,0.98,-3.75,3.14,2.47,0,5
15852.968,0.009,-0.078,0.98,-6.01,2.9,0.64,0,5
15852.984,0.008,-0.058,0.985,-10.32,3.02,-0.82,0,5
15852.984,-0.002,-0.059,0.989,-15.47,2.93,-0.76,0,5
15853.0,-0.012,-0.068,1.0,-19.81,1.86,0.4,0,5
15853.015,-0.011,-0.084,1.008,-22.06,0.49,1.53,0,5
15853.015,-0.003,-0.103,1.006,-22.28,-0.67,2.01,0,5
15853.031,0.001,-0.107,1.007,-20.69,-0.52,1.53,0,5
15853.046,-0.0,-0.117,1.014,-18.77,0.98,0.43,0,5
15853.046,-0.008,-0.129,1.019,-16.08,2.23,-0.46,0,5
15853.062,-0.003,-0.131,1.023,-12.02,2.87,-1.19,0,5
15853.062,0.003,-0.127,1.028,-7.29,3.51,-2.2,0,5
15853.078,-0.003,-0.116,1.025,-2.32,4.09,-3.91,0,5
15853.093,-0.012,-0.104,1.02,2.81,4.3,-5.19,0,5
15853.093,-0.026,-0.081,1.008,6.9,3.72,-5.52,0,5
15853.109,-0.03,-0.065,1.001,9.0,2.9,-5.31,0,5
15853.125,-0.025,-0.052,0.996,9.19,2.2,-4.52,0,5
15853.125,-0.025,-0.048,0.994,8.15,2.35,-3.45,0,5
15853.14,-0.016,-0.051,0.996,6.13,2.59,-2.5,0,5
15853.14,-0.021,-0.051,1.003,3.57,2.66,-2.32,0,5
15853.156,-0.025,-0.056,1.001,0.7,2.2,-2.66,0,5
15853.171,-0.025,-0.047,1.005,-2.56,1.22,-3.27,0,5
15853.171,-0.025,-0.041,1.001,-5.28,0.09,-3.75,0,5
15853.187,-0.022,-0.037,1.009,-6.29,-0.37,-3.33,0,5
15853.203,-0.023,-0.036,1.013,-5.55,0.0,-2.14,0,5
15853.203,-0.019,-0.042,1.019,-3.97,0.89,-0.24,0,5
15853.218,-0.016,-0.056,1.025,-1.86,2.04,1.25,0,5
15853.234,-0.015,-0.069,1.035,0.4,3.17,1.98,0,5
15853.25,-0.02,-0.081,1.039,2.17,4.09,1.98,0,5
15853.25,-0.024,-0.082,1.038,3.11,3.54,1.16,0,5
15853.25,-0.024,-0.077,1.036,3.27,1.95,0.34,0,5
15853.265,-0.021,-0.074,1.027,2.59,-0.12,-0.12,0,5
15853.281,-0.016,-0.072,1.022,1.53,-1.65,-0.15,0,5
15853.281,-0.012,-0.065,1.014,-0.18,-2.04,-0.27,0,5
15853.296,-0.015,-0.072,1.012,-1.74,-1.65,-0.49,0,5
15853.312,-0.022,-0.08,1.011,-2.53,-1.1,-0.27,0,5
15853.312,-0.019,-0.081,1.015,-2.47,-0.92,-0.12,0,5
15853.328,-0.016,-0.083,1.013,-1.68,-1.16,-0.24,0,5
15853.343,-0.009,-0.077,1.013,-1.28,-1.16,-0.4,0,5
15853.359,-0.014,-0.08,1.019,-1.92,-0.52,-0.31,0,5
15853.359,-0.02,-0.096,1.02,-2.84,-0.52,0.09,0,5
15853.375,-0.018,-0.098,1.016,-3.2,-1.68,-0.46,0,5
15853.375,-0.017,-0.094,1.006,-3.27,-3.39,-1.8,0,5
15853.39,-0.017,-0.091,0.992,-3.33,-4.33,-2.96,0,5
15853.406,-0.016,-0.075,0.983,-3.85,-4.33,-3.2,0,5
15853.406,-0.011,-0.059,0.98,-5.49,-3.66,-3.08,0,5
15853.421,-0.012,-0.053,0.985,-8.03,-2.38,-2.75,0,5
15853.421,-0.017,-0.059,0.991,-10.44,-1.74,-2.32,0,5
15853.437,-0.021,-0.074,0.996,-11.11,-1.89,-1.68,0,5
15853.453,-0.018,-0.087,0.999,-9.67,-2.17,-1.13,0,5
15853.453,-0.022,-0.096,1.003,-6.71,-2.47,-1.01,0,5
15853.468,-0.022,-0.103,1.003,-2.53,-2.69,-1.31,0,5
15853.484,-0.016,-0.097,0.995,3.11,-3.14,-2.01,0,5
15853.484,-0.008,-0.086,0.985,9.19,-2.99,-2.44,0,5
15853.5,-0.001,-0.076,0.975,14.16,-1.71,-2.23,0,5
15853.515,-0.004,-0.066,0.973,17.82,0.18,-2.08,0,5
15853.515,-0.009,-0.062,0.984,21.94,2.93,-2.17,0,5
15853.531,-0.019,-0.046,0.993,25.97,5.83,-1.86,0,5
15853.546,-0.027,-0.036,1.007,29.69,7.23,-0.98,0,5
15853.546,-0.031,-0.028,1.01,32.17,6.81,0.43,0,5
15853.562,-0.028,-0.022,1.005,32.65,5.31,1.95,0,5
15853.562,-0.025,-0.019,0.997,31.1,3.42,2.81,0,5
15853.578,-0.021,-0.019,0.992,27.13,1.68,2.96,0,5
15853.593,-0.016,-0.012,0.988,20.75,0.95,2.35,0,5
15853.593,-0.015,-0.009,0.987,13.58,0.85,1.19,0,5
15853.609,-0.02,-0.011,0.995,7.48,0.73,0.55,0,5
15853.625,-0.016,-0.016,1.003,3.33,0.49,0.7,0,5
15853.625,-0.017,-0.022,1.012,1.43,0.52,1.22,0,5
15853.64,-0.017,-0.037,1.018,3.72,0.49,1.62,0,5
15853.64,-0.015,-0.041,1.02,5.58,0.67,1.22,0,5
15853.656,-0.019,-0.038,1.022,6.87,0.21,0.4,0,5
15853.671,-0.024,-0.016,1.01,6.93,-0.55,-0.21,0,5
15853.671,-0.029,-0.01,1.006,5.62,-1.62,0.06,0,5
15853.687,-0.025,-0.015,1.006,4.52,-2.41,1.25,0,5
15853.703,-0.013,-0.026,0.994,4.52,-3.02,2.32,0,5
15853.703,0.001,-0.022,0.988,4.12,-2.38,2.59,0,5
15853.718,-0.004,-0.023,0.995,2.08,-0.43,1.65,0,5
15853.734,-0.017,-0.028,1.002,-0.67,0.64,0.76,0,5
15853.734,-0.023,-0.025,1.011,-2.26,0.09,0.67,0,5
15853.75,-0.018,-0.027,1.017,-2.66,-1.25,0.82,0,5
15853.765,-0.02,-0.037,1.017,-1.98,-1.74,1.16,0,5
15853.765,-0.018,-0.04,1.013,-0.67,-2.47,1.25,0,5
15853.781,-0.014,-0.044,1.01,1.04,-2.96,1.1,0,5
15853.796,-0.014,-0.039,1.004,1.92,-2.75,0.73,0,5
15853.796,-0.011,-0.036,0.998,2.11,-2.41,0.06,0,5
15853.812,-0.014,-0.025,1.006,1.56,-1.68,-0.49,0,5
15853.812,-0.022,-0.018,1.012,0.49,-1.07,-0.89,0,5
15853.828,-0.028,-0.024,1.016,0.46,-0.76,-0.67,0,5
15853.843,-0.029,-0.029,1.018,1.68,-1.19,0.03,0,5
15853.843,-0.025,-0.029,1.015,4.03,-2.17,0.21,0,5
15853.859,-0.023,-0.029,1.004,7.17,-2.96,0.27,0,5
15853.875,-0.021,-0.027,0.993,10.32,-2.96,0.92,0,5
15853.875,-0.015,-0.024,0.979,12.51,-2.44,1.43,0,5
15853.89,-0.01,-0.017,0.975,13.03,-1.43,1.34,0,5
15853.906,-0.015,-0.006,0.975,11.08,-0.34,0.79,0,5
15853.906,-0.021,-0.009,0.979,7.57,0.09,0.49,0,5
15853.921,-0.019,-0.015,0.987,4.27,-0.06,0.7,0,5
15853.921,-0.016,-0.015,0.992,1.83,-0.52,0.37,0,5
15853.937,-0.021,-0.021,0.991,0.46,-1.53,0.12,0,5
15853.953,-0.018,-0.023,0.986,-0.37,-2.93,-0.18,0,5
15853.953,-0.014,-0.019,0.98,-0.67,-3.54,-0.67,0,5
15853.968,-0.012,-0.018,0.971,-1.16,-3.33,-1.07,0,5
15853.984,-0.01,-0.016,0.974,-1.62,-2.14,-1.13,0,5
15853.984,-0.013,-0.016,0.984,-1.56,-0.27,-0.98,0,5
15854.0,-0.015,-0.017,0.998,-1.19,1.28,-0.82,0,5
15854.015,-0.018,-0.016,1.009,-0.64,1.83,-1.01,0,5
15854.015,-0.024,-0.013,1.022,0.06,1.62,-1.34,0,5
15854.031,-0.023,-0.007,1.024,1.16,0.7,-1.83,0,5
15854.031,-0.026,0.002,1.018,2.35,-0.64,-2.08,0,5
15854.046,-0.017,0.015,1.016,2.84,-1.53,-1.62,0,5
15854.062,-0.013,0.024,1.007,2.75,-1.56,-0.76,0,5
15854.062,-0.012,0.022,1.003,2.01,-1.16,0.06,0,5
15854.078,-0.018,0.018,1.005,0.7,-0.82,0.79,0,5
15854.093,-0.021,0.012,1.01,-0.12,-0.92,1.68,0,5
15854.093,-0.019,0.012,1.011,-0.27,-0.85,2.17,0,5
15854.109,-0.019,0.01,1.017,-1.07,-0.21,2.17,0,5
15854.125,-0.02,-0.008,1.021,-1.83,-0.24,2.2,0,5
15854.125,-0.018,-0.026,1.024,-1.34,-0.92,2.81,0,5
15854.14,-0.012,-0.032,1.015,0.15,-2.35,2.87,0,5
15854.14,-0.009,-0.028,1.0,1.28,-3.48,1.86,0,5
15854.156,-0.01,-0.019,0.998,1.16,-3.17,0.46,0,5
15854.171,-0.011,-0.008,0.999,0.15,-2.26,-0.21,0,5
15854.171,-0.018,0.001,1.0,-1.31,-1.5,-0.03,0,5
15854.187,-0.018,0.0,1.006,-2.72,-1.22,0.76,0,5
15854.203,-0.014,-0.005,1.008,-3.57,-1.43,1.46,0,5
15854.203,-0.013,-0.014,1.01,-3.69,-1.5,1.74,0,5
15854.218,-0.012,-0.023,1.012,-3.48,-1.5,1.89,0,5
15854.234,-0.013,-0.026,1.007,-2.81,-1.86,1.74,0,5
15854.25,-0.016,-0.024,1.003,-2.35,-2.62,1.28,0,5
15854.25,-0.016,-0.02,0.996,-2.93,-3.33,0.7,0,5
15854.25,-0.015,-0.016,0.988,-4.03,-3.69,0.37,0,5
15854.265,-0.014,-0.015,0.983,-5.04,-3.85,0.64,0,5
15854.281,-0.009,-0.016,0.982,-5.86,-3.17,0.92,0,5
15854.281,-0.012,-0.02,0.982,-6.1,-2.26,0.85,0,5
15854.296,-0.017,-0.022,0.986,-5.98,-1.22,0.89,0,5
15854.312,-0.021,-0.027,0.992,-5.65,-0.49,0.85,0,5
15854.312,-0.019,-0.035,0.996,-4.33,-0.03,0.92,0,5
15854.328,-0.015,-0.033,0.998,-2.56,-0.06,0.82,0,5
15854.343,-0.014,-0.028,1.002,-1.34,0.09,0.52,0,5
15854.343,-0.014,-0.025,1.004,-1.43,-0.09,0.18,0,5
15854.359,-0.016,-0.022,0.999,-2.23,-0.58,-0.18,0,5
15854.375,-0.017,-0.022,0.997,-2.56,-1.43,-0.06,0,5
15854.375,-0.014,-0.021,0.989,-2.26,-2.2,0.21,0,5
15854.39,-0.012,-0.023,0.987,-1.16,-1.95,0.7,0,5
15854.406,-0.01,-0.024,0.989,-0.27,-0.64,1.19,0,5
15854.406,-0.013,-0.033,0.99,0.52,0.46,1.37,0,5
15854.421,-0.012,-0.032,0.994,1.31,1.07,1.25,0,5
15854.421,-0.013,-0.022,1.001,0.82,1.43,0.52,0,5
15854.437,-0.017,-0.024,1.004,-0.21,1.25,-0.15,0,5
15854.453,-0.025,-0.023,1.016,-0.89,0.95,0.0,0,5
15854.453,-0.028,-0.026,1.012,-0.4,-0.09,0.52,0,5
15854.468,-0.025,-0.029,1.009,0.27,-1.16,1.01,0,5
15854.484,-0.019,-0.032,1.002,0.89,-1.83,0.89,0,5
15854.484,-0.014,-0.027,0.994,0.79,-1.77,0.18,0,5
15854.5,-0.018,-0.022,0.991,0.09,-1.07,-0.49,0,5
